Date,Transaction ID,Branch,City,Product,SKU,Category,Qty,Unit Price SAR,Total SAR,Cost SAR,Payment Method
2026-01-05,TX-B2_poor_baqala-d00-000001,Riyadh - Souq,Riyadh,Plastic Organizer Set,DED-PLS-01,Household,1,24.0,24.0,14.0,card
2026-01-06,TX-B2_poor_baqala-d00-000002,Riyadh - Souq,Riyadh,Plastic Organizer Set,DED-PLS-01,Household,1,24.0,24.0,14.0,mada
2026-01-07,TX-B2_poor_baqala-d00-000003,Riyadh - Souq,Riyadh,Plastic Organizer Set,DED-PLS-01,Household,1,24.0,24.0,14.0,card
2026-01-08,TX-B2_poor_baqala-d00-000004,Riyadh - Souq,Riyadh,Plastic Organizer Set,DED-PLS-01,Household,1,24.0,24.0,14.0,card
2026-01-09,TX-B2_poor_baqala-d00-000005,Riyadh - Souq,Riyadh,Plastic Organizer Set,DED-PLS-01,Household,1,24.0,24.0,14.0,card
2026-01-10,TX-B2_poor_baqala-d00-000006,Riyadh - Souq,Riyadh,Plastic Organizer Set,DED-PLS-01,Household,1,24.0,24.0,14.0,cash
2026-01-11,TX-B2_poor_baqala-d00-000007,Riyadh - Souq,Riyadh,Plastic Organizer Set,DED-PLS-01,Household,1,24.0,24.0,14.0,mada
2026-01-12,TX-B2_poor_baqala-d00-000008,Riyadh - Souq,Riyadh,Plastic Organizer Set,DED-PLS-01,Household,1,24.0,24.0,14.0,card
2026-01-13,TX-B2_poor_baqala-d00-000009,Riyadh - Souq,Riyadh,Plastic Organizer Set,DED-PLS-01,Household,1,24.0,24.0,14.0,card
2026-01-13,TX-B2_poor_baqala-d00-000010,Riyadh - Souq,Riyadh,Plastic Organizer Set,DED-PLS-01,Household,1,24.0,24.0,14.0,mada
2026-01-14,TX-B2_poor_baqala-d00-000011,Riyadh - Souq,Riyadh,Plastic Organizer Set,DED-PLS-01,Household,1,24.0,24.0,14.0,cash
2026-01-15,TX-B2_poor_baqala-d00-000012,Riyadh - Souq,Riyadh,Plastic Organizer Set,DED-PLS-01,Household,1,24.0,24.0,14.0,card
2026-01-16,TX-B2_poor_baqala-d00-000013,Riyadh - Souq,Riyadh,Plastic Organizer Set,DED-PLS-01,Household,1,24.0,24.0,14.0,card
2026-01-17,TX-B2_poor_baqala-d00-000014,Riyadh - Souq,Riyadh,Plastic Organizer Set,DED-PLS-01,Household,1,24.0,24.0,14.0,mada
2026-01-18,TX-B2_poor_baqala-d00-000015,Riyadh - Souq,Riyadh,Plastic Organizer Set,DED-PLS-01,Household,1,24.0,24.0,14.0,cash
2026-01-19,TX-B2_poor_baqala-d00-000016,Riyadh - Souq,Riyadh,Plastic Organizer Set,DED-PLS-01,Household,1,24.0,24.0,14.0,card
2026-01-19,TX-B2_poor_baqala-d00-000017,Riyadh - Souq,Riyadh,Plastic Organizer Set,DED-PLS-01,Household,1,24.0,24.0,14.0,mada
2026-01-20,TX-B2_poor_baqala-d00-000018,Riyadh - Souq,Riyadh,Plastic Organizer Set,DED-PLS-01,Household,1,24.0,24.0,14.0,card
2026-01-21,TX-B2_poor_baqala-d00-000019,Riyadh - Souq,Riyadh,Plastic Organizer Set,DED-PLS-01,Household,1,24.0,24.0,14.0,card
2026-01-22,TX-B2_poor_baqala-d00-000020,Riyadh - Souq,Riyadh,Plastic Organizer Set,DED-PLS-01,Household,1,24.0,24.0,14.0,card
2026-01-23,TX-B2_poor_baqala-d00-000021,Riyadh - Souq,Riyadh,Plastic Organizer Set,DED-PLS-01,Household,1,24.0,24.0,14.0,cash
2026-01-24,TX-B2_poor_baqala-d00-000022,Riyadh - Souq,Riyadh,Plastic Organizer Set,DED-PLS-01,Household,1,24.0,24.0,14.0,cash
2026-01-24,TX-B2_poor_baqala-d00-000023,Riyadh - Souq,Riyadh,Plastic Organizer Set,DED-PLS-01,Household,1,24.0,24.0,14.0,card
2026-01-25,TX-B2_poor_baqala-d00-000024,Riyadh - Souq,Riyadh,Plastic Organizer Set,DED-PLS-01,Household,1,24.0,24.0,14.0,cash
2026-01-26,TX-B2_poor_baqala-d00-000025,Riyadh - Souq,Riyadh,Plastic Organizer Set,DED-PLS-01,Household,1,24.0,24.0,14.0,mada
2026-01-27,TX-B2_poor_baqala-d00-000026,Riyadh - Souq,Riyadh,Plastic Organizer Set,DED-PLS-01,Household,1,24.0,24.0,14.0,card
2026-01-27,TX-B2_poor_baqala-d00-000027,Riyadh - Souq,Riyadh,Plastic Organizer Set,DED-PLS-01,Household,1,24.0,24.0,14.0,mada
2026-01-28,TX-B2_poor_baqala-d00-000028,Riyadh - Souq,Riyadh,Plastic Organizer Set,DED-PLS-01,Household,1,24.0,24.0,14.0,mada
2026-01-29,TX-B2_poor_baqala-d00-000029,Riyadh - Souq,Riyadh,Plastic Organizer Set,DED-PLS-01,Household,1,24.0,24.0,14.0,mada
2026-01-30,TX-B2_poor_baqala-d00-000030,Riyadh - Souq,Riyadh,Plastic Organizer Set,DED-PLS-01,Household,1,24.0,24.0,14.0,cash
2026-01-31,TX-B2_poor_baqala-d00-000031,Riyadh - Souq,Riyadh,Plastic Organizer Set,DED-PLS-01,Household,1,24.0,24.0,14.0,mada
2026-02-01,TX-B2_poor_baqala-d00-000032,Riyadh - Souq,Riyadh,Plastic Organizer Set,DED-PLS-01,Household,1,24.0,24.0,14.0,card
2026-02-02,TX-B2_poor_baqala-d00-000033,Riyadh - Souq,Riyadh,Plastic Organizer Set,DED-PLS-01,Household,1,24.0,24.0,14.0,mada
2026-02-02,TX-B2_poor_baqala-d00-000034,Riyadh - Souq,Riyadh,Plastic Organizer Set,DED-PLS-01,Household,1,24.0,24.0,14.0,mada
2026-02-03,TX-B2_poor_baqala-d00-000035,Riyadh - Souq,Riyadh,Plastic Organizer Set,DED-PLS-01,Household,1,24.0,24.0,14.0,mada
2026-02-04,TX-B2_poor_baqala-d00-000036,Riyadh - Souq,Riyadh,Plastic Organizer Set,DED-PLS-01,Household,1,24.0,24.0,14.0,cash
2026-02-05,TX-B2_poor_baqala-d00-000037,Riyadh - Souq,Riyadh,Plastic Organizer Set,DED-PLS-01,Household,1,24.0,24.0,14.0,mada
2026-02-06,TX-B2_poor_baqala-d00-000038,Riyadh - Souq,Riyadh,Plastic Organizer Set,DED-PLS-01,Household,1,24.0,24.0,14.0,cash
2026-02-07,TX-B2_poor_baqala-d00-000039,Riyadh - Souq,Riyadh,Plastic Organizer Set,DED-PLS-01,Household,1,24.0,24.0,14.0,cash
2026-02-08,TX-B2_poor_baqala-d00-000040,Riyadh - Souq,Riyadh,Plastic Organizer Set,DED-PLS-01,Household,1,24.0,24.0,14.0,cash
2026-02-09,TX-B2_poor_baqala-d00-000041,Riyadh - Souq,Riyadh,Plastic Organizer Set,DED-PLS-01,Household,1,24.0,24.0,14.0,cash
2026-02-10,TX-B2_poor_baqala-d00-000042,Riyadh - Souq,Riyadh,Plastic Organizer Set,DED-PLS-01,Household,1,24.0,24.0,14.0,cash
2026-02-11,TX-B2_poor_baqala-d00-000043,Riyadh - Souq,Riyadh,Plastic Organizer Set,DED-PLS-01,Household,1,24.0,24.0,14.0,card
2026-02-12,TX-B2_poor_baqala-d00-000044,Riyadh - Souq,Riyadh,Plastic Organizer Set,DED-PLS-01,Household,1,24.0,24.0,14.0,card
2026-02-12,TX-B2_poor_baqala-d00-000045,Riyadh - Souq,Riyadh,Plastic Organizer Set,DED-PLS-01,Household,1,24.0,24.0,14.0,cash
2026-02-13,TX-B2_poor_baqala-d00-000046,Riyadh - Souq,Riyadh,Plastic Organizer Set,DED-PLS-01,Household,1,24.0,24.0,14.0,mada
2026-02-14,TX-B2_poor_baqala-d00-000047,Riyadh - Souq,Riyadh,Plastic Organizer Set,DED-PLS-01,Household,1,24.0,24.0,14.0,cash
2026-02-15,TX-B2_poor_baqala-d00-000048,Riyadh - Souq,Riyadh,Plastic Organizer Set,DED-PLS-01,Household,1,24.0,24.0,14.0,mada
2026-02-16,TX-B2_poor_baqala-d00-000049,Riyadh - Souq,Riyadh,Plastic Organizer Set,DED-PLS-01,Household,1,24.0,24.0,14.0,mada
2026-02-17,TX-B2_poor_baqala-d00-000050,Riyadh - Souq,Riyadh,Plastic Organizer Set,DED-PLS-01,Household,1,24.0,24.0,14.0,mada
2026-02-18,TX-B2_poor_baqala-d00-000051,Riyadh - Souq,Riyadh,Plastic Organizer Set,DED-PLS-01,Household,1,24.0,24.0,14.0,card
2026-02-19,TX-B2_poor_baqala-d00-000052,Riyadh - Souq,Riyadh,Plastic Organizer Set,DED-PLS-01,Household,1,24.0,24.0,14.0,card
2026-02-20,TX-B2_poor_baqala-d00-000053,Riyadh - Souq,Riyadh,Plastic Organizer Set,DED-PLS-01,Household,1,24.0,24.0,14.0,cash
2026-02-21,TX-B2_poor_baqala-d00-000054,Riyadh - Souq,Riyadh,Plastic Organizer Set,DED-PLS-01,Household,1,24.0,24.0,14.0,card
2026-02-22,TX-B2_poor_baqala-d00-000055,Riyadh - Souq,Riyadh,Plastic Organizer Set,DED-PLS-01,Household,1,24.0,24.0,14.0,card
2026-02-23,TX-B2_poor_baqala-d00-000056,Riyadh - Souq,Riyadh,Plastic Organizer Set,DED-PLS-01,Household,1,24.0,24.0,14.0,mada
2026-02-24,TX-B2_poor_baqala-d00-000057,Riyadh - Souq,Riyadh,Plastic Organizer Set,DED-PLS-01,Household,1,24.0,24.0,14.0,card
2026-02-25,TX-B2_poor_baqala-d00-000058,Riyadh - Souq,Riyadh,Plastic Organizer Set,DED-PLS-01,Household,1,24.0,24.0,14.0,mada
2026-02-26,TX-B2_poor_baqala-d00-000059,Riyadh - Souq,Riyadh,Plastic Organizer Set,DED-PLS-01,Household,1,24.0,24.0,14.0,mada
2026-02-27,TX-B2_poor_baqala-d00-000060,Riyadh - Souq,Riyadh,Plastic Organizer Set,DED-PLS-01,Household,1,24.0,24.0,14.0,card
2026-02-28,TX-B2_poor_baqala-d00-000061,Riyadh - Souq,Riyadh,Plastic Organizer Set,DED-PLS-01,Household,1,24.0,24.0,14.0,mada
2026-03-01,TX-B2_poor_baqala-d00-000062,Riyadh - Souq,Riyadh,Plastic Organizer Set,DED-PLS-01,Household,1,24.0,24.0,14.0,cash
2026-03-02,TX-B2_poor_baqala-d00-000063,Riyadh - Souq,Riyadh,Plastic Organizer Set,DED-PLS-01,Household,1,24.0,24.0,14.0,cash
2026-03-03,TX-B2_poor_baqala-d00-000064,Riyadh - Souq,Riyadh,Plastic Organizer Set,DED-PLS-01,Household,1,24.0,24.0,14.0,cash
2026-03-04,TX-B2_poor_baqala-d00-000065,Riyadh - Souq,Riyadh,Plastic Organizer Set,DED-PLS-01,Household,1,24.0,24.0,14.0,cash
2026-03-06,TX-B2_poor_baqala-d00-000066,Riyadh - Souq,Riyadh,Plastic Organizer Set,DED-PLS-01,Household,1,24.0,24.0,14.0,cash
2026-03-06,TX-B2_poor_baqala-d00-000067,Riyadh - Souq,Riyadh,Plastic Organizer Set,DED-PLS-01,Household,1,24.0,24.0,14.0,mada
2026-03-07,TX-B2_poor_baqala-d00-000068,Riyadh - Souq,Riyadh,Plastic Organizer Set,DED-PLS-01,Household,1,24.0,24.0,14.0,card
2026-03-08,TX-B2_poor_baqala-d00-000069,Riyadh - Souq,Riyadh,Plastic Organizer Set,DED-PLS-01,Household,1,24.0,24.0,14.0,card
2026-03-09,TX-B2_poor_baqala-d00-000070,Riyadh - Souq,Riyadh,Plastic Organizer Set,DED-PLS-01,Household,1,24.0,24.0,14.0,card
2026-03-10,TX-B2_poor_baqala-d00-000071,Riyadh - Souq,Riyadh,Plastic Organizer Set,DED-PLS-01,Household,1,24.0,24.0,14.0,mada
2026-03-10,TX-B2_poor_baqala-d00-000072,Riyadh - Souq,Riyadh,Plastic Organizer Set,DED-PLS-01,Household,1,24.0,24.0,14.0,mada
2026-03-11,TX-B2_poor_baqala-d00-000073,Riyadh - Souq,Riyadh,Plastic Organizer Set,DED-PLS-01,Household,1,24.0,24.0,14.0,cash
2026-03-11,TX-B2_poor_baqala-d00-000074,Riyadh - Souq,Riyadh,Plastic Organizer Set,DED-PLS-01,Household,1,24.0,24.0,14.0,card
2026-03-12,TX-B2_poor_baqala-d00-000075,Riyadh - Souq,Riyadh,Plastic Organizer Set,DED-PLS-01,Household,1,24.0,24.0,14.0,cash
2026-03-13,TX-B2_poor_baqala-d00-000076,Riyadh - Souq,Riyadh,Plastic Organizer Set,DED-PLS-01,Household,1,24.0,24.0,14.0,card
2026-03-14,TX-B2_poor_baqala-d00-000077,Riyadh - Souq,Riyadh,Plastic Organizer Set,DED-PLS-01,Household,1,24.0,24.0,14.0,mada
2026-03-15,TX-B2_poor_baqala-d00-000078,Riyadh - Souq,Riyadh,Plastic Organizer Set,DED-PLS-01,Household,1,24.0,24.0,14.0,cash
2026-03-16,TX-B2_poor_baqala-d00-000079,Riyadh - Souq,Riyadh,Plastic Organizer Set,DED-PLS-01,Household,1,24.0,24.0,14.0,cash
2026-03-17,TX-B2_poor_baqala-d00-000080,Riyadh - Souq,Riyadh,Plastic Organizer Set,DED-PLS-01,Household,1,24.0,24.0,14.0,mada
2026-03-18,TX-B2_poor_baqala-d00-000081,Riyadh - Souq,Riyadh,Plastic Organizer Set,DED-PLS-01,Household,1,24.0,24.0,14.0,card
2026-03-19,TX-B2_poor_baqala-d00-000082,Riyadh - Souq,Riyadh,Plastic Organizer Set,DED-PLS-01,Household,1,24.0,24.0,14.0,mada
2026-03-20,TX-B2_poor_baqala-d00-000083,Riyadh - Souq,Riyadh,Plastic Organizer Set,DED-PLS-01,Household,1,24.0,24.0,14.0,mada
2026-03-21,TX-B2_poor_baqala-d00-000084,Riyadh - Souq,Riyadh,Plastic Organizer Set,DED-PLS-01,Household,1,24.0,24.0,14.0,cash
2026-03-22,TX-B2_poor_baqala-d00-000085,Riyadh - Souq,Riyadh,Plastic Organizer Set,DED-PLS-01,Household,1,24.0,24.0,14.0,cash
2026-03-23,TX-B2_poor_baqala-d00-000086,Riyadh - Souq,Riyadh,Plastic Organizer Set,DED-PLS-01,Household,1,24.0,24.0,14.0,cash
2026-03-24,TX-B2_poor_baqala-d00-000087,Riyadh - Souq,Riyadh,Plastic Organizer Set,DED-PLS-01,Household,1,24.0,24.0,14.0,mada
2026-03-25,TX-B2_poor_baqala-d00-000088,Riyadh - Souq,Riyadh,Plastic Organizer Set,DED-PLS-01,Household,1,24.0,24.0,14.0,card
2026-03-26,TX-B2_poor_baqala-d00-000089,Riyadh - Souq,Riyadh,Plastic Organizer Set,DED-PLS-01,Household,1,24.0,24.0,14.0,cash
2026-03-27,TX-B2_poor_baqala-d00-000090,Riyadh - Souq,Riyadh,Plastic Organizer Set,DED-PLS-01,Household,1,24.0,24.0,14.0,card
2026-03-28,TX-B2_poor_baqala-d00-000091,Riyadh - Souq,Riyadh,Plastic Organizer Set,DED-PLS-01,Household,1,24.0,24.0,14.0,cash
2026-03-29,TX-B2_poor_baqala-d00-000092,Riyadh - Souq,Riyadh,Plastic Organizer Set,DED-PLS-01,Household,1,24.0,24.0,14.0,card
2026-03-30,TX-B2_poor_baqala-d00-000093,Riyadh - Souq,Riyadh,Plastic Organizer Set,DED-PLS-01,Household,1,24.0,24.0,14.0,cash
2026-03-31,TX-B2_poor_baqala-d00-000094,Riyadh - Souq,Riyadh,Plastic Organizer Set,DED-PLS-01,Household,1,24.0,24.0,14.0,cash
2026-04-01,TX-B2_poor_baqala-d00-000095,Riyadh - Souq,Riyadh,Plastic Organizer Set,DED-PLS-01,Household,1,24.0,24.0,14.0,mada
2026-04-02,TX-B2_poor_baqala-d00-000096,Riyadh - Souq,Riyadh,Plastic Organizer Set,DED-PLS-01,Household,1,24.0,24.0,14.0,card
2026-04-03,TX-B2_poor_baqala-d00-000097,Riyadh - Souq,Riyadh,Plastic Organizer Set,DED-PLS-01,Household,1,24.0,24.0,14.0,card
2026-04-04,TX-B2_poor_baqala-d00-000098,Riyadh - Souq,Riyadh,Plastic Organizer Set,DED-PLS-01,Household,1,24.0,24.0,14.0,cash
2026-04-05,TX-B2_poor_baqala-d00-000099,Riyadh - Souq,Riyadh,Plastic Organizer Set,DED-PLS-01,Household,1,24.0,24.0,14.0,card
2026-04-06,TX-B2_poor_baqala-d00-000100,Riyadh - Souq,Riyadh,Plastic Organizer Set,DED-PLS-01,Household,1,24.0,24.0,14.0,card
2026-04-07,TX-B2_poor_baqala-d00-000101,Riyadh - Souq,Riyadh,Plastic Organizer Set,DED-PLS-01,Household,1,24.0,24.0,14.0,card
2026-04-07,TX-B2_poor_baqala-d00-000102,Riyadh - Souq,Riyadh,Plastic Organizer Set,DED-PLS-01,Household,1,24.0,24.0,14.0,cash
2026-04-09,TX-B2_poor_baqala-d00-000103,Riyadh - Souq,Riyadh,Plastic Organizer Set,DED-PLS-01,Household,1,24.0,24.0,14.0,mada
2026-04-10,TX-B2_poor_baqala-d00-000104,Riyadh - Souq,Riyadh,Plastic Organizer Set,DED-PLS-01,Household,1,24.0,24.0,14.0,mada
2026-04-11,TX-B2_poor_baqala-d00-000105,Riyadh - Souq,Riyadh,Plastic Organizer Set,DED-PLS-01,Household,1,24.0,24.0,14.0,card
2026-04-11,TX-B2_poor_baqala-d00-000106,Riyadh - Souq,Riyadh,Plastic Organizer Set,DED-PLS-01,Household,1,24.0,24.0,14.0,cash
2026-04-12,TX-B2_poor_baqala-d00-000107,Riyadh - Souq,Riyadh,Plastic Organizer Set,DED-PLS-01,Household,1,24.0,24.0,14.0,cash
2026-04-13,TX-B2_poor_baqala-d00-000108,Riyadh - Souq,Riyadh,Plastic Organizer Set,DED-PLS-01,Household,1,24.0,24.0,14.0,card
2026-04-14,TX-B2_poor_baqala-d00-000109,Riyadh - Souq,Riyadh,Plastic Organizer Set,DED-PLS-01,Household,1,24.0,24.0,14.0,mada
2026-04-14,TX-B2_poor_baqala-d00-000110,Riyadh - Souq,Riyadh,Plastic Organizer Set,DED-PLS-01,Household,1,24.0,24.0,14.0,card
2026-04-15,TX-B2_poor_baqala-d00-000111,Riyadh - Souq,Riyadh,Plastic Organizer Set,DED-PLS-01,Household,1,24.0,24.0,14.0,mada
2026-04-16,TX-B2_poor_baqala-d00-000112,Riyadh - Souq,Riyadh,Plastic Organizer Set,DED-PLS-01,Household,1,24.0,24.0,14.0,cash
2026-04-17,TX-B2_poor_baqala-d00-000113,Riyadh - Souq,Riyadh,Plastic Organizer Set,DED-PLS-01,Household,1,24.0,24.0,14.0,mada
2026-04-18,TX-B2_poor_baqala-d00-000114,Riyadh - Souq,Riyadh,Plastic Organizer Set,DED-PLS-01,Household,1,24.0,24.0,14.0,mada
2026-04-18,TX-B2_poor_baqala-d00-000115,Riyadh - Souq,Riyadh,Plastic Organizer Set,DED-PLS-01,Household,1,24.0,24.0,14.0,mada
2026-04-19,TX-B2_poor_baqala-d00-000116,Riyadh - Souq,Riyadh,Plastic Organizer Set,DED-PLS-01,Household,1,24.0,24.0,14.0,card
2026-04-20,TX-B2_poor_baqala-d00-000117,Riyadh - Souq,Riyadh,Plastic Organizer Set,DED-PLS-01,Household,1,24.0,24.0,14.0,card
2026-04-21,TX-B2_poor_baqala-d00-000118,Riyadh - Souq,Riyadh,Plastic Organizer Set,DED-PLS-01,Household,1,24.0,24.0,14.0,mada
2026-04-22,TX-B2_poor_baqala-d00-000119,Riyadh - Souq,Riyadh,Plastic Organizer Set,DED-PLS-01,Household,1,24.0,24.0,14.0,mada
2026-04-23,TX-B2_poor_baqala-d00-000120,Riyadh - Souq,Riyadh,Plastic Organizer Set,DED-PLS-01,Household,1,24.0,24.0,14.0,cash
2026-04-24,TX-B2_poor_baqala-d00-000121,Riyadh - Souq,Riyadh,Plastic Organizer Set,DED-PLS-01,Household,1,24.0,24.0,14.0,cash
2026-04-24,TX-B2_poor_baqala-d00-000122,Riyadh - Souq,Riyadh,Plastic Organizer Set,DED-PLS-01,Household,1,24.0,24.0,14.0,mada
2026-04-25,TX-B2_poor_baqala-d00-000123,Riyadh - Souq,Riyadh,Plastic Organizer Set,DED-PLS-01,Household,1,24.0,24.0,14.0,cash
2026-04-26,TX-B2_poor_baqala-d00-000124,Riyadh - Souq,Riyadh,Plastic Organizer Set,DED-PLS-01,Household,1,24.0,24.0,14.0,cash
2026-04-27,TX-B2_poor_baqala-d00-000125,Riyadh - Souq,Riyadh,Plastic Organizer Set,DED-PLS-01,Household,1,24.0,24.0,14.0,card
2026-04-28,TX-B2_poor_baqala-d00-000126,Riyadh - Souq,Riyadh,Plastic Organizer Set,DED-PLS-01,Household,1,24.0,24.0,14.0,card
2026-04-29,TX-B2_poor_baqala-d00-000127,Riyadh - Souq,Riyadh,Plastic Organizer Set,DED-PLS-01,Household,1,24.0,24.0,14.0,mada
2026-04-30,TX-B2_poor_baqala-d00-000128,Riyadh - Souq,Riyadh,Plastic Organizer Set,DED-PLS-01,Household,1,24.0,24.0,14.0,card
2026-05-01,TX-B2_poor_baqala-d00-000129,Riyadh - Souq,Riyadh,Plastic Organizer Set,DED-PLS-01,Household,1,24.0,24.0,14.0,card
2026-05-01,TX-B2_poor_baqala-d00-000130,Riyadh - Souq,Riyadh,Plastic Organizer Set,DED-PLS-01,Household,1,24.0,24.0,14.0,mada
2026-05-02,TX-B2_poor_baqala-d00-000131,Riyadh - Souq,Riyadh,Plastic Organizer Set,DED-PLS-01,Household,1,24.0,24.0,14.0,cash
2026-05-03,TX-B2_poor_baqala-d00-000132,Riyadh - Souq,Riyadh,Plastic Organizer Set,DED-PLS-01,Household,1,24.0,24.0,14.0,mada
2026-05-04,TX-B2_poor_baqala-d00-000133,Riyadh - Souq,Riyadh,Plastic Organizer Set,DED-PLS-01,Household,1,24.0,24.0,14.0,card
2026-05-05,TX-B2_poor_baqala-d00-000134,Riyadh - Souq,Riyadh,Plastic Organizer Set,DED-PLS-01,Household,1,24.0,24.0,14.0,mada
2026-05-05,TX-B2_poor_baqala-d00-000135,Riyadh - Souq,Riyadh,Plastic Organizer Set,DED-PLS-01,Household,1,24.0,24.0,14.0,mada
2026-05-06,TX-B2_poor_baqala-d00-000136,Riyadh - Souq,Riyadh,Plastic Organizer Set,DED-PLS-01,Household,1,24.0,24.0,14.0,mada
2026-05-07,TX-B2_poor_baqala-d00-000137,Riyadh - Souq,Riyadh,Plastic Organizer Set,DED-PLS-01,Household,1,24.0,24.0,14.0,cash
2026-01-05,TX-B2_poor_baqala-d00-000138,Riyadh - Souq,Riyadh,Imported Biscuit Tin,DED-BIS-02,Snacks,1,15.0,15.0,8.5,cash
2026-01-07,TX-B2_poor_baqala-d00-000139,Riyadh - Souq,Riyadh,Imported Biscuit Tin,DED-BIS-02,Snacks,1,15.0,15.0,8.5,cash
2026-01-07,TX-B2_poor_baqala-d00-000140,Riyadh - Souq,Riyadh,Imported Biscuit Tin,DED-BIS-02,Snacks,1,15.0,15.0,8.5,card
2026-01-08,TX-B2_poor_baqala-d00-000141,Riyadh - Souq,Riyadh,Imported Biscuit Tin,DED-BIS-02,Snacks,1,15.0,15.0,8.5,mada
2026-01-09,TX-B2_poor_baqala-d00-000142,Riyadh - Souq,Riyadh,Imported Biscuit Tin,DED-BIS-02,Snacks,1,15.0,15.0,8.5,cash
2026-01-10,TX-B2_poor_baqala-d00-000143,Riyadh - Souq,Riyadh,Imported Biscuit Tin,DED-BIS-02,Snacks,1,15.0,15.0,8.5,mada
2026-01-11,TX-B2_poor_baqala-d00-000144,Riyadh - Souq,Riyadh,Imported Biscuit Tin,DED-BIS-02,Snacks,1,15.0,15.0,8.5,mada
2026-01-12,TX-B2_poor_baqala-d00-000145,Riyadh - Souq,Riyadh,Imported Biscuit Tin,DED-BIS-02,Snacks,1,15.0,15.0,8.5,card
2026-01-13,TX-B2_poor_baqala-d00-000146,Riyadh - Souq,Riyadh,Imported Biscuit Tin,DED-BIS-02,Snacks,1,15.0,15.0,8.5,mada
2026-01-13,TX-B2_poor_baqala-d00-000147,Riyadh - Souq,Riyadh,Imported Biscuit Tin,DED-BIS-02,Snacks,1,15.0,15.0,8.5,mada
2026-01-14,TX-B2_poor_baqala-d00-000148,Riyadh - Souq,Riyadh,Imported Biscuit Tin,DED-BIS-02,Snacks,1,15.0,15.0,8.5,cash
2026-01-15,TX-B2_poor_baqala-d00-000149,Riyadh - Souq,Riyadh,Imported Biscuit Tin,DED-BIS-02,Snacks,1,15.0,15.0,8.5,cash
2026-01-15,TX-B2_poor_baqala-d00-000150,Riyadh - Souq,Riyadh,Imported Biscuit Tin,DED-BIS-02,Snacks,1,15.0,15.0,8.5,card
2026-01-16,TX-B2_poor_baqala-d00-000151,Riyadh - Souq,Riyadh,Imported Biscuit Tin,DED-BIS-02,Snacks,1,15.0,15.0,8.5,mada
2026-01-16,TX-B2_poor_baqala-d00-000152,Riyadh - Souq,Riyadh,Imported Biscuit Tin,DED-BIS-02,Snacks,1,15.0,15.0,8.5,card
2026-01-17,TX-B2_poor_baqala-d00-000153,Riyadh - Souq,Riyadh,Imported Biscuit Tin,DED-BIS-02,Snacks,1,15.0,15.0,8.5,mada
2026-01-17,TX-B2_poor_baqala-d00-000154,Riyadh - Souq,Riyadh,Imported Biscuit Tin,DED-BIS-02,Snacks,1,15.0,15.0,8.5,card
2026-01-18,TX-B2_poor_baqala-d00-000155,Riyadh - Souq,Riyadh,Imported Biscuit Tin,DED-BIS-02,Snacks,1,15.0,15.0,8.5,mada
2026-01-18,TX-B2_poor_baqala-d00-000156,Riyadh - Souq,Riyadh,Imported Biscuit Tin,DED-BIS-02,Snacks,1,15.0,15.0,8.5,cash
2026-01-19,TX-B2_poor_baqala-d00-000157,Riyadh - Souq,Riyadh,Imported Biscuit Tin,DED-BIS-02,Snacks,1,15.0,15.0,8.5,card
2026-01-19,TX-B2_poor_baqala-d00-000158,Riyadh - Souq,Riyadh,Imported Biscuit Tin,DED-BIS-02,Snacks,1,15.0,15.0,8.5,mada
2026-01-20,TX-B2_poor_baqala-d00-000159,Riyadh - Souq,Riyadh,Imported Biscuit Tin,DED-BIS-02,Snacks,1,15.0,15.0,8.5,cash
2026-01-20,TX-B2_poor_baqala-d00-000160,Riyadh - Souq,Riyadh,Imported Biscuit Tin,DED-BIS-02,Snacks,1,15.0,15.0,8.5,card
2026-01-21,TX-B2_poor_baqala-d00-000161,Riyadh - Souq,Riyadh,Imported Biscuit Tin,DED-BIS-02,Snacks,1,15.0,15.0,8.5,cash
2026-01-21,TX-B2_poor_baqala-d00-000162,Riyadh - Souq,Riyadh,Imported Biscuit Tin,DED-BIS-02,Snacks,1,15.0,15.0,8.5,mada
2026-01-22,TX-B2_poor_baqala-d00-000163,Riyadh - Souq,Riyadh,Imported Biscuit Tin,DED-BIS-02,Snacks,1,15.0,15.0,8.5,mada
2026-01-23,TX-B2_poor_baqala-d00-000164,Riyadh - Souq,Riyadh,Imported Biscuit Tin,DED-BIS-02,Snacks,1,15.0,15.0,8.5,cash
2026-01-23,TX-B2_poor_baqala-d00-000165,Riyadh - Souq,Riyadh,Imported Biscuit Tin,DED-BIS-02,Snacks,1,15.0,15.0,8.5,card
2026-01-24,TX-B2_poor_baqala-d00-000166,Riyadh - Souq,Riyadh,Imported Biscuit Tin,DED-BIS-02,Snacks,1,15.0,15.0,8.5,mada
2026-01-25,TX-B2_poor_baqala-d00-000167,Riyadh - Souq,Riyadh,Imported Biscuit Tin,DED-BIS-02,Snacks,1,15.0,15.0,8.5,cash
2026-01-25,TX-B2_poor_baqala-d00-000168,Riyadh - Souq,Riyadh,Imported Biscuit Tin,DED-BIS-02,Snacks,1,15.0,15.0,8.5,mada
2026-01-26,TX-B2_poor_baqala-d00-000169,Riyadh - Souq,Riyadh,Imported Biscuit Tin,DED-BIS-02,Snacks,1,15.0,15.0,8.5,card
2026-01-27,TX-B2_poor_baqala-d00-000170,Riyadh - Souq,Riyadh,Imported Biscuit Tin,DED-BIS-02,Snacks,1,15.0,15.0,8.5,mada
2026-01-27,TX-B2_poor_baqala-d00-000171,Riyadh - Souq,Riyadh,Imported Biscuit Tin,DED-BIS-02,Snacks,1,15.0,15.0,8.5,mada
2026-01-28,TX-B2_poor_baqala-d00-000172,Riyadh - Souq,Riyadh,Imported Biscuit Tin,DED-BIS-02,Snacks,1,15.0,15.0,8.5,cash
2026-01-29,TX-B2_poor_baqala-d00-000173,Riyadh - Souq,Riyadh,Imported Biscuit Tin,DED-BIS-02,Snacks,1,15.0,15.0,8.5,cash
2026-01-30,TX-B2_poor_baqala-d00-000174,Riyadh - Souq,Riyadh,Imported Biscuit Tin,DED-BIS-02,Snacks,1,15.0,15.0,8.5,card
2026-01-30,TX-B2_poor_baqala-d00-000175,Riyadh - Souq,Riyadh,Imported Biscuit Tin,DED-BIS-02,Snacks,1,15.0,15.0,8.5,card
2026-01-31,TX-B2_poor_baqala-d00-000176,Riyadh - Souq,Riyadh,Imported Biscuit Tin,DED-BIS-02,Snacks,1,15.0,15.0,8.5,cash
2026-01-31,TX-B2_poor_baqala-d00-000177,Riyadh - Souq,Riyadh,Imported Biscuit Tin,DED-BIS-02,Snacks,1,15.0,15.0,8.5,mada
2026-02-01,TX-B2_poor_baqala-d00-000178,Riyadh - Souq,Riyadh,Imported Biscuit Tin,DED-BIS-02,Snacks,1,15.0,15.0,8.5,card
2026-02-01,TX-B2_poor_baqala-d00-000179,Riyadh - Souq,Riyadh,Imported Biscuit Tin,DED-BIS-02,Snacks,1,15.0,15.0,8.5,mada
2026-02-02,TX-B2_poor_baqala-d00-000180,Riyadh - Souq,Riyadh,Imported Biscuit Tin,DED-BIS-02,Snacks,1,15.0,15.0,8.5,mada
2026-02-03,TX-B2_poor_baqala-d00-000181,Riyadh - Souq,Riyadh,Imported Biscuit Tin,DED-BIS-02,Snacks,1,15.0,15.0,8.5,cash
2026-02-03,TX-B2_poor_baqala-d00-000182,Riyadh - Souq,Riyadh,Imported Biscuit Tin,DED-BIS-02,Snacks,1,15.0,15.0,8.5,mada
2026-02-04,TX-B2_poor_baqala-d00-000183,Riyadh - Souq,Riyadh,Imported Biscuit Tin,DED-BIS-02,Snacks,1,15.0,15.0,8.5,mada
2026-02-05,TX-B2_poor_baqala-d00-000184,Riyadh - Souq,Riyadh,Imported Biscuit Tin,DED-BIS-02,Snacks,1,15.0,15.0,8.5,mada
2026-02-05,TX-B2_poor_baqala-d00-000185,Riyadh - Souq,Riyadh,Imported Biscuit Tin,DED-BIS-02,Snacks,1,15.0,15.0,8.5,card
2026-02-06,TX-B2_poor_baqala-d00-000186,Riyadh - Souq,Riyadh,Imported Biscuit Tin,DED-BIS-02,Snacks,1,15.0,15.0,8.5,cash
2026-02-07,TX-B2_poor_baqala-d00-000187,Riyadh - Souq,Riyadh,Imported Biscuit Tin,DED-BIS-02,Snacks,1,15.0,15.0,8.5,card
2026-02-08,TX-B2_poor_baqala-d00-000188,Riyadh - Souq,Riyadh,Imported Biscuit Tin,DED-BIS-02,Snacks,1,15.0,15.0,8.5,card
2026-02-09,TX-B2_poor_baqala-d00-000189,Riyadh - Souq,Riyadh,Imported Biscuit Tin,DED-BIS-02,Snacks,1,15.0,15.0,8.5,mada
2026-02-10,TX-B2_poor_baqala-d00-000190,Riyadh - Souq,Riyadh,Imported Biscuit Tin,DED-BIS-02,Snacks,1,15.0,15.0,8.5,card
2026-02-10,TX-B2_poor_baqala-d00-000191,Riyadh - Souq,Riyadh,Imported Biscuit Tin,DED-BIS-02,Snacks,1,15.0,15.0,8.5,cash
2026-02-11,TX-B2_poor_baqala-d00-000192,Riyadh - Souq,Riyadh,Imported Biscuit Tin,DED-BIS-02,Snacks,1,15.0,15.0,8.5,mada
2026-02-11,TX-B2_poor_baqala-d00-000193,Riyadh - Souq,Riyadh,Imported Biscuit Tin,DED-BIS-02,Snacks,1,15.0,15.0,8.5,cash
2026-02-12,TX-B2_poor_baqala-d00-000194,Riyadh - Souq,Riyadh,Imported Biscuit Tin,DED-BIS-02,Snacks,1,15.0,15.0,8.5,card
2026-02-12,TX-B2_poor_baqala-d00-000195,Riyadh - Souq,Riyadh,Imported Biscuit Tin,DED-BIS-02,Snacks,1,15.0,15.0,8.5,cash
2026-02-13,TX-B2_poor_baqala-d00-000196,Riyadh - Souq,Riyadh,Imported Biscuit Tin,DED-BIS-02,Snacks,1,15.0,15.0,8.5,mada
2026-02-13,TX-B2_poor_baqala-d00-000197,Riyadh - Souq,Riyadh,Imported Biscuit Tin,DED-BIS-02,Snacks,1,15.0,15.0,8.5,cash
2026-02-14,TX-B2_poor_baqala-d00-000198,Riyadh - Souq,Riyadh,Imported Biscuit Tin,DED-BIS-02,Snacks,1,15.0,15.0,8.5,mada
2026-02-15,TX-B2_poor_baqala-d00-000199,Riyadh - Souq,Riyadh,Imported Biscuit Tin,DED-BIS-02,Snacks,1,15.0,15.0,8.5,cash
2026-02-16,TX-B2_poor_baqala-d00-000200,Riyadh - Souq,Riyadh,Imported Biscuit Tin,DED-BIS-02,Snacks,1,15.0,15.0,8.5,mada
2026-02-16,TX-B2_poor_baqala-d00-000201,Riyadh - Souq,Riyadh,Imported Biscuit Tin,DED-BIS-02,Snacks,1,15.0,15.0,8.5,card
2026-02-17,TX-B2_poor_baqala-d00-000202,Riyadh - Souq,Riyadh,Imported Biscuit Tin,DED-BIS-02,Snacks,1,15.0,15.0,8.5,card
2026-02-18,TX-B2_poor_baqala-d00-000203,Riyadh - Souq,Riyadh,Imported Biscuit Tin,DED-BIS-02,Snacks,1,15.0,15.0,8.5,cash
2026-02-19,TX-B2_poor_baqala-d00-000204,Riyadh - Souq,Riyadh,Imported Biscuit Tin,DED-BIS-02,Snacks,1,15.0,15.0,8.5,cash
2026-02-19,TX-B2_poor_baqala-d00-000205,Riyadh - Souq,Riyadh,Imported Biscuit Tin,DED-BIS-02,Snacks,1,15.0,15.0,8.5,cash
2026-02-20,TX-B2_poor_baqala-d00-000206,Riyadh - Souq,Riyadh,Imported Biscuit Tin,DED-BIS-02,Snacks,1,15.0,15.0,8.5,cash
2026-02-20,TX-B2_poor_baqala-d00-000207,Riyadh - Souq,Riyadh,Imported Biscuit Tin,DED-BIS-02,Snacks,1,15.0,15.0,8.5,cash
2026-02-21,TX-B2_poor_baqala-d00-000208,Riyadh - Souq,Riyadh,Imported Biscuit Tin,DED-BIS-02,Snacks,1,15.0,15.0,8.5,cash
2026-02-22,TX-B2_poor_baqala-d00-000209,Riyadh - Souq,Riyadh,Imported Biscuit Tin,DED-BIS-02,Snacks,1,15.0,15.0,8.5,card
2026-02-23,TX-B2_poor_baqala-d00-000210,Riyadh - Souq,Riyadh,Imported Biscuit Tin,DED-BIS-02,Snacks,1,15.0,15.0,8.5,mada
2026-02-23,TX-B2_poor_baqala-d00-000211,Riyadh - Souq,Riyadh,Imported Biscuit Tin,DED-BIS-02,Snacks,1,15.0,15.0,8.5,cash
2026-02-24,TX-B2_poor_baqala-d00-000212,Riyadh - Souq,Riyadh,Imported Biscuit Tin,DED-BIS-02,Snacks,1,15.0,15.0,8.5,mada
2026-02-24,TX-B2_poor_baqala-d00-000213,Riyadh - Souq,Riyadh,Imported Biscuit Tin,DED-BIS-02,Snacks,1,15.0,15.0,8.5,mada
2026-02-25,TX-B2_poor_baqala-d00-000214,Riyadh - Souq,Riyadh,Imported Biscuit Tin,DED-BIS-02,Snacks,1,15.0,15.0,8.5,mada
2026-02-26,TX-B2_poor_baqala-d00-000215,Riyadh - Souq,Riyadh,Imported Biscuit Tin,DED-BIS-02,Snacks,1,15.0,15.0,8.5,mada
2026-02-27,TX-B2_poor_baqala-d00-000216,Riyadh - Souq,Riyadh,Imported Biscuit Tin,DED-BIS-02,Snacks,1,15.0,15.0,8.5,card
2026-02-27,TX-B2_poor_baqala-d00-000217,Riyadh - Souq,Riyadh,Imported Biscuit Tin,DED-BIS-02,Snacks,1,15.0,15.0,8.5,mada
2026-02-28,TX-B2_poor_baqala-d00-000218,Riyadh - Souq,Riyadh,Imported Biscuit Tin,DED-BIS-02,Snacks,1,15.0,15.0,8.5,card
2026-02-28,TX-B2_poor_baqala-d00-000219,Riyadh - Souq,Riyadh,Imported Biscuit Tin,DED-BIS-02,Snacks,1,15.0,15.0,8.5,cash
2026-03-01,TX-B2_poor_baqala-d00-000220,Riyadh - Souq,Riyadh,Imported Biscuit Tin,DED-BIS-02,Snacks,1,15.0,15.0,8.5,mada
2026-03-01,TX-B2_poor_baqala-d00-000221,Riyadh - Souq,Riyadh,Imported Biscuit Tin,DED-BIS-02,Snacks,1,15.0,15.0,8.5,mada
2026-03-02,TX-B2_poor_baqala-d00-000222,Riyadh - Souq,Riyadh,Imported Biscuit Tin,DED-BIS-02,Snacks,1,15.0,15.0,8.5,card
2026-03-02,TX-B2_poor_baqala-d00-000223,Riyadh - Souq,Riyadh,Imported Biscuit Tin,DED-BIS-02,Snacks,1,15.0,15.0,8.5,cash
2026-03-03,TX-B2_poor_baqala-d00-000224,Riyadh - Souq,Riyadh,Imported Biscuit Tin,DED-BIS-02,Snacks,1,15.0,15.0,8.5,card
2026-03-03,TX-B2_poor_baqala-d00-000225,Riyadh - Souq,Riyadh,Imported Biscuit Tin,DED-BIS-02,Snacks,1,15.0,15.0,8.5,cash
2026-03-04,TX-B2_poor_baqala-d00-000226,Riyadh - Souq,Riyadh,Imported Biscuit Tin,DED-BIS-02,Snacks,1,15.0,15.0,8.5,card
2026-03-04,TX-B2_poor_baqala-d00-000227,Riyadh - Souq,Riyadh,Imported Biscuit Tin,DED-BIS-02,Snacks,1,15.0,15.0,8.5,mada
2026-03-05,TX-B2_poor_baqala-d00-000228,Riyadh - Souq,Riyadh,Imported Biscuit Tin,DED-BIS-02,Snacks,1,15.0,15.0,8.5,card
2026-03-05,TX-B2_poor_baqala-d00-000229,Riyadh - Souq,Riyadh,Imported Biscuit Tin,DED-BIS-02,Snacks,1,15.0,15.0,8.5,cash
2026-03-06,TX-B2_poor_baqala-d00-000230,Riyadh - Souq,Riyadh,Imported Biscuit Tin,DED-BIS-02,Snacks,1,15.0,15.0,8.5,cash
2026-03-07,TX-B2_poor_baqala-d00-000231,Riyadh - Souq,Riyadh,Imported Biscuit Tin,DED-BIS-02,Snacks,1,15.0,15.0,8.5,cash
2026-03-08,TX-B2_poor_baqala-d00-000232,Riyadh - Souq,Riyadh,Imported Biscuit Tin,DED-BIS-02,Snacks,1,15.0,15.0,8.5,cash
2026-03-09,TX-B2_poor_baqala-d00-000233,Riyadh - Souq,Riyadh,Imported Biscuit Tin,DED-BIS-02,Snacks,1,15.0,15.0,8.5,card
2026-03-09,TX-B2_poor_baqala-d00-000234,Riyadh - Souq,Riyadh,Imported Biscuit Tin,DED-BIS-02,Snacks,1,15.0,15.0,8.5,cash
2026-03-10,TX-B2_poor_baqala-d00-000235,Riyadh - Souq,Riyadh,Imported Biscuit Tin,DED-BIS-02,Snacks,1,15.0,15.0,8.5,card
2026-03-10,TX-B2_poor_baqala-d00-000236,Riyadh - Souq,Riyadh,Imported Biscuit Tin,DED-BIS-02,Snacks,1,15.0,15.0,8.5,mada
2026-03-11,TX-B2_poor_baqala-d00-000237,Riyadh - Souq,Riyadh,Imported Biscuit Tin,DED-BIS-02,Snacks,1,15.0,15.0,8.5,card
2026-03-12,TX-B2_poor_baqala-d00-000238,Riyadh - Souq,Riyadh,Imported Biscuit Tin,DED-BIS-02,Snacks,1,15.0,15.0,8.5,mada
2026-03-13,TX-B2_poor_baqala-d00-000239,Riyadh - Souq,Riyadh,Imported Biscuit Tin,DED-BIS-02,Snacks,1,15.0,15.0,8.5,cash
2026-03-14,TX-B2_poor_baqala-d00-000240,Riyadh - Souq,Riyadh,Imported Biscuit Tin,DED-BIS-02,Snacks,1,15.0,15.0,8.5,mada
2026-03-15,TX-B2_poor_baqala-d00-000241,Riyadh - Souq,Riyadh,Imported Biscuit Tin,DED-BIS-02,Snacks,1,15.0,15.0,8.5,card
2026-03-15,TX-B2_poor_baqala-d00-000242,Riyadh - Souq,Riyadh,Imported Biscuit Tin,DED-BIS-02,Snacks,1,15.0,15.0,8.5,card
2026-03-16,TX-B2_poor_baqala-d00-000243,Riyadh - Souq,Riyadh,Imported Biscuit Tin,DED-BIS-02,Snacks,1,15.0,15.0,8.5,card
2026-03-17,TX-B2_poor_baqala-d00-000244,Riyadh - Souq,Riyadh,Imported Biscuit Tin,DED-BIS-02,Snacks,1,15.0,15.0,8.5,cash
2026-03-17,TX-B2_poor_baqala-d00-000245,Riyadh - Souq,Riyadh,Imported Biscuit Tin,DED-BIS-02,Snacks,1,15.0,15.0,8.5,cash
2026-03-18,TX-B2_poor_baqala-d00-000246,Riyadh - Souq,Riyadh,Imported Biscuit Tin,DED-BIS-02,Snacks,1,15.0,15.0,8.5,card
2026-03-19,TX-B2_poor_baqala-d00-000247,Riyadh - Souq,Riyadh,Imported Biscuit Tin,DED-BIS-02,Snacks,1,15.0,15.0,8.5,card
2026-03-19,TX-B2_poor_baqala-d00-000248,Riyadh - Souq,Riyadh,Imported Biscuit Tin,DED-BIS-02,Snacks,1,15.0,15.0,8.5,mada
2026-03-20,TX-B2_poor_baqala-d00-000249,Riyadh - Souq,Riyadh,Imported Biscuit Tin,DED-BIS-02,Snacks,1,15.0,15.0,8.5,mada
2026-03-21,TX-B2_poor_baqala-d00-000250,Riyadh - Souq,Riyadh,Imported Biscuit Tin,DED-BIS-02,Snacks,1,15.0,15.0,8.5,cash
2026-03-22,TX-B2_poor_baqala-d00-000251,Riyadh - Souq,Riyadh,Imported Biscuit Tin,DED-BIS-02,Snacks,1,15.0,15.0,8.5,mada
2026-03-23,TX-B2_poor_baqala-d00-000252,Riyadh - Souq,Riyadh,Imported Biscuit Tin,DED-BIS-02,Snacks,1,15.0,15.0,8.5,mada
2026-03-23,TX-B2_poor_baqala-d00-000253,Riyadh - Souq,Riyadh,Imported Biscuit Tin,DED-BIS-02,Snacks,1,15.0,15.0,8.5,mada
2026-03-24,TX-B2_poor_baqala-d00-000254,Riyadh - Souq,Riyadh,Imported Biscuit Tin,DED-BIS-02,Snacks,1,15.0,15.0,8.5,mada
2026-03-24,TX-B2_poor_baqala-d00-000255,Riyadh - Souq,Riyadh,Imported Biscuit Tin,DED-BIS-02,Snacks,1,15.0,15.0,8.5,mada
2026-03-25,TX-B2_poor_baqala-d00-000256,Riyadh - Souq,Riyadh,Imported Biscuit Tin,DED-BIS-02,Snacks,1,15.0,15.0,8.5,cash
2026-03-26,TX-B2_poor_baqala-d00-000257,Riyadh - Souq,Riyadh,Imported Biscuit Tin,DED-BIS-02,Snacks,1,15.0,15.0,8.5,card
2026-03-26,TX-B2_poor_baqala-d00-000258,Riyadh - Souq,Riyadh,Imported Biscuit Tin,DED-BIS-02,Snacks,1,15.0,15.0,8.5,cash
2026-03-27,TX-B2_poor_baqala-d00-000259,Riyadh - Souq,Riyadh,Imported Biscuit Tin,DED-BIS-02,Snacks,1,15.0,15.0,8.5,card
2026-03-27,TX-B2_poor_baqala-d00-000260,Riyadh - Souq,Riyadh,Imported Biscuit Tin,DED-BIS-02,Snacks,1,15.0,15.0,8.5,card
2026-03-28,TX-B2_poor_baqala-d00-000261,Riyadh - Souq,Riyadh,Imported Biscuit Tin,DED-BIS-02,Snacks,1,15.0,15.0,8.5,mada
2026-03-28,TX-B2_poor_baqala-d00-000262,Riyadh - Souq,Riyadh,Imported Biscuit Tin,DED-BIS-02,Snacks,1,15.0,15.0,8.5,card
2026-03-29,TX-B2_poor_baqala-d00-000263,Riyadh - Souq,Riyadh,Imported Biscuit Tin,DED-BIS-02,Snacks,1,15.0,15.0,8.5,card
2026-03-29,TX-B2_poor_baqala-d00-000264,Riyadh - Souq,Riyadh,Imported Biscuit Tin,DED-BIS-02,Snacks,1,15.0,15.0,8.5,mada
2026-03-30,TX-B2_poor_baqala-d00-000265,Riyadh - Souq,Riyadh,Imported Biscuit Tin,DED-BIS-02,Snacks,1,15.0,15.0,8.5,card
2026-03-31,TX-B2_poor_baqala-d00-000266,Riyadh - Souq,Riyadh,Imported Biscuit Tin,DED-BIS-02,Snacks,1,15.0,15.0,8.5,card
2026-03-31,TX-B2_poor_baqala-d00-000267,Riyadh - Souq,Riyadh,Imported Biscuit Tin,DED-BIS-02,Snacks,1,15.0,15.0,8.5,card
2026-04-01,TX-B2_poor_baqala-d00-000268,Riyadh - Souq,Riyadh,Imported Biscuit Tin,DED-BIS-02,Snacks,1,15.0,15.0,8.5,mada
2026-04-01,TX-B2_poor_baqala-d00-000269,Riyadh - Souq,Riyadh,Imported Biscuit Tin,DED-BIS-02,Snacks,1,15.0,15.0,8.5,cash
2026-04-02,TX-B2_poor_baqala-d00-000270,Riyadh - Souq,Riyadh,Imported Biscuit Tin,DED-BIS-02,Snacks,1,15.0,15.0,8.5,cash
2026-04-02,TX-B2_poor_baqala-d00-000271,Riyadh - Souq,Riyadh,Imported Biscuit Tin,DED-BIS-02,Snacks,1,15.0,15.0,8.5,mada
2026-04-03,TX-B2_poor_baqala-d00-000272,Riyadh - Souq,Riyadh,Imported Biscuit Tin,DED-BIS-02,Snacks,1,15.0,15.0,8.5,mada
2026-04-03,TX-B2_poor_baqala-d00-000273,Riyadh - Souq,Riyadh,Imported Biscuit Tin,DED-BIS-02,Snacks,1,15.0,15.0,8.5,cash
2026-04-04,TX-B2_poor_baqala-d00-000274,Riyadh - Souq,Riyadh,Imported Biscuit Tin,DED-BIS-02,Snacks,1,15.0,15.0,8.5,mada
2026-04-04,TX-B2_poor_baqala-d00-000275,Riyadh - Souq,Riyadh,Imported Biscuit Tin,DED-BIS-02,Snacks,1,15.0,15.0,8.5,mada
2026-04-05,TX-B2_poor_baqala-d00-000276,Riyadh - Souq,Riyadh,Imported Biscuit Tin,DED-BIS-02,Snacks,1,15.0,15.0,8.5,mada
2026-04-06,TX-B2_poor_baqala-d00-000277,Riyadh - Souq,Riyadh,Imported Biscuit Tin,DED-BIS-02,Snacks,1,15.0,15.0,8.5,mada
2026-04-07,TX-B2_poor_baqala-d00-000278,Riyadh - Souq,Riyadh,Imported Biscuit Tin,DED-BIS-02,Snacks,1,15.0,15.0,8.5,card
2026-04-07,TX-B2_poor_baqala-d00-000279,Riyadh - Souq,Riyadh,Imported Biscuit Tin,DED-BIS-02,Snacks,1,15.0,15.0,8.5,cash
2026-04-08,TX-B2_poor_baqala-d00-000280,Riyadh - Souq,Riyadh,Imported Biscuit Tin,DED-BIS-02,Snacks,1,15.0,15.0,8.5,cash
2026-04-09,TX-B2_poor_baqala-d00-000281,Riyadh - Souq,Riyadh,Imported Biscuit Tin,DED-BIS-02,Snacks,1,15.0,15.0,8.5,card
2026-04-10,TX-B2_poor_baqala-d00-000282,Riyadh - Souq,Riyadh,Imported Biscuit Tin,DED-BIS-02,Snacks,1,15.0,15.0,8.5,mada
2026-04-10,TX-B2_poor_baqala-d00-000283,Riyadh - Souq,Riyadh,Imported Biscuit Tin,DED-BIS-02,Snacks,1,15.0,15.0,8.5,card
2026-04-11,TX-B2_poor_baqala-d00-000284,Riyadh - Souq,Riyadh,Imported Biscuit Tin,DED-BIS-02,Snacks,1,15.0,15.0,8.5,cash
2026-04-12,TX-B2_poor_baqala-d00-000285,Riyadh - Souq,Riyadh,Imported Biscuit Tin,DED-BIS-02,Snacks,1,15.0,15.0,8.5,cash
2026-04-13,TX-B2_poor_baqala-d00-000286,Riyadh - Souq,Riyadh,Imported Biscuit Tin,DED-BIS-02,Snacks,1,15.0,15.0,8.5,card
2026-04-13,TX-B2_poor_baqala-d00-000287,Riyadh - Souq,Riyadh,Imported Biscuit Tin,DED-BIS-02,Snacks,1,15.0,15.0,8.5,card
2026-04-14,TX-B2_poor_baqala-d00-000288,Riyadh - Souq,Riyadh,Imported Biscuit Tin,DED-BIS-02,Snacks,1,15.0,15.0,8.5,cash
2026-04-14,TX-B2_poor_baqala-d00-000289,Riyadh - Souq,Riyadh,Imported Biscuit Tin,DED-BIS-02,Snacks,1,15.0,15.0,8.5,mada
2026-04-15,TX-B2_poor_baqala-d00-000290,Riyadh - Souq,Riyadh,Imported Biscuit Tin,DED-BIS-02,Snacks,1,15.0,15.0,8.5,cash
2026-04-15,TX-B2_poor_baqala-d00-000291,Riyadh - Souq,Riyadh,Imported Biscuit Tin,DED-BIS-02,Snacks,1,15.0,15.0,8.5,mada
2026-04-16,TX-B2_poor_baqala-d00-000292,Riyadh - Souq,Riyadh,Imported Biscuit Tin,DED-BIS-02,Snacks,1,15.0,15.0,8.5,cash
2026-04-17,TX-B2_poor_baqala-d00-000293,Riyadh - Souq,Riyadh,Imported Biscuit Tin,DED-BIS-02,Snacks,1,15.0,15.0,8.5,mada
2026-04-18,TX-B2_poor_baqala-d00-000294,Riyadh - Souq,Riyadh,Imported Biscuit Tin,DED-BIS-02,Snacks,1,15.0,15.0,8.5,cash
2026-04-19,TX-B2_poor_baqala-d00-000295,Riyadh - Souq,Riyadh,Imported Biscuit Tin,DED-BIS-02,Snacks,1,15.0,15.0,8.5,cash
2026-04-20,TX-B2_poor_baqala-d00-000296,Riyadh - Souq,Riyadh,Imported Biscuit Tin,DED-BIS-02,Snacks,1,15.0,15.0,8.5,card
2026-04-21,TX-B2_poor_baqala-d00-000297,Riyadh - Souq,Riyadh,Imported Biscuit Tin,DED-BIS-02,Snacks,1,15.0,15.0,8.5,cash
2026-04-21,TX-B2_poor_baqala-d00-000298,Riyadh - Souq,Riyadh,Imported Biscuit Tin,DED-BIS-02,Snacks,1,15.0,15.0,8.5,mada
2026-04-22,TX-B2_poor_baqala-d00-000299,Riyadh - Souq,Riyadh,Imported Biscuit Tin,DED-BIS-02,Snacks,1,15.0,15.0,8.5,card
2026-04-23,TX-B2_poor_baqala-d00-000300,Riyadh - Souq,Riyadh,Imported Biscuit Tin,DED-BIS-02,Snacks,1,15.0,15.0,8.5,mada
2026-04-24,TX-B2_poor_baqala-d00-000301,Riyadh - Souq,Riyadh,Imported Biscuit Tin,DED-BIS-02,Snacks,1,15.0,15.0,8.5,cash
2026-04-24,TX-B2_poor_baqala-d00-000302,Riyadh - Souq,Riyadh,Imported Biscuit Tin,DED-BIS-02,Snacks,1,15.0,15.0,8.5,card
2026-04-25,TX-B2_poor_baqala-d00-000303,Riyadh - Souq,Riyadh,Imported Biscuit Tin,DED-BIS-02,Snacks,1,15.0,15.0,8.5,mada
2026-04-26,TX-B2_poor_baqala-d00-000304,Riyadh - Souq,Riyadh,Imported Biscuit Tin,DED-BIS-02,Snacks,1,15.0,15.0,8.5,cash
2026-04-27,TX-B2_poor_baqala-d00-000305,Riyadh - Souq,Riyadh,Imported Biscuit Tin,DED-BIS-02,Snacks,1,15.0,15.0,8.5,mada
2026-04-27,TX-B2_poor_baqala-d00-000306,Riyadh - Souq,Riyadh,Imported Biscuit Tin,DED-BIS-02,Snacks,1,15.0,15.0,8.5,mada
2026-04-28,TX-B2_poor_baqala-d00-000307,Riyadh - Souq,Riyadh,Imported Biscuit Tin,DED-BIS-02,Snacks,1,15.0,15.0,8.5,card
2026-04-28,TX-B2_poor_baqala-d00-000308,Riyadh - Souq,Riyadh,Imported Biscuit Tin,DED-BIS-02,Snacks,1,15.0,15.0,8.5,cash
2026-04-29,TX-B2_poor_baqala-d00-000309,Riyadh - Souq,Riyadh,Imported Biscuit Tin,DED-BIS-02,Snacks,1,15.0,15.0,8.5,cash
2026-04-30,TX-B2_poor_baqala-d00-000310,Riyadh - Souq,Riyadh,Imported Biscuit Tin,DED-BIS-02,Snacks,1,15.0,15.0,8.5,mada
2026-04-30,TX-B2_poor_baqala-d00-000311,Riyadh - Souq,Riyadh,Imported Biscuit Tin,DED-BIS-02,Snacks,1,15.0,15.0,8.5,card
2026-05-01,TX-B2_poor_baqala-d00-000312,Riyadh - Souq,Riyadh,Imported Biscuit Tin,DED-BIS-02,Snacks,1,15.0,15.0,8.5,card
2026-05-01,TX-B2_poor_baqala-d00-000313,Riyadh - Souq,Riyadh,Imported Biscuit Tin,DED-BIS-02,Snacks,1,15.0,15.0,8.5,card
2026-05-02,TX-B2_poor_baqala-d00-000314,Riyadh - Souq,Riyadh,Imported Biscuit Tin,DED-BIS-02,Snacks,1,15.0,15.0,8.5,cash
2026-05-03,TX-B2_poor_baqala-d00-000315,Riyadh - Souq,Riyadh,Imported Biscuit Tin,DED-BIS-02,Snacks,1,15.0,15.0,8.5,mada
2026-05-03,TX-B2_poor_baqala-d00-000316,Riyadh - Souq,Riyadh,Imported Biscuit Tin,DED-BIS-02,Snacks,1,15.0,15.0,8.5,card
2026-05-04,TX-B2_poor_baqala-d00-000317,Riyadh - Souq,Riyadh,Imported Biscuit Tin,DED-BIS-02,Snacks,1,15.0,15.0,8.5,mada
2026-05-05,TX-B2_poor_baqala-d00-000318,Riyadh - Souq,Riyadh,Imported Biscuit Tin,DED-BIS-02,Snacks,1,15.0,15.0,8.5,card
2026-05-05,TX-B2_poor_baqala-d00-000319,Riyadh - Souq,Riyadh,Imported Biscuit Tin,DED-BIS-02,Snacks,1,15.0,15.0,8.5,cash
2026-05-06,TX-B2_poor_baqala-d00-000320,Riyadh - Souq,Riyadh,Imported Biscuit Tin,DED-BIS-02,Snacks,1,15.0,15.0,8.5,cash
2026-05-07,TX-B2_poor_baqala-d00-000321,Riyadh - Souq,Riyadh,Imported Biscuit Tin,DED-BIS-02,Snacks,1,15.0,15.0,8.5,cash
2026-05-08,TX-B2_poor_baqala-d00-000322,Riyadh - Souq,Riyadh,Imported Biscuit Tin,DED-BIS-02,Snacks,1,15.0,15.0,8.5,cash
2026-05-08,TX-B2_poor_baqala-d00-000323,Riyadh - Souq,Riyadh,Imported Biscuit Tin,DED-BIS-02,Snacks,1,15.0,15.0,8.5,cash
2026-05-09,TX-B2_poor_baqala-d00-000324,Riyadh - Souq,Riyadh,Imported Biscuit Tin,DED-BIS-02,Snacks,1,15.0,15.0,8.5,mada
2026-05-10,TX-B2_poor_baqala-d00-000325,Riyadh - Souq,Riyadh,Imported Biscuit Tin,DED-BIS-02,Snacks,1,15.0,15.0,8.5,mada
2026-05-10,TX-B2_poor_baqala-d00-000326,Riyadh - Souq,Riyadh,Imported Biscuit Tin,DED-BIS-02,Snacks,1,15.0,15.0,8.5,cash
2026-05-11,TX-B2_poor_baqala-d00-000327,Riyadh - Souq,Riyadh,Imported Biscuit Tin,DED-BIS-02,Snacks,1,15.0,15.0,8.5,card
2026-05-11,TX-B2_poor_baqala-d00-000328,Riyadh - Souq,Riyadh,Imported Biscuit Tin,DED-BIS-02,Snacks,1,15.0,15.0,8.5,card
2026-05-12,TX-B2_poor_baqala-d00-000329,Riyadh - Souq,Riyadh,Imported Biscuit Tin,DED-BIS-02,Snacks,1,15.0,15.0,8.5,mada
2026-05-12,TX-B2_poor_baqala-d00-000330,Riyadh - Souq,Riyadh,Imported Biscuit Tin,DED-BIS-02,Snacks,1,15.0,15.0,8.5,card
2026-05-13,TX-B2_poor_baqala-d00-000331,Riyadh - Souq,Riyadh,Imported Biscuit Tin,DED-BIS-02,Snacks,1,15.0,15.0,8.5,mada
2026-05-13,TX-B2_poor_baqala-d00-000332,Riyadh - Souq,Riyadh,Imported Biscuit Tin,DED-BIS-02,Snacks,1,15.0,15.0,8.5,mada
2026-05-15,TX-B2_poor_baqala-d00-000333,Riyadh - Souq,Riyadh,Imported Biscuit Tin,DED-BIS-02,Snacks,1,15.0,15.0,8.5,cash
2026-05-16,TX-B2_poor_baqala-d00-000334,Riyadh - Souq,Riyadh,Imported Biscuit Tin,DED-BIS-02,Snacks,1,15.0,15.0,8.5,card
2026-05-17,TX-B2_poor_baqala-d00-000335,Riyadh - Souq,Riyadh,Imported Biscuit Tin,DED-BIS-02,Snacks,1,15.0,15.0,8.5,card
2026-05-18,TX-B2_poor_baqala-d00-000336,Riyadh - Souq,Riyadh,Imported Biscuit Tin,DED-BIS-02,Snacks,1,15.0,15.0,8.5,card
2026-05-18,TX-B2_poor_baqala-d00-000337,Riyadh - Souq,Riyadh,Imported Biscuit Tin,DED-BIS-02,Snacks,1,15.0,15.0,8.5,cash
2026-05-19,TX-B2_poor_baqala-d00-000338,Riyadh - Souq,Riyadh,Imported Biscuit Tin,DED-BIS-02,Snacks,1,15.0,15.0,8.5,card
2026-05-19,TX-B2_poor_baqala-d00-000339,Riyadh - Souq,Riyadh,Imported Biscuit Tin,DED-BIS-02,Snacks,1,15.0,15.0,8.5,cash
2026-05-20,TX-B2_poor_baqala-d00-000340,Riyadh - Souq,Riyadh,Imported Biscuit Tin,DED-BIS-02,Snacks,1,15.0,15.0,8.5,card
2026-05-20,TX-B2_poor_baqala-d00-000341,Riyadh - Souq,Riyadh,Imported Biscuit Tin,DED-BIS-02,Snacks,1,15.0,15.0,8.5,card
2026-05-21,TX-B2_poor_baqala-d00-000342,Riyadh - Souq,Riyadh,Imported Biscuit Tin,DED-BIS-02,Snacks,1,15.0,15.0,8.5,cash
2026-05-22,TX-B2_poor_baqala-d00-000343,Riyadh - Souq,Riyadh,Imported Biscuit Tin,DED-BIS-02,Snacks,1,15.0,15.0,8.5,mada
2026-01-05,TX-B2_poor_baqala-d00-000344,Riyadh - Souq,Riyadh,Exotic Juice 1L,DED-JUC-03,Beverages,1,8.0,8.0,4.2,mada
2026-01-05,TX-B2_poor_baqala-d00-000345,Riyadh - Souq,Riyadh,Exotic Juice 1L,DED-JUC-03,Beverages,1,8.0,8.0,4.2,mada
2026-01-06,TX-B2_poor_baqala-d00-000346,Riyadh - Souq,Riyadh,Exotic Juice 1L,DED-JUC-03,Beverages,1,8.0,8.0,4.2,cash
2026-01-06,TX-B2_poor_baqala-d00-000347,Riyadh - Souq,Riyadh,Exotic Juice 1L,DED-JUC-03,Beverages,1,8.0,8.0,4.2,card
2026-01-06,TX-B2_poor_baqala-d00-000348,Riyadh - Souq,Riyadh,Exotic Juice 1L,DED-JUC-03,Beverages,1,8.0,8.0,4.2,mada
2026-01-07,TX-B2_poor_baqala-d00-000349,Riyadh - Souq,Riyadh,Exotic Juice 1L,DED-JUC-03,Beverages,1,8.0,8.0,4.2,cash
2026-01-07,TX-B2_poor_baqala-d00-000350,Riyadh - Souq,Riyadh,Exotic Juice 1L,DED-JUC-03,Beverages,1,8.0,8.0,4.2,card
2026-01-08,TX-B2_poor_baqala-d00-000351,Riyadh - Souq,Riyadh,Exotic Juice 1L,DED-JUC-03,Beverages,1,8.0,8.0,4.2,mada
2026-01-09,TX-B2_poor_baqala-d00-000352,Riyadh - Souq,Riyadh,Exotic Juice 1L,DED-JUC-03,Beverages,1,8.0,8.0,4.2,mada
2026-01-09,TX-B2_poor_baqala-d00-000353,Riyadh - Souq,Riyadh,Exotic Juice 1L,DED-JUC-03,Beverages,1,8.0,8.0,4.2,card
2026-01-10,TX-B2_poor_baqala-d00-000354,Riyadh - Souq,Riyadh,Exotic Juice 1L,DED-JUC-03,Beverages,1,8.0,8.0,4.2,cash
2026-01-10,TX-B2_poor_baqala-d00-000355,Riyadh - Souq,Riyadh,Exotic Juice 1L,DED-JUC-03,Beverages,1,8.0,8.0,4.2,card
2026-01-11,TX-B2_poor_baqala-d00-000356,Riyadh - Souq,Riyadh,Exotic Juice 1L,DED-JUC-03,Beverages,1,8.0,8.0,4.2,cash
2026-01-12,TX-B2_poor_baqala-d00-000357,Riyadh - Souq,Riyadh,Exotic Juice 1L,DED-JUC-03,Beverages,1,8.0,8.0,4.2,cash
2026-01-12,TX-B2_poor_baqala-d00-000358,Riyadh - Souq,Riyadh,Exotic Juice 1L,DED-JUC-03,Beverages,1,8.0,8.0,4.2,card
2026-01-13,TX-B2_poor_baqala-d00-000359,Riyadh - Souq,Riyadh,Exotic Juice 1L,DED-JUC-03,Beverages,1,8.0,8.0,4.2,mada
2026-01-13,TX-B2_poor_baqala-d00-000360,Riyadh - Souq,Riyadh,Exotic Juice 1L,DED-JUC-03,Beverages,1,8.0,8.0,4.2,card
2026-01-14,TX-B2_poor_baqala-d00-000361,Riyadh - Souq,Riyadh,Exotic Juice 1L,DED-JUC-03,Beverages,1,8.0,8.0,4.2,mada
2026-01-14,TX-B2_poor_baqala-d00-000362,Riyadh - Souq,Riyadh,Exotic Juice 1L,DED-JUC-03,Beverages,1,8.0,8.0,4.2,cash
2026-01-15,TX-B2_poor_baqala-d00-000363,Riyadh - Souq,Riyadh,Exotic Juice 1L,DED-JUC-03,Beverages,1,8.0,8.0,4.2,cash
2026-01-15,TX-B2_poor_baqala-d00-000364,Riyadh - Souq,Riyadh,Exotic Juice 1L,DED-JUC-03,Beverages,1,8.0,8.0,4.2,mada
2026-01-16,TX-B2_poor_baqala-d00-000365,Riyadh - Souq,Riyadh,Exotic Juice 1L,DED-JUC-03,Beverages,1,8.0,8.0,4.2,card
2026-01-16,TX-B2_poor_baqala-d00-000366,Riyadh - Souq,Riyadh,Exotic Juice 1L,DED-JUC-03,Beverages,1,8.0,8.0,4.2,card
2026-01-17,TX-B2_poor_baqala-d00-000367,Riyadh - Souq,Riyadh,Exotic Juice 1L,DED-JUC-03,Beverages,1,8.0,8.0,4.2,card
2026-01-17,TX-B2_poor_baqala-d00-000368,Riyadh - Souq,Riyadh,Exotic Juice 1L,DED-JUC-03,Beverages,1,8.0,8.0,4.2,mada
2026-01-18,TX-B2_poor_baqala-d00-000369,Riyadh - Souq,Riyadh,Exotic Juice 1L,DED-JUC-03,Beverages,1,8.0,8.0,4.2,card
2026-01-18,TX-B2_poor_baqala-d00-000370,Riyadh - Souq,Riyadh,Exotic Juice 1L,DED-JUC-03,Beverages,1,8.0,8.0,4.2,card
2026-01-19,TX-B2_poor_baqala-d00-000371,Riyadh - Souq,Riyadh,Exotic Juice 1L,DED-JUC-03,Beverages,1,8.0,8.0,4.2,cash
2026-01-19,TX-B2_poor_baqala-d00-000372,Riyadh - Souq,Riyadh,Exotic Juice 1L,DED-JUC-03,Beverages,1,8.0,8.0,4.2,card
2026-01-20,TX-B2_poor_baqala-d00-000373,Riyadh - Souq,Riyadh,Exotic Juice 1L,DED-JUC-03,Beverages,1,8.0,8.0,4.2,card
2026-01-20,TX-B2_poor_baqala-d00-000374,Riyadh - Souq,Riyadh,Exotic Juice 1L,DED-JUC-03,Beverages,1,8.0,8.0,4.2,cash
2026-01-20,TX-B2_poor_baqala-d00-000375,Riyadh - Souq,Riyadh,Exotic Juice 1L,DED-JUC-03,Beverages,1,8.0,8.0,4.2,mada
2026-01-21,TX-B2_poor_baqala-d00-000376,Riyadh - Souq,Riyadh,Exotic Juice 1L,DED-JUC-03,Beverages,1,8.0,8.0,4.2,card
2026-01-21,TX-B2_poor_baqala-d00-000377,Riyadh - Souq,Riyadh,Exotic Juice 1L,DED-JUC-03,Beverages,1,8.0,8.0,4.2,card
2026-01-22,TX-B2_poor_baqala-d00-000378,Riyadh - Souq,Riyadh,Exotic Juice 1L,DED-JUC-03,Beverages,1,8.0,8.0,4.2,card
2026-01-22,TX-B2_poor_baqala-d00-000379,Riyadh - Souq,Riyadh,Exotic Juice 1L,DED-JUC-03,Beverages,1,8.0,8.0,4.2,cash
2026-01-22,TX-B2_poor_baqala-d00-000380,Riyadh - Souq,Riyadh,Exotic Juice 1L,DED-JUC-03,Beverages,1,8.0,8.0,4.2,mada
2026-01-23,TX-B2_poor_baqala-d00-000381,Riyadh - Souq,Riyadh,Exotic Juice 1L,DED-JUC-03,Beverages,1,8.0,8.0,4.2,cash
2026-01-23,TX-B2_poor_baqala-d00-000382,Riyadh - Souq,Riyadh,Exotic Juice 1L,DED-JUC-03,Beverages,1,8.0,8.0,4.2,cash
2026-01-24,TX-B2_poor_baqala-d00-000383,Riyadh - Souq,Riyadh,Exotic Juice 1L,DED-JUC-03,Beverages,1,8.0,8.0,4.2,cash
2026-01-24,TX-B2_poor_baqala-d00-000384,Riyadh - Souq,Riyadh,Exotic Juice 1L,DED-JUC-03,Beverages,1,8.0,8.0,4.2,mada
2026-01-25,TX-B2_poor_baqala-d00-000385,Riyadh - Souq,Riyadh,Exotic Juice 1L,DED-JUC-03,Beverages,1,8.0,8.0,4.2,mada
2026-01-25,TX-B2_poor_baqala-d00-000386,Riyadh - Souq,Riyadh,Exotic Juice 1L,DED-JUC-03,Beverages,1,8.0,8.0,4.2,mada
2026-01-26,TX-B2_poor_baqala-d00-000387,Riyadh - Souq,Riyadh,Exotic Juice 1L,DED-JUC-03,Beverages,1,8.0,8.0,4.2,card
2026-01-26,TX-B2_poor_baqala-d00-000388,Riyadh - Souq,Riyadh,Exotic Juice 1L,DED-JUC-03,Beverages,1,8.0,8.0,4.2,card
2026-01-27,TX-B2_poor_baqala-d00-000389,Riyadh - Souq,Riyadh,Exotic Juice 1L,DED-JUC-03,Beverages,1,8.0,8.0,4.2,card
2026-01-27,TX-B2_poor_baqala-d00-000390,Riyadh - Souq,Riyadh,Exotic Juice 1L,DED-JUC-03,Beverages,1,8.0,8.0,4.2,mada
2026-01-28,TX-B2_poor_baqala-d00-000391,Riyadh - Souq,Riyadh,Exotic Juice 1L,DED-JUC-03,Beverages,1,8.0,8.0,4.2,card
2026-01-28,TX-B2_poor_baqala-d00-000392,Riyadh - Souq,Riyadh,Exotic Juice 1L,DED-JUC-03,Beverages,1,8.0,8.0,4.2,card
2026-01-29,TX-B2_poor_baqala-d00-000393,Riyadh - Souq,Riyadh,Exotic Juice 1L,DED-JUC-03,Beverages,1,8.0,8.0,4.2,card
2026-01-29,TX-B2_poor_baqala-d00-000394,Riyadh - Souq,Riyadh,Exotic Juice 1L,DED-JUC-03,Beverages,1,8.0,8.0,4.2,mada
2026-01-29,TX-B2_poor_baqala-d00-000395,Riyadh - Souq,Riyadh,Exotic Juice 1L,DED-JUC-03,Beverages,1,8.0,8.0,4.2,card
2026-01-30,TX-B2_poor_baqala-d00-000396,Riyadh - Souq,Riyadh,Exotic Juice 1L,DED-JUC-03,Beverages,1,8.0,8.0,4.2,cash
2026-01-30,TX-B2_poor_baqala-d00-000397,Riyadh - Souq,Riyadh,Exotic Juice 1L,DED-JUC-03,Beverages,1,8.0,8.0,4.2,cash
2026-01-30,TX-B2_poor_baqala-d00-000398,Riyadh - Souq,Riyadh,Exotic Juice 1L,DED-JUC-03,Beverages,1,8.0,8.0,4.2,mada
2026-01-31,TX-B2_poor_baqala-d00-000399,Riyadh - Souq,Riyadh,Exotic Juice 1L,DED-JUC-03,Beverages,1,8.0,8.0,4.2,card
2026-01-31,TX-B2_poor_baqala-d00-000400,Riyadh - Souq,Riyadh,Exotic Juice 1L,DED-JUC-03,Beverages,1,8.0,8.0,4.2,card
2026-02-01,TX-B2_poor_baqala-d00-000401,Riyadh - Souq,Riyadh,Exotic Juice 1L,DED-JUC-03,Beverages,1,8.0,8.0,4.2,mada
2026-02-01,TX-B2_poor_baqala-d00-000402,Riyadh - Souq,Riyadh,Exotic Juice 1L,DED-JUC-03,Beverages,1,8.0,8.0,4.2,card
2026-02-01,TX-B2_poor_baqala-d00-000403,Riyadh - Souq,Riyadh,Exotic Juice 1L,DED-JUC-03,Beverages,1,8.0,8.0,4.2,cash
2026-02-02,TX-B2_poor_baqala-d00-000404,Riyadh - Souq,Riyadh,Exotic Juice 1L,DED-JUC-03,Beverages,1,8.0,8.0,4.2,card
2026-02-02,TX-B2_poor_baqala-d00-000405,Riyadh - Souq,Riyadh,Exotic Juice 1L,DED-JUC-03,Beverages,1,8.0,8.0,4.2,card
2026-02-02,TX-B2_poor_baqala-d00-000406,Riyadh - Souq,Riyadh,Exotic Juice 1L,DED-JUC-03,Beverages,1,8.0,8.0,4.2,card
2026-02-03,TX-B2_poor_baqala-d00-000407,Riyadh - Souq,Riyadh,Exotic Juice 1L,DED-JUC-03,Beverages,1,8.0,8.0,4.2,card
2026-02-04,TX-B2_poor_baqala-d00-000408,Riyadh - Souq,Riyadh,Exotic Juice 1L,DED-JUC-03,Beverages,1,8.0,8.0,4.2,mada
2026-02-04,TX-B2_poor_baqala-d00-000409,Riyadh - Souq,Riyadh,Exotic Juice 1L,DED-JUC-03,Beverages,1,8.0,8.0,4.2,mada
2026-02-05,TX-B2_poor_baqala-d00-000410,Riyadh - Souq,Riyadh,Exotic Juice 1L,DED-JUC-03,Beverages,1,8.0,8.0,4.2,mada
2026-02-05,TX-B2_poor_baqala-d00-000411,Riyadh - Souq,Riyadh,Exotic Juice 1L,DED-JUC-03,Beverages,1,8.0,8.0,4.2,mada
2026-02-06,TX-B2_poor_baqala-d00-000412,Riyadh - Souq,Riyadh,Exotic Juice 1L,DED-JUC-03,Beverages,1,8.0,8.0,4.2,cash
2026-02-06,TX-B2_poor_baqala-d00-000413,Riyadh - Souq,Riyadh,Exotic Juice 1L,DED-JUC-03,Beverages,1,8.0,8.0,4.2,card
2026-02-07,TX-B2_poor_baqala-d00-000414,Riyadh - Souq,Riyadh,Exotic Juice 1L,DED-JUC-03,Beverages,1,8.0,8.0,4.2,mada
2026-02-07,TX-B2_poor_baqala-d00-000415,Riyadh - Souq,Riyadh,Exotic Juice 1L,DED-JUC-03,Beverages,1,8.0,8.0,4.2,card
2026-02-08,TX-B2_poor_baqala-d00-000416,Riyadh - Souq,Riyadh,Exotic Juice 1L,DED-JUC-03,Beverages,1,8.0,8.0,4.2,mada
2026-02-08,TX-B2_poor_baqala-d00-000417,Riyadh - Souq,Riyadh,Exotic Juice 1L,DED-JUC-03,Beverages,1,8.0,8.0,4.2,card
2026-02-08,TX-B2_poor_baqala-d00-000418,Riyadh - Souq,Riyadh,Exotic Juice 1L,DED-JUC-03,Beverages,1,8.0,8.0,4.2,mada
2026-02-09,TX-B2_poor_baqala-d00-000419,Riyadh - Souq,Riyadh,Exotic Juice 1L,DED-JUC-03,Beverages,1,8.0,8.0,4.2,mada
2026-02-09,TX-B2_poor_baqala-d00-000420,Riyadh - Souq,Riyadh,Exotic Juice 1L,DED-JUC-03,Beverages,1,8.0,8.0,4.2,card
2026-02-09,TX-B2_poor_baqala-d00-000421,Riyadh - Souq,Riyadh,Exotic Juice 1L,DED-JUC-03,Beverages,1,8.0,8.0,4.2,cash
2026-02-10,TX-B2_poor_baqala-d00-000422,Riyadh - Souq,Riyadh,Exotic Juice 1L,DED-JUC-03,Beverages,1,8.0,8.0,4.2,card
2026-02-10,TX-B2_poor_baqala-d00-000423,Riyadh - Souq,Riyadh,Exotic Juice 1L,DED-JUC-03,Beverages,1,8.0,8.0,4.2,mada
2026-02-11,TX-B2_poor_baqala-d00-000424,Riyadh - Souq,Riyadh,Exotic Juice 1L,DED-JUC-03,Beverages,1,8.0,8.0,4.2,cash
2026-02-11,TX-B2_poor_baqala-d00-000425,Riyadh - Souq,Riyadh,Exotic Juice 1L,DED-JUC-03,Beverages,1,8.0,8.0,4.2,mada
2026-02-11,TX-B2_poor_baqala-d00-000426,Riyadh - Souq,Riyadh,Exotic Juice 1L,DED-JUC-03,Beverages,1,8.0,8.0,4.2,cash
2026-02-12,TX-B2_poor_baqala-d00-000427,Riyadh - Souq,Riyadh,Exotic Juice 1L,DED-JUC-03,Beverages,1,8.0,8.0,4.2,cash
2026-02-12,TX-B2_poor_baqala-d00-000428,Riyadh - Souq,Riyadh,Exotic Juice 1L,DED-JUC-03,Beverages,1,8.0,8.0,4.2,card
2026-02-13,TX-B2_poor_baqala-d00-000429,Riyadh - Souq,Riyadh,Exotic Juice 1L,DED-JUC-03,Beverages,1,8.0,8.0,4.2,mada
2026-02-13,TX-B2_poor_baqala-d00-000430,Riyadh - Souq,Riyadh,Exotic Juice 1L,DED-JUC-03,Beverages,1,8.0,8.0,4.2,card
2026-02-14,TX-B2_poor_baqala-d00-000431,Riyadh - Souq,Riyadh,Exotic Juice 1L,DED-JUC-03,Beverages,1,8.0,8.0,4.2,cash
2026-02-14,TX-B2_poor_baqala-d00-000432,Riyadh - Souq,Riyadh,Exotic Juice 1L,DED-JUC-03,Beverages,1,8.0,8.0,4.2,mada
2026-02-15,TX-B2_poor_baqala-d00-000433,Riyadh - Souq,Riyadh,Exotic Juice 1L,DED-JUC-03,Beverages,1,8.0,8.0,4.2,mada
2026-02-15,TX-B2_poor_baqala-d00-000434,Riyadh - Souq,Riyadh,Exotic Juice 1L,DED-JUC-03,Beverages,1,8.0,8.0,4.2,card
2026-02-16,TX-B2_poor_baqala-d00-000435,Riyadh - Souq,Riyadh,Exotic Juice 1L,DED-JUC-03,Beverages,1,8.0,8.0,4.2,card
2026-02-16,TX-B2_poor_baqala-d00-000436,Riyadh - Souq,Riyadh,Exotic Juice 1L,DED-JUC-03,Beverages,1,8.0,8.0,4.2,cash
2026-02-17,TX-B2_poor_baqala-d00-000437,Riyadh - Souq,Riyadh,Exotic Juice 1L,DED-JUC-03,Beverages,1,8.0,8.0,4.2,cash
2026-02-17,TX-B2_poor_baqala-d00-000438,Riyadh - Souq,Riyadh,Exotic Juice 1L,DED-JUC-03,Beverages,1,8.0,8.0,4.2,mada
2026-02-18,TX-B2_poor_baqala-d00-000439,Riyadh - Souq,Riyadh,Exotic Juice 1L,DED-JUC-03,Beverages,1,8.0,8.0,4.2,cash
2026-02-18,TX-B2_poor_baqala-d00-000440,Riyadh - Souq,Riyadh,Exotic Juice 1L,DED-JUC-03,Beverages,1,8.0,8.0,4.2,cash
2026-02-19,TX-B2_poor_baqala-d00-000441,Riyadh - Souq,Riyadh,Exotic Juice 1L,DED-JUC-03,Beverages,1,8.0,8.0,4.2,cash
2026-02-19,TX-B2_poor_baqala-d00-000442,Riyadh - Souq,Riyadh,Exotic Juice 1L,DED-JUC-03,Beverages,1,8.0,8.0,4.2,cash
2026-02-20,TX-B2_poor_baqala-d00-000443,Riyadh - Souq,Riyadh,Exotic Juice 1L,DED-JUC-03,Beverages,1,8.0,8.0,4.2,card
2026-02-20,TX-B2_poor_baqala-d00-000444,Riyadh - Souq,Riyadh,Exotic Juice 1L,DED-JUC-03,Beverages,1,8.0,8.0,4.2,cash
2026-02-21,TX-B2_poor_baqala-d00-000445,Riyadh - Souq,Riyadh,Exotic Juice 1L,DED-JUC-03,Beverages,1,8.0,8.0,4.2,cash
2026-02-21,TX-B2_poor_baqala-d00-000446,Riyadh - Souq,Riyadh,Exotic Juice 1L,DED-JUC-03,Beverages,1,8.0,8.0,4.2,mada
2026-02-21,TX-B2_poor_baqala-d00-000447,Riyadh - Souq,Riyadh,Exotic Juice 1L,DED-JUC-03,Beverages,1,8.0,8.0,4.2,cash
2026-02-22,TX-B2_poor_baqala-d00-000448,Riyadh - Souq,Riyadh,Exotic Juice 1L,DED-JUC-03,Beverages,1,8.0,8.0,4.2,mada
2026-02-23,TX-B2_poor_baqala-d00-000449,Riyadh - Souq,Riyadh,Exotic Juice 1L,DED-JUC-03,Beverages,1,8.0,8.0,4.2,cash
2026-02-23,TX-B2_poor_baqala-d00-000450,Riyadh - Souq,Riyadh,Exotic Juice 1L,DED-JUC-03,Beverages,1,8.0,8.0,4.2,card
2026-02-24,TX-B2_poor_baqala-d00-000451,Riyadh - Souq,Riyadh,Exotic Juice 1L,DED-JUC-03,Beverages,1,8.0,8.0,4.2,mada
2026-02-25,TX-B2_poor_baqala-d00-000452,Riyadh - Souq,Riyadh,Exotic Juice 1L,DED-JUC-03,Beverages,1,8.0,8.0,4.2,card
2026-02-25,TX-B2_poor_baqala-d00-000453,Riyadh - Souq,Riyadh,Exotic Juice 1L,DED-JUC-03,Beverages,1,8.0,8.0,4.2,mada
2026-02-26,TX-B2_poor_baqala-d00-000454,Riyadh - Souq,Riyadh,Exotic Juice 1L,DED-JUC-03,Beverages,1,8.0,8.0,4.2,mada
2026-02-26,TX-B2_poor_baqala-d00-000455,Riyadh - Souq,Riyadh,Exotic Juice 1L,DED-JUC-03,Beverages,1,8.0,8.0,4.2,cash
2026-02-27,TX-B2_poor_baqala-d00-000456,Riyadh - Souq,Riyadh,Exotic Juice 1L,DED-JUC-03,Beverages,1,8.0,8.0,4.2,card
2026-02-27,TX-B2_poor_baqala-d00-000457,Riyadh - Souq,Riyadh,Exotic Juice 1L,DED-JUC-03,Beverages,1,8.0,8.0,4.2,card
2026-02-28,TX-B2_poor_baqala-d00-000458,Riyadh - Souq,Riyadh,Exotic Juice 1L,DED-JUC-03,Beverages,1,8.0,8.0,4.2,cash
2026-02-28,TX-B2_poor_baqala-d00-000459,Riyadh - Souq,Riyadh,Exotic Juice 1L,DED-JUC-03,Beverages,1,8.0,8.0,4.2,card
2026-03-01,TX-B2_poor_baqala-d00-000460,Riyadh - Souq,Riyadh,Exotic Juice 1L,DED-JUC-03,Beverages,1,8.0,8.0,4.2,cash
2026-03-02,TX-B2_poor_baqala-d00-000461,Riyadh - Souq,Riyadh,Exotic Juice 1L,DED-JUC-03,Beverages,1,8.0,8.0,4.2,cash
2026-03-03,TX-B2_poor_baqala-d00-000462,Riyadh - Souq,Riyadh,Exotic Juice 1L,DED-JUC-03,Beverages,1,8.0,8.0,4.2,cash
2026-03-03,TX-B2_poor_baqala-d00-000463,Riyadh - Souq,Riyadh,Exotic Juice 1L,DED-JUC-03,Beverages,1,8.0,8.0,4.2,cash
2026-03-04,TX-B2_poor_baqala-d00-000464,Riyadh - Souq,Riyadh,Exotic Juice 1L,DED-JUC-03,Beverages,1,8.0,8.0,4.2,cash
2026-03-04,TX-B2_poor_baqala-d00-000465,Riyadh - Souq,Riyadh,Exotic Juice 1L,DED-JUC-03,Beverages,1,8.0,8.0,4.2,mada
2026-03-05,TX-B2_poor_baqala-d00-000466,Riyadh - Souq,Riyadh,Exotic Juice 1L,DED-JUC-03,Beverages,1,8.0,8.0,4.2,mada
2026-03-05,TX-B2_poor_baqala-d00-000467,Riyadh - Souq,Riyadh,Exotic Juice 1L,DED-JUC-03,Beverages,1,8.0,8.0,4.2,mada
2026-03-05,TX-B2_poor_baqala-d00-000468,Riyadh - Souq,Riyadh,Exotic Juice 1L,DED-JUC-03,Beverages,1,8.0,8.0,4.2,card
2026-03-06,TX-B2_poor_baqala-d00-000469,Riyadh - Souq,Riyadh,Exotic Juice 1L,DED-JUC-03,Beverages,1,8.0,8.0,4.2,cash
2026-03-06,TX-B2_poor_baqala-d00-000470,Riyadh - Souq,Riyadh,Exotic Juice 1L,DED-JUC-03,Beverages,1,8.0,8.0,4.2,mada
2026-03-07,TX-B2_poor_baqala-d00-000471,Riyadh - Souq,Riyadh,Exotic Juice 1L,DED-JUC-03,Beverages,1,8.0,8.0,4.2,cash
2026-03-07,TX-B2_poor_baqala-d00-000472,Riyadh - Souq,Riyadh,Exotic Juice 1L,DED-JUC-03,Beverages,1,8.0,8.0,4.2,card
2026-03-08,TX-B2_poor_baqala-d00-000473,Riyadh - Souq,Riyadh,Exotic Juice 1L,DED-JUC-03,Beverages,1,8.0,8.0,4.2,card
2026-03-08,TX-B2_poor_baqala-d00-000474,Riyadh - Souq,Riyadh,Exotic Juice 1L,DED-JUC-03,Beverages,1,8.0,8.0,4.2,card
2026-03-09,TX-B2_poor_baqala-d00-000475,Riyadh - Souq,Riyadh,Exotic Juice 1L,DED-JUC-03,Beverages,1,8.0,8.0,4.2,card
2026-03-09,TX-B2_poor_baqala-d00-000476,Riyadh - Souq,Riyadh,Exotic Juice 1L,DED-JUC-03,Beverages,1,8.0,8.0,4.2,card
2026-03-10,TX-B2_poor_baqala-d00-000477,Riyadh - Souq,Riyadh,Exotic Juice 1L,DED-JUC-03,Beverages,1,8.0,8.0,4.2,mada
2026-03-10,TX-B2_poor_baqala-d00-000478,Riyadh - Souq,Riyadh,Exotic Juice 1L,DED-JUC-03,Beverages,1,8.0,8.0,4.2,card
2026-03-11,TX-B2_poor_baqala-d00-000479,Riyadh - Souq,Riyadh,Exotic Juice 1L,DED-JUC-03,Beverages,1,8.0,8.0,4.2,card
2026-03-11,TX-B2_poor_baqala-d00-000480,Riyadh - Souq,Riyadh,Exotic Juice 1L,DED-JUC-03,Beverages,1,8.0,8.0,4.2,cash
2026-03-12,TX-B2_poor_baqala-d00-000481,Riyadh - Souq,Riyadh,Exotic Juice 1L,DED-JUC-03,Beverages,1,8.0,8.0,4.2,mada
2026-03-12,TX-B2_poor_baqala-d00-000482,Riyadh - Souq,Riyadh,Exotic Juice 1L,DED-JUC-03,Beverages,1,8.0,8.0,4.2,mada
2026-03-13,TX-B2_poor_baqala-d00-000483,Riyadh - Souq,Riyadh,Exotic Juice 1L,DED-JUC-03,Beverages,1,8.0,8.0,4.2,card
2026-03-13,TX-B2_poor_baqala-d00-000484,Riyadh - Souq,Riyadh,Exotic Juice 1L,DED-JUC-03,Beverages,1,8.0,8.0,4.2,mada
2026-03-14,TX-B2_poor_baqala-d00-000485,Riyadh - Souq,Riyadh,Exotic Juice 1L,DED-JUC-03,Beverages,1,8.0,8.0,4.2,card
2026-03-14,TX-B2_poor_baqala-d00-000486,Riyadh - Souq,Riyadh,Exotic Juice 1L,DED-JUC-03,Beverages,1,8.0,8.0,4.2,card
2026-03-15,TX-B2_poor_baqala-d00-000487,Riyadh - Souq,Riyadh,Exotic Juice 1L,DED-JUC-03,Beverages,1,8.0,8.0,4.2,mada
2026-03-15,TX-B2_poor_baqala-d00-000488,Riyadh - Souq,Riyadh,Exotic Juice 1L,DED-JUC-03,Beverages,1,8.0,8.0,4.2,cash
2026-03-16,TX-B2_poor_baqala-d00-000489,Riyadh - Souq,Riyadh,Exotic Juice 1L,DED-JUC-03,Beverages,1,8.0,8.0,4.2,cash
2026-03-16,TX-B2_poor_baqala-d00-000490,Riyadh - Souq,Riyadh,Exotic Juice 1L,DED-JUC-03,Beverages,1,8.0,8.0,4.2,mada
2026-03-17,TX-B2_poor_baqala-d00-000491,Riyadh - Souq,Riyadh,Exotic Juice 1L,DED-JUC-03,Beverages,1,8.0,8.0,4.2,mada
2026-03-17,TX-B2_poor_baqala-d00-000492,Riyadh - Souq,Riyadh,Exotic Juice 1L,DED-JUC-03,Beverages,1,8.0,8.0,4.2,mada
2026-03-18,TX-B2_poor_baqala-d00-000493,Riyadh - Souq,Riyadh,Exotic Juice 1L,DED-JUC-03,Beverages,1,8.0,8.0,4.2,card
2026-03-18,TX-B2_poor_baqala-d00-000494,Riyadh - Souq,Riyadh,Exotic Juice 1L,DED-JUC-03,Beverages,1,8.0,8.0,4.2,mada
2026-03-18,TX-B2_poor_baqala-d00-000495,Riyadh - Souq,Riyadh,Exotic Juice 1L,DED-JUC-03,Beverages,1,8.0,8.0,4.2,cash
2026-03-19,TX-B2_poor_baqala-d00-000496,Riyadh - Souq,Riyadh,Exotic Juice 1L,DED-JUC-03,Beverages,1,8.0,8.0,4.2,mada
2026-03-19,TX-B2_poor_baqala-d00-000497,Riyadh - Souq,Riyadh,Exotic Juice 1L,DED-JUC-03,Beverages,1,8.0,8.0,4.2,mada
2026-03-20,TX-B2_poor_baqala-d00-000498,Riyadh - Souq,Riyadh,Exotic Juice 1L,DED-JUC-03,Beverages,1,8.0,8.0,4.2,card
2026-03-20,TX-B2_poor_baqala-d00-000499,Riyadh - Souq,Riyadh,Exotic Juice 1L,DED-JUC-03,Beverages,1,8.0,8.0,4.2,cash
2026-03-21,TX-B2_poor_baqala-d00-000500,Riyadh - Souq,Riyadh,Exotic Juice 1L,DED-JUC-03,Beverages,1,8.0,8.0,4.2,mada
2026-03-21,TX-B2_poor_baqala-d00-000501,Riyadh - Souq,Riyadh,Exotic Juice 1L,DED-JUC-03,Beverages,1,8.0,8.0,4.2,mada
2026-03-22,TX-B2_poor_baqala-d00-000502,Riyadh - Souq,Riyadh,Exotic Juice 1L,DED-JUC-03,Beverages,1,8.0,8.0,4.2,mada
2026-03-22,TX-B2_poor_baqala-d00-000503,Riyadh - Souq,Riyadh,Exotic Juice 1L,DED-JUC-03,Beverages,1,8.0,8.0,4.2,card
2026-03-23,TX-B2_poor_baqala-d00-000504,Riyadh - Souq,Riyadh,Exotic Juice 1L,DED-JUC-03,Beverages,1,8.0,8.0,4.2,mada
2026-03-23,TX-B2_poor_baqala-d00-000505,Riyadh - Souq,Riyadh,Exotic Juice 1L,DED-JUC-03,Beverages,1,8.0,8.0,4.2,cash
2026-03-24,TX-B2_poor_baqala-d00-000506,Riyadh - Souq,Riyadh,Exotic Juice 1L,DED-JUC-03,Beverages,1,8.0,8.0,4.2,cash
2026-03-24,TX-B2_poor_baqala-d00-000507,Riyadh - Souq,Riyadh,Exotic Juice 1L,DED-JUC-03,Beverages,1,8.0,8.0,4.2,cash
2026-03-24,TX-B2_poor_baqala-d00-000508,Riyadh - Souq,Riyadh,Exotic Juice 1L,DED-JUC-03,Beverages,1,8.0,8.0,4.2,cash
2026-03-25,TX-B2_poor_baqala-d00-000509,Riyadh - Souq,Riyadh,Exotic Juice 1L,DED-JUC-03,Beverages,1,8.0,8.0,4.2,card
2026-03-25,TX-B2_poor_baqala-d00-000510,Riyadh - Souq,Riyadh,Exotic Juice 1L,DED-JUC-03,Beverages,1,8.0,8.0,4.2,cash
2026-03-26,TX-B2_poor_baqala-d00-000511,Riyadh - Souq,Riyadh,Exotic Juice 1L,DED-JUC-03,Beverages,1,8.0,8.0,4.2,mada
2026-03-27,TX-B2_poor_baqala-d00-000512,Riyadh - Souq,Riyadh,Exotic Juice 1L,DED-JUC-03,Beverages,1,8.0,8.0,4.2,mada
2026-03-27,TX-B2_poor_baqala-d00-000513,Riyadh - Souq,Riyadh,Exotic Juice 1L,DED-JUC-03,Beverages,1,8.0,8.0,4.2,card
2026-03-27,TX-B2_poor_baqala-d00-000514,Riyadh - Souq,Riyadh,Exotic Juice 1L,DED-JUC-03,Beverages,1,8.0,8.0,4.2,mada
2026-03-28,TX-B2_poor_baqala-d00-000515,Riyadh - Souq,Riyadh,Exotic Juice 1L,DED-JUC-03,Beverages,1,8.0,8.0,4.2,cash
2026-03-28,TX-B2_poor_baqala-d00-000516,Riyadh - Souq,Riyadh,Exotic Juice 1L,DED-JUC-03,Beverages,1,8.0,8.0,4.2,cash
2026-03-29,TX-B2_poor_baqala-d00-000517,Riyadh - Souq,Riyadh,Exotic Juice 1L,DED-JUC-03,Beverages,1,8.0,8.0,4.2,mada
2026-03-29,TX-B2_poor_baqala-d00-000518,Riyadh - Souq,Riyadh,Exotic Juice 1L,DED-JUC-03,Beverages,1,8.0,8.0,4.2,cash
2026-03-30,TX-B2_poor_baqala-d00-000519,Riyadh - Souq,Riyadh,Exotic Juice 1L,DED-JUC-03,Beverages,1,8.0,8.0,4.2,cash
2026-03-30,TX-B2_poor_baqala-d00-000520,Riyadh - Souq,Riyadh,Exotic Juice 1L,DED-JUC-03,Beverages,1,8.0,8.0,4.2,mada
2026-03-31,TX-B2_poor_baqala-d00-000521,Riyadh - Souq,Riyadh,Exotic Juice 1L,DED-JUC-03,Beverages,1,8.0,8.0,4.2,cash
2026-03-31,TX-B2_poor_baqala-d00-000522,Riyadh - Souq,Riyadh,Exotic Juice 1L,DED-JUC-03,Beverages,1,8.0,8.0,4.2,card
2026-04-01,TX-B2_poor_baqala-d00-000523,Riyadh - Souq,Riyadh,Exotic Juice 1L,DED-JUC-03,Beverages,1,8.0,8.0,4.2,mada
2026-04-01,TX-B2_poor_baqala-d00-000524,Riyadh - Souq,Riyadh,Exotic Juice 1L,DED-JUC-03,Beverages,1,8.0,8.0,4.2,cash
2026-04-02,TX-B2_poor_baqala-d00-000525,Riyadh - Souq,Riyadh,Exotic Juice 1L,DED-JUC-03,Beverages,1,8.0,8.0,4.2,card
2026-04-02,TX-B2_poor_baqala-d00-000526,Riyadh - Souq,Riyadh,Exotic Juice 1L,DED-JUC-03,Beverages,1,8.0,8.0,4.2,mada
2026-04-03,TX-B2_poor_baqala-d00-000527,Riyadh - Souq,Riyadh,Exotic Juice 1L,DED-JUC-03,Beverages,1,8.0,8.0,4.2,mada
2026-04-03,TX-B2_poor_baqala-d00-000528,Riyadh - Souq,Riyadh,Exotic Juice 1L,DED-JUC-03,Beverages,1,8.0,8.0,4.2,mada
2026-04-04,TX-B2_poor_baqala-d00-000529,Riyadh - Souq,Riyadh,Exotic Juice 1L,DED-JUC-03,Beverages,1,8.0,8.0,4.2,cash
2026-04-05,TX-B2_poor_baqala-d00-000530,Riyadh - Souq,Riyadh,Exotic Juice 1L,DED-JUC-03,Beverages,1,8.0,8.0,4.2,cash
2026-04-05,TX-B2_poor_baqala-d00-000531,Riyadh - Souq,Riyadh,Exotic Juice 1L,DED-JUC-03,Beverages,1,8.0,8.0,4.2,cash
2026-04-05,TX-B2_poor_baqala-d00-000532,Riyadh - Souq,Riyadh,Exotic Juice 1L,DED-JUC-03,Beverages,1,8.0,8.0,4.2,mada
2026-04-06,TX-B2_poor_baqala-d00-000533,Riyadh - Souq,Riyadh,Exotic Juice 1L,DED-JUC-03,Beverages,1,8.0,8.0,4.2,card
2026-04-07,TX-B2_poor_baqala-d00-000534,Riyadh - Souq,Riyadh,Exotic Juice 1L,DED-JUC-03,Beverages,1,8.0,8.0,4.2,card
2026-04-07,TX-B2_poor_baqala-d00-000535,Riyadh - Souq,Riyadh,Exotic Juice 1L,DED-JUC-03,Beverages,1,8.0,8.0,4.2,card
2026-04-08,TX-B2_poor_baqala-d00-000536,Riyadh - Souq,Riyadh,Exotic Juice 1L,DED-JUC-03,Beverages,1,8.0,8.0,4.2,mada
2026-04-08,TX-B2_poor_baqala-d00-000537,Riyadh - Souq,Riyadh,Exotic Juice 1L,DED-JUC-03,Beverages,1,8.0,8.0,4.2,mada
2026-04-09,TX-B2_poor_baqala-d00-000538,Riyadh - Souq,Riyadh,Exotic Juice 1L,DED-JUC-03,Beverages,1,8.0,8.0,4.2,cash
2026-04-09,TX-B2_poor_baqala-d00-000539,Riyadh - Souq,Riyadh,Exotic Juice 1L,DED-JUC-03,Beverages,1,8.0,8.0,4.2,card
2026-04-10,TX-B2_poor_baqala-d00-000540,Riyadh - Souq,Riyadh,Exotic Juice 1L,DED-JUC-03,Beverages,1,8.0,8.0,4.2,cash
2026-04-10,TX-B2_poor_baqala-d00-000541,Riyadh - Souq,Riyadh,Exotic Juice 1L,DED-JUC-03,Beverages,1,8.0,8.0,4.2,card
2026-04-11,TX-B2_poor_baqala-d00-000542,Riyadh - Souq,Riyadh,Exotic Juice 1L,DED-JUC-03,Beverages,1,8.0,8.0,4.2,mada
2026-04-12,TX-B2_poor_baqala-d00-000543,Riyadh - Souq,Riyadh,Exotic Juice 1L,DED-JUC-03,Beverages,1,8.0,8.0,4.2,cash
2026-04-12,TX-B2_poor_baqala-d00-000544,Riyadh - Souq,Riyadh,Exotic Juice 1L,DED-JUC-03,Beverages,1,8.0,8.0,4.2,cash
2026-04-13,TX-B2_poor_baqala-d00-000545,Riyadh - Souq,Riyadh,Exotic Juice 1L,DED-JUC-03,Beverages,1,8.0,8.0,4.2,mada
2026-04-13,TX-B2_poor_baqala-d00-000546,Riyadh - Souq,Riyadh,Exotic Juice 1L,DED-JUC-03,Beverages,1,8.0,8.0,4.2,cash
2026-04-13,TX-B2_poor_baqala-d00-000547,Riyadh - Souq,Riyadh,Exotic Juice 1L,DED-JUC-03,Beverages,1,8.0,8.0,4.2,card
2026-04-14,TX-B2_poor_baqala-d00-000548,Riyadh - Souq,Riyadh,Exotic Juice 1L,DED-JUC-03,Beverages,1,8.0,8.0,4.2,mada
2026-04-14,TX-B2_poor_baqala-d00-000549,Riyadh - Souq,Riyadh,Exotic Juice 1L,DED-JUC-03,Beverages,1,8.0,8.0,4.2,cash
2026-04-15,TX-B2_poor_baqala-d00-000550,Riyadh - Souq,Riyadh,Exotic Juice 1L,DED-JUC-03,Beverages,1,8.0,8.0,4.2,mada
2026-04-15,TX-B2_poor_baqala-d00-000551,Riyadh - Souq,Riyadh,Exotic Juice 1L,DED-JUC-03,Beverages,1,8.0,8.0,4.2,card
2026-04-15,TX-B2_poor_baqala-d00-000552,Riyadh - Souq,Riyadh,Exotic Juice 1L,DED-JUC-03,Beverages,1,8.0,8.0,4.2,mada
2026-04-16,TX-B2_poor_baqala-d00-000553,Riyadh - Souq,Riyadh,Exotic Juice 1L,DED-JUC-03,Beverages,1,8.0,8.0,4.2,card
2026-04-16,TX-B2_poor_baqala-d00-000554,Riyadh - Souq,Riyadh,Exotic Juice 1L,DED-JUC-03,Beverages,1,8.0,8.0,4.2,cash
2026-04-17,TX-B2_poor_baqala-d00-000555,Riyadh - Souq,Riyadh,Exotic Juice 1L,DED-JUC-03,Beverages,1,8.0,8.0,4.2,mada
2026-04-17,TX-B2_poor_baqala-d00-000556,Riyadh - Souq,Riyadh,Exotic Juice 1L,DED-JUC-03,Beverages,1,8.0,8.0,4.2,card
2026-04-17,TX-B2_poor_baqala-d00-000557,Riyadh - Souq,Riyadh,Exotic Juice 1L,DED-JUC-03,Beverages,1,8.0,8.0,4.2,card
2026-04-18,TX-B2_poor_baqala-d00-000558,Riyadh - Souq,Riyadh,Exotic Juice 1L,DED-JUC-03,Beverages,1,8.0,8.0,4.2,card
2026-04-18,TX-B2_poor_baqala-d00-000559,Riyadh - Souq,Riyadh,Exotic Juice 1L,DED-JUC-03,Beverages,1,8.0,8.0,4.2,cash
2026-04-18,TX-B2_poor_baqala-d00-000560,Riyadh - Souq,Riyadh,Exotic Juice 1L,DED-JUC-03,Beverages,1,8.0,8.0,4.2,mada
2026-04-19,TX-B2_poor_baqala-d00-000561,Riyadh - Souq,Riyadh,Exotic Juice 1L,DED-JUC-03,Beverages,1,8.0,8.0,4.2,card
2026-04-19,TX-B2_poor_baqala-d00-000562,Riyadh - Souq,Riyadh,Exotic Juice 1L,DED-JUC-03,Beverages,1,8.0,8.0,4.2,cash
2026-04-20,TX-B2_poor_baqala-d00-000563,Riyadh - Souq,Riyadh,Exotic Juice 1L,DED-JUC-03,Beverages,1,8.0,8.0,4.2,card
2026-04-21,TX-B2_poor_baqala-d00-000564,Riyadh - Souq,Riyadh,Exotic Juice 1L,DED-JUC-03,Beverages,1,8.0,8.0,4.2,cash
2026-04-21,TX-B2_poor_baqala-d00-000565,Riyadh - Souq,Riyadh,Exotic Juice 1L,DED-JUC-03,Beverages,1,8.0,8.0,4.2,mada
2026-04-22,TX-B2_poor_baqala-d00-000566,Riyadh - Souq,Riyadh,Exotic Juice 1L,DED-JUC-03,Beverages,1,8.0,8.0,4.2,card
2026-04-23,TX-B2_poor_baqala-d00-000567,Riyadh - Souq,Riyadh,Exotic Juice 1L,DED-JUC-03,Beverages,1,8.0,8.0,4.2,card
2026-04-23,TX-B2_poor_baqala-d00-000568,Riyadh - Souq,Riyadh,Exotic Juice 1L,DED-JUC-03,Beverages,1,8.0,8.0,4.2,cash
2026-04-24,TX-B2_poor_baqala-d00-000569,Riyadh - Souq,Riyadh,Exotic Juice 1L,DED-JUC-03,Beverages,1,8.0,8.0,4.2,cash
2026-04-24,TX-B2_poor_baqala-d00-000570,Riyadh - Souq,Riyadh,Exotic Juice 1L,DED-JUC-03,Beverages,1,8.0,8.0,4.2,card
2026-04-25,TX-B2_poor_baqala-d00-000571,Riyadh - Souq,Riyadh,Exotic Juice 1L,DED-JUC-03,Beverages,1,8.0,8.0,4.2,mada
2026-04-26,TX-B2_poor_baqala-d00-000572,Riyadh - Souq,Riyadh,Exotic Juice 1L,DED-JUC-03,Beverages,1,8.0,8.0,4.2,mada
2026-04-26,TX-B2_poor_baqala-d00-000573,Riyadh - Souq,Riyadh,Exotic Juice 1L,DED-JUC-03,Beverages,1,8.0,8.0,4.2,mada
2026-04-27,TX-B2_poor_baqala-d00-000574,Riyadh - Souq,Riyadh,Exotic Juice 1L,DED-JUC-03,Beverages,1,8.0,8.0,4.2,mada
2026-04-27,TX-B2_poor_baqala-d00-000575,Riyadh - Souq,Riyadh,Exotic Juice 1L,DED-JUC-03,Beverages,1,8.0,8.0,4.2,card
2026-01-05,TX-B2_poor_baqala-d00-000576,Riyadh - Souq,Riyadh,Canned Soup Variety,SLW-CAN-04,Canned Goods,1,6.5,6.5,3.8,card
2026-01-06,TX-B2_poor_baqala-d00-000577,Riyadh - Souq,Riyadh,Canned Soup Variety,SLW-CAN-04,Canned Goods,1,6.5,6.5,3.8,mada
2026-01-07,TX-B2_poor_baqala-d00-000578,Riyadh - Souq,Riyadh,Canned Soup Variety,SLW-CAN-04,Canned Goods,1,6.5,6.5,3.8,cash
2026-01-08,TX-B2_poor_baqala-d00-000579,Riyadh - Souq,Riyadh,Canned Soup Variety,SLW-CAN-04,Canned Goods,1,6.5,6.5,3.8,card
2026-01-09,TX-B2_poor_baqala-d00-000580,Riyadh - Souq,Riyadh,Canned Soup Variety,SLW-CAN-04,Canned Goods,1,6.5,6.5,3.8,cash
2026-01-10,TX-B2_poor_baqala-d00-000581,Riyadh - Souq,Riyadh,Canned Soup Variety,SLW-CAN-04,Canned Goods,1,6.5,6.5,3.8,card
2026-01-11,TX-B2_poor_baqala-d00-000582,Riyadh - Souq,Riyadh,Canned Soup Variety,SLW-CAN-04,Canned Goods,1,6.5,6.5,3.8,cash
2026-01-12,TX-B2_poor_baqala-d00-000583,Riyadh - Souq,Riyadh,Canned Soup Variety,SLW-CAN-04,Canned Goods,1,6.5,6.5,3.8,cash
2026-01-13,TX-B2_poor_baqala-d00-000584,Riyadh - Souq,Riyadh,Canned Soup Variety,SLW-CAN-04,Canned Goods,1,6.5,6.5,3.8,card
2026-01-14,TX-B2_poor_baqala-d00-000585,Riyadh - Souq,Riyadh,Canned Soup Variety,SLW-CAN-04,Canned Goods,1,6.5,6.5,3.8,cash
2026-01-15,TX-B2_poor_baqala-d00-000586,Riyadh - Souq,Riyadh,Canned Soup Variety,SLW-CAN-04,Canned Goods,1,6.5,6.5,3.8,card
2026-01-16,TX-B2_poor_baqala-d00-000587,Riyadh - Souq,Riyadh,Canned Soup Variety,SLW-CAN-04,Canned Goods,1,6.5,6.5,3.8,card
2026-01-17,TX-B2_poor_baqala-d00-000588,Riyadh - Souq,Riyadh,Canned Soup Variety,SLW-CAN-04,Canned Goods,1,6.5,6.5,3.8,card
2026-01-18,TX-B2_poor_baqala-d00-000589,Riyadh - Souq,Riyadh,Canned Soup Variety,SLW-CAN-04,Canned Goods,1,6.5,6.5,3.8,cash
2026-01-19,TX-B2_poor_baqala-d00-000590,Riyadh - Souq,Riyadh,Canned Soup Variety,SLW-CAN-04,Canned Goods,1,6.5,6.5,3.8,card
2026-01-20,TX-B2_poor_baqala-d00-000591,Riyadh - Souq,Riyadh,Canned Soup Variety,SLW-CAN-04,Canned Goods,1,6.5,6.5,3.8,card
2026-01-21,TX-B2_poor_baqala-d00-000592,Riyadh - Souq,Riyadh,Canned Soup Variety,SLW-CAN-04,Canned Goods,1,6.5,6.5,3.8,cash
2026-01-22,TX-B2_poor_baqala-d00-000593,Riyadh - Souq,Riyadh,Canned Soup Variety,SLW-CAN-04,Canned Goods,1,6.5,6.5,3.8,cash
2026-01-23,TX-B2_poor_baqala-d00-000594,Riyadh - Souq,Riyadh,Canned Soup Variety,SLW-CAN-04,Canned Goods,1,6.5,6.5,3.8,card
2026-01-24,TX-B2_poor_baqala-d00-000595,Riyadh - Souq,Riyadh,Canned Soup Variety,SLW-CAN-04,Canned Goods,1,6.5,6.5,3.8,mada
2026-01-25,TX-B2_poor_baqala-d00-000596,Riyadh - Souq,Riyadh,Canned Soup Variety,SLW-CAN-04,Canned Goods,1,6.5,6.5,3.8,cash
2026-01-27,TX-B2_poor_baqala-d00-000597,Riyadh - Souq,Riyadh,Canned Soup Variety,SLW-CAN-04,Canned Goods,1,6.5,6.5,3.8,cash
2026-01-28,TX-B2_poor_baqala-d00-000598,Riyadh - Souq,Riyadh,Canned Soup Variety,SLW-CAN-04,Canned Goods,1,6.5,6.5,3.8,cash
2026-01-29,TX-B2_poor_baqala-d00-000599,Riyadh - Souq,Riyadh,Canned Soup Variety,SLW-CAN-04,Canned Goods,1,6.5,6.5,3.8,card
2026-01-30,TX-B2_poor_baqala-d00-000600,Riyadh - Souq,Riyadh,Canned Soup Variety,SLW-CAN-04,Canned Goods,1,6.5,6.5,3.8,card
2026-01-31,TX-B2_poor_baqala-d00-000601,Riyadh - Souq,Riyadh,Canned Soup Variety,SLW-CAN-04,Canned Goods,1,6.5,6.5,3.8,cash
2026-02-01,TX-B2_poor_baqala-d00-000602,Riyadh - Souq,Riyadh,Canned Soup Variety,SLW-CAN-04,Canned Goods,1,6.5,6.5,3.8,mada
2026-02-02,TX-B2_poor_baqala-d00-000603,Riyadh - Souq,Riyadh,Canned Soup Variety,SLW-CAN-04,Canned Goods,1,6.5,6.5,3.8,mada
2026-02-03,TX-B2_poor_baqala-d00-000604,Riyadh - Souq,Riyadh,Canned Soup Variety,SLW-CAN-04,Canned Goods,1,6.5,6.5,3.8,card
2026-02-04,TX-B2_poor_baqala-d00-000605,Riyadh - Souq,Riyadh,Canned Soup Variety,SLW-CAN-04,Canned Goods,1,6.5,6.5,3.8,cash
2026-02-05,TX-B2_poor_baqala-d00-000606,Riyadh - Souq,Riyadh,Canned Soup Variety,SLW-CAN-04,Canned Goods,1,6.5,6.5,3.8,mada
2026-02-06,TX-B2_poor_baqala-d00-000607,Riyadh - Souq,Riyadh,Canned Soup Variety,SLW-CAN-04,Canned Goods,1,6.5,6.5,3.8,card
2026-02-07,TX-B2_poor_baqala-d00-000608,Riyadh - Souq,Riyadh,Canned Soup Variety,SLW-CAN-04,Canned Goods,1,6.5,6.5,3.8,card
2026-02-08,TX-B2_poor_baqala-d00-000609,Riyadh - Souq,Riyadh,Canned Soup Variety,SLW-CAN-04,Canned Goods,1,6.5,6.5,3.8,mada
2026-02-09,TX-B2_poor_baqala-d00-000610,Riyadh - Souq,Riyadh,Canned Soup Variety,SLW-CAN-04,Canned Goods,1,6.5,6.5,3.8,cash
2026-02-09,TX-B2_poor_baqala-d00-000611,Riyadh - Souq,Riyadh,Canned Soup Variety,SLW-CAN-04,Canned Goods,1,6.5,6.5,3.8,mada
2026-02-10,TX-B2_poor_baqala-d00-000612,Riyadh - Souq,Riyadh,Canned Soup Variety,SLW-CAN-04,Canned Goods,1,6.5,6.5,3.8,card
2026-02-11,TX-B2_poor_baqala-d00-000613,Riyadh - Souq,Riyadh,Canned Soup Variety,SLW-CAN-04,Canned Goods,1,6.5,6.5,3.8,mada
2026-02-12,TX-B2_poor_baqala-d00-000614,Riyadh - Souq,Riyadh,Canned Soup Variety,SLW-CAN-04,Canned Goods,1,6.5,6.5,3.8,card
2026-02-13,TX-B2_poor_baqala-d00-000615,Riyadh - Souq,Riyadh,Canned Soup Variety,SLW-CAN-04,Canned Goods,1,6.5,6.5,3.8,card
2026-02-14,TX-B2_poor_baqala-d00-000616,Riyadh - Souq,Riyadh,Canned Soup Variety,SLW-CAN-04,Canned Goods,1,6.5,6.5,3.8,mada
2026-02-15,TX-B2_poor_baqala-d00-000617,Riyadh - Souq,Riyadh,Canned Soup Variety,SLW-CAN-04,Canned Goods,1,6.5,6.5,3.8,card
2026-02-16,TX-B2_poor_baqala-d00-000618,Riyadh - Souq,Riyadh,Canned Soup Variety,SLW-CAN-04,Canned Goods,1,6.5,6.5,3.8,card
2026-02-17,TX-B2_poor_baqala-d00-000619,Riyadh - Souq,Riyadh,Canned Soup Variety,SLW-CAN-04,Canned Goods,1,6.5,6.5,3.8,mada
2026-02-18,TX-B2_poor_baqala-d00-000620,Riyadh - Souq,Riyadh,Canned Soup Variety,SLW-CAN-04,Canned Goods,1,6.5,6.5,3.8,cash
2026-02-19,TX-B2_poor_baqala-d00-000621,Riyadh - Souq,Riyadh,Canned Soup Variety,SLW-CAN-04,Canned Goods,1,6.5,6.5,3.8,card
2026-02-20,TX-B2_poor_baqala-d00-000622,Riyadh - Souq,Riyadh,Canned Soup Variety,SLW-CAN-04,Canned Goods,1,6.5,6.5,3.8,cash
2026-02-21,TX-B2_poor_baqala-d00-000623,Riyadh - Souq,Riyadh,Canned Soup Variety,SLW-CAN-04,Canned Goods,1,6.5,6.5,3.8,cash
2026-02-22,TX-B2_poor_baqala-d00-000624,Riyadh - Souq,Riyadh,Canned Soup Variety,SLW-CAN-04,Canned Goods,1,6.5,6.5,3.8,mada
2026-02-23,TX-B2_poor_baqala-d00-000625,Riyadh - Souq,Riyadh,Canned Soup Variety,SLW-CAN-04,Canned Goods,1,6.5,6.5,3.8,cash
2026-02-24,TX-B2_poor_baqala-d00-000626,Riyadh - Souq,Riyadh,Canned Soup Variety,SLW-CAN-04,Canned Goods,1,6.5,6.5,3.8,cash
2026-02-25,TX-B2_poor_baqala-d00-000627,Riyadh - Souq,Riyadh,Canned Soup Variety,SLW-CAN-04,Canned Goods,1,6.5,6.5,3.8,mada
2026-02-26,TX-B2_poor_baqala-d00-000628,Riyadh - Souq,Riyadh,Canned Soup Variety,SLW-CAN-04,Canned Goods,1,6.5,6.5,3.8,cash
2026-02-27,TX-B2_poor_baqala-d00-000629,Riyadh - Souq,Riyadh,Canned Soup Variety,SLW-CAN-04,Canned Goods,1,6.5,6.5,3.8,mada
2026-02-27,TX-B2_poor_baqala-d00-000630,Riyadh - Souq,Riyadh,Canned Soup Variety,SLW-CAN-04,Canned Goods,1,6.5,6.5,3.8,card
2026-02-28,TX-B2_poor_baqala-d00-000631,Riyadh - Souq,Riyadh,Canned Soup Variety,SLW-CAN-04,Canned Goods,1,6.5,6.5,3.8,card
2026-03-01,TX-B2_poor_baqala-d00-000632,Riyadh - Souq,Riyadh,Canned Soup Variety,SLW-CAN-04,Canned Goods,1,6.5,6.5,3.8,cash
2026-03-02,TX-B2_poor_baqala-d00-000633,Riyadh - Souq,Riyadh,Canned Soup Variety,SLW-CAN-04,Canned Goods,1,6.5,6.5,3.8,card
2026-03-03,TX-B2_poor_baqala-d00-000634,Riyadh - Souq,Riyadh,Canned Soup Variety,SLW-CAN-04,Canned Goods,1,6.5,6.5,3.8,cash
2026-03-04,TX-B2_poor_baqala-d00-000635,Riyadh - Souq,Riyadh,Canned Soup Variety,SLW-CAN-04,Canned Goods,1,6.5,6.5,3.8,cash
2026-03-05,TX-B2_poor_baqala-d00-000636,Riyadh - Souq,Riyadh,Canned Soup Variety,SLW-CAN-04,Canned Goods,1,6.5,6.5,3.8,mada
2026-03-06,TX-B2_poor_baqala-d00-000637,Riyadh - Souq,Riyadh,Canned Soup Variety,SLW-CAN-04,Canned Goods,1,6.5,6.5,3.8,card
2026-03-07,TX-B2_poor_baqala-d00-000638,Riyadh - Souq,Riyadh,Canned Soup Variety,SLW-CAN-04,Canned Goods,1,6.5,6.5,3.8,cash
2026-03-08,TX-B2_poor_baqala-d00-000639,Riyadh - Souq,Riyadh,Canned Soup Variety,SLW-CAN-04,Canned Goods,1,6.5,6.5,3.8,cash
2026-03-09,TX-B2_poor_baqala-d00-000640,Riyadh - Souq,Riyadh,Canned Soup Variety,SLW-CAN-04,Canned Goods,1,6.5,6.5,3.8,cash
2026-03-10,TX-B2_poor_baqala-d00-000641,Riyadh - Souq,Riyadh,Canned Soup Variety,SLW-CAN-04,Canned Goods,1,6.5,6.5,3.8,cash
2026-03-11,TX-B2_poor_baqala-d00-000642,Riyadh - Souq,Riyadh,Canned Soup Variety,SLW-CAN-04,Canned Goods,1,6.5,6.5,3.8,cash
2026-03-12,TX-B2_poor_baqala-d00-000643,Riyadh - Souq,Riyadh,Canned Soup Variety,SLW-CAN-04,Canned Goods,1,6.5,6.5,3.8,cash
2026-03-13,TX-B2_poor_baqala-d00-000644,Riyadh - Souq,Riyadh,Canned Soup Variety,SLW-CAN-04,Canned Goods,1,6.5,6.5,3.8,mada
2026-03-14,TX-B2_poor_baqala-d00-000645,Riyadh - Souq,Riyadh,Canned Soup Variety,SLW-CAN-04,Canned Goods,1,6.5,6.5,3.8,card
2026-03-15,TX-B2_poor_baqala-d00-000646,Riyadh - Souq,Riyadh,Canned Soup Variety,SLW-CAN-04,Canned Goods,1,6.5,6.5,3.8,mada
2026-03-16,TX-B2_poor_baqala-d00-000647,Riyadh - Souq,Riyadh,Canned Soup Variety,SLW-CAN-04,Canned Goods,1,6.5,6.5,3.8,mada
2026-03-17,TX-B2_poor_baqala-d00-000648,Riyadh - Souq,Riyadh,Canned Soup Variety,SLW-CAN-04,Canned Goods,1,6.5,6.5,3.8,mada
2026-03-18,TX-B2_poor_baqala-d00-000649,Riyadh - Souq,Riyadh,Canned Soup Variety,SLW-CAN-04,Canned Goods,1,6.5,6.5,3.8,mada
2026-03-19,TX-B2_poor_baqala-d00-000650,Riyadh - Souq,Riyadh,Canned Soup Variety,SLW-CAN-04,Canned Goods,1,6.5,6.5,3.8,cash
2026-03-20,TX-B2_poor_baqala-d00-000651,Riyadh - Souq,Riyadh,Canned Soup Variety,SLW-CAN-04,Canned Goods,1,6.5,6.5,3.8,card
2026-03-21,TX-B2_poor_baqala-d00-000652,Riyadh - Souq,Riyadh,Canned Soup Variety,SLW-CAN-04,Canned Goods,1,6.5,6.5,3.8,card
2026-03-22,TX-B2_poor_baqala-d00-000653,Riyadh - Souq,Riyadh,Canned Soup Variety,SLW-CAN-04,Canned Goods,1,6.5,6.5,3.8,card
2026-03-23,TX-B2_poor_baqala-d00-000654,Riyadh - Souq,Riyadh,Canned Soup Variety,SLW-CAN-04,Canned Goods,1,6.5,6.5,3.8,cash
2026-03-24,TX-B2_poor_baqala-d00-000655,Riyadh - Souq,Riyadh,Canned Soup Variety,SLW-CAN-04,Canned Goods,1,6.5,6.5,3.8,cash
2026-03-25,TX-B2_poor_baqala-d00-000656,Riyadh - Souq,Riyadh,Canned Soup Variety,SLW-CAN-04,Canned Goods,1,6.5,6.5,3.8,cash
2026-03-26,TX-B2_poor_baqala-d00-000657,Riyadh - Souq,Riyadh,Canned Soup Variety,SLW-CAN-04,Canned Goods,1,6.5,6.5,3.8,cash
2026-03-27,TX-B2_poor_baqala-d00-000658,Riyadh - Souq,Riyadh,Canned Soup Variety,SLW-CAN-04,Canned Goods,1,6.5,6.5,3.8,mada
2026-03-28,TX-B2_poor_baqala-d00-000659,Riyadh - Souq,Riyadh,Canned Soup Variety,SLW-CAN-04,Canned Goods,1,6.5,6.5,3.8,cash
2026-03-29,TX-B2_poor_baqala-d00-000660,Riyadh - Souq,Riyadh,Canned Soup Variety,SLW-CAN-04,Canned Goods,1,6.5,6.5,3.8,card
2026-03-30,TX-B2_poor_baqala-d00-000661,Riyadh - Souq,Riyadh,Canned Soup Variety,SLW-CAN-04,Canned Goods,1,6.5,6.5,3.8,cash
2026-03-31,TX-B2_poor_baqala-d00-000662,Riyadh - Souq,Riyadh,Canned Soup Variety,SLW-CAN-04,Canned Goods,1,6.5,6.5,3.8,mada
2026-04-01,TX-B2_poor_baqala-d00-000663,Riyadh - Souq,Riyadh,Canned Soup Variety,SLW-CAN-04,Canned Goods,1,6.5,6.5,3.8,mada
2026-04-02,TX-B2_poor_baqala-d00-000664,Riyadh - Souq,Riyadh,Canned Soup Variety,SLW-CAN-04,Canned Goods,1,6.5,6.5,3.8,cash
2026-04-03,TX-B2_poor_baqala-d00-000665,Riyadh - Souq,Riyadh,Canned Soup Variety,SLW-CAN-04,Canned Goods,1,6.5,6.5,3.8,card
2026-04-04,TX-B2_poor_baqala-d00-000666,Riyadh - Souq,Riyadh,Canned Soup Variety,SLW-CAN-04,Canned Goods,1,6.5,6.5,3.8,cash
2026-04-05,TX-B2_poor_baqala-d00-000667,Riyadh - Souq,Riyadh,Canned Soup Variety,SLW-CAN-04,Canned Goods,1,6.5,6.5,3.8,mada
2026-04-06,TX-B2_poor_baqala-d00-000668,Riyadh - Souq,Riyadh,Canned Soup Variety,SLW-CAN-04,Canned Goods,1,6.5,6.5,3.8,mada
2026-04-07,TX-B2_poor_baqala-d00-000669,Riyadh - Souq,Riyadh,Canned Soup Variety,SLW-CAN-04,Canned Goods,1,6.5,6.5,3.8,card
2026-04-08,TX-B2_poor_baqala-d00-000670,Riyadh - Souq,Riyadh,Canned Soup Variety,SLW-CAN-04,Canned Goods,1,6.5,6.5,3.8,cash
2026-04-09,TX-B2_poor_baqala-d00-000671,Riyadh - Souq,Riyadh,Canned Soup Variety,SLW-CAN-04,Canned Goods,1,6.5,6.5,3.8,card
2026-04-10,TX-B2_poor_baqala-d00-000672,Riyadh - Souq,Riyadh,Canned Soup Variety,SLW-CAN-04,Canned Goods,1,6.5,6.5,3.8,cash
2026-04-11,TX-B2_poor_baqala-d00-000673,Riyadh - Souq,Riyadh,Canned Soup Variety,SLW-CAN-04,Canned Goods,1,6.5,6.5,3.8,mada
2026-04-12,TX-B2_poor_baqala-d00-000674,Riyadh - Souq,Riyadh,Canned Soup Variety,SLW-CAN-04,Canned Goods,1,6.5,6.5,3.8,card
2026-04-13,TX-B2_poor_baqala-d00-000675,Riyadh - Souq,Riyadh,Canned Soup Variety,SLW-CAN-04,Canned Goods,1,6.5,6.5,3.8,cash
2026-04-14,TX-B2_poor_baqala-d00-000676,Riyadh - Souq,Riyadh,Canned Soup Variety,SLW-CAN-04,Canned Goods,1,6.5,6.5,3.8,card
2026-04-15,TX-B2_poor_baqala-d00-000677,Riyadh - Souq,Riyadh,Canned Soup Variety,SLW-CAN-04,Canned Goods,1,6.5,6.5,3.8,card
2026-04-16,TX-B2_poor_baqala-d00-000678,Riyadh - Souq,Riyadh,Canned Soup Variety,SLW-CAN-04,Canned Goods,1,6.5,6.5,3.8,card
2026-04-17,TX-B2_poor_baqala-d00-000679,Riyadh - Souq,Riyadh,Canned Soup Variety,SLW-CAN-04,Canned Goods,1,6.5,6.5,3.8,mada
2026-04-18,TX-B2_poor_baqala-d00-000680,Riyadh - Souq,Riyadh,Canned Soup Variety,SLW-CAN-04,Canned Goods,1,6.5,6.5,3.8,card
2026-04-19,TX-B2_poor_baqala-d00-000681,Riyadh - Souq,Riyadh,Canned Soup Variety,SLW-CAN-04,Canned Goods,1,6.5,6.5,3.8,mada
2026-04-20,TX-B2_poor_baqala-d00-000682,Riyadh - Souq,Riyadh,Canned Soup Variety,SLW-CAN-04,Canned Goods,1,6.5,6.5,3.8,card
2026-04-21,TX-B2_poor_baqala-d00-000683,Riyadh - Souq,Riyadh,Canned Soup Variety,SLW-CAN-04,Canned Goods,1,6.5,6.5,3.8,cash
2026-04-22,TX-B2_poor_baqala-d00-000684,Riyadh - Souq,Riyadh,Canned Soup Variety,SLW-CAN-04,Canned Goods,1,6.5,6.5,3.8,card
2026-04-23,TX-B2_poor_baqala-d00-000685,Riyadh - Souq,Riyadh,Canned Soup Variety,SLW-CAN-04,Canned Goods,1,6.5,6.5,3.8,cash
2026-04-24,TX-B2_poor_baqala-d00-000686,Riyadh - Souq,Riyadh,Canned Soup Variety,SLW-CAN-04,Canned Goods,1,6.5,6.5,3.8,card
2026-04-25,TX-B2_poor_baqala-d00-000687,Riyadh - Souq,Riyadh,Canned Soup Variety,SLW-CAN-04,Canned Goods,1,6.5,6.5,3.8,cash
2026-04-26,TX-B2_poor_baqala-d00-000688,Riyadh - Souq,Riyadh,Canned Soup Variety,SLW-CAN-04,Canned Goods,1,6.5,6.5,3.8,cash
2026-04-27,TX-B2_poor_baqala-d00-000689,Riyadh - Souq,Riyadh,Canned Soup Variety,SLW-CAN-04,Canned Goods,1,6.5,6.5,3.8,cash
2026-04-28,TX-B2_poor_baqala-d00-000690,Riyadh - Souq,Riyadh,Canned Soup Variety,SLW-CAN-04,Canned Goods,1,6.5,6.5,3.8,cash
2026-04-29,TX-B2_poor_baqala-d00-000691,Riyadh - Souq,Riyadh,Canned Soup Variety,SLW-CAN-04,Canned Goods,1,6.5,6.5,3.8,mada
2026-04-30,TX-B2_poor_baqala-d00-000692,Riyadh - Souq,Riyadh,Canned Soup Variety,SLW-CAN-04,Canned Goods,1,6.5,6.5,3.8,cash
2026-05-02,TX-B2_poor_baqala-d00-000693,Riyadh - Souq,Riyadh,Canned Soup Variety,SLW-CAN-04,Canned Goods,1,6.5,6.5,3.8,card
2026-05-03,TX-B2_poor_baqala-d00-000694,Riyadh - Souq,Riyadh,Canned Soup Variety,SLW-CAN-04,Canned Goods,1,6.5,6.5,3.8,card
2026-05-04,TX-B2_poor_baqala-d00-000695,Riyadh - Souq,Riyadh,Canned Soup Variety,SLW-CAN-04,Canned Goods,1,6.5,6.5,3.8,cash
2026-05-05,TX-B2_poor_baqala-d00-000696,Riyadh - Souq,Riyadh,Canned Soup Variety,SLW-CAN-04,Canned Goods,1,6.5,6.5,3.8,card
2026-05-06,TX-B2_poor_baqala-d00-000697,Riyadh - Souq,Riyadh,Canned Soup Variety,SLW-CAN-04,Canned Goods,1,6.5,6.5,3.8,mada
2026-05-07,TX-B2_poor_baqala-d00-000698,Riyadh - Souq,Riyadh,Canned Soup Variety,SLW-CAN-04,Canned Goods,1,6.5,6.5,3.8,card
2026-05-08,TX-B2_poor_baqala-d00-000699,Riyadh - Souq,Riyadh,Canned Soup Variety,SLW-CAN-04,Canned Goods,1,6.5,6.5,3.8,cash
2026-05-09,TX-B2_poor_baqala-d00-000700,Riyadh - Souq,Riyadh,Canned Soup Variety,SLW-CAN-04,Canned Goods,1,6.5,6.5,3.8,card
2026-05-11,TX-B2_poor_baqala-d00-000701,Riyadh - Souq,Riyadh,Canned Soup Variety,SLW-CAN-04,Canned Goods,1,6.5,6.5,3.8,mada
2026-05-12,TX-B2_poor_baqala-d00-000702,Riyadh - Souq,Riyadh,Canned Soup Variety,SLW-CAN-04,Canned Goods,1,6.5,6.5,3.8,card
2026-05-13,TX-B2_poor_baqala-d00-000703,Riyadh - Souq,Riyadh,Canned Soup Variety,SLW-CAN-04,Canned Goods,1,6.5,6.5,3.8,mada
2026-05-14,TX-B2_poor_baqala-d00-000704,Riyadh - Souq,Riyadh,Canned Soup Variety,SLW-CAN-04,Canned Goods,1,6.5,6.5,3.8,card
2026-05-15,TX-B2_poor_baqala-d00-000705,Riyadh - Souq,Riyadh,Canned Soup Variety,SLW-CAN-04,Canned Goods,1,6.5,6.5,3.8,card
2026-05-16,TX-B2_poor_baqala-d00-000706,Riyadh - Souq,Riyadh,Canned Soup Variety,SLW-CAN-04,Canned Goods,1,6.5,6.5,3.8,card
2026-05-17,TX-B2_poor_baqala-d00-000707,Riyadh - Souq,Riyadh,Canned Soup Variety,SLW-CAN-04,Canned Goods,1,6.5,6.5,3.8,mada
2026-05-18,TX-B2_poor_baqala-d00-000708,Riyadh - Souq,Riyadh,Canned Soup Variety,SLW-CAN-04,Canned Goods,1,6.5,6.5,3.8,cash
2026-05-19,TX-B2_poor_baqala-d00-000709,Riyadh - Souq,Riyadh,Canned Soup Variety,SLW-CAN-04,Canned Goods,1,6.5,6.5,3.8,cash
2026-05-20,TX-B2_poor_baqala-d00-000710,Riyadh - Souq,Riyadh,Canned Soup Variety,SLW-CAN-04,Canned Goods,1,6.5,6.5,3.8,card
2026-05-21,TX-B2_poor_baqala-d00-000711,Riyadh - Souq,Riyadh,Canned Soup Variety,SLW-CAN-04,Canned Goods,1,6.5,6.5,3.8,card
2026-05-22,TX-B2_poor_baqala-d00-000712,Riyadh - Souq,Riyadh,Canned Soup Variety,SLW-CAN-04,Canned Goods,1,6.5,6.5,3.8,mada
2026-05-23,TX-B2_poor_baqala-d00-000713,Riyadh - Souq,Riyadh,Canned Soup Variety,SLW-CAN-04,Canned Goods,1,6.5,6.5,3.8,mada
2026-05-24,TX-B2_poor_baqala-d00-000714,Riyadh - Souq,Riyadh,Canned Soup Variety,SLW-CAN-04,Canned Goods,1,6.5,6.5,3.8,mada
2026-05-25,TX-B2_poor_baqala-d00-000715,Riyadh - Souq,Riyadh,Canned Soup Variety,SLW-CAN-04,Canned Goods,1,6.5,6.5,3.8,card
2026-05-26,TX-B2_poor_baqala-d00-000716,Riyadh - Souq,Riyadh,Canned Soup Variety,SLW-CAN-04,Canned Goods,1,6.5,6.5,3.8,cash
2026-05-27,TX-B2_poor_baqala-d00-000717,Riyadh - Souq,Riyadh,Canned Soup Variety,SLW-CAN-04,Canned Goods,1,6.5,6.5,3.8,cash
2026-05-28,TX-B2_poor_baqala-d00-000718,Riyadh - Souq,Riyadh,Canned Soup Variety,SLW-CAN-04,Canned Goods,1,6.5,6.5,3.8,cash
2026-05-29,TX-B2_poor_baqala-d00-000719,Riyadh - Souq,Riyadh,Canned Soup Variety,SLW-CAN-04,Canned Goods,1,6.5,6.5,3.8,cash
2026-05-30,TX-B2_poor_baqala-d00-000720,Riyadh - Souq,Riyadh,Canned Soup Variety,SLW-CAN-04,Canned Goods,1,6.5,6.5,3.8,card
2026-05-31,TX-B2_poor_baqala-d00-000721,Riyadh - Souq,Riyadh,Canned Soup Variety,SLW-CAN-04,Canned Goods,1,6.5,6.5,3.8,mada
2026-06-01,TX-B2_poor_baqala-d00-000722,Riyadh - Souq,Riyadh,Canned Soup Variety,SLW-CAN-04,Canned Goods,1,6.5,6.5,3.8,card
2026-06-02,TX-B2_poor_baqala-d00-000723,Riyadh - Souq,Riyadh,Canned Soup Variety,SLW-CAN-04,Canned Goods,1,6.5,6.5,3.8,mada
2026-06-03,TX-B2_poor_baqala-d00-000724,Riyadh - Souq,Riyadh,Canned Soup Variety,SLW-CAN-04,Canned Goods,1,6.5,6.5,3.8,card
2026-06-04,TX-B2_poor_baqala-d00-000725,Riyadh - Souq,Riyadh,Canned Soup Variety,SLW-CAN-04,Canned Goods,1,6.5,6.5,3.8,mada
2026-06-05,TX-B2_poor_baqala-d00-000726,Riyadh - Souq,Riyadh,Canned Soup Variety,SLW-CAN-04,Canned Goods,1,6.5,6.5,3.8,card
2026-06-06,TX-B2_poor_baqala-d00-000727,Riyadh - Souq,Riyadh,Canned Soup Variety,SLW-CAN-04,Canned Goods,1,6.5,6.5,3.8,cash
2026-06-07,TX-B2_poor_baqala-d00-000728,Riyadh - Souq,Riyadh,Canned Soup Variety,SLW-CAN-04,Canned Goods,1,6.5,6.5,3.8,cash
2026-06-08,TX-B2_poor_baqala-d00-000729,Riyadh - Souq,Riyadh,Canned Soup Variety,SLW-CAN-04,Canned Goods,1,6.5,6.5,3.8,card
2026-06-09,TX-B2_poor_baqala-d00-000730,Riyadh - Souq,Riyadh,Canned Soup Variety,SLW-CAN-04,Canned Goods,1,6.5,6.5,3.8,cash
2026-06-10,TX-B2_poor_baqala-d00-000731,Riyadh - Souq,Riyadh,Canned Soup Variety,SLW-CAN-04,Canned Goods,1,6.5,6.5,3.8,cash
2026-06-11,TX-B2_poor_baqala-d00-000732,Riyadh - Souq,Riyadh,Canned Soup Variety,SLW-CAN-04,Canned Goods,1,6.5,6.5,3.8,card
2026-06-12,TX-B2_poor_baqala-d00-000733,Riyadh - Souq,Riyadh,Canned Soup Variety,SLW-CAN-04,Canned Goods,1,6.5,6.5,3.8,cash
2026-06-13,TX-B2_poor_baqala-d00-000734,Riyadh - Souq,Riyadh,Canned Soup Variety,SLW-CAN-04,Canned Goods,1,6.5,6.5,3.8,mada
2026-06-14,TX-B2_poor_baqala-d00-000735,Riyadh - Souq,Riyadh,Canned Soup Variety,SLW-CAN-04,Canned Goods,1,6.5,6.5,3.8,card
2026-06-15,TX-B2_poor_baqala-d00-000736,Riyadh - Souq,Riyadh,Canned Soup Variety,SLW-CAN-04,Canned Goods,1,6.5,6.5,3.8,cash
2026-06-16,TX-B2_poor_baqala-d00-000737,Riyadh - Souq,Riyadh,Canned Soup Variety,SLW-CAN-04,Canned Goods,1,6.5,6.5,3.8,cash
2026-06-17,TX-B2_poor_baqala-d00-000738,Riyadh - Souq,Riyadh,Canned Soup Variety,SLW-CAN-04,Canned Goods,1,6.5,6.5,3.8,cash
2026-06-18,TX-B2_poor_baqala-d00-000739,Riyadh - Souq,Riyadh,Canned Soup Variety,SLW-CAN-04,Canned Goods,1,6.5,6.5,3.8,card
2026-06-19,TX-B2_poor_baqala-d00-000740,Riyadh - Souq,Riyadh,Canned Soup Variety,SLW-CAN-04,Canned Goods,1,6.5,6.5,3.8,card
2026-06-20,TX-B2_poor_baqala-d00-000741,Riyadh - Souq,Riyadh,Canned Soup Variety,SLW-CAN-04,Canned Goods,1,6.5,6.5,3.8,mada
2026-06-21,TX-B2_poor_baqala-d00-000742,Riyadh - Souq,Riyadh,Canned Soup Variety,SLW-CAN-04,Canned Goods,1,6.5,6.5,3.8,mada
2026-06-22,TX-B2_poor_baqala-d00-000743,Riyadh - Souq,Riyadh,Canned Soup Variety,SLW-CAN-04,Canned Goods,1,6.5,6.5,3.8,cash
2026-06-23,TX-B2_poor_baqala-d00-000744,Riyadh - Souq,Riyadh,Canned Soup Variety,SLW-CAN-04,Canned Goods,1,6.5,6.5,3.8,cash
2026-06-24,TX-B2_poor_baqala-d00-000745,Riyadh - Souq,Riyadh,Canned Soup Variety,SLW-CAN-04,Canned Goods,1,6.5,6.5,3.8,mada
2026-06-25,TX-B2_poor_baqala-d00-000746,Riyadh - Souq,Riyadh,Canned Soup Variety,SLW-CAN-04,Canned Goods,1,6.5,6.5,3.8,mada
2026-06-26,TX-B2_poor_baqala-d00-000747,Riyadh - Souq,Riyadh,Canned Soup Variety,SLW-CAN-04,Canned Goods,1,6.5,6.5,3.8,cash
2026-06-27,TX-B2_poor_baqala-d00-000748,Riyadh - Souq,Riyadh,Canned Soup Variety,SLW-CAN-04,Canned Goods,1,6.5,6.5,3.8,mada
2026-06-28,TX-B2_poor_baqala-d00-000749,Riyadh - Souq,Riyadh,Canned Soup Variety,SLW-CAN-04,Canned Goods,1,6.5,6.5,3.8,mada
2026-06-29,TX-B2_poor_baqala-d00-000750,Riyadh - Souq,Riyadh,Canned Soup Variety,SLW-CAN-04,Canned Goods,1,6.5,6.5,3.8,mada
2026-06-30,TX-B2_poor_baqala-d00-000751,Riyadh - Souq,Riyadh,Canned Soup Variety,SLW-CAN-04,Canned Goods,1,6.5,6.5,3.8,mada
2026-07-01,TX-B2_poor_baqala-d00-000752,Riyadh - Souq,Riyadh,Canned Soup Variety,SLW-CAN-04,Canned Goods,1,6.5,6.5,3.8,mada
2026-07-02,TX-B2_poor_baqala-d00-000753,Riyadh - Souq,Riyadh,Canned Soup Variety,SLW-CAN-04,Canned Goods,1,6.5,6.5,3.8,mada
2026-07-03,TX-B2_poor_baqala-d00-000754,Riyadh - Souq,Riyadh,Canned Soup Variety,SLW-CAN-04,Canned Goods,1,6.5,6.5,3.8,mada
2026-07-04,TX-B2_poor_baqala-d00-000755,Riyadh - Souq,Riyadh,Canned Soup Variety,SLW-CAN-04,Canned Goods,1,6.5,6.5,3.8,cash
2026-07-05,TX-B2_poor_baqala-d00-000756,Riyadh - Souq,Riyadh,Canned Soup Variety,SLW-CAN-04,Canned Goods,1,6.5,6.5,3.8,cash
2026-07-06,TX-B2_poor_baqala-d00-000757,Riyadh - Souq,Riyadh,Canned Soup Variety,SLW-CAN-04,Canned Goods,1,6.5,6.5,3.8,card
2026-07-07,TX-B2_poor_baqala-d00-000758,Riyadh - Souq,Riyadh,Canned Soup Variety,SLW-CAN-04,Canned Goods,1,6.5,6.5,3.8,mada
2026-07-08,TX-B2_poor_baqala-d00-000759,Riyadh - Souq,Riyadh,Canned Soup Variety,SLW-CAN-04,Canned Goods,1,6.5,6.5,3.8,mada
2026-07-09,TX-B2_poor_baqala-d00-000760,Riyadh - Souq,Riyadh,Canned Soup Variety,SLW-CAN-04,Canned Goods,1,6.5,6.5,3.8,mada
2026-07-10,TX-B2_poor_baqala-d00-000761,Riyadh - Souq,Riyadh,Canned Soup Variety,SLW-CAN-04,Canned Goods,1,6.5,6.5,3.8,card
2026-07-11,TX-B2_poor_baqala-d00-000762,Riyadh - Souq,Riyadh,Canned Soup Variety,SLW-CAN-04,Canned Goods,1,6.5,6.5,3.8,cash
2026-07-12,TX-B2_poor_baqala-d00-000763,Riyadh - Souq,Riyadh,Canned Soup Variety,SLW-CAN-04,Canned Goods,1,6.5,6.5,3.8,mada
2026-07-13,TX-B2_poor_baqala-d00-000764,Riyadh - Souq,Riyadh,Canned Soup Variety,SLW-CAN-04,Canned Goods,1,6.5,6.5,3.8,cash
2026-07-14,TX-B2_poor_baqala-d00-000765,Riyadh - Souq,Riyadh,Canned Soup Variety,SLW-CAN-04,Canned Goods,1,6.5,6.5,3.8,cash
2026-07-15,TX-B2_poor_baqala-d00-000766,Riyadh - Souq,Riyadh,Canned Soup Variety,SLW-CAN-04,Canned Goods,1,6.5,6.5,3.8,cash
2026-07-16,TX-B2_poor_baqala-d00-000767,Riyadh - Souq,Riyadh,Canned Soup Variety,SLW-CAN-04,Canned Goods,1,6.5,6.5,3.8,cash
2026-07-17,TX-B2_poor_baqala-d00-000768,Riyadh - Souq,Riyadh,Canned Soup Variety,SLW-CAN-04,Canned Goods,1,6.5,6.5,3.8,cash
2026-07-18,TX-B2_poor_baqala-d00-000769,Riyadh - Souq,Riyadh,Canned Soup Variety,SLW-CAN-04,Canned Goods,1,6.5,6.5,3.8,card
2026-07-19,TX-B2_poor_baqala-d00-000770,Riyadh - Souq,Riyadh,Canned Soup Variety,SLW-CAN-04,Canned Goods,1,6.5,6.5,3.8,cash
2026-07-20,TX-B2_poor_baqala-d00-000771,Riyadh - Souq,Riyadh,Canned Soup Variety,SLW-CAN-04,Canned Goods,1,6.5,6.5,3.8,card
2026-07-21,TX-B2_poor_baqala-d00-000772,Riyadh - Souq,Riyadh,Canned Soup Variety,SLW-CAN-04,Canned Goods,1,6.5,6.5,3.8,mada
2026-07-22,TX-B2_poor_baqala-d00-000773,Riyadh - Souq,Riyadh,Canned Soup Variety,SLW-CAN-04,Canned Goods,1,6.5,6.5,3.8,card
2026-07-23,TX-B2_poor_baqala-d00-000774,Riyadh - Souq,Riyadh,Canned Soup Variety,SLW-CAN-04,Canned Goods,1,6.5,6.5,3.8,mada
2026-07-24,TX-B2_poor_baqala-d00-000775,Riyadh - Souq,Riyadh,Canned Soup Variety,SLW-CAN-04,Canned Goods,1,6.5,6.5,3.8,mada
2026-07-25,TX-B2_poor_baqala-d00-000776,Riyadh - Souq,Riyadh,Canned Soup Variety,SLW-CAN-04,Canned Goods,1,6.5,6.5,3.8,card
2026-07-26,TX-B2_poor_baqala-d00-000777,Riyadh - Souq,Riyadh,Canned Soup Variety,SLW-CAN-04,Canned Goods,1,6.5,6.5,3.8,mada
2026-07-27,TX-B2_poor_baqala-d00-000778,Riyadh - Souq,Riyadh,Canned Soup Variety,SLW-CAN-04,Canned Goods,1,6.5,6.5,3.8,card
2026-07-28,TX-B2_poor_baqala-d00-000779,Riyadh - Souq,Riyadh,Canned Soup Variety,SLW-CAN-04,Canned Goods,1,6.5,6.5,3.8,card
2026-07-29,TX-B2_poor_baqala-d00-000780,Riyadh - Souq,Riyadh,Canned Soup Variety,SLW-CAN-04,Canned Goods,1,6.5,6.5,3.8,cash
2026-07-30,TX-B2_poor_baqala-d00-000781,Riyadh - Souq,Riyadh,Canned Soup Variety,SLW-CAN-04,Canned Goods,1,6.5,6.5,3.8,card
2026-07-31,TX-B2_poor_baqala-d00-000782,Riyadh - Souq,Riyadh,Canned Soup Variety,SLW-CAN-04,Canned Goods,1,6.5,6.5,3.8,cash
2026-08-01,TX-B2_poor_baqala-d00-000783,Riyadh - Souq,Riyadh,Canned Soup Variety,SLW-CAN-04,Canned Goods,1,6.5,6.5,3.8,card
2026-08-02,TX-B2_poor_baqala-d00-000784,Riyadh - Souq,Riyadh,Canned Soup Variety,SLW-CAN-04,Canned Goods,1,6.5,6.5,3.8,cash
2026-08-03,TX-B2_poor_baqala-d00-000785,Riyadh - Souq,Riyadh,Canned Soup Variety,SLW-CAN-04,Canned Goods,1,6.5,6.5,3.8,cash
2026-08-04,TX-B2_poor_baqala-d00-000786,Riyadh - Souq,Riyadh,Canned Soup Variety,SLW-CAN-04,Canned Goods,1,6.5,6.5,3.8,card
2026-08-05,TX-B2_poor_baqala-d00-000787,Riyadh - Souq,Riyadh,Canned Soup Variety,SLW-CAN-04,Canned Goods,1,6.5,6.5,3.8,mada
2026-08-06,TX-B2_poor_baqala-d00-000788,Riyadh - Souq,Riyadh,Canned Soup Variety,SLW-CAN-04,Canned Goods,1,6.5,6.5,3.8,mada
2026-08-07,TX-B2_poor_baqala-d00-000789,Riyadh - Souq,Riyadh,Canned Soup Variety,SLW-CAN-04,Canned Goods,1,6.5,6.5,3.8,cash
2026-08-08,TX-B2_poor_baqala-d00-000790,Riyadh - Souq,Riyadh,Canned Soup Variety,SLW-CAN-04,Canned Goods,1,6.5,6.5,3.8,card
2026-08-09,TX-B2_poor_baqala-d00-000791,Riyadh - Souq,Riyadh,Canned Soup Variety,SLW-CAN-04,Canned Goods,1,6.5,6.5,3.8,cash
2026-08-10,TX-B2_poor_baqala-d00-000792,Riyadh - Souq,Riyadh,Canned Soup Variety,SLW-CAN-04,Canned Goods,1,6.5,6.5,3.8,cash
2026-08-11,TX-B2_poor_baqala-d00-000793,Riyadh - Souq,Riyadh,Canned Soup Variety,SLW-CAN-04,Canned Goods,1,6.5,6.5,3.8,cash
2026-08-12,TX-B2_poor_baqala-d00-000794,Riyadh - Souq,Riyadh,Canned Soup Variety,SLW-CAN-04,Canned Goods,1,6.5,6.5,3.8,card
2026-08-13,TX-B2_poor_baqala-d00-000795,Riyadh - Souq,Riyadh,Canned Soup Variety,SLW-CAN-04,Canned Goods,1,6.5,6.5,3.8,card
2026-08-14,TX-B2_poor_baqala-d00-000796,Riyadh - Souq,Riyadh,Canned Soup Variety,SLW-CAN-04,Canned Goods,1,6.5,6.5,3.8,cash
2026-08-15,TX-B2_poor_baqala-d00-000797,Riyadh - Souq,Riyadh,Canned Soup Variety,SLW-CAN-04,Canned Goods,1,6.5,6.5,3.8,card
2026-08-16,TX-B2_poor_baqala-d00-000798,Riyadh - Souq,Riyadh,Canned Soup Variety,SLW-CAN-04,Canned Goods,1,6.5,6.5,3.8,cash
2026-08-17,TX-B2_poor_baqala-d00-000799,Riyadh - Souq,Riyadh,Canned Soup Variety,SLW-CAN-04,Canned Goods,1,6.5,6.5,3.8,mada
2026-08-18,TX-B2_poor_baqala-d00-000800,Riyadh - Souq,Riyadh,Canned Soup Variety,SLW-CAN-04,Canned Goods,1,6.5,6.5,3.8,cash
2026-08-19,TX-B2_poor_baqala-d00-000801,Riyadh - Souq,Riyadh,Canned Soup Variety,SLW-CAN-04,Canned Goods,1,6.5,6.5,3.8,mada
2026-08-20,TX-B2_poor_baqala-d00-000802,Riyadh - Souq,Riyadh,Canned Soup Variety,SLW-CAN-04,Canned Goods,1,6.5,6.5,3.8,cash
2026-08-21,TX-B2_poor_baqala-d00-000803,Riyadh - Souq,Riyadh,Canned Soup Variety,SLW-CAN-04,Canned Goods,1,6.5,6.5,3.8,mada
2026-08-22,TX-B2_poor_baqala-d00-000804,Riyadh - Souq,Riyadh,Canned Soup Variety,SLW-CAN-04,Canned Goods,1,6.5,6.5,3.8,card
2026-08-23,TX-B2_poor_baqala-d00-000805,Riyadh - Souq,Riyadh,Canned Soup Variety,SLW-CAN-04,Canned Goods,1,6.5,6.5,3.8,cash
2026-08-24,TX-B2_poor_baqala-d00-000806,Riyadh - Souq,Riyadh,Canned Soup Variety,SLW-CAN-04,Canned Goods,1,6.5,6.5,3.8,cash
2026-08-25,TX-B2_poor_baqala-d00-000807,Riyadh - Souq,Riyadh,Canned Soup Variety,SLW-CAN-04,Canned Goods,1,6.5,6.5,3.8,card
2026-08-26,TX-B2_poor_baqala-d00-000808,Riyadh - Souq,Riyadh,Canned Soup Variety,SLW-CAN-04,Canned Goods,1,6.5,6.5,3.8,mada
2026-01-05,TX-B2_poor_baqala-d00-000809,Riyadh - Souq,Riyadh,Chocolate Wafer King,CHW-WFR-05,Snacks,1,9.0,9.0,5.5,card
2026-01-05,TX-B2_poor_baqala-d00-000810,Riyadh - Souq,Riyadh,Chocolate Wafer King,CHW-WFR-05,Snacks,1,9.0,9.0,5.5,card
2026-01-05,TX-B2_poor_baqala-d00-000811,Riyadh - Souq,Riyadh,Chocolate Wafer King,CHW-WFR-05,Snacks,1,9.0,9.0,5.5,mada
2026-01-05,TX-B2_poor_baqala-d00-000812,Riyadh - Souq,Riyadh,Chocolate Wafer King,CHW-WFR-05,Snacks,1,9.0,9.0,5.5,card
2026-01-05,TX-B2_poor_baqala-d00-000813,Riyadh - Souq,Riyadh,Chocolate Wafer King,CHW-WFR-05,Snacks,1,9.0,9.0,5.5,mada
2026-01-06,TX-B2_poor_baqala-d00-000814,Riyadh - Souq,Riyadh,Chocolate Wafer King,CHW-WFR-05,Snacks,1,9.0,9.0,5.5,card
2026-01-06,TX-B2_poor_baqala-d00-000815,Riyadh - Souq,Riyadh,Chocolate Wafer King,CHW-WFR-05,Snacks,1,9.0,9.0,5.5,cash
2026-01-06,TX-B2_poor_baqala-d00-000816,Riyadh - Souq,Riyadh,Chocolate Wafer King,CHW-WFR-05,Snacks,1,9.0,9.0,5.5,cash
2026-01-06,TX-B2_poor_baqala-d00-000817,Riyadh - Souq,Riyadh,Chocolate Wafer King,CHW-WFR-05,Snacks,1,9.0,9.0,5.5,cash
2026-01-06,TX-B2_poor_baqala-d00-000818,Riyadh - Souq,Riyadh,Chocolate Wafer King,CHW-WFR-05,Snacks,1,9.0,9.0,5.5,cash
2026-01-06,TX-B2_poor_baqala-d00-000819,Riyadh - Souq,Riyadh,Chocolate Wafer King,CHW-WFR-05,Snacks,1,9.0,9.0,5.5,card
2026-01-06,TX-B2_poor_baqala-d00-000820,Riyadh - Souq,Riyadh,Chocolate Wafer King,CHW-WFR-05,Snacks,1,9.0,9.0,5.5,mada
2026-01-06,TX-B2_poor_baqala-d00-000821,Riyadh - Souq,Riyadh,Chocolate Wafer King,CHW-WFR-05,Snacks,1,9.0,9.0,5.5,card
2026-01-07,TX-B2_poor_baqala-d00-000822,Riyadh - Souq,Riyadh,Chocolate Wafer King,CHW-WFR-05,Snacks,1,9.0,9.0,5.5,mada
2026-01-07,TX-B2_poor_baqala-d00-000823,Riyadh - Souq,Riyadh,Chocolate Wafer King,CHW-WFR-05,Snacks,1,9.0,9.0,5.5,card
2026-01-07,TX-B2_poor_baqala-d00-000824,Riyadh - Souq,Riyadh,Chocolate Wafer King,CHW-WFR-05,Snacks,1,9.0,9.0,5.5,cash
2026-01-07,TX-B2_poor_baqala-d00-000825,Riyadh - Souq,Riyadh,Chocolate Wafer King,CHW-WFR-05,Snacks,1,9.0,9.0,5.5,cash
2026-01-07,TX-B2_poor_baqala-d00-000826,Riyadh - Souq,Riyadh,Chocolate Wafer King,CHW-WFR-05,Snacks,1,9.0,9.0,5.5,card
2026-01-07,TX-B2_poor_baqala-d00-000827,Riyadh - Souq,Riyadh,Chocolate Wafer King,CHW-WFR-05,Snacks,1,9.0,9.0,5.5,mada
2026-01-07,TX-B2_poor_baqala-d00-000828,Riyadh - Souq,Riyadh,Chocolate Wafer King,CHW-WFR-05,Snacks,1,9.0,9.0,5.5,cash
2026-01-07,TX-B2_poor_baqala-d00-000829,Riyadh - Souq,Riyadh,Chocolate Wafer King,CHW-WFR-05,Snacks,1,9.0,9.0,5.5,card
2026-01-08,TX-B2_poor_baqala-d00-000830,Riyadh - Souq,Riyadh,Chocolate Wafer King,CHW-WFR-05,Snacks,1,9.0,9.0,5.5,mada
2026-01-08,TX-B2_poor_baqala-d00-000831,Riyadh - Souq,Riyadh,Chocolate Wafer King,CHW-WFR-05,Snacks,1,9.0,9.0,5.5,cash
2026-01-08,TX-B2_poor_baqala-d00-000832,Riyadh - Souq,Riyadh,Chocolate Wafer King,CHW-WFR-05,Snacks,1,9.0,9.0,5.5,cash
2026-01-08,TX-B2_poor_baqala-d00-000833,Riyadh - Souq,Riyadh,Chocolate Wafer King,CHW-WFR-05,Snacks,1,9.0,9.0,5.5,card
2026-01-08,TX-B2_poor_baqala-d00-000834,Riyadh - Souq,Riyadh,Chocolate Wafer King,CHW-WFR-05,Snacks,1,9.0,9.0,5.5,cash
2026-01-08,TX-B2_poor_baqala-d00-000835,Riyadh - Souq,Riyadh,Chocolate Wafer King,CHW-WFR-05,Snacks,1,9.0,9.0,5.5,card
2026-01-08,TX-B2_poor_baqala-d00-000836,Riyadh - Souq,Riyadh,Chocolate Wafer King,CHW-WFR-05,Snacks,1,9.0,9.0,5.5,cash
2026-01-09,TX-B2_poor_baqala-d00-000837,Riyadh - Souq,Riyadh,Chocolate Wafer King,CHW-WFR-05,Snacks,1,9.0,9.0,5.5,card
2026-01-09,TX-B2_poor_baqala-d00-000838,Riyadh - Souq,Riyadh,Chocolate Wafer King,CHW-WFR-05,Snacks,1,9.0,9.0,5.5,mada
2026-01-09,TX-B2_poor_baqala-d00-000839,Riyadh - Souq,Riyadh,Chocolate Wafer King,CHW-WFR-05,Snacks,1,9.0,9.0,5.5,cash
2026-01-09,TX-B2_poor_baqala-d00-000840,Riyadh - Souq,Riyadh,Chocolate Wafer King,CHW-WFR-05,Snacks,1,9.0,9.0,5.5,card
2026-01-09,TX-B2_poor_baqala-d00-000841,Riyadh - Souq,Riyadh,Chocolate Wafer King,CHW-WFR-05,Snacks,1,9.0,9.0,5.5,card
2026-01-10,TX-B2_poor_baqala-d00-000842,Riyadh - Souq,Riyadh,Chocolate Wafer King,CHW-WFR-05,Snacks,1,9.0,9.0,5.5,cash
2026-01-10,TX-B2_poor_baqala-d00-000843,Riyadh - Souq,Riyadh,Chocolate Wafer King,CHW-WFR-05,Snacks,1,9.0,9.0,5.5,card
2026-01-11,TX-B2_poor_baqala-d00-000844,Riyadh - Souq,Riyadh,Chocolate Wafer King,CHW-WFR-05,Snacks,1,9.0,9.0,5.5,card
2026-01-11,TX-B2_poor_baqala-d00-000845,Riyadh - Souq,Riyadh,Chocolate Wafer King,CHW-WFR-05,Snacks,1,9.0,9.0,5.5,mada
2026-01-11,TX-B2_poor_baqala-d00-000846,Riyadh - Souq,Riyadh,Chocolate Wafer King,CHW-WFR-05,Snacks,1,9.0,9.0,5.5,card
2026-01-11,TX-B2_poor_baqala-d00-000847,Riyadh - Souq,Riyadh,Chocolate Wafer King,CHW-WFR-05,Snacks,1,9.0,9.0,5.5,cash
2026-01-11,TX-B2_poor_baqala-d00-000848,Riyadh - Souq,Riyadh,Chocolate Wafer King,CHW-WFR-05,Snacks,1,9.0,9.0,5.5,cash
2026-01-12,TX-B2_poor_baqala-d00-000849,Riyadh - Souq,Riyadh,Chocolate Wafer King,CHW-WFR-05,Snacks,1,9.0,9.0,5.5,cash
2026-01-12,TX-B2_poor_baqala-d00-000850,Riyadh - Souq,Riyadh,Chocolate Wafer King,CHW-WFR-05,Snacks,1,9.0,9.0,5.5,card
2026-01-12,TX-B2_poor_baqala-d00-000851,Riyadh - Souq,Riyadh,Chocolate Wafer King,CHW-WFR-05,Snacks,1,9.0,9.0,5.5,card
2026-01-12,TX-B2_poor_baqala-d00-000852,Riyadh - Souq,Riyadh,Chocolate Wafer King,CHW-WFR-05,Snacks,1,9.0,9.0,5.5,cash
2026-01-12,TX-B2_poor_baqala-d00-000853,Riyadh - Souq,Riyadh,Chocolate Wafer King,CHW-WFR-05,Snacks,1,9.0,9.0,5.5,mada
2026-01-12,TX-B2_poor_baqala-d00-000854,Riyadh - Souq,Riyadh,Chocolate Wafer King,CHW-WFR-05,Snacks,1,9.0,9.0,5.5,mada
2026-01-13,TX-B2_poor_baqala-d00-000855,Riyadh - Souq,Riyadh,Chocolate Wafer King,CHW-WFR-05,Snacks,1,9.0,9.0,5.5,mada
2026-01-13,TX-B2_poor_baqala-d00-000856,Riyadh - Souq,Riyadh,Chocolate Wafer King,CHW-WFR-05,Snacks,1,9.0,9.0,5.5,cash
2026-01-13,TX-B2_poor_baqala-d00-000857,Riyadh - Souq,Riyadh,Chocolate Wafer King,CHW-WFR-05,Snacks,1,9.0,9.0,5.5,card
2026-01-13,TX-B2_poor_baqala-d00-000858,Riyadh - Souq,Riyadh,Chocolate Wafer King,CHW-WFR-05,Snacks,1,9.0,9.0,5.5,cash
2026-01-13,TX-B2_poor_baqala-d00-000859,Riyadh - Souq,Riyadh,Chocolate Wafer King,CHW-WFR-05,Snacks,1,9.0,9.0,5.5,card
2026-01-13,TX-B2_poor_baqala-d00-000860,Riyadh - Souq,Riyadh,Chocolate Wafer King,CHW-WFR-05,Snacks,1,9.0,9.0,5.5,card
2026-01-14,TX-B2_poor_baqala-d00-000861,Riyadh - Souq,Riyadh,Chocolate Wafer King,CHW-WFR-05,Snacks,1,9.0,9.0,5.5,mada
2026-01-14,TX-B2_poor_baqala-d00-000862,Riyadh - Souq,Riyadh,Chocolate Wafer King,CHW-WFR-05,Snacks,1,9.0,9.0,5.5,cash
2026-01-14,TX-B2_poor_baqala-d00-000863,Riyadh - Souq,Riyadh,Chocolate Wafer King,CHW-WFR-05,Snacks,1,9.0,9.0,5.5,cash
2026-01-14,TX-B2_poor_baqala-d00-000864,Riyadh - Souq,Riyadh,Chocolate Wafer King,CHW-WFR-05,Snacks,1,9.0,9.0,5.5,mada
2026-01-14,TX-B2_poor_baqala-d00-000865,Riyadh - Souq,Riyadh,Chocolate Wafer King,CHW-WFR-05,Snacks,1,9.0,9.0,5.5,mada
2026-01-14,TX-B2_poor_baqala-d00-000866,Riyadh - Souq,Riyadh,Chocolate Wafer King,CHW-WFR-05,Snacks,1,9.0,9.0,5.5,mada
2026-01-15,TX-B2_poor_baqala-d00-000867,Riyadh - Souq,Riyadh,Chocolate Wafer King,CHW-WFR-05,Snacks,1,9.0,9.0,5.5,mada
2026-01-15,TX-B2_poor_baqala-d00-000868,Riyadh - Souq,Riyadh,Chocolate Wafer King,CHW-WFR-05,Snacks,1,9.0,9.0,5.5,cash
2026-01-15,TX-B2_poor_baqala-d00-000869,Riyadh - Souq,Riyadh,Chocolate Wafer King,CHW-WFR-05,Snacks,1,9.0,9.0,5.5,cash
2026-01-15,TX-B2_poor_baqala-d00-000870,Riyadh - Souq,Riyadh,Chocolate Wafer King,CHW-WFR-05,Snacks,1,9.0,9.0,5.5,cash
2026-01-15,TX-B2_poor_baqala-d00-000871,Riyadh - Souq,Riyadh,Chocolate Wafer King,CHW-WFR-05,Snacks,1,9.0,9.0,5.5,mada
2026-01-15,TX-B2_poor_baqala-d00-000872,Riyadh - Souq,Riyadh,Chocolate Wafer King,CHW-WFR-05,Snacks,1,9.0,9.0,5.5,mada
2026-01-16,TX-B2_poor_baqala-d00-000873,Riyadh - Souq,Riyadh,Chocolate Wafer King,CHW-WFR-05,Snacks,1,9.0,9.0,5.5,cash
2026-01-16,TX-B2_poor_baqala-d00-000874,Riyadh - Souq,Riyadh,Chocolate Wafer King,CHW-WFR-05,Snacks,1,9.0,9.0,5.5,mada
2026-01-16,TX-B2_poor_baqala-d00-000875,Riyadh - Souq,Riyadh,Chocolate Wafer King,CHW-WFR-05,Snacks,1,9.0,9.0,5.5,card
2026-01-16,TX-B2_poor_baqala-d00-000876,Riyadh - Souq,Riyadh,Chocolate Wafer King,CHW-WFR-05,Snacks,1,9.0,9.0,5.5,mada
2026-01-16,TX-B2_poor_baqala-d00-000877,Riyadh - Souq,Riyadh,Chocolate Wafer King,CHW-WFR-05,Snacks,1,9.0,9.0,5.5,mada
2026-01-17,TX-B2_poor_baqala-d00-000878,Riyadh - Souq,Riyadh,Chocolate Wafer King,CHW-WFR-05,Snacks,1,9.0,9.0,5.5,cash
2026-01-17,TX-B2_poor_baqala-d00-000879,Riyadh - Souq,Riyadh,Chocolate Wafer King,CHW-WFR-05,Snacks,1,9.0,9.0,5.5,mada
2026-01-17,TX-B2_poor_baqala-d00-000880,Riyadh - Souq,Riyadh,Chocolate Wafer King,CHW-WFR-05,Snacks,1,9.0,9.0,5.5,cash
2026-01-17,TX-B2_poor_baqala-d00-000881,Riyadh - Souq,Riyadh,Chocolate Wafer King,CHW-WFR-05,Snacks,1,9.0,9.0,5.5,card
2026-01-17,TX-B2_poor_baqala-d00-000882,Riyadh - Souq,Riyadh,Chocolate Wafer King,CHW-WFR-05,Snacks,1,9.0,9.0,5.5,mada
2026-01-17,TX-B2_poor_baqala-d00-000883,Riyadh - Souq,Riyadh,Chocolate Wafer King,CHW-WFR-05,Snacks,1,9.0,9.0,5.5,mada
2026-01-18,TX-B2_poor_baqala-d00-000884,Riyadh - Souq,Riyadh,Chocolate Wafer King,CHW-WFR-05,Snacks,1,9.0,9.0,5.5,cash
2026-01-18,TX-B2_poor_baqala-d00-000885,Riyadh - Souq,Riyadh,Chocolate Wafer King,CHW-WFR-05,Snacks,1,9.0,9.0,5.5,card
2026-01-18,TX-B2_poor_baqala-d00-000886,Riyadh - Souq,Riyadh,Chocolate Wafer King,CHW-WFR-05,Snacks,1,9.0,9.0,5.5,cash
2026-01-18,TX-B2_poor_baqala-d00-000887,Riyadh - Souq,Riyadh,Chocolate Wafer King,CHW-WFR-05,Snacks,1,9.0,9.0,5.5,mada
2026-01-18,TX-B2_poor_baqala-d00-000888,Riyadh - Souq,Riyadh,Chocolate Wafer King,CHW-WFR-05,Snacks,1,9.0,9.0,5.5,mada
2026-01-18,TX-B2_poor_baqala-d00-000889,Riyadh - Souq,Riyadh,Chocolate Wafer King,CHW-WFR-05,Snacks,1,9.0,9.0,5.5,mada
2026-01-19,TX-B2_poor_baqala-d00-000890,Riyadh - Souq,Riyadh,Chocolate Wafer King,CHW-WFR-05,Snacks,1,9.0,9.0,5.5,mada
2026-01-19,TX-B2_poor_baqala-d00-000891,Riyadh - Souq,Riyadh,Chocolate Wafer King,CHW-WFR-05,Snacks,1,9.0,9.0,5.5,mada
2026-01-19,TX-B2_poor_baqala-d00-000892,Riyadh - Souq,Riyadh,Chocolate Wafer King,CHW-WFR-05,Snacks,1,9.0,9.0,5.5,cash
2026-01-19,TX-B2_poor_baqala-d00-000893,Riyadh - Souq,Riyadh,Chocolate Wafer King,CHW-WFR-05,Snacks,1,9.0,9.0,5.5,mada
2026-01-19,TX-B2_poor_baqala-d00-000894,Riyadh - Souq,Riyadh,Chocolate Wafer King,CHW-WFR-05,Snacks,1,9.0,9.0,5.5,card
2026-01-20,TX-B2_poor_baqala-d00-000895,Riyadh - Souq,Riyadh,Chocolate Wafer King,CHW-WFR-05,Snacks,1,9.0,9.0,5.5,mada
2026-01-20,TX-B2_poor_baqala-d00-000896,Riyadh - Souq,Riyadh,Chocolate Wafer King,CHW-WFR-05,Snacks,1,9.0,9.0,5.5,mada
2026-01-20,TX-B2_poor_baqala-d00-000897,Riyadh - Souq,Riyadh,Chocolate Wafer King,CHW-WFR-05,Snacks,1,9.0,9.0,5.5,card
2026-01-20,TX-B2_poor_baqala-d00-000898,Riyadh - Souq,Riyadh,Chocolate Wafer King,CHW-WFR-05,Snacks,1,9.0,9.0,5.5,cash
2026-01-20,TX-B2_poor_baqala-d00-000899,Riyadh - Souq,Riyadh,Chocolate Wafer King,CHW-WFR-05,Snacks,1,9.0,9.0,5.5,cash
2026-01-20,TX-B2_poor_baqala-d00-000900,Riyadh - Souq,Riyadh,Chocolate Wafer King,CHW-WFR-05,Snacks,1,9.0,9.0,5.5,cash
2026-01-21,TX-B2_poor_baqala-d00-000901,Riyadh - Souq,Riyadh,Chocolate Wafer King,CHW-WFR-05,Snacks,1,9.0,9.0,5.5,cash
2026-01-21,TX-B2_poor_baqala-d00-000902,Riyadh - Souq,Riyadh,Chocolate Wafer King,CHW-WFR-05,Snacks,1,9.0,9.0,5.5,card
2026-01-21,TX-B2_poor_baqala-d00-000903,Riyadh - Souq,Riyadh,Chocolate Wafer King,CHW-WFR-05,Snacks,1,9.0,9.0,5.5,mada
2026-01-21,TX-B2_poor_baqala-d00-000904,Riyadh - Souq,Riyadh,Chocolate Wafer King,CHW-WFR-05,Snacks,1,9.0,9.0,5.5,cash
2026-01-21,TX-B2_poor_baqala-d00-000905,Riyadh - Souq,Riyadh,Chocolate Wafer King,CHW-WFR-05,Snacks,1,9.0,9.0,5.5,cash
2026-01-21,TX-B2_poor_baqala-d00-000906,Riyadh - Souq,Riyadh,Chocolate Wafer King,CHW-WFR-05,Snacks,1,9.0,9.0,5.5,cash
2026-01-22,TX-B2_poor_baqala-d00-000907,Riyadh - Souq,Riyadh,Chocolate Wafer King,CHW-WFR-05,Snacks,1,9.0,9.0,5.5,mada
2026-01-22,TX-B2_poor_baqala-d00-000908,Riyadh - Souq,Riyadh,Chocolate Wafer King,CHW-WFR-05,Snacks,1,9.0,9.0,5.5,cash
2026-01-22,TX-B2_poor_baqala-d00-000909,Riyadh - Souq,Riyadh,Chocolate Wafer King,CHW-WFR-05,Snacks,1,9.0,9.0,5.5,mada
2026-01-22,TX-B2_poor_baqala-d00-000910,Riyadh - Souq,Riyadh,Chocolate Wafer King,CHW-WFR-05,Snacks,1,9.0,9.0,5.5,cash
2026-01-22,TX-B2_poor_baqala-d00-000911,Riyadh - Souq,Riyadh,Chocolate Wafer King,CHW-WFR-05,Snacks,1,9.0,9.0,5.5,mada
2026-01-22,TX-B2_poor_baqala-d00-000912,Riyadh - Souq,Riyadh,Chocolate Wafer King,CHW-WFR-05,Snacks,1,9.0,9.0,5.5,cash
2026-01-23,TX-B2_poor_baqala-d00-000913,Riyadh - Souq,Riyadh,Chocolate Wafer King,CHW-WFR-05,Snacks,1,9.0,9.0,5.5,cash
2026-01-23,TX-B2_poor_baqala-d00-000914,Riyadh - Souq,Riyadh,Chocolate Wafer King,CHW-WFR-05,Snacks,1,9.0,9.0,5.5,cash
2026-01-23,TX-B2_poor_baqala-d00-000915,Riyadh - Souq,Riyadh,Chocolate Wafer King,CHW-WFR-05,Snacks,1,9.0,9.0,5.5,card
2026-01-24,TX-B2_poor_baqala-d00-000916,Riyadh - Souq,Riyadh,Chocolate Wafer King,CHW-WFR-05,Snacks,1,9.0,9.0,5.5,cash
2026-01-24,TX-B2_poor_baqala-d00-000917,Riyadh - Souq,Riyadh,Chocolate Wafer King,CHW-WFR-05,Snacks,1,9.0,9.0,5.5,cash
2026-01-24,TX-B2_poor_baqala-d00-000918,Riyadh - Souq,Riyadh,Chocolate Wafer King,CHW-WFR-05,Snacks,1,9.0,9.0,5.5,mada
2026-01-24,TX-B2_poor_baqala-d00-000919,Riyadh - Souq,Riyadh,Chocolate Wafer King,CHW-WFR-05,Snacks,1,9.0,9.0,5.5,mada
2026-01-24,TX-B2_poor_baqala-d00-000920,Riyadh - Souq,Riyadh,Chocolate Wafer King,CHW-WFR-05,Snacks,1,9.0,9.0,5.5,cash
2026-01-25,TX-B2_poor_baqala-d00-000921,Riyadh - Souq,Riyadh,Chocolate Wafer King,CHW-WFR-05,Snacks,1,9.0,9.0,5.5,cash
2026-01-25,TX-B2_poor_baqala-d00-000922,Riyadh - Souq,Riyadh,Chocolate Wafer King,CHW-WFR-05,Snacks,1,9.0,9.0,5.5,mada
2026-01-25,TX-B2_poor_baqala-d00-000923,Riyadh - Souq,Riyadh,Chocolate Wafer King,CHW-WFR-05,Snacks,1,9.0,9.0,5.5,card
2026-01-25,TX-B2_poor_baqala-d00-000924,Riyadh - Souq,Riyadh,Chocolate Wafer King,CHW-WFR-05,Snacks,1,9.0,9.0,5.5,cash
2026-01-25,TX-B2_poor_baqala-d00-000925,Riyadh - Souq,Riyadh,Chocolate Wafer King,CHW-WFR-05,Snacks,1,9.0,9.0,5.5,mada
2026-01-25,TX-B2_poor_baqala-d00-000926,Riyadh - Souq,Riyadh,Chocolate Wafer King,CHW-WFR-05,Snacks,1,9.0,9.0,5.5,card
2026-01-26,TX-B2_poor_baqala-d00-000927,Riyadh - Souq,Riyadh,Chocolate Wafer King,CHW-WFR-05,Snacks,1,9.0,9.0,5.5,cash
2026-01-26,TX-B2_poor_baqala-d00-000928,Riyadh - Souq,Riyadh,Chocolate Wafer King,CHW-WFR-05,Snacks,1,9.0,9.0,5.5,mada
2026-01-26,TX-B2_poor_baqala-d00-000929,Riyadh - Souq,Riyadh,Chocolate Wafer King,CHW-WFR-05,Snacks,1,9.0,9.0,5.5,card
2026-01-26,TX-B2_poor_baqala-d00-000930,Riyadh - Souq,Riyadh,Chocolate Wafer King,CHW-WFR-05,Snacks,1,9.0,9.0,5.5,mada
2026-01-26,TX-B2_poor_baqala-d00-000931,Riyadh - Souq,Riyadh,Chocolate Wafer King,CHW-WFR-05,Snacks,1,9.0,9.0,5.5,card
2026-01-26,TX-B2_poor_baqala-d00-000932,Riyadh - Souq,Riyadh,Chocolate Wafer King,CHW-WFR-05,Snacks,1,9.0,9.0,5.5,mada
2026-01-27,TX-B2_poor_baqala-d00-000933,Riyadh - Souq,Riyadh,Chocolate Wafer King,CHW-WFR-05,Snacks,1,9.0,9.0,5.5,mada
2026-01-27,TX-B2_poor_baqala-d00-000934,Riyadh - Souq,Riyadh,Chocolate Wafer King,CHW-WFR-05,Snacks,1,9.0,9.0,5.5,card
2026-01-27,TX-B2_poor_baqala-d00-000935,Riyadh - Souq,Riyadh,Chocolate Wafer King,CHW-WFR-05,Snacks,1,9.0,9.0,5.5,cash
2026-01-27,TX-B2_poor_baqala-d00-000936,Riyadh - Souq,Riyadh,Chocolate Wafer King,CHW-WFR-05,Snacks,1,9.0,9.0,5.5,card
2026-01-27,TX-B2_poor_baqala-d00-000937,Riyadh - Souq,Riyadh,Chocolate Wafer King,CHW-WFR-05,Snacks,1,9.0,9.0,5.5,mada
2026-01-27,TX-B2_poor_baqala-d00-000938,Riyadh - Souq,Riyadh,Chocolate Wafer King,CHW-WFR-05,Snacks,1,9.0,9.0,5.5,cash
2026-01-27,TX-B2_poor_baqala-d00-000939,Riyadh - Souq,Riyadh,Chocolate Wafer King,CHW-WFR-05,Snacks,1,9.0,9.0,5.5,card
2026-01-27,TX-B2_poor_baqala-d00-000940,Riyadh - Souq,Riyadh,Chocolate Wafer King,CHW-WFR-05,Snacks,1,9.0,9.0,5.5,mada
2026-01-27,TX-B2_poor_baqala-d00-000941,Riyadh - Souq,Riyadh,Chocolate Wafer King,CHW-WFR-05,Snacks,1,9.0,9.0,5.5,mada
2026-01-28,TX-B2_poor_baqala-d00-000942,Riyadh - Souq,Riyadh,Chocolate Wafer King,CHW-WFR-05,Snacks,1,9.0,9.0,5.5,mada
2026-01-28,TX-B2_poor_baqala-d00-000943,Riyadh - Souq,Riyadh,Chocolate Wafer King,CHW-WFR-05,Snacks,1,9.0,9.0,5.5,cash
2026-01-28,TX-B2_poor_baqala-d00-000944,Riyadh - Souq,Riyadh,Chocolate Wafer King,CHW-WFR-05,Snacks,1,9.0,9.0,5.5,mada
2026-01-28,TX-B2_poor_baqala-d00-000945,Riyadh - Souq,Riyadh,Chocolate Wafer King,CHW-WFR-05,Snacks,1,9.0,9.0,5.5,mada
2026-01-28,TX-B2_poor_baqala-d00-000946,Riyadh - Souq,Riyadh,Chocolate Wafer King,CHW-WFR-05,Snacks,1,9.0,9.0,5.5,mada
2026-01-29,TX-B2_poor_baqala-d00-000947,Riyadh - Souq,Riyadh,Chocolate Wafer King,CHW-WFR-05,Snacks,1,9.0,9.0,5.5,mada
2026-01-29,TX-B2_poor_baqala-d00-000948,Riyadh - Souq,Riyadh,Chocolate Wafer King,CHW-WFR-05,Snacks,1,9.0,9.0,5.5,cash
2026-01-29,TX-B2_poor_baqala-d00-000949,Riyadh - Souq,Riyadh,Chocolate Wafer King,CHW-WFR-05,Snacks,1,9.0,9.0,5.5,card
2026-01-29,TX-B2_poor_baqala-d00-000950,Riyadh - Souq,Riyadh,Chocolate Wafer King,CHW-WFR-05,Snacks,1,9.0,9.0,5.5,mada
2026-01-29,TX-B2_poor_baqala-d00-000951,Riyadh - Souq,Riyadh,Chocolate Wafer King,CHW-WFR-05,Snacks,1,9.0,9.0,5.5,mada
2026-01-29,TX-B2_poor_baqala-d00-000952,Riyadh - Souq,Riyadh,Chocolate Wafer King,CHW-WFR-05,Snacks,1,9.0,9.0,5.5,mada
2026-01-29,TX-B2_poor_baqala-d00-000953,Riyadh - Souq,Riyadh,Chocolate Wafer King,CHW-WFR-05,Snacks,1,9.0,9.0,5.5,card
2026-01-29,TX-B2_poor_baqala-d00-000954,Riyadh - Souq,Riyadh,Chocolate Wafer King,CHW-WFR-05,Snacks,1,9.0,9.0,5.5,cash
2026-01-29,TX-B2_poor_baqala-d00-000955,Riyadh - Souq,Riyadh,Chocolate Wafer King,CHW-WFR-05,Snacks,1,9.0,9.0,5.5,mada
2026-01-30,TX-B2_poor_baqala-d00-000956,Riyadh - Souq,Riyadh,Chocolate Wafer King,CHW-WFR-05,Snacks,1,9.0,9.0,5.5,cash
2026-01-30,TX-B2_poor_baqala-d00-000957,Riyadh - Souq,Riyadh,Chocolate Wafer King,CHW-WFR-05,Snacks,1,9.0,9.0,5.5,card
2026-01-30,TX-B2_poor_baqala-d00-000958,Riyadh - Souq,Riyadh,Chocolate Wafer King,CHW-WFR-05,Snacks,1,9.0,9.0,5.5,mada
2026-01-30,TX-B2_poor_baqala-d00-000959,Riyadh - Souq,Riyadh,Chocolate Wafer King,CHW-WFR-05,Snacks,1,9.0,9.0,5.5,mada
2026-01-30,TX-B2_poor_baqala-d00-000960,Riyadh - Souq,Riyadh,Chocolate Wafer King,CHW-WFR-05,Snacks,1,9.0,9.0,5.5,mada
2026-01-30,TX-B2_poor_baqala-d00-000961,Riyadh - Souq,Riyadh,Chocolate Wafer King,CHW-WFR-05,Snacks,1,9.0,9.0,5.5,cash
2026-01-31,TX-B2_poor_baqala-d00-000962,Riyadh - Souq,Riyadh,Chocolate Wafer King,CHW-WFR-05,Snacks,1,9.0,9.0,5.5,mada
2026-01-31,TX-B2_poor_baqala-d00-000963,Riyadh - Souq,Riyadh,Chocolate Wafer King,CHW-WFR-05,Snacks,1,9.0,9.0,5.5,cash
2026-01-31,TX-B2_poor_baqala-d00-000964,Riyadh - Souq,Riyadh,Chocolate Wafer King,CHW-WFR-05,Snacks,1,9.0,9.0,5.5,mada
2026-02-01,TX-B2_poor_baqala-d00-000965,Riyadh - Souq,Riyadh,Chocolate Wafer King,CHW-WFR-05,Snacks,1,9.0,9.0,5.5,card
2026-02-01,TX-B2_poor_baqala-d00-000966,Riyadh - Souq,Riyadh,Chocolate Wafer King,CHW-WFR-05,Snacks,1,9.0,9.0,5.5,card
2026-02-02,TX-B2_poor_baqala-d00-000967,Riyadh - Souq,Riyadh,Chocolate Wafer King,CHW-WFR-05,Snacks,1,9.0,9.0,5.5,card
2026-02-02,TX-B2_poor_baqala-d00-000968,Riyadh - Souq,Riyadh,Chocolate Wafer King,CHW-WFR-05,Snacks,1,9.0,9.0,5.5,cash
2026-02-02,TX-B2_poor_baqala-d00-000969,Riyadh - Souq,Riyadh,Chocolate Wafer King,CHW-WFR-05,Snacks,1,9.0,9.0,5.5,card
2026-02-02,TX-B2_poor_baqala-d00-000970,Riyadh - Souq,Riyadh,Chocolate Wafer King,CHW-WFR-05,Snacks,1,9.0,9.0,5.5,mada
2026-02-02,TX-B2_poor_baqala-d00-000971,Riyadh - Souq,Riyadh,Chocolate Wafer King,CHW-WFR-05,Snacks,1,9.0,9.0,5.5,mada
2026-02-02,TX-B2_poor_baqala-d00-000972,Riyadh - Souq,Riyadh,Chocolate Wafer King,CHW-WFR-05,Snacks,1,9.0,9.0,5.5,mada
2026-02-02,TX-B2_poor_baqala-d00-000973,Riyadh - Souq,Riyadh,Chocolate Wafer King,CHW-WFR-05,Snacks,1,9.0,9.0,5.5,card
2026-02-03,TX-B2_poor_baqala-d00-000974,Riyadh - Souq,Riyadh,Chocolate Wafer King,CHW-WFR-05,Snacks,1,9.0,9.0,5.5,cash
2026-02-03,TX-B2_poor_baqala-d00-000975,Riyadh - Souq,Riyadh,Chocolate Wafer King,CHW-WFR-05,Snacks,1,9.0,9.0,5.5,cash
2026-02-03,TX-B2_poor_baqala-d00-000976,Riyadh - Souq,Riyadh,Chocolate Wafer King,CHW-WFR-05,Snacks,1,9.0,9.0,5.5,cash
2026-02-03,TX-B2_poor_baqala-d00-000977,Riyadh - Souq,Riyadh,Chocolate Wafer King,CHW-WFR-05,Snacks,1,9.0,9.0,5.5,mada
2026-02-03,TX-B2_poor_baqala-d00-000978,Riyadh - Souq,Riyadh,Chocolate Wafer King,CHW-WFR-05,Snacks,1,9.0,9.0,5.5,cash
2026-02-03,TX-B2_poor_baqala-d00-000979,Riyadh - Souq,Riyadh,Chocolate Wafer King,CHW-WFR-05,Snacks,1,9.0,9.0,5.5,mada
2026-02-04,TX-B2_poor_baqala-d00-000980,Riyadh - Souq,Riyadh,Chocolate Wafer King,CHW-WFR-05,Snacks,1,9.0,9.0,5.5,mada
2026-02-04,TX-B2_poor_baqala-d00-000981,Riyadh - Souq,Riyadh,Chocolate Wafer King,CHW-WFR-05,Snacks,1,9.0,9.0,5.5,card
2026-02-04,TX-B2_poor_baqala-d00-000982,Riyadh - Souq,Riyadh,Chocolate Wafer King,CHW-WFR-05,Snacks,1,9.0,9.0,5.5,cash
2026-02-04,TX-B2_poor_baqala-d00-000983,Riyadh - Souq,Riyadh,Chocolate Wafer King,CHW-WFR-05,Snacks,1,9.0,9.0,5.5,mada
2026-02-04,TX-B2_poor_baqala-d00-000984,Riyadh - Souq,Riyadh,Chocolate Wafer King,CHW-WFR-05,Snacks,1,9.0,9.0,5.5,card
2026-02-05,TX-B2_poor_baqala-d00-000985,Riyadh - Souq,Riyadh,Chocolate Wafer King,CHW-WFR-05,Snacks,1,9.0,9.0,5.5,cash
2026-02-05,TX-B2_poor_baqala-d00-000986,Riyadh - Souq,Riyadh,Chocolate Wafer King,CHW-WFR-05,Snacks,1,9.0,9.0,5.5,cash
2026-02-05,TX-B2_poor_baqala-d00-000987,Riyadh - Souq,Riyadh,Chocolate Wafer King,CHW-WFR-05,Snacks,1,9.0,9.0,5.5,card
2026-02-05,TX-B2_poor_baqala-d00-000988,Riyadh - Souq,Riyadh,Chocolate Wafer King,CHW-WFR-05,Snacks,1,9.0,9.0,5.5,cash
2026-02-05,TX-B2_poor_baqala-d00-000989,Riyadh - Souq,Riyadh,Chocolate Wafer King,CHW-WFR-05,Snacks,1,9.0,9.0,5.5,cash
2026-02-05,TX-B2_poor_baqala-d00-000990,Riyadh - Souq,Riyadh,Chocolate Wafer King,CHW-WFR-05,Snacks,1,9.0,9.0,5.5,card
2026-02-06,TX-B2_poor_baqala-d00-000991,Riyadh - Souq,Riyadh,Chocolate Wafer King,CHW-WFR-05,Snacks,1,9.0,9.0,5.5,cash
2026-02-06,TX-B2_poor_baqala-d00-000992,Riyadh - Souq,Riyadh,Chocolate Wafer King,CHW-WFR-05,Snacks,1,9.0,9.0,5.5,card
2026-02-06,TX-B2_poor_baqala-d00-000993,Riyadh - Souq,Riyadh,Chocolate Wafer King,CHW-WFR-05,Snacks,1,9.0,9.0,5.5,mada
2026-02-06,TX-B2_poor_baqala-d00-000994,Riyadh - Souq,Riyadh,Chocolate Wafer King,CHW-WFR-05,Snacks,1,9.0,9.0,5.5,mada
2026-02-06,TX-B2_poor_baqala-d00-000995,Riyadh - Souq,Riyadh,Chocolate Wafer King,CHW-WFR-05,Snacks,1,9.0,9.0,5.5,cash
2026-02-07,TX-B2_poor_baqala-d00-000996,Riyadh - Souq,Riyadh,Chocolate Wafer King,CHW-WFR-05,Snacks,1,9.0,9.0,5.5,mada
2026-02-07,TX-B2_poor_baqala-d00-000997,Riyadh - Souq,Riyadh,Chocolate Wafer King,CHW-WFR-05,Snacks,1,9.0,9.0,5.5,card
2026-02-07,TX-B2_poor_baqala-d00-000998,Riyadh - Souq,Riyadh,Chocolate Wafer King,CHW-WFR-05,Snacks,1,9.0,9.0,5.5,card
2026-02-07,TX-B2_poor_baqala-d00-000999,Riyadh - Souq,Riyadh,Chocolate Wafer King,CHW-WFR-05,Snacks,1,9.0,9.0,5.5,cash
2026-02-08,TX-B2_poor_baqala-d00-001000,Riyadh - Souq,Riyadh,Chocolate Wafer King,CHW-WFR-05,Snacks,1,9.0,9.0,5.5,cash
2026-02-08,TX-B2_poor_baqala-d00-001001,Riyadh - Souq,Riyadh,Chocolate Wafer King,CHW-WFR-05,Snacks,1,9.0,9.0,5.5,cash
2026-02-08,TX-B2_poor_baqala-d00-001002,Riyadh - Souq,Riyadh,Chocolate Wafer King,CHW-WFR-05,Snacks,1,9.0,9.0,5.5,mada
2026-02-08,TX-B2_poor_baqala-d00-001003,Riyadh - Souq,Riyadh,Chocolate Wafer King,CHW-WFR-05,Snacks,1,9.0,9.0,5.5,card
2026-02-08,TX-B2_poor_baqala-d00-001004,Riyadh - Souq,Riyadh,Chocolate Wafer King,CHW-WFR-05,Snacks,1,9.0,9.0,5.5,cash
2026-02-08,TX-B2_poor_baqala-d00-001005,Riyadh - Souq,Riyadh,Chocolate Wafer King,CHW-WFR-05,Snacks,1,9.0,9.0,5.5,card
2026-02-08,TX-B2_poor_baqala-d00-001006,Riyadh - Souq,Riyadh,Chocolate Wafer King,CHW-WFR-05,Snacks,1,9.0,9.0,5.5,mada
2026-02-09,TX-B2_poor_baqala-d00-001007,Riyadh - Souq,Riyadh,Chocolate Wafer King,CHW-WFR-05,Snacks,1,9.0,9.0,5.5,card
2026-02-09,TX-B2_poor_baqala-d00-001008,Riyadh - Souq,Riyadh,Chocolate Wafer King,CHW-WFR-05,Snacks,1,9.0,9.0,5.5,cash
2026-02-09,TX-B2_poor_baqala-d00-001009,Riyadh - Souq,Riyadh,Chocolate Wafer King,CHW-WFR-05,Snacks,1,9.0,9.0,5.5,mada
2026-02-09,TX-B2_poor_baqala-d00-001010,Riyadh - Souq,Riyadh,Chocolate Wafer King,CHW-WFR-05,Snacks,1,9.0,9.0,5.5,card
2026-02-09,TX-B2_poor_baqala-d00-001011,Riyadh - Souq,Riyadh,Chocolate Wafer King,CHW-WFR-05,Snacks,1,9.0,9.0,5.5,card
2026-02-09,TX-B2_poor_baqala-d00-001012,Riyadh - Souq,Riyadh,Chocolate Wafer King,CHW-WFR-05,Snacks,1,9.0,9.0,5.5,cash
2026-02-10,TX-B2_poor_baqala-d00-001013,Riyadh - Souq,Riyadh,Chocolate Wafer King,CHW-WFR-05,Snacks,1,9.0,9.0,5.5,card
2026-02-10,TX-B2_poor_baqala-d00-001014,Riyadh - Souq,Riyadh,Chocolate Wafer King,CHW-WFR-05,Snacks,1,9.0,9.0,5.5,card
2026-02-10,TX-B2_poor_baqala-d00-001015,Riyadh - Souq,Riyadh,Chocolate Wafer King,CHW-WFR-05,Snacks,1,9.0,9.0,5.5,mada
2026-02-10,TX-B2_poor_baqala-d00-001016,Riyadh - Souq,Riyadh,Chocolate Wafer King,CHW-WFR-05,Snacks,1,9.0,9.0,5.5,card
2026-02-10,TX-B2_poor_baqala-d00-001017,Riyadh - Souq,Riyadh,Chocolate Wafer King,CHW-WFR-05,Snacks,1,9.0,9.0,5.5,card
2026-02-10,TX-B2_poor_baqala-d00-001018,Riyadh - Souq,Riyadh,Chocolate Wafer King,CHW-WFR-05,Snacks,1,9.0,9.0,5.5,card
2026-02-11,TX-B2_poor_baqala-d00-001019,Riyadh - Souq,Riyadh,Chocolate Wafer King,CHW-WFR-05,Snacks,1,9.0,9.0,5.5,cash
2026-02-11,TX-B2_poor_baqala-d00-001020,Riyadh - Souq,Riyadh,Chocolate Wafer King,CHW-WFR-05,Snacks,1,9.0,9.0,5.5,card
2026-02-11,TX-B2_poor_baqala-d00-001021,Riyadh - Souq,Riyadh,Chocolate Wafer King,CHW-WFR-05,Snacks,1,9.0,9.0,5.5,cash
2026-02-11,TX-B2_poor_baqala-d00-001022,Riyadh - Souq,Riyadh,Chocolate Wafer King,CHW-WFR-05,Snacks,1,9.0,9.0,5.5,cash
2026-02-11,TX-B2_poor_baqala-d00-001023,Riyadh - Souq,Riyadh,Chocolate Wafer King,CHW-WFR-05,Snacks,1,9.0,9.0,5.5,mada
2026-02-11,TX-B2_poor_baqala-d00-001024,Riyadh - Souq,Riyadh,Chocolate Wafer King,CHW-WFR-05,Snacks,1,9.0,9.0,5.5,card
2026-02-11,TX-B2_poor_baqala-d00-001025,Riyadh - Souq,Riyadh,Chocolate Wafer King,CHW-WFR-05,Snacks,1,9.0,9.0,5.5,card
2026-02-12,TX-B2_poor_baqala-d00-001026,Riyadh - Souq,Riyadh,Chocolate Wafer King,CHW-WFR-05,Snacks,1,9.0,9.0,5.5,card
2026-02-12,TX-B2_poor_baqala-d00-001027,Riyadh - Souq,Riyadh,Chocolate Wafer King,CHW-WFR-05,Snacks,1,9.0,9.0,5.5,mada
2026-02-12,TX-B2_poor_baqala-d00-001028,Riyadh - Souq,Riyadh,Chocolate Wafer King,CHW-WFR-05,Snacks,1,9.0,9.0,5.5,cash
2026-02-12,TX-B2_poor_baqala-d00-001029,Riyadh - Souq,Riyadh,Chocolate Wafer King,CHW-WFR-05,Snacks,1,9.0,9.0,5.5,card
2026-02-12,TX-B2_poor_baqala-d00-001030,Riyadh - Souq,Riyadh,Chocolate Wafer King,CHW-WFR-05,Snacks,1,9.0,9.0,5.5,mada
2026-02-12,TX-B2_poor_baqala-d00-001031,Riyadh - Souq,Riyadh,Chocolate Wafer King,CHW-WFR-05,Snacks,1,9.0,9.0,5.5,cash
2026-02-12,TX-B2_poor_baqala-d00-001032,Riyadh - Souq,Riyadh,Chocolate Wafer King,CHW-WFR-05,Snacks,1,9.0,9.0,5.5,card
2026-02-13,TX-B2_poor_baqala-d00-001033,Riyadh - Souq,Riyadh,Chocolate Wafer King,CHW-WFR-05,Snacks,1,9.0,9.0,5.5,card
2026-02-13,TX-B2_poor_baqala-d00-001034,Riyadh - Souq,Riyadh,Chocolate Wafer King,CHW-WFR-05,Snacks,1,9.0,9.0,5.5,card
2026-02-13,TX-B2_poor_baqala-d00-001035,Riyadh - Souq,Riyadh,Chocolate Wafer King,CHW-WFR-05,Snacks,1,9.0,9.0,5.5,mada
2026-02-13,TX-B2_poor_baqala-d00-001036,Riyadh - Souq,Riyadh,Chocolate Wafer King,CHW-WFR-05,Snacks,1,9.0,9.0,5.5,cash
2026-02-13,TX-B2_poor_baqala-d00-001037,Riyadh - Souq,Riyadh,Chocolate Wafer King,CHW-WFR-05,Snacks,1,9.0,9.0,5.5,card
2026-02-14,TX-B2_poor_baqala-d00-001038,Riyadh - Souq,Riyadh,Chocolate Wafer King,CHW-WFR-05,Snacks,1,9.0,9.0,5.5,cash
2026-02-14,TX-B2_poor_baqala-d00-001039,Riyadh - Souq,Riyadh,Chocolate Wafer King,CHW-WFR-05,Snacks,1,9.0,9.0,5.5,cash
2026-02-14,TX-B2_poor_baqala-d00-001040,Riyadh - Souq,Riyadh,Chocolate Wafer King,CHW-WFR-05,Snacks,1,9.0,9.0,5.5,cash
2026-02-14,TX-B2_poor_baqala-d00-001041,Riyadh - Souq,Riyadh,Chocolate Wafer King,CHW-WFR-05,Snacks,1,9.0,9.0,5.5,card
2026-02-14,TX-B2_poor_baqala-d00-001042,Riyadh - Souq,Riyadh,Chocolate Wafer King,CHW-WFR-05,Snacks,1,9.0,9.0,5.5,mada
2026-02-14,TX-B2_poor_baqala-d00-001043,Riyadh - Souq,Riyadh,Chocolate Wafer King,CHW-WFR-05,Snacks,1,9.0,9.0,5.5,cash
2026-02-14,TX-B2_poor_baqala-d00-001044,Riyadh - Souq,Riyadh,Chocolate Wafer King,CHW-WFR-05,Snacks,1,9.0,9.0,5.5,mada
2026-02-15,TX-B2_poor_baqala-d00-001045,Riyadh - Souq,Riyadh,Chocolate Wafer King,CHW-WFR-05,Snacks,1,9.0,9.0,5.5,mada
2026-02-15,TX-B2_poor_baqala-d00-001046,Riyadh - Souq,Riyadh,Chocolate Wafer King,CHW-WFR-05,Snacks,1,9.0,9.0,5.5,cash
2026-02-15,TX-B2_poor_baqala-d00-001047,Riyadh - Souq,Riyadh,Chocolate Wafer King,CHW-WFR-05,Snacks,1,9.0,9.0,5.5,card
2026-02-15,TX-B2_poor_baqala-d00-001048,Riyadh - Souq,Riyadh,Chocolate Wafer King,CHW-WFR-05,Snacks,1,9.0,9.0,5.5,card
2026-02-15,TX-B2_poor_baqala-d00-001049,Riyadh - Souq,Riyadh,Chocolate Wafer King,CHW-WFR-05,Snacks,1,9.0,9.0,5.5,mada
2026-02-15,TX-B2_poor_baqala-d00-001050,Riyadh - Souq,Riyadh,Chocolate Wafer King,CHW-WFR-05,Snacks,1,9.0,9.0,5.5,card
2026-02-15,TX-B2_poor_baqala-d00-001051,Riyadh - Souq,Riyadh,Chocolate Wafer King,CHW-WFR-05,Snacks,1,9.0,9.0,5.5,card
2026-02-16,TX-B2_poor_baqala-d00-001052,Riyadh - Souq,Riyadh,Chocolate Wafer King,CHW-WFR-05,Snacks,1,9.0,9.0,5.5,mada
2026-02-16,TX-B2_poor_baqala-d00-001053,Riyadh - Souq,Riyadh,Chocolate Wafer King,CHW-WFR-05,Snacks,1,9.0,9.0,5.5,cash
2026-02-16,TX-B2_poor_baqala-d00-001054,Riyadh - Souq,Riyadh,Chocolate Wafer King,CHW-WFR-05,Snacks,1,9.0,9.0,5.5,cash
2026-02-16,TX-B2_poor_baqala-d00-001055,Riyadh - Souq,Riyadh,Chocolate Wafer King,CHW-WFR-05,Snacks,1,9.0,9.0,5.5,mada
2026-02-16,TX-B2_poor_baqala-d00-001056,Riyadh - Souq,Riyadh,Chocolate Wafer King,CHW-WFR-05,Snacks,1,9.0,9.0,5.5,mada
2026-02-16,TX-B2_poor_baqala-d00-001057,Riyadh - Souq,Riyadh,Chocolate Wafer King,CHW-WFR-05,Snacks,1,9.0,9.0,5.5,mada
2026-02-17,TX-B2_poor_baqala-d00-001058,Riyadh - Souq,Riyadh,Chocolate Wafer King,CHW-WFR-05,Snacks,1,9.0,9.0,5.5,card
2026-02-17,TX-B2_poor_baqala-d00-001059,Riyadh - Souq,Riyadh,Chocolate Wafer King,CHW-WFR-05,Snacks,1,9.0,9.0,5.5,mada
2026-02-17,TX-B2_poor_baqala-d00-001060,Riyadh - Souq,Riyadh,Chocolate Wafer King,CHW-WFR-05,Snacks,1,9.0,9.0,5.5,cash
2026-02-17,TX-B2_poor_baqala-d00-001061,Riyadh - Souq,Riyadh,Chocolate Wafer King,CHW-WFR-05,Snacks,1,9.0,9.0,5.5,mada
2026-02-17,TX-B2_poor_baqala-d00-001062,Riyadh - Souq,Riyadh,Chocolate Wafer King,CHW-WFR-05,Snacks,1,9.0,9.0,5.5,cash
2026-02-17,TX-B2_poor_baqala-d00-001063,Riyadh - Souq,Riyadh,Chocolate Wafer King,CHW-WFR-05,Snacks,1,9.0,9.0,5.5,card
2026-02-17,TX-B2_poor_baqala-d00-001064,Riyadh - Souq,Riyadh,Chocolate Wafer King,CHW-WFR-05,Snacks,1,9.0,9.0,5.5,mada
2026-02-18,TX-B2_poor_baqala-d00-001065,Riyadh - Souq,Riyadh,Chocolate Wafer King,CHW-WFR-05,Snacks,1,9.0,9.0,5.5,mada
2026-02-18,TX-B2_poor_baqala-d00-001066,Riyadh - Souq,Riyadh,Chocolate Wafer King,CHW-WFR-05,Snacks,1,9.0,9.0,5.5,card
2026-02-18,TX-B2_poor_baqala-d00-001067,Riyadh - Souq,Riyadh,Chocolate Wafer King,CHW-WFR-05,Snacks,1,9.0,9.0,5.5,card
2026-02-18,TX-B2_poor_baqala-d00-001068,Riyadh - Souq,Riyadh,Chocolate Wafer King,CHW-WFR-05,Snacks,1,9.0,9.0,5.5,card
2026-02-18,TX-B2_poor_baqala-d00-001069,Riyadh - Souq,Riyadh,Chocolate Wafer King,CHW-WFR-05,Snacks,1,9.0,9.0,5.5,card
2026-02-19,TX-B2_poor_baqala-d00-001070,Riyadh - Souq,Riyadh,Chocolate Wafer King,CHW-WFR-05,Snacks,1,9.0,9.0,5.5,cash
2026-02-19,TX-B2_poor_baqala-d00-001071,Riyadh - Souq,Riyadh,Chocolate Wafer King,CHW-WFR-05,Snacks,1,9.0,9.0,5.5,cash
2026-02-19,TX-B2_poor_baqala-d00-001072,Riyadh - Souq,Riyadh,Chocolate Wafer King,CHW-WFR-05,Snacks,1,9.0,9.0,5.5,mada
2026-02-19,TX-B2_poor_baqala-d00-001073,Riyadh - Souq,Riyadh,Chocolate Wafer King,CHW-WFR-05,Snacks,1,9.0,9.0,5.5,card
2026-02-20,TX-B2_poor_baqala-d00-001074,Riyadh - Souq,Riyadh,Chocolate Wafer King,CHW-WFR-05,Snacks,1,9.0,9.0,5.5,cash
2026-02-20,TX-B2_poor_baqala-d00-001075,Riyadh - Souq,Riyadh,Chocolate Wafer King,CHW-WFR-05,Snacks,1,9.0,9.0,5.5,cash
2026-02-20,TX-B2_poor_baqala-d00-001076,Riyadh - Souq,Riyadh,Chocolate Wafer King,CHW-WFR-05,Snacks,1,9.0,9.0,5.5,card
2026-02-20,TX-B2_poor_baqala-d00-001077,Riyadh - Souq,Riyadh,Chocolate Wafer King,CHW-WFR-05,Snacks,1,9.0,9.0,5.5,cash
2026-02-20,TX-B2_poor_baqala-d00-001078,Riyadh - Souq,Riyadh,Chocolate Wafer King,CHW-WFR-05,Snacks,1,9.0,9.0,5.5,card
2026-02-20,TX-B2_poor_baqala-d00-001079,Riyadh - Souq,Riyadh,Chocolate Wafer King,CHW-WFR-05,Snacks,1,9.0,9.0,5.5,mada
2026-02-20,TX-B2_poor_baqala-d00-001080,Riyadh - Souq,Riyadh,Chocolate Wafer King,CHW-WFR-05,Snacks,1,9.0,9.0,5.5,cash
2026-02-21,TX-B2_poor_baqala-d00-001081,Riyadh - Souq,Riyadh,Chocolate Wafer King,CHW-WFR-05,Snacks,1,9.0,9.0,5.5,mada
2026-02-21,TX-B2_poor_baqala-d00-001082,Riyadh - Souq,Riyadh,Chocolate Wafer King,CHW-WFR-05,Snacks,1,9.0,9.0,5.5,mada
2026-02-21,TX-B2_poor_baqala-d00-001083,Riyadh - Souq,Riyadh,Chocolate Wafer King,CHW-WFR-05,Snacks,1,9.0,9.0,5.5,card
2026-02-21,TX-B2_poor_baqala-d00-001084,Riyadh - Souq,Riyadh,Chocolate Wafer King,CHW-WFR-05,Snacks,1,9.0,9.0,5.5,mada
2026-02-21,TX-B2_poor_baqala-d00-001085,Riyadh - Souq,Riyadh,Chocolate Wafer King,CHW-WFR-05,Snacks,1,9.0,9.0,5.5,cash
2026-02-21,TX-B2_poor_baqala-d00-001086,Riyadh - Souq,Riyadh,Chocolate Wafer King,CHW-WFR-05,Snacks,1,9.0,9.0,5.5,mada
2026-02-21,TX-B2_poor_baqala-d00-001087,Riyadh - Souq,Riyadh,Chocolate Wafer King,CHW-WFR-05,Snacks,1,9.0,9.0,5.5,mada
2026-02-22,TX-B2_poor_baqala-d00-001088,Riyadh - Souq,Riyadh,Chocolate Wafer King,CHW-WFR-05,Snacks,1,9.0,9.0,5.5,card
2026-02-22,TX-B2_poor_baqala-d00-001089,Riyadh - Souq,Riyadh,Chocolate Wafer King,CHW-WFR-05,Snacks,1,9.0,9.0,5.5,mada
2026-02-22,TX-B2_poor_baqala-d00-001090,Riyadh - Souq,Riyadh,Chocolate Wafer King,CHW-WFR-05,Snacks,1,9.0,9.0,5.5,mada
2026-02-22,TX-B2_poor_baqala-d00-001091,Riyadh - Souq,Riyadh,Chocolate Wafer King,CHW-WFR-05,Snacks,1,9.0,9.0,5.5,cash
2026-02-22,TX-B2_poor_baqala-d00-001092,Riyadh - Souq,Riyadh,Chocolate Wafer King,CHW-WFR-05,Snacks,1,9.0,9.0,5.5,mada
2026-02-22,TX-B2_poor_baqala-d00-001093,Riyadh - Souq,Riyadh,Chocolate Wafer King,CHW-WFR-05,Snacks,1,9.0,9.0,5.5,cash
2026-02-23,TX-B2_poor_baqala-d00-001094,Riyadh - Souq,Riyadh,Chocolate Wafer King,CHW-WFR-05,Snacks,1,9.0,9.0,5.5,mada
2026-02-23,TX-B2_poor_baqala-d00-001095,Riyadh - Souq,Riyadh,Chocolate Wafer King,CHW-WFR-05,Snacks,1,9.0,9.0,5.5,card
2026-02-23,TX-B2_poor_baqala-d00-001096,Riyadh - Souq,Riyadh,Chocolate Wafer King,CHW-WFR-05,Snacks,1,9.0,9.0,5.5,cash
2026-02-23,TX-B2_poor_baqala-d00-001097,Riyadh - Souq,Riyadh,Chocolate Wafer King,CHW-WFR-05,Snacks,1,9.0,9.0,5.5,mada
2026-02-23,TX-B2_poor_baqala-d00-001098,Riyadh - Souq,Riyadh,Chocolate Wafer King,CHW-WFR-05,Snacks,1,9.0,9.0,5.5,card
2026-02-23,TX-B2_poor_baqala-d00-001099,Riyadh - Souq,Riyadh,Chocolate Wafer King,CHW-WFR-05,Snacks,1,9.0,9.0,5.5,cash
2026-02-23,TX-B2_poor_baqala-d00-001100,Riyadh - Souq,Riyadh,Chocolate Wafer King,CHW-WFR-05,Snacks,1,9.0,9.0,5.5,card
2026-02-24,TX-B2_poor_baqala-d00-001101,Riyadh - Souq,Riyadh,Chocolate Wafer King,CHW-WFR-05,Snacks,1,9.0,9.0,5.5,mada
2026-02-24,TX-B2_poor_baqala-d00-001102,Riyadh - Souq,Riyadh,Chocolate Wafer King,CHW-WFR-05,Snacks,1,9.0,9.0,5.5,card
2026-02-24,TX-B2_poor_baqala-d00-001103,Riyadh - Souq,Riyadh,Chocolate Wafer King,CHW-WFR-05,Snacks,1,9.0,9.0,5.5,card
2026-02-24,TX-B2_poor_baqala-d00-001104,Riyadh - Souq,Riyadh,Chocolate Wafer King,CHW-WFR-05,Snacks,1,9.0,9.0,5.5,mada
2026-02-24,TX-B2_poor_baqala-d00-001105,Riyadh - Souq,Riyadh,Chocolate Wafer King,CHW-WFR-05,Snacks,1,9.0,9.0,5.5,mada
2026-02-24,TX-B2_poor_baqala-d00-001106,Riyadh - Souq,Riyadh,Chocolate Wafer King,CHW-WFR-05,Snacks,1,9.0,9.0,5.5,card
2026-02-25,TX-B2_poor_baqala-d00-001107,Riyadh - Souq,Riyadh,Chocolate Wafer King,CHW-WFR-05,Snacks,1,9.0,9.0,5.5,cash
2026-02-25,TX-B2_poor_baqala-d00-001108,Riyadh - Souq,Riyadh,Chocolate Wafer King,CHW-WFR-05,Snacks,1,9.0,9.0,5.5,cash
2026-02-25,TX-B2_poor_baqala-d00-001109,Riyadh - Souq,Riyadh,Chocolate Wafer King,CHW-WFR-05,Snacks,1,9.0,9.0,5.5,mada
2026-02-25,TX-B2_poor_baqala-d00-001110,Riyadh - Souq,Riyadh,Chocolate Wafer King,CHW-WFR-05,Snacks,1,9.0,9.0,5.5,card
2026-02-25,TX-B2_poor_baqala-d00-001111,Riyadh - Souq,Riyadh,Chocolate Wafer King,CHW-WFR-05,Snacks,1,9.0,9.0,5.5,mada
2026-02-25,TX-B2_poor_baqala-d00-001112,Riyadh - Souq,Riyadh,Chocolate Wafer King,CHW-WFR-05,Snacks,1,9.0,9.0,5.5,mada
2026-02-26,TX-B2_poor_baqala-d00-001113,Riyadh - Souq,Riyadh,Chocolate Wafer King,CHW-WFR-05,Snacks,1,9.0,9.0,5.5,card
2026-02-26,TX-B2_poor_baqala-d00-001114,Riyadh - Souq,Riyadh,Chocolate Wafer King,CHW-WFR-05,Snacks,1,9.0,9.0,5.5,cash
2026-02-26,TX-B2_poor_baqala-d00-001115,Riyadh - Souq,Riyadh,Chocolate Wafer King,CHW-WFR-05,Snacks,1,9.0,9.0,5.5,card
2026-02-26,TX-B2_poor_baqala-d00-001116,Riyadh - Souq,Riyadh,Chocolate Wafer King,CHW-WFR-05,Snacks,1,9.0,9.0,5.5,cash
2026-02-27,TX-B2_poor_baqala-d00-001117,Riyadh - Souq,Riyadh,Chocolate Wafer King,CHW-WFR-05,Snacks,1,9.0,9.0,5.5,cash
2026-02-27,TX-B2_poor_baqala-d00-001118,Riyadh - Souq,Riyadh,Chocolate Wafer King,CHW-WFR-05,Snacks,1,9.0,9.0,5.5,mada
2026-02-27,TX-B2_poor_baqala-d00-001119,Riyadh - Souq,Riyadh,Chocolate Wafer King,CHW-WFR-05,Snacks,1,9.0,9.0,5.5,mada
2026-02-27,TX-B2_poor_baqala-d00-001120,Riyadh - Souq,Riyadh,Chocolate Wafer King,CHW-WFR-05,Snacks,1,9.0,9.0,5.5,card
2026-02-27,TX-B2_poor_baqala-d00-001121,Riyadh - Souq,Riyadh,Chocolate Wafer King,CHW-WFR-05,Snacks,1,9.0,9.0,5.5,mada
2026-02-27,TX-B2_poor_baqala-d00-001122,Riyadh - Souq,Riyadh,Chocolate Wafer King,CHW-WFR-05,Snacks,1,9.0,9.0,5.5,card
2026-02-27,TX-B2_poor_baqala-d00-001123,Riyadh - Souq,Riyadh,Chocolate Wafer King,CHW-WFR-05,Snacks,1,9.0,9.0,5.5,card
2026-02-28,TX-B2_poor_baqala-d00-001124,Riyadh - Souq,Riyadh,Chocolate Wafer King,CHW-WFR-05,Snacks,1,9.0,9.0,5.5,card
2026-02-28,TX-B2_poor_baqala-d00-001125,Riyadh - Souq,Riyadh,Chocolate Wafer King,CHW-WFR-05,Snacks,1,9.0,9.0,5.5,mada
2026-02-28,TX-B2_poor_baqala-d00-001126,Riyadh - Souq,Riyadh,Chocolate Wafer King,CHW-WFR-05,Snacks,1,9.0,9.0,5.5,mada
2026-02-28,TX-B2_poor_baqala-d00-001127,Riyadh - Souq,Riyadh,Chocolate Wafer King,CHW-WFR-05,Snacks,1,9.0,9.0,5.5,mada
2026-02-28,TX-B2_poor_baqala-d00-001128,Riyadh - Souq,Riyadh,Chocolate Wafer King,CHW-WFR-05,Snacks,1,9.0,9.0,5.5,cash
2026-03-01,TX-B2_poor_baqala-d00-001129,Riyadh - Souq,Riyadh,Chocolate Wafer King,CHW-WFR-05,Snacks,1,9.0,9.0,5.5,cash
2026-03-01,TX-B2_poor_baqala-d00-001130,Riyadh - Souq,Riyadh,Chocolate Wafer King,CHW-WFR-05,Snacks,1,9.0,9.0,5.5,cash
2026-03-01,TX-B2_poor_baqala-d00-001131,Riyadh - Souq,Riyadh,Chocolate Wafer King,CHW-WFR-05,Snacks,1,9.0,9.0,5.5,mada
2026-03-01,TX-B2_poor_baqala-d00-001132,Riyadh - Souq,Riyadh,Chocolate Wafer King,CHW-WFR-05,Snacks,1,9.0,9.0,5.5,cash
2026-03-02,TX-B2_poor_baqala-d00-001133,Riyadh - Souq,Riyadh,Chocolate Wafer King,CHW-WFR-05,Snacks,1,9.0,9.0,5.5,cash
2026-03-02,TX-B2_poor_baqala-d00-001134,Riyadh - Souq,Riyadh,Chocolate Wafer King,CHW-WFR-05,Snacks,1,9.0,9.0,5.5,card
2026-03-02,TX-B2_poor_baqala-d00-001135,Riyadh - Souq,Riyadh,Chocolate Wafer King,CHW-WFR-05,Snacks,1,9.0,9.0,5.5,cash
2026-03-02,TX-B2_poor_baqala-d00-001136,Riyadh - Souq,Riyadh,Chocolate Wafer King,CHW-WFR-05,Snacks,1,9.0,9.0,5.5,mada
2026-03-02,TX-B2_poor_baqala-d00-001137,Riyadh - Souq,Riyadh,Chocolate Wafer King,CHW-WFR-05,Snacks,1,9.0,9.0,5.5,cash
2026-03-02,TX-B2_poor_baqala-d00-001138,Riyadh - Souq,Riyadh,Chocolate Wafer King,CHW-WFR-05,Snacks,1,9.0,9.0,5.5,card
2026-03-02,TX-B2_poor_baqala-d00-001139,Riyadh - Souq,Riyadh,Chocolate Wafer King,CHW-WFR-05,Snacks,1,9.0,9.0,5.5,card
2026-03-03,TX-B2_poor_baqala-d00-001140,Riyadh - Souq,Riyadh,Chocolate Wafer King,CHW-WFR-05,Snacks,1,9.0,9.0,5.5,card
2026-03-03,TX-B2_poor_baqala-d00-001141,Riyadh - Souq,Riyadh,Chocolate Wafer King,CHW-WFR-05,Snacks,1,9.0,9.0,5.5,mada
2026-03-03,TX-B2_poor_baqala-d00-001142,Riyadh - Souq,Riyadh,Chocolate Wafer King,CHW-WFR-05,Snacks,1,9.0,9.0,5.5,cash
2026-03-03,TX-B2_poor_baqala-d00-001143,Riyadh - Souq,Riyadh,Chocolate Wafer King,CHW-WFR-05,Snacks,1,9.0,9.0,5.5,card
2026-03-03,TX-B2_poor_baqala-d00-001144,Riyadh - Souq,Riyadh,Chocolate Wafer King,CHW-WFR-05,Snacks,1,9.0,9.0,5.5,mada
2026-03-04,TX-B2_poor_baqala-d00-001145,Riyadh - Souq,Riyadh,Chocolate Wafer King,CHW-WFR-05,Snacks,1,9.0,9.0,5.5,card
2026-03-04,TX-B2_poor_baqala-d00-001146,Riyadh - Souq,Riyadh,Chocolate Wafer King,CHW-WFR-05,Snacks,1,9.0,9.0,5.5,cash
2026-03-04,TX-B2_poor_baqala-d00-001147,Riyadh - Souq,Riyadh,Chocolate Wafer King,CHW-WFR-05,Snacks,1,9.0,9.0,5.5,card
2026-03-04,TX-B2_poor_baqala-d00-001148,Riyadh - Souq,Riyadh,Chocolate Wafer King,CHW-WFR-05,Snacks,1,9.0,9.0,5.5,mada
2026-03-04,TX-B2_poor_baqala-d00-001149,Riyadh - Souq,Riyadh,Chocolate Wafer King,CHW-WFR-05,Snacks,1,9.0,9.0,5.5,card
2026-03-04,TX-B2_poor_baqala-d00-001150,Riyadh - Souq,Riyadh,Chocolate Wafer King,CHW-WFR-05,Snacks,1,9.0,9.0,5.5,card
2026-03-04,TX-B2_poor_baqala-d00-001151,Riyadh - Souq,Riyadh,Chocolate Wafer King,CHW-WFR-05,Snacks,1,9.0,9.0,5.5,mada
2026-03-04,TX-B2_poor_baqala-d00-001152,Riyadh - Souq,Riyadh,Chocolate Wafer King,CHW-WFR-05,Snacks,1,9.0,9.0,5.5,card
2026-03-05,TX-B2_poor_baqala-d00-001153,Riyadh - Souq,Riyadh,Chocolate Wafer King,CHW-WFR-05,Snacks,1,9.0,9.0,5.5,mada
2026-03-05,TX-B2_poor_baqala-d00-001154,Riyadh - Souq,Riyadh,Chocolate Wafer King,CHW-WFR-05,Snacks,1,9.0,9.0,5.5,card
2026-03-05,TX-B2_poor_baqala-d00-001155,Riyadh - Souq,Riyadh,Chocolate Wafer King,CHW-WFR-05,Snacks,1,9.0,9.0,5.5,card
2026-03-05,TX-B2_poor_baqala-d00-001156,Riyadh - Souq,Riyadh,Chocolate Wafer King,CHW-WFR-05,Snacks,1,9.0,9.0,5.5,cash
2026-03-05,TX-B2_poor_baqala-d00-001157,Riyadh - Souq,Riyadh,Chocolate Wafer King,CHW-WFR-05,Snacks,1,9.0,9.0,5.5,mada
2026-03-06,TX-B2_poor_baqala-d00-001158,Riyadh - Souq,Riyadh,Chocolate Wafer King,CHW-WFR-05,Snacks,1,9.0,9.0,5.5,mada
2026-03-06,TX-B2_poor_baqala-d00-001159,Riyadh - Souq,Riyadh,Chocolate Wafer King,CHW-WFR-05,Snacks,1,9.0,9.0,5.5,card
2026-03-06,TX-B2_poor_baqala-d00-001160,Riyadh - Souq,Riyadh,Chocolate Wafer King,CHW-WFR-05,Snacks,1,9.0,9.0,5.5,mada
2026-03-06,TX-B2_poor_baqala-d00-001161,Riyadh - Souq,Riyadh,Chocolate Wafer King,CHW-WFR-05,Snacks,1,9.0,9.0,5.5,card
2026-03-06,TX-B2_poor_baqala-d00-001162,Riyadh - Souq,Riyadh,Chocolate Wafer King,CHW-WFR-05,Snacks,1,9.0,9.0,5.5,card
2026-03-06,TX-B2_poor_baqala-d00-001163,Riyadh - Souq,Riyadh,Chocolate Wafer King,CHW-WFR-05,Snacks,1,9.0,9.0,5.5,card
2026-03-07,TX-B2_poor_baqala-d00-001164,Riyadh - Souq,Riyadh,Chocolate Wafer King,CHW-WFR-05,Snacks,1,9.0,9.0,5.5,cash
2026-03-07,TX-B2_poor_baqala-d00-001165,Riyadh - Souq,Riyadh,Chocolate Wafer King,CHW-WFR-05,Snacks,1,9.0,9.0,5.5,cash
2026-03-07,TX-B2_poor_baqala-d00-001166,Riyadh - Souq,Riyadh,Chocolate Wafer King,CHW-WFR-05,Snacks,1,9.0,9.0,5.5,mada
2026-03-07,TX-B2_poor_baqala-d00-001167,Riyadh - Souq,Riyadh,Chocolate Wafer King,CHW-WFR-05,Snacks,1,9.0,9.0,5.5,mada
2026-03-08,TX-B2_poor_baqala-d00-001168,Riyadh - Souq,Riyadh,Chocolate Wafer King,CHW-WFR-05,Snacks,1,9.0,9.0,5.5,card
2026-03-08,TX-B2_poor_baqala-d00-001169,Riyadh - Souq,Riyadh,Chocolate Wafer King,CHW-WFR-05,Snacks,1,9.0,9.0,5.5,mada
2026-03-08,TX-B2_poor_baqala-d00-001170,Riyadh - Souq,Riyadh,Chocolate Wafer King,CHW-WFR-05,Snacks,1,9.0,9.0,5.5,cash
2026-03-08,TX-B2_poor_baqala-d00-001171,Riyadh - Souq,Riyadh,Chocolate Wafer King,CHW-WFR-05,Snacks,1,9.0,9.0,5.5,card
2026-03-08,TX-B2_poor_baqala-d00-001172,Riyadh - Souq,Riyadh,Chocolate Wafer King,CHW-WFR-05,Snacks,1,9.0,9.0,5.5,cash
2026-03-08,TX-B2_poor_baqala-d00-001173,Riyadh - Souq,Riyadh,Chocolate Wafer King,CHW-WFR-05,Snacks,1,9.0,9.0,5.5,cash
2026-03-08,TX-B2_poor_baqala-d00-001174,Riyadh - Souq,Riyadh,Chocolate Wafer King,CHW-WFR-05,Snacks,1,9.0,9.0,5.5,cash
2026-03-09,TX-B2_poor_baqala-d00-001175,Riyadh - Souq,Riyadh,Chocolate Wafer King,CHW-WFR-05,Snacks,1,9.0,9.0,5.5,cash
2026-03-09,TX-B2_poor_baqala-d00-001176,Riyadh - Souq,Riyadh,Chocolate Wafer King,CHW-WFR-05,Snacks,1,9.0,9.0,5.5,cash
2026-03-09,TX-B2_poor_baqala-d00-001177,Riyadh - Souq,Riyadh,Chocolate Wafer King,CHW-WFR-05,Snacks,1,9.0,9.0,5.5,cash
2026-03-09,TX-B2_poor_baqala-d00-001178,Riyadh - Souq,Riyadh,Chocolate Wafer King,CHW-WFR-05,Snacks,1,9.0,9.0,5.5,cash
2026-03-09,TX-B2_poor_baqala-d00-001179,Riyadh - Souq,Riyadh,Chocolate Wafer King,CHW-WFR-05,Snacks,1,9.0,9.0,5.5,mada
2026-03-10,TX-B2_poor_baqala-d00-001180,Riyadh - Souq,Riyadh,Chocolate Wafer King,CHW-WFR-05,Snacks,1,9.0,9.0,5.5,mada
2026-03-10,TX-B2_poor_baqala-d00-001181,Riyadh - Souq,Riyadh,Chocolate Wafer King,CHW-WFR-05,Snacks,1,9.0,9.0,5.5,card
2026-03-10,TX-B2_poor_baqala-d00-001182,Riyadh - Souq,Riyadh,Chocolate Wafer King,CHW-WFR-05,Snacks,1,9.0,9.0,5.5,card
2026-03-11,TX-B2_poor_baqala-d00-001183,Riyadh - Souq,Riyadh,Chocolate Wafer King,CHW-WFR-05,Snacks,1,9.0,9.0,5.5,mada
2026-03-11,TX-B2_poor_baqala-d00-001184,Riyadh - Souq,Riyadh,Chocolate Wafer King,CHW-WFR-05,Snacks,1,9.0,9.0,5.5,mada
2026-03-11,TX-B2_poor_baqala-d00-001185,Riyadh - Souq,Riyadh,Chocolate Wafer King,CHW-WFR-05,Snacks,1,9.0,9.0,5.5,card
2026-03-11,TX-B2_poor_baqala-d00-001186,Riyadh - Souq,Riyadh,Chocolate Wafer King,CHW-WFR-05,Snacks,1,9.0,9.0,5.5,card
2026-03-11,TX-B2_poor_baqala-d00-001187,Riyadh - Souq,Riyadh,Chocolate Wafer King,CHW-WFR-05,Snacks,1,9.0,9.0,5.5,mada
2026-03-11,TX-B2_poor_baqala-d00-001188,Riyadh - Souq,Riyadh,Chocolate Wafer King,CHW-WFR-05,Snacks,1,9.0,9.0,5.5,cash
2026-03-11,TX-B2_poor_baqala-d00-001189,Riyadh - Souq,Riyadh,Chocolate Wafer King,CHW-WFR-05,Snacks,1,9.0,9.0,5.5,card
2026-03-12,TX-B2_poor_baqala-d00-001190,Riyadh - Souq,Riyadh,Chocolate Wafer King,CHW-WFR-05,Snacks,1,9.0,9.0,5.5,cash
2026-03-12,TX-B2_poor_baqala-d00-001191,Riyadh - Souq,Riyadh,Chocolate Wafer King,CHW-WFR-05,Snacks,1,9.0,9.0,5.5,cash
2026-03-12,TX-B2_poor_baqala-d00-001192,Riyadh - Souq,Riyadh,Chocolate Wafer King,CHW-WFR-05,Snacks,1,9.0,9.0,5.5,card
2026-03-12,TX-B2_poor_baqala-d00-001193,Riyadh - Souq,Riyadh,Chocolate Wafer King,CHW-WFR-05,Snacks,1,9.0,9.0,5.5,cash
2026-03-12,TX-B2_poor_baqala-d00-001194,Riyadh - Souq,Riyadh,Chocolate Wafer King,CHW-WFR-05,Snacks,1,9.0,9.0,5.5,mada
2026-03-12,TX-B2_poor_baqala-d00-001195,Riyadh - Souq,Riyadh,Chocolate Wafer King,CHW-WFR-05,Snacks,1,9.0,9.0,5.5,mada
2026-03-12,TX-B2_poor_baqala-d00-001196,Riyadh - Souq,Riyadh,Chocolate Wafer King,CHW-WFR-05,Snacks,1,9.0,9.0,5.5,mada
2026-03-12,TX-B2_poor_baqala-d00-001197,Riyadh - Souq,Riyadh,Chocolate Wafer King,CHW-WFR-05,Snacks,1,9.0,9.0,5.5,cash
2026-03-13,TX-B2_poor_baqala-d00-001198,Riyadh - Souq,Riyadh,Chocolate Wafer King,CHW-WFR-05,Snacks,1,9.0,9.0,5.5,cash
2026-03-13,TX-B2_poor_baqala-d00-001199,Riyadh - Souq,Riyadh,Chocolate Wafer King,CHW-WFR-05,Snacks,1,9.0,9.0,5.5,card
2026-03-13,TX-B2_poor_baqala-d00-001200,Riyadh - Souq,Riyadh,Chocolate Wafer King,CHW-WFR-05,Snacks,1,9.0,9.0,5.5,card
2026-03-13,TX-B2_poor_baqala-d00-001201,Riyadh - Souq,Riyadh,Chocolate Wafer King,CHW-WFR-05,Snacks,1,9.0,9.0,5.5,card
2026-03-13,TX-B2_poor_baqala-d00-001202,Riyadh - Souq,Riyadh,Chocolate Wafer King,CHW-WFR-05,Snacks,1,9.0,9.0,5.5,cash
2026-03-13,TX-B2_poor_baqala-d00-001203,Riyadh - Souq,Riyadh,Chocolate Wafer King,CHW-WFR-05,Snacks,1,9.0,9.0,5.5,cash
2026-03-14,TX-B2_poor_baqala-d00-001204,Riyadh - Souq,Riyadh,Chocolate Wafer King,CHW-WFR-05,Snacks,1,9.0,9.0,5.5,cash
2026-03-15,TX-B2_poor_baqala-d00-001205,Riyadh - Souq,Riyadh,Chocolate Wafer King,CHW-WFR-05,Snacks,1,9.0,9.0,5.5,mada
2026-03-15,TX-B2_poor_baqala-d00-001206,Riyadh - Souq,Riyadh,Chocolate Wafer King,CHW-WFR-05,Snacks,1,9.0,9.0,5.5,cash
2026-03-15,TX-B2_poor_baqala-d00-001207,Riyadh - Souq,Riyadh,Chocolate Wafer King,CHW-WFR-05,Snacks,1,9.0,9.0,5.5,cash
2026-03-15,TX-B2_poor_baqala-d00-001208,Riyadh - Souq,Riyadh,Chocolate Wafer King,CHW-WFR-05,Snacks,1,9.0,9.0,5.5,cash
2026-03-15,TX-B2_poor_baqala-d00-001209,Riyadh - Souq,Riyadh,Chocolate Wafer King,CHW-WFR-05,Snacks,1,9.0,9.0,5.5,cash
2026-03-15,TX-B2_poor_baqala-d00-001210,Riyadh - Souq,Riyadh,Chocolate Wafer King,CHW-WFR-05,Snacks,1,9.0,9.0,5.5,card
2026-03-15,TX-B2_poor_baqala-d00-001211,Riyadh - Souq,Riyadh,Chocolate Wafer King,CHW-WFR-05,Snacks,1,9.0,9.0,5.5,card
2026-03-15,TX-B2_poor_baqala-d00-001212,Riyadh - Souq,Riyadh,Chocolate Wafer King,CHW-WFR-05,Snacks,1,9.0,9.0,5.5,cash
2026-03-15,TX-B2_poor_baqala-d00-001213,Riyadh - Souq,Riyadh,Chocolate Wafer King,CHW-WFR-05,Snacks,1,9.0,9.0,5.5,mada
2026-03-16,TX-B2_poor_baqala-d00-001214,Riyadh - Souq,Riyadh,Chocolate Wafer King,CHW-WFR-05,Snacks,1,9.0,9.0,5.5,mada
2026-03-16,TX-B2_poor_baqala-d00-001215,Riyadh - Souq,Riyadh,Chocolate Wafer King,CHW-WFR-05,Snacks,1,9.0,9.0,5.5,mada
2026-03-16,TX-B2_poor_baqala-d00-001216,Riyadh - Souq,Riyadh,Chocolate Wafer King,CHW-WFR-05,Snacks,1,9.0,9.0,5.5,cash
2026-03-16,TX-B2_poor_baqala-d00-001217,Riyadh - Souq,Riyadh,Chocolate Wafer King,CHW-WFR-05,Snacks,1,9.0,9.0,5.5,mada
2026-03-16,TX-B2_poor_baqala-d00-001218,Riyadh - Souq,Riyadh,Chocolate Wafer King,CHW-WFR-05,Snacks,1,9.0,9.0,5.5,cash
2026-03-16,TX-B2_poor_baqala-d00-001219,Riyadh - Souq,Riyadh,Chocolate Wafer King,CHW-WFR-05,Snacks,1,9.0,9.0,5.5,card
2026-03-16,TX-B2_poor_baqala-d00-001220,Riyadh - Souq,Riyadh,Chocolate Wafer King,CHW-WFR-05,Snacks,1,9.0,9.0,5.5,cash
2026-03-16,TX-B2_poor_baqala-d00-001221,Riyadh - Souq,Riyadh,Chocolate Wafer King,CHW-WFR-05,Snacks,1,9.0,9.0,5.5,mada
2026-03-16,TX-B2_poor_baqala-d00-001222,Riyadh - Souq,Riyadh,Chocolate Wafer King,CHW-WFR-05,Snacks,1,9.0,9.0,5.5,mada
2026-03-17,TX-B2_poor_baqala-d00-001223,Riyadh - Souq,Riyadh,Chocolate Wafer King,CHW-WFR-05,Snacks,1,9.0,9.0,5.5,card
2026-03-17,TX-B2_poor_baqala-d00-001224,Riyadh - Souq,Riyadh,Chocolate Wafer King,CHW-WFR-05,Snacks,1,9.0,9.0,5.5,card
2026-03-17,TX-B2_poor_baqala-d00-001225,Riyadh - Souq,Riyadh,Chocolate Wafer King,CHW-WFR-05,Snacks,1,9.0,9.0,5.5,cash
2026-03-17,TX-B2_poor_baqala-d00-001226,Riyadh - Souq,Riyadh,Chocolate Wafer King,CHW-WFR-05,Snacks,1,9.0,9.0,5.5,card
2026-03-17,TX-B2_poor_baqala-d00-001227,Riyadh - Souq,Riyadh,Chocolate Wafer King,CHW-WFR-05,Snacks,1,9.0,9.0,5.5,card
2026-03-17,TX-B2_poor_baqala-d00-001228,Riyadh - Souq,Riyadh,Chocolate Wafer King,CHW-WFR-05,Snacks,1,9.0,9.0,5.5,cash
2026-03-17,TX-B2_poor_baqala-d00-001229,Riyadh - Souq,Riyadh,Chocolate Wafer King,CHW-WFR-05,Snacks,1,9.0,9.0,5.5,card
2026-03-18,TX-B2_poor_baqala-d00-001230,Riyadh - Souq,Riyadh,Chocolate Wafer King,CHW-WFR-05,Snacks,1,9.0,9.0,5.5,cash
2026-03-18,TX-B2_poor_baqala-d00-001231,Riyadh - Souq,Riyadh,Chocolate Wafer King,CHW-WFR-05,Snacks,1,9.0,9.0,5.5,card
2026-03-18,TX-B2_poor_baqala-d00-001232,Riyadh - Souq,Riyadh,Chocolate Wafer King,CHW-WFR-05,Snacks,1,9.0,9.0,5.5,cash
2026-03-18,TX-B2_poor_baqala-d00-001233,Riyadh - Souq,Riyadh,Chocolate Wafer King,CHW-WFR-05,Snacks,1,9.0,9.0,5.5,card
2026-03-19,TX-B2_poor_baqala-d00-001234,Riyadh - Souq,Riyadh,Chocolate Wafer King,CHW-WFR-05,Snacks,1,9.0,9.0,5.5,mada
2026-03-19,TX-B2_poor_baqala-d00-001235,Riyadh - Souq,Riyadh,Chocolate Wafer King,CHW-WFR-05,Snacks,1,9.0,9.0,5.5,cash
2026-03-19,TX-B2_poor_baqala-d00-001236,Riyadh - Souq,Riyadh,Chocolate Wafer King,CHW-WFR-05,Snacks,1,9.0,9.0,5.5,mada
2026-03-19,TX-B2_poor_baqala-d00-001237,Riyadh - Souq,Riyadh,Chocolate Wafer King,CHW-WFR-05,Snacks,1,9.0,9.0,5.5,mada
2026-03-19,TX-B2_poor_baqala-d00-001238,Riyadh - Souq,Riyadh,Chocolate Wafer King,CHW-WFR-05,Snacks,1,9.0,9.0,5.5,mada
2026-03-20,TX-B2_poor_baqala-d00-001239,Riyadh - Souq,Riyadh,Chocolate Wafer King,CHW-WFR-05,Snacks,1,9.0,9.0,5.5,cash
2026-03-20,TX-B2_poor_baqala-d00-001240,Riyadh - Souq,Riyadh,Chocolate Wafer King,CHW-WFR-05,Snacks,1,9.0,9.0,5.5,cash
2026-03-20,TX-B2_poor_baqala-d00-001241,Riyadh - Souq,Riyadh,Chocolate Wafer King,CHW-WFR-05,Snacks,1,9.0,9.0,5.5,card
2026-03-21,TX-B2_poor_baqala-d00-001242,Riyadh - Souq,Riyadh,Chocolate Wafer King,CHW-WFR-05,Snacks,1,9.0,9.0,5.5,card
2026-03-21,TX-B2_poor_baqala-d00-001243,Riyadh - Souq,Riyadh,Chocolate Wafer King,CHW-WFR-05,Snacks,1,9.0,9.0,5.5,card
2026-03-21,TX-B2_poor_baqala-d00-001244,Riyadh - Souq,Riyadh,Chocolate Wafer King,CHW-WFR-05,Snacks,1,9.0,9.0,5.5,cash
2026-03-21,TX-B2_poor_baqala-d00-001245,Riyadh - Souq,Riyadh,Chocolate Wafer King,CHW-WFR-05,Snacks,1,9.0,9.0,5.5,cash
2026-03-21,TX-B2_poor_baqala-d00-001246,Riyadh - Souq,Riyadh,Chocolate Wafer King,CHW-WFR-05,Snacks,1,9.0,9.0,5.5,card
2026-03-21,TX-B2_poor_baqala-d00-001247,Riyadh - Souq,Riyadh,Chocolate Wafer King,CHW-WFR-05,Snacks,1,9.0,9.0,5.5,mada
2026-03-22,TX-B2_poor_baqala-d00-001248,Riyadh - Souq,Riyadh,Chocolate Wafer King,CHW-WFR-05,Snacks,1,9.0,9.0,5.5,mada
2026-03-22,TX-B2_poor_baqala-d00-001249,Riyadh - Souq,Riyadh,Chocolate Wafer King,CHW-WFR-05,Snacks,1,9.0,9.0,5.5,card
2026-03-22,TX-B2_poor_baqala-d00-001250,Riyadh - Souq,Riyadh,Chocolate Wafer King,CHW-WFR-05,Snacks,1,9.0,9.0,5.5,card
2026-03-22,TX-B2_poor_baqala-d00-001251,Riyadh - Souq,Riyadh,Chocolate Wafer King,CHW-WFR-05,Snacks,1,9.0,9.0,5.5,card
2026-03-22,TX-B2_poor_baqala-d00-001252,Riyadh - Souq,Riyadh,Chocolate Wafer King,CHW-WFR-05,Snacks,1,9.0,9.0,5.5,mada
2026-03-22,TX-B2_poor_baqala-d00-001253,Riyadh - Souq,Riyadh,Chocolate Wafer King,CHW-WFR-05,Snacks,1,9.0,9.0,5.5,card
2026-03-22,TX-B2_poor_baqala-d00-001254,Riyadh - Souq,Riyadh,Chocolate Wafer King,CHW-WFR-05,Snacks,1,9.0,9.0,5.5,cash
2026-03-23,TX-B2_poor_baqala-d00-001255,Riyadh - Souq,Riyadh,Chocolate Wafer King,CHW-WFR-05,Snacks,1,9.0,9.0,5.5,card
2026-03-23,TX-B2_poor_baqala-d00-001256,Riyadh - Souq,Riyadh,Chocolate Wafer King,CHW-WFR-05,Snacks,1,9.0,9.0,5.5,card
2026-03-23,TX-B2_poor_baqala-d00-001257,Riyadh - Souq,Riyadh,Chocolate Wafer King,CHW-WFR-05,Snacks,1,9.0,9.0,5.5,card
2026-03-23,TX-B2_poor_baqala-d00-001258,Riyadh - Souq,Riyadh,Chocolate Wafer King,CHW-WFR-05,Snacks,1,9.0,9.0,5.5,card
2026-03-23,TX-B2_poor_baqala-d00-001259,Riyadh - Souq,Riyadh,Chocolate Wafer King,CHW-WFR-05,Snacks,1,9.0,9.0,5.5,card
2026-03-23,TX-B2_poor_baqala-d00-001260,Riyadh - Souq,Riyadh,Chocolate Wafer King,CHW-WFR-05,Snacks,1,9.0,9.0,5.5,mada
2026-03-24,TX-B2_poor_baqala-d00-001261,Riyadh - Souq,Riyadh,Chocolate Wafer King,CHW-WFR-05,Snacks,1,9.0,9.0,5.5,mada
2026-03-24,TX-B2_poor_baqala-d00-001262,Riyadh - Souq,Riyadh,Chocolate Wafer King,CHW-WFR-05,Snacks,1,9.0,9.0,5.5,card
2026-03-24,TX-B2_poor_baqala-d00-001263,Riyadh - Souq,Riyadh,Chocolate Wafer King,CHW-WFR-05,Snacks,1,9.0,9.0,5.5,cash
2026-03-24,TX-B2_poor_baqala-d00-001264,Riyadh - Souq,Riyadh,Chocolate Wafer King,CHW-WFR-05,Snacks,1,9.0,9.0,5.5,mada
2026-03-24,TX-B2_poor_baqala-d00-001265,Riyadh - Souq,Riyadh,Chocolate Wafer King,CHW-WFR-05,Snacks,1,9.0,9.0,5.5,mada
2026-03-24,TX-B2_poor_baqala-d00-001266,Riyadh - Souq,Riyadh,Chocolate Wafer King,CHW-WFR-05,Snacks,1,9.0,9.0,5.5,mada
2026-03-24,TX-B2_poor_baqala-d00-001267,Riyadh - Souq,Riyadh,Chocolate Wafer King,CHW-WFR-05,Snacks,1,9.0,9.0,5.5,mada
2026-03-25,TX-B2_poor_baqala-d00-001268,Riyadh - Souq,Riyadh,Chocolate Wafer King,CHW-WFR-05,Snacks,1,9.0,9.0,5.5,cash
2026-03-25,TX-B2_poor_baqala-d00-001269,Riyadh - Souq,Riyadh,Chocolate Wafer King,CHW-WFR-05,Snacks,1,9.0,9.0,5.5,cash
2026-03-25,TX-B2_poor_baqala-d00-001270,Riyadh - Souq,Riyadh,Chocolate Wafer King,CHW-WFR-05,Snacks,1,9.0,9.0,5.5,cash
2026-03-25,TX-B2_poor_baqala-d00-001271,Riyadh - Souq,Riyadh,Chocolate Wafer King,CHW-WFR-05,Snacks,1,9.0,9.0,5.5,cash
2026-03-25,TX-B2_poor_baqala-d00-001272,Riyadh - Souq,Riyadh,Chocolate Wafer King,CHW-WFR-05,Snacks,1,9.0,9.0,5.5,card
2026-03-26,TX-B2_poor_baqala-d00-001273,Riyadh - Souq,Riyadh,Chocolate Wafer King,CHW-WFR-05,Snacks,1,9.0,9.0,5.5,card
2026-03-26,TX-B2_poor_baqala-d00-001274,Riyadh - Souq,Riyadh,Chocolate Wafer King,CHW-WFR-05,Snacks,1,9.0,9.0,5.5,mada
2026-03-26,TX-B2_poor_baqala-d00-001275,Riyadh - Souq,Riyadh,Chocolate Wafer King,CHW-WFR-05,Snacks,1,9.0,9.0,5.5,card
2026-03-26,TX-B2_poor_baqala-d00-001276,Riyadh - Souq,Riyadh,Chocolate Wafer King,CHW-WFR-05,Snacks,1,9.0,9.0,5.5,cash
2026-03-26,TX-B2_poor_baqala-d00-001277,Riyadh - Souq,Riyadh,Chocolate Wafer King,CHW-WFR-05,Snacks,1,9.0,9.0,5.5,card
2026-03-26,TX-B2_poor_baqala-d00-001278,Riyadh - Souq,Riyadh,Chocolate Wafer King,CHW-WFR-05,Snacks,1,9.0,9.0,5.5,mada
2026-03-27,TX-B2_poor_baqala-d00-001279,Riyadh - Souq,Riyadh,Chocolate Wafer King,CHW-WFR-05,Snacks,1,9.0,9.0,5.5,card
2026-03-27,TX-B2_poor_baqala-d00-001280,Riyadh - Souq,Riyadh,Chocolate Wafer King,CHW-WFR-05,Snacks,1,9.0,9.0,5.5,mada
2026-03-27,TX-B2_poor_baqala-d00-001281,Riyadh - Souq,Riyadh,Chocolate Wafer King,CHW-WFR-05,Snacks,1,9.0,9.0,5.5,cash
2026-03-27,TX-B2_poor_baqala-d00-001282,Riyadh - Souq,Riyadh,Chocolate Wafer King,CHW-WFR-05,Snacks,1,9.0,9.0,5.5,mada
2026-03-27,TX-B2_poor_baqala-d00-001283,Riyadh - Souq,Riyadh,Chocolate Wafer King,CHW-WFR-05,Snacks,1,9.0,9.0,5.5,cash
2026-03-28,TX-B2_poor_baqala-d00-001284,Riyadh - Souq,Riyadh,Chocolate Wafer King,CHW-WFR-05,Snacks,1,9.0,9.0,5.5,mada
2026-03-28,TX-B2_poor_baqala-d00-001285,Riyadh - Souq,Riyadh,Chocolate Wafer King,CHW-WFR-05,Snacks,1,9.0,9.0,5.5,cash
2026-03-28,TX-B2_poor_baqala-d00-001286,Riyadh - Souq,Riyadh,Chocolate Wafer King,CHW-WFR-05,Snacks,1,9.0,9.0,5.5,cash
2026-03-28,TX-B2_poor_baqala-d00-001287,Riyadh - Souq,Riyadh,Chocolate Wafer King,CHW-WFR-05,Snacks,1,9.0,9.0,5.5,card
2026-03-28,TX-B2_poor_baqala-d00-001288,Riyadh - Souq,Riyadh,Chocolate Wafer King,CHW-WFR-05,Snacks,1,9.0,9.0,5.5,mada
2026-03-29,TX-B2_poor_baqala-d00-001289,Riyadh - Souq,Riyadh,Chocolate Wafer King,CHW-WFR-05,Snacks,1,9.0,9.0,5.5,mada
2026-03-29,TX-B2_poor_baqala-d00-001290,Riyadh - Souq,Riyadh,Chocolate Wafer King,CHW-WFR-05,Snacks,1,9.0,9.0,5.5,mada
2026-03-29,TX-B2_poor_baqala-d00-001291,Riyadh - Souq,Riyadh,Chocolate Wafer King,CHW-WFR-05,Snacks,1,9.0,9.0,5.5,cash
2026-03-29,TX-B2_poor_baqala-d00-001292,Riyadh - Souq,Riyadh,Chocolate Wafer King,CHW-WFR-05,Snacks,1,9.0,9.0,5.5,mada
2026-03-29,TX-B2_poor_baqala-d00-001293,Riyadh - Souq,Riyadh,Chocolate Wafer King,CHW-WFR-05,Snacks,1,9.0,9.0,5.5,mada
2026-03-29,TX-B2_poor_baqala-d00-001294,Riyadh - Souq,Riyadh,Chocolate Wafer King,CHW-WFR-05,Snacks,1,9.0,9.0,5.5,mada
2026-03-29,TX-B2_poor_baqala-d00-001295,Riyadh - Souq,Riyadh,Chocolate Wafer King,CHW-WFR-05,Snacks,1,9.0,9.0,5.5,cash
2026-03-30,TX-B2_poor_baqala-d00-001296,Riyadh - Souq,Riyadh,Chocolate Wafer King,CHW-WFR-05,Snacks,1,9.0,9.0,5.5,mada
2026-03-30,TX-B2_poor_baqala-d00-001297,Riyadh - Souq,Riyadh,Chocolate Wafer King,CHW-WFR-05,Snacks,1,9.0,9.0,5.5,cash
2026-03-30,TX-B2_poor_baqala-d00-001298,Riyadh - Souq,Riyadh,Chocolate Wafer King,CHW-WFR-05,Snacks,1,9.0,9.0,5.5,cash
2026-03-30,TX-B2_poor_baqala-d00-001299,Riyadh - Souq,Riyadh,Chocolate Wafer King,CHW-WFR-05,Snacks,1,9.0,9.0,5.5,cash
2026-03-31,TX-B2_poor_baqala-d00-001300,Riyadh - Souq,Riyadh,Chocolate Wafer King,CHW-WFR-05,Snacks,1,9.0,9.0,5.5,mada
2026-03-31,TX-B2_poor_baqala-d00-001301,Riyadh - Souq,Riyadh,Chocolate Wafer King,CHW-WFR-05,Snacks,1,9.0,9.0,5.5,mada
2026-03-31,TX-B2_poor_baqala-d00-001302,Riyadh - Souq,Riyadh,Chocolate Wafer King,CHW-WFR-05,Snacks,1,9.0,9.0,5.5,cash
2026-03-31,TX-B2_poor_baqala-d00-001303,Riyadh - Souq,Riyadh,Chocolate Wafer King,CHW-WFR-05,Snacks,1,9.0,9.0,5.5,card
2026-03-31,TX-B2_poor_baqala-d00-001304,Riyadh - Souq,Riyadh,Chocolate Wafer King,CHW-WFR-05,Snacks,1,9.0,9.0,5.5,mada
2026-03-31,TX-B2_poor_baqala-d00-001305,Riyadh - Souq,Riyadh,Chocolate Wafer King,CHW-WFR-05,Snacks,1,9.0,9.0,5.5,card
2026-03-31,TX-B2_poor_baqala-d00-001306,Riyadh - Souq,Riyadh,Chocolate Wafer King,CHW-WFR-05,Snacks,1,9.0,9.0,5.5,mada
2026-03-31,TX-B2_poor_baqala-d00-001307,Riyadh - Souq,Riyadh,Chocolate Wafer King,CHW-WFR-05,Snacks,1,9.0,9.0,5.5,card
2026-04-01,TX-B2_poor_baqala-d00-001308,Riyadh - Souq,Riyadh,Chocolate Wafer King,CHW-WFR-05,Snacks,1,9.0,9.0,5.5,card
2026-04-01,TX-B2_poor_baqala-d00-001309,Riyadh - Souq,Riyadh,Chocolate Wafer King,CHW-WFR-05,Snacks,1,9.0,9.0,5.5,cash
2026-04-01,TX-B2_poor_baqala-d00-001310,Riyadh - Souq,Riyadh,Chocolate Wafer King,CHW-WFR-05,Snacks,1,9.0,9.0,5.5,cash
2026-04-01,TX-B2_poor_baqala-d00-001311,Riyadh - Souq,Riyadh,Chocolate Wafer King,CHW-WFR-05,Snacks,1,9.0,9.0,5.5,cash
2026-04-01,TX-B2_poor_baqala-d00-001312,Riyadh - Souq,Riyadh,Chocolate Wafer King,CHW-WFR-05,Snacks,1,9.0,9.0,5.5,cash
2026-04-01,TX-B2_poor_baqala-d00-001313,Riyadh - Souq,Riyadh,Chocolate Wafer King,CHW-WFR-05,Snacks,1,9.0,9.0,5.5,cash
2026-04-01,TX-B2_poor_baqala-d00-001314,Riyadh - Souq,Riyadh,Chocolate Wafer King,CHW-WFR-05,Snacks,1,9.0,9.0,5.5,cash
2026-04-01,TX-B2_poor_baqala-d00-001315,Riyadh - Souq,Riyadh,Chocolate Wafer King,CHW-WFR-05,Snacks,1,9.0,9.0,5.5,cash
2026-04-02,TX-B2_poor_baqala-d00-001316,Riyadh - Souq,Riyadh,Chocolate Wafer King,CHW-WFR-05,Snacks,1,9.0,9.0,5.5,mada
2026-04-02,TX-B2_poor_baqala-d00-001317,Riyadh - Souq,Riyadh,Chocolate Wafer King,CHW-WFR-05,Snacks,1,9.0,9.0,5.5,card
2026-04-02,TX-B2_poor_baqala-d00-001318,Riyadh - Souq,Riyadh,Chocolate Wafer King,CHW-WFR-05,Snacks,1,9.0,9.0,5.5,mada
2026-04-02,TX-B2_poor_baqala-d00-001319,Riyadh - Souq,Riyadh,Chocolate Wafer King,CHW-WFR-05,Snacks,1,9.0,9.0,5.5,card
2026-04-02,TX-B2_poor_baqala-d00-001320,Riyadh - Souq,Riyadh,Chocolate Wafer King,CHW-WFR-05,Snacks,1,9.0,9.0,5.5,cash
2026-04-02,TX-B2_poor_baqala-d00-001321,Riyadh - Souq,Riyadh,Chocolate Wafer King,CHW-WFR-05,Snacks,1,9.0,9.0,5.5,cash
2026-04-03,TX-B2_poor_baqala-d00-001322,Riyadh - Souq,Riyadh,Chocolate Wafer King,CHW-WFR-05,Snacks,1,9.0,9.0,5.5,card
2026-04-03,TX-B2_poor_baqala-d00-001323,Riyadh - Souq,Riyadh,Chocolate Wafer King,CHW-WFR-05,Snacks,1,9.0,9.0,5.5,mada
2026-04-03,TX-B2_poor_baqala-d00-001324,Riyadh - Souq,Riyadh,Chocolate Wafer King,CHW-WFR-05,Snacks,1,9.0,9.0,5.5,mada
2026-04-04,TX-B2_poor_baqala-d00-001325,Riyadh - Souq,Riyadh,Chocolate Wafer King,CHW-WFR-05,Snacks,1,9.0,9.0,5.5,cash
2026-04-04,TX-B2_poor_baqala-d00-001326,Riyadh - Souq,Riyadh,Chocolate Wafer King,CHW-WFR-05,Snacks,1,9.0,9.0,5.5,card
2026-04-04,TX-B2_poor_baqala-d00-001327,Riyadh - Souq,Riyadh,Chocolate Wafer King,CHW-WFR-05,Snacks,1,9.0,9.0,5.5,cash
2026-04-04,TX-B2_poor_baqala-d00-001328,Riyadh - Souq,Riyadh,Chocolate Wafer King,CHW-WFR-05,Snacks,1,9.0,9.0,5.5,card
2026-04-04,TX-B2_poor_baqala-d00-001329,Riyadh - Souq,Riyadh,Chocolate Wafer King,CHW-WFR-05,Snacks,1,9.0,9.0,5.5,card
2026-04-04,TX-B2_poor_baqala-d00-001330,Riyadh - Souq,Riyadh,Chocolate Wafer King,CHW-WFR-05,Snacks,1,9.0,9.0,5.5,card
2026-04-05,TX-B2_poor_baqala-d00-001331,Riyadh - Souq,Riyadh,Chocolate Wafer King,CHW-WFR-05,Snacks,1,9.0,9.0,5.5,card
2026-04-05,TX-B2_poor_baqala-d00-001332,Riyadh - Souq,Riyadh,Chocolate Wafer King,CHW-WFR-05,Snacks,1,9.0,9.0,5.5,card
2026-04-05,TX-B2_poor_baqala-d00-001333,Riyadh - Souq,Riyadh,Chocolate Wafer King,CHW-WFR-05,Snacks,1,9.0,9.0,5.5,mada
2026-04-06,TX-B2_poor_baqala-d00-001334,Riyadh - Souq,Riyadh,Chocolate Wafer King,CHW-WFR-05,Snacks,1,9.0,9.0,5.5,card
2026-04-06,TX-B2_poor_baqala-d00-001335,Riyadh - Souq,Riyadh,Chocolate Wafer King,CHW-WFR-05,Snacks,1,9.0,9.0,5.5,card
2026-04-06,TX-B2_poor_baqala-d00-001336,Riyadh - Souq,Riyadh,Chocolate Wafer King,CHW-WFR-05,Snacks,1,9.0,9.0,5.5,cash
2026-04-06,TX-B2_poor_baqala-d00-001337,Riyadh - Souq,Riyadh,Chocolate Wafer King,CHW-WFR-05,Snacks,1,9.0,9.0,5.5,card
2026-04-06,TX-B2_poor_baqala-d00-001338,Riyadh - Souq,Riyadh,Chocolate Wafer King,CHW-WFR-05,Snacks,1,9.0,9.0,5.5,card
2026-04-06,TX-B2_poor_baqala-d00-001339,Riyadh - Souq,Riyadh,Chocolate Wafer King,CHW-WFR-05,Snacks,1,9.0,9.0,5.5,card
2026-04-06,TX-B2_poor_baqala-d00-001340,Riyadh - Souq,Riyadh,Chocolate Wafer King,CHW-WFR-05,Snacks,1,9.0,9.0,5.5,cash
2026-04-07,TX-B2_poor_baqala-d00-001341,Riyadh - Souq,Riyadh,Chocolate Wafer King,CHW-WFR-05,Snacks,1,9.0,9.0,5.5,card
2026-04-07,TX-B2_poor_baqala-d00-001342,Riyadh - Souq,Riyadh,Chocolate Wafer King,CHW-WFR-05,Snacks,1,9.0,9.0,5.5,card
2026-04-07,TX-B2_poor_baqala-d00-001343,Riyadh - Souq,Riyadh,Chocolate Wafer King,CHW-WFR-05,Snacks,1,9.0,9.0,5.5,card
2026-04-07,TX-B2_poor_baqala-d00-001344,Riyadh - Souq,Riyadh,Chocolate Wafer King,CHW-WFR-05,Snacks,1,9.0,9.0,5.5,mada
2026-04-07,TX-B2_poor_baqala-d00-001345,Riyadh - Souq,Riyadh,Chocolate Wafer King,CHW-WFR-05,Snacks,1,9.0,9.0,5.5,mada
2026-04-08,TX-B2_poor_baqala-d00-001346,Riyadh - Souq,Riyadh,Chocolate Wafer King,CHW-WFR-05,Snacks,1,9.0,9.0,5.5,mada
2026-04-08,TX-B2_poor_baqala-d00-001347,Riyadh - Souq,Riyadh,Chocolate Wafer King,CHW-WFR-05,Snacks,1,9.0,9.0,5.5,cash
2026-04-08,TX-B2_poor_baqala-d00-001348,Riyadh - Souq,Riyadh,Chocolate Wafer King,CHW-WFR-05,Snacks,1,9.0,9.0,5.5,card
2026-04-08,TX-B2_poor_baqala-d00-001349,Riyadh - Souq,Riyadh,Chocolate Wafer King,CHW-WFR-05,Snacks,1,9.0,9.0,5.5,cash
2026-04-08,TX-B2_poor_baqala-d00-001350,Riyadh - Souq,Riyadh,Chocolate Wafer King,CHW-WFR-05,Snacks,1,9.0,9.0,5.5,card
2026-04-09,TX-B2_poor_baqala-d00-001351,Riyadh - Souq,Riyadh,Chocolate Wafer King,CHW-WFR-05,Snacks,1,9.0,9.0,5.5,card
2026-04-09,TX-B2_poor_baqala-d00-001352,Riyadh - Souq,Riyadh,Chocolate Wafer King,CHW-WFR-05,Snacks,1,9.0,9.0,5.5,cash
2026-04-09,TX-B2_poor_baqala-d00-001353,Riyadh - Souq,Riyadh,Chocolate Wafer King,CHW-WFR-05,Snacks,1,9.0,9.0,5.5,mada
2026-04-09,TX-B2_poor_baqala-d00-001354,Riyadh - Souq,Riyadh,Chocolate Wafer King,CHW-WFR-05,Snacks,1,9.0,9.0,5.5,mada
2026-04-09,TX-B2_poor_baqala-d00-001355,Riyadh - Souq,Riyadh,Chocolate Wafer King,CHW-WFR-05,Snacks,1,9.0,9.0,5.5,mada
2026-04-09,TX-B2_poor_baqala-d00-001356,Riyadh - Souq,Riyadh,Chocolate Wafer King,CHW-WFR-05,Snacks,1,9.0,9.0,5.5,mada
2026-04-09,TX-B2_poor_baqala-d00-001357,Riyadh - Souq,Riyadh,Chocolate Wafer King,CHW-WFR-05,Snacks,1,9.0,9.0,5.5,card
2026-04-10,TX-B2_poor_baqala-d00-001358,Riyadh - Souq,Riyadh,Chocolate Wafer King,CHW-WFR-05,Snacks,1,9.0,9.0,5.5,card
2026-04-10,TX-B2_poor_baqala-d00-001359,Riyadh - Souq,Riyadh,Chocolate Wafer King,CHW-WFR-05,Snacks,1,9.0,9.0,5.5,cash
2026-04-10,TX-B2_poor_baqala-d00-001360,Riyadh - Souq,Riyadh,Chocolate Wafer King,CHW-WFR-05,Snacks,1,9.0,9.0,5.5,cash
2026-04-10,TX-B2_poor_baqala-d00-001361,Riyadh - Souq,Riyadh,Chocolate Wafer King,CHW-WFR-05,Snacks,1,9.0,9.0,5.5,cash
2026-04-10,TX-B2_poor_baqala-d00-001362,Riyadh - Souq,Riyadh,Chocolate Wafer King,CHW-WFR-05,Snacks,1,9.0,9.0,5.5,mada
2026-04-10,TX-B2_poor_baqala-d00-001363,Riyadh - Souq,Riyadh,Chocolate Wafer King,CHW-WFR-05,Snacks,1,9.0,9.0,5.5,mada
2026-04-10,TX-B2_poor_baqala-d00-001364,Riyadh - Souq,Riyadh,Chocolate Wafer King,CHW-WFR-05,Snacks,1,9.0,9.0,5.5,card
2026-04-11,TX-B2_poor_baqala-d00-001365,Riyadh - Souq,Riyadh,Chocolate Wafer King,CHW-WFR-05,Snacks,1,9.0,9.0,5.5,mada
2026-04-11,TX-B2_poor_baqala-d00-001366,Riyadh - Souq,Riyadh,Chocolate Wafer King,CHW-WFR-05,Snacks,1,9.0,9.0,5.5,card
2026-04-11,TX-B2_poor_baqala-d00-001367,Riyadh - Souq,Riyadh,Chocolate Wafer King,CHW-WFR-05,Snacks,1,9.0,9.0,5.5,card
2026-04-11,TX-B2_poor_baqala-d00-001368,Riyadh - Souq,Riyadh,Chocolate Wafer King,CHW-WFR-05,Snacks,1,9.0,9.0,5.5,mada
2026-04-11,TX-B2_poor_baqala-d00-001369,Riyadh - Souq,Riyadh,Chocolate Wafer King,CHW-WFR-05,Snacks,1,9.0,9.0,5.5,cash
2026-04-11,TX-B2_poor_baqala-d00-001370,Riyadh - Souq,Riyadh,Chocolate Wafer King,CHW-WFR-05,Snacks,1,9.0,9.0,5.5,mada
2026-04-11,TX-B2_poor_baqala-d00-001371,Riyadh - Souq,Riyadh,Chocolate Wafer King,CHW-WFR-05,Snacks,1,9.0,9.0,5.5,mada
2026-04-11,TX-B2_poor_baqala-d00-001372,Riyadh - Souq,Riyadh,Chocolate Wafer King,CHW-WFR-05,Snacks,1,9.0,9.0,5.5,mada
2026-04-12,TX-B2_poor_baqala-d00-001373,Riyadh - Souq,Riyadh,Chocolate Wafer King,CHW-WFR-05,Snacks,1,9.0,9.0,5.5,card
2026-04-12,TX-B2_poor_baqala-d00-001374,Riyadh - Souq,Riyadh,Chocolate Wafer King,CHW-WFR-05,Snacks,1,9.0,9.0,5.5,mada
2026-04-12,TX-B2_poor_baqala-d00-001375,Riyadh - Souq,Riyadh,Chocolate Wafer King,CHW-WFR-05,Snacks,1,9.0,9.0,5.5,card
2026-04-12,TX-B2_poor_baqala-d00-001376,Riyadh - Souq,Riyadh,Chocolate Wafer King,CHW-WFR-05,Snacks,1,9.0,9.0,5.5,card
2026-04-12,TX-B2_poor_baqala-d00-001377,Riyadh - Souq,Riyadh,Chocolate Wafer King,CHW-WFR-05,Snacks,1,9.0,9.0,5.5,card
2026-04-12,TX-B2_poor_baqala-d00-001378,Riyadh - Souq,Riyadh,Chocolate Wafer King,CHW-WFR-05,Snacks,1,9.0,9.0,5.5,cash
2026-04-12,TX-B2_poor_baqala-d00-001379,Riyadh - Souq,Riyadh,Chocolate Wafer King,CHW-WFR-05,Snacks,1,9.0,9.0,5.5,cash
2026-04-12,TX-B2_poor_baqala-d00-001380,Riyadh - Souq,Riyadh,Chocolate Wafer King,CHW-WFR-05,Snacks,1,9.0,9.0,5.5,card
2026-04-13,TX-B2_poor_baqala-d00-001381,Riyadh - Souq,Riyadh,Chocolate Wafer King,CHW-WFR-05,Snacks,1,9.0,9.0,5.5,card
2026-04-13,TX-B2_poor_baqala-d00-001382,Riyadh - Souq,Riyadh,Chocolate Wafer King,CHW-WFR-05,Snacks,1,9.0,9.0,5.5,cash
2026-04-13,TX-B2_poor_baqala-d00-001383,Riyadh - Souq,Riyadh,Chocolate Wafer King,CHW-WFR-05,Snacks,1,9.0,9.0,5.5,cash
2026-04-13,TX-B2_poor_baqala-d00-001384,Riyadh - Souq,Riyadh,Chocolate Wafer King,CHW-WFR-05,Snacks,1,9.0,9.0,5.5,cash
2026-04-13,TX-B2_poor_baqala-d00-001385,Riyadh - Souq,Riyadh,Chocolate Wafer King,CHW-WFR-05,Snacks,1,9.0,9.0,5.5,mada
2026-04-13,TX-B2_poor_baqala-d00-001386,Riyadh - Souq,Riyadh,Chocolate Wafer King,CHW-WFR-05,Snacks,1,9.0,9.0,5.5,cash
2026-04-14,TX-B2_poor_baqala-d00-001387,Riyadh - Souq,Riyadh,Chocolate Wafer King,CHW-WFR-05,Snacks,1,9.0,9.0,5.5,mada
2026-04-14,TX-B2_poor_baqala-d00-001388,Riyadh - Souq,Riyadh,Chocolate Wafer King,CHW-WFR-05,Snacks,1,9.0,9.0,5.5,card
2026-04-14,TX-B2_poor_baqala-d00-001389,Riyadh - Souq,Riyadh,Chocolate Wafer King,CHW-WFR-05,Snacks,1,9.0,9.0,5.5,cash
2026-04-15,TX-B2_poor_baqala-d00-001390,Riyadh - Souq,Riyadh,Chocolate Wafer King,CHW-WFR-05,Snacks,1,9.0,9.0,5.5,cash
2026-04-15,TX-B2_poor_baqala-d00-001391,Riyadh - Souq,Riyadh,Chocolate Wafer King,CHW-WFR-05,Snacks,1,9.0,9.0,5.5,cash
2026-04-15,TX-B2_poor_baqala-d00-001392,Riyadh - Souq,Riyadh,Chocolate Wafer King,CHW-WFR-05,Snacks,1,9.0,9.0,5.5,card
2026-04-15,TX-B2_poor_baqala-d00-001393,Riyadh - Souq,Riyadh,Chocolate Wafer King,CHW-WFR-05,Snacks,1,9.0,9.0,5.5,card
2026-04-15,TX-B2_poor_baqala-d00-001394,Riyadh - Souq,Riyadh,Chocolate Wafer King,CHW-WFR-05,Snacks,1,9.0,9.0,5.5,cash
2026-04-15,TX-B2_poor_baqala-d00-001395,Riyadh - Souq,Riyadh,Chocolate Wafer King,CHW-WFR-05,Snacks,1,9.0,9.0,5.5,card
2026-04-15,TX-B2_poor_baqala-d00-001396,Riyadh - Souq,Riyadh,Chocolate Wafer King,CHW-WFR-05,Snacks,1,9.0,9.0,5.5,mada
2026-04-16,TX-B2_poor_baqala-d00-001397,Riyadh - Souq,Riyadh,Chocolate Wafer King,CHW-WFR-05,Snacks,1,9.0,9.0,5.5,card
2026-04-16,TX-B2_poor_baqala-d00-001398,Riyadh - Souq,Riyadh,Chocolate Wafer King,CHW-WFR-05,Snacks,1,9.0,9.0,5.5,cash
2026-04-16,TX-B2_poor_baqala-d00-001399,Riyadh - Souq,Riyadh,Chocolate Wafer King,CHW-WFR-05,Snacks,1,9.0,9.0,5.5,card
2026-04-16,TX-B2_poor_baqala-d00-001400,Riyadh - Souq,Riyadh,Chocolate Wafer King,CHW-WFR-05,Snacks,1,9.0,9.0,5.5,card
2026-04-16,TX-B2_poor_baqala-d00-001401,Riyadh - Souq,Riyadh,Chocolate Wafer King,CHW-WFR-05,Snacks,1,9.0,9.0,5.5,card
2026-04-17,TX-B2_poor_baqala-d00-001402,Riyadh - Souq,Riyadh,Chocolate Wafer King,CHW-WFR-05,Snacks,1,9.0,9.0,5.5,mada
2026-04-18,TX-B2_poor_baqala-d00-001403,Riyadh - Souq,Riyadh,Chocolate Wafer King,CHW-WFR-05,Snacks,1,9.0,9.0,5.5,mada
2026-04-18,TX-B2_poor_baqala-d00-001404,Riyadh - Souq,Riyadh,Chocolate Wafer King,CHW-WFR-05,Snacks,1,9.0,9.0,5.5,mada
2026-04-18,TX-B2_poor_baqala-d00-001405,Riyadh - Souq,Riyadh,Chocolate Wafer King,CHW-WFR-05,Snacks,1,9.0,9.0,5.5,mada
2026-04-18,TX-B2_poor_baqala-d00-001406,Riyadh - Souq,Riyadh,Chocolate Wafer King,CHW-WFR-05,Snacks,1,9.0,9.0,5.5,card
2026-04-18,TX-B2_poor_baqala-d00-001407,Riyadh - Souq,Riyadh,Chocolate Wafer King,CHW-WFR-05,Snacks,1,9.0,9.0,5.5,card
2026-04-18,TX-B2_poor_baqala-d00-001408,Riyadh - Souq,Riyadh,Chocolate Wafer King,CHW-WFR-05,Snacks,1,9.0,9.0,5.5,card
2026-04-18,TX-B2_poor_baqala-d00-001409,Riyadh - Souq,Riyadh,Chocolate Wafer King,CHW-WFR-05,Snacks,1,9.0,9.0,5.5,mada
2026-04-18,TX-B2_poor_baqala-d00-001410,Riyadh - Souq,Riyadh,Chocolate Wafer King,CHW-WFR-05,Snacks,1,9.0,9.0,5.5,card
2026-04-19,TX-B2_poor_baqala-d00-001411,Riyadh - Souq,Riyadh,Chocolate Wafer King,CHW-WFR-05,Snacks,1,9.0,9.0,5.5,mada
2026-04-19,TX-B2_poor_baqala-d00-001412,Riyadh - Souq,Riyadh,Chocolate Wafer King,CHW-WFR-05,Snacks,1,9.0,9.0,5.5,mada
2026-04-19,TX-B2_poor_baqala-d00-001413,Riyadh - Souq,Riyadh,Chocolate Wafer King,CHW-WFR-05,Snacks,1,9.0,9.0,5.5,mada
2026-04-19,TX-B2_poor_baqala-d00-001414,Riyadh - Souq,Riyadh,Chocolate Wafer King,CHW-WFR-05,Snacks,1,9.0,9.0,5.5,cash
2026-04-19,TX-B2_poor_baqala-d00-001415,Riyadh - Souq,Riyadh,Chocolate Wafer King,CHW-WFR-05,Snacks,1,9.0,9.0,5.5,card
2026-04-19,TX-B2_poor_baqala-d00-001416,Riyadh - Souq,Riyadh,Chocolate Wafer King,CHW-WFR-05,Snacks,1,9.0,9.0,5.5,cash
2026-04-20,TX-B2_poor_baqala-d00-001417,Riyadh - Souq,Riyadh,Chocolate Wafer King,CHW-WFR-05,Snacks,1,9.0,9.0,5.5,card
2026-04-20,TX-B2_poor_baqala-d00-001418,Riyadh - Souq,Riyadh,Chocolate Wafer King,CHW-WFR-05,Snacks,1,9.0,9.0,5.5,cash
2026-04-20,TX-B2_poor_baqala-d00-001419,Riyadh - Souq,Riyadh,Chocolate Wafer King,CHW-WFR-05,Snacks,1,9.0,9.0,5.5,card
2026-04-21,TX-B2_poor_baqala-d00-001420,Riyadh - Souq,Riyadh,Chocolate Wafer King,CHW-WFR-05,Snacks,1,9.0,9.0,5.5,mada
2026-04-21,TX-B2_poor_baqala-d00-001421,Riyadh - Souq,Riyadh,Chocolate Wafer King,CHW-WFR-05,Snacks,1,9.0,9.0,5.5,mada
2026-04-21,TX-B2_poor_baqala-d00-001422,Riyadh - Souq,Riyadh,Chocolate Wafer King,CHW-WFR-05,Snacks,1,9.0,9.0,5.5,cash
2026-04-22,TX-B2_poor_baqala-d00-001423,Riyadh - Souq,Riyadh,Chocolate Wafer King,CHW-WFR-05,Snacks,1,9.0,9.0,5.5,cash
2026-04-22,TX-B2_poor_baqala-d00-001424,Riyadh - Souq,Riyadh,Chocolate Wafer King,CHW-WFR-05,Snacks,1,9.0,9.0,5.5,cash
2026-04-22,TX-B2_poor_baqala-d00-001425,Riyadh - Souq,Riyadh,Chocolate Wafer King,CHW-WFR-05,Snacks,1,9.0,9.0,5.5,mada
2026-04-22,TX-B2_poor_baqala-d00-001426,Riyadh - Souq,Riyadh,Chocolate Wafer King,CHW-WFR-05,Snacks,1,9.0,9.0,5.5,card
2026-04-22,TX-B2_poor_baqala-d00-001427,Riyadh - Souq,Riyadh,Chocolate Wafer King,CHW-WFR-05,Snacks,1,9.0,9.0,5.5,card
2026-04-23,TX-B2_poor_baqala-d00-001428,Riyadh - Souq,Riyadh,Chocolate Wafer King,CHW-WFR-05,Snacks,1,9.0,9.0,5.5,mada
2026-04-23,TX-B2_poor_baqala-d00-001429,Riyadh - Souq,Riyadh,Chocolate Wafer King,CHW-WFR-05,Snacks,1,9.0,9.0,5.5,card
2026-04-23,TX-B2_poor_baqala-d00-001430,Riyadh - Souq,Riyadh,Chocolate Wafer King,CHW-WFR-05,Snacks,1,9.0,9.0,5.5,card
2026-04-23,TX-B2_poor_baqala-d00-001431,Riyadh - Souq,Riyadh,Chocolate Wafer King,CHW-WFR-05,Snacks,1,9.0,9.0,5.5,card
2026-04-23,TX-B2_poor_baqala-d00-001432,Riyadh - Souq,Riyadh,Chocolate Wafer King,CHW-WFR-05,Snacks,1,9.0,9.0,5.5,mada
2026-04-23,TX-B2_poor_baqala-d00-001433,Riyadh - Souq,Riyadh,Chocolate Wafer King,CHW-WFR-05,Snacks,1,9.0,9.0,5.5,cash
2026-04-23,TX-B2_poor_baqala-d00-001434,Riyadh - Souq,Riyadh,Chocolate Wafer King,CHW-WFR-05,Snacks,1,9.0,9.0,5.5,cash
2026-04-24,TX-B2_poor_baqala-d00-001435,Riyadh - Souq,Riyadh,Chocolate Wafer King,CHW-WFR-05,Snacks,1,9.0,9.0,5.5,card
2026-04-24,TX-B2_poor_baqala-d00-001436,Riyadh - Souq,Riyadh,Chocolate Wafer King,CHW-WFR-05,Snacks,1,9.0,9.0,5.5,card
2026-04-24,TX-B2_poor_baqala-d00-001437,Riyadh - Souq,Riyadh,Chocolate Wafer King,CHW-WFR-05,Snacks,1,9.0,9.0,5.5,cash
2026-04-25,TX-B2_poor_baqala-d00-001438,Riyadh - Souq,Riyadh,Chocolate Wafer King,CHW-WFR-05,Snacks,1,9.0,9.0,5.5,mada
2026-04-25,TX-B2_poor_baqala-d00-001439,Riyadh - Souq,Riyadh,Chocolate Wafer King,CHW-WFR-05,Snacks,1,9.0,9.0,5.5,cash
2026-04-25,TX-B2_poor_baqala-d00-001440,Riyadh - Souq,Riyadh,Chocolate Wafer King,CHW-WFR-05,Snacks,1,9.0,9.0,5.5,card
2026-04-25,TX-B2_poor_baqala-d00-001441,Riyadh - Souq,Riyadh,Chocolate Wafer King,CHW-WFR-05,Snacks,1,9.0,9.0,5.5,mada
2026-04-25,TX-B2_poor_baqala-d00-001442,Riyadh - Souq,Riyadh,Chocolate Wafer King,CHW-WFR-05,Snacks,1,9.0,9.0,5.5,mada
2026-04-25,TX-B2_poor_baqala-d00-001443,Riyadh - Souq,Riyadh,Chocolate Wafer King,CHW-WFR-05,Snacks,1,9.0,9.0,5.5,cash
2026-04-26,TX-B2_poor_baqala-d00-001444,Riyadh - Souq,Riyadh,Chocolate Wafer King,CHW-WFR-05,Snacks,1,9.0,9.0,5.5,card
2026-04-26,TX-B2_poor_baqala-d00-001445,Riyadh - Souq,Riyadh,Chocolate Wafer King,CHW-WFR-05,Snacks,1,9.0,9.0,5.5,card
2026-04-26,TX-B2_poor_baqala-d00-001446,Riyadh - Souq,Riyadh,Chocolate Wafer King,CHW-WFR-05,Snacks,1,9.0,9.0,5.5,mada
2026-04-26,TX-B2_poor_baqala-d00-001447,Riyadh - Souq,Riyadh,Chocolate Wafer King,CHW-WFR-05,Snacks,1,9.0,9.0,5.5,card
2026-04-26,TX-B2_poor_baqala-d00-001448,Riyadh - Souq,Riyadh,Chocolate Wafer King,CHW-WFR-05,Snacks,1,9.0,9.0,5.5,cash
2026-04-26,TX-B2_poor_baqala-d00-001449,Riyadh - Souq,Riyadh,Chocolate Wafer King,CHW-WFR-05,Snacks,1,9.0,9.0,5.5,mada
2026-04-26,TX-B2_poor_baqala-d00-001450,Riyadh - Souq,Riyadh,Chocolate Wafer King,CHW-WFR-05,Snacks,1,9.0,9.0,5.5,cash
2026-04-27,TX-B2_poor_baqala-d00-001451,Riyadh - Souq,Riyadh,Chocolate Wafer King,CHW-WFR-05,Snacks,1,9.0,9.0,5.5,mada
2026-04-27,TX-B2_poor_baqala-d00-001452,Riyadh - Souq,Riyadh,Chocolate Wafer King,CHW-WFR-05,Snacks,1,9.0,9.0,5.5,mada
2026-04-27,TX-B2_poor_baqala-d00-001453,Riyadh - Souq,Riyadh,Chocolate Wafer King,CHW-WFR-05,Snacks,1,9.0,9.0,5.5,mada
2026-04-27,TX-B2_poor_baqala-d00-001454,Riyadh - Souq,Riyadh,Chocolate Wafer King,CHW-WFR-05,Snacks,1,9.0,9.0,5.5,cash
2026-04-27,TX-B2_poor_baqala-d00-001455,Riyadh - Souq,Riyadh,Chocolate Wafer King,CHW-WFR-05,Snacks,1,9.0,9.0,5.5,mada
2026-04-27,TX-B2_poor_baqala-d00-001456,Riyadh - Souq,Riyadh,Chocolate Wafer King,CHW-WFR-05,Snacks,1,9.0,9.0,5.5,cash
2026-04-28,TX-B2_poor_baqala-d00-001457,Riyadh - Souq,Riyadh,Chocolate Wafer King,CHW-WFR-05,Snacks,1,9.0,9.0,5.5,mada
2026-04-28,TX-B2_poor_baqala-d00-001458,Riyadh - Souq,Riyadh,Chocolate Wafer King,CHW-WFR-05,Snacks,1,9.0,9.0,5.5,card
2026-04-28,TX-B2_poor_baqala-d00-001459,Riyadh - Souq,Riyadh,Chocolate Wafer King,CHW-WFR-05,Snacks,1,9.0,9.0,5.5,mada
2026-04-28,TX-B2_poor_baqala-d00-001460,Riyadh - Souq,Riyadh,Chocolate Wafer King,CHW-WFR-05,Snacks,1,9.0,9.0,5.5,cash
2026-04-28,TX-B2_poor_baqala-d00-001461,Riyadh - Souq,Riyadh,Chocolate Wafer King,CHW-WFR-05,Snacks,1,9.0,9.0,5.5,mada
2026-04-28,TX-B2_poor_baqala-d00-001462,Riyadh - Souq,Riyadh,Chocolate Wafer King,CHW-WFR-05,Snacks,1,9.0,9.0,5.5,cash
2026-04-28,TX-B2_poor_baqala-d00-001463,Riyadh - Souq,Riyadh,Chocolate Wafer King,CHW-WFR-05,Snacks,1,9.0,9.0,5.5,cash
2026-04-28,TX-B2_poor_baqala-d00-001464,Riyadh - Souq,Riyadh,Chocolate Wafer King,CHW-WFR-05,Snacks,1,9.0,9.0,5.5,cash
2026-04-28,TX-B2_poor_baqala-d00-001465,Riyadh - Souq,Riyadh,Chocolate Wafer King,CHW-WFR-05,Snacks,1,9.0,9.0,5.5,card
2026-04-28,TX-B2_poor_baqala-d00-001466,Riyadh - Souq,Riyadh,Chocolate Wafer King,CHW-WFR-05,Snacks,1,9.0,9.0,5.5,card
2026-04-29,TX-B2_poor_baqala-d00-001467,Riyadh - Souq,Riyadh,Chocolate Wafer King,CHW-WFR-05,Snacks,1,9.0,9.0,5.5,mada
2026-04-29,TX-B2_poor_baqala-d00-001468,Riyadh - Souq,Riyadh,Chocolate Wafer King,CHW-WFR-05,Snacks,1,9.0,9.0,5.5,mada
2026-04-29,TX-B2_poor_baqala-d00-001469,Riyadh - Souq,Riyadh,Chocolate Wafer King,CHW-WFR-05,Snacks,1,9.0,9.0,5.5,cash
2026-04-30,TX-B2_poor_baqala-d00-001470,Riyadh - Souq,Riyadh,Chocolate Wafer King,CHW-WFR-05,Snacks,1,9.0,9.0,5.5,card
2026-04-30,TX-B2_poor_baqala-d00-001471,Riyadh - Souq,Riyadh,Chocolate Wafer King,CHW-WFR-05,Snacks,1,9.0,9.0,5.5,mada
2026-04-30,TX-B2_poor_baqala-d00-001472,Riyadh - Souq,Riyadh,Chocolate Wafer King,CHW-WFR-05,Snacks,1,9.0,9.0,5.5,mada
2026-04-30,TX-B2_poor_baqala-d00-001473,Riyadh - Souq,Riyadh,Chocolate Wafer King,CHW-WFR-05,Snacks,1,9.0,9.0,5.5,cash
2026-04-30,TX-B2_poor_baqala-d00-001474,Riyadh - Souq,Riyadh,Chocolate Wafer King,CHW-WFR-05,Snacks,1,9.0,9.0,5.5,card
2026-05-01,TX-B2_poor_baqala-d00-001475,Riyadh - Souq,Riyadh,Chocolate Wafer King,CHW-WFR-05,Snacks,1,9.0,9.0,5.5,mada
2026-05-01,TX-B2_poor_baqala-d00-001476,Riyadh - Souq,Riyadh,Chocolate Wafer King,CHW-WFR-05,Snacks,1,9.0,9.0,5.5,mada
2026-05-01,TX-B2_poor_baqala-d00-001477,Riyadh - Souq,Riyadh,Chocolate Wafer King,CHW-WFR-05,Snacks,1,9.0,9.0,5.5,mada
2026-05-01,TX-B2_poor_baqala-d00-001478,Riyadh - Souq,Riyadh,Chocolate Wafer King,CHW-WFR-05,Snacks,1,9.0,9.0,5.5,mada
2026-05-01,TX-B2_poor_baqala-d00-001479,Riyadh - Souq,Riyadh,Chocolate Wafer King,CHW-WFR-05,Snacks,1,9.0,9.0,5.5,card
2026-05-01,TX-B2_poor_baqala-d00-001480,Riyadh - Souq,Riyadh,Chocolate Wafer King,CHW-WFR-05,Snacks,1,9.0,9.0,5.5,card
2026-05-02,TX-B2_poor_baqala-d00-001481,Riyadh - Souq,Riyadh,Chocolate Wafer King,CHW-WFR-05,Snacks,1,9.0,9.0,5.5,card
2026-05-02,TX-B2_poor_baqala-d00-001482,Riyadh - Souq,Riyadh,Chocolate Wafer King,CHW-WFR-05,Snacks,1,9.0,9.0,5.5,mada
2026-05-02,TX-B2_poor_baqala-d00-001483,Riyadh - Souq,Riyadh,Chocolate Wafer King,CHW-WFR-05,Snacks,1,9.0,9.0,5.5,card
2026-05-02,TX-B2_poor_baqala-d00-001484,Riyadh - Souq,Riyadh,Chocolate Wafer King,CHW-WFR-05,Snacks,1,9.0,9.0,5.5,mada
2026-05-02,TX-B2_poor_baqala-d00-001485,Riyadh - Souq,Riyadh,Chocolate Wafer King,CHW-WFR-05,Snacks,1,9.0,9.0,5.5,cash
2026-05-03,TX-B2_poor_baqala-d00-001486,Riyadh - Souq,Riyadh,Chocolate Wafer King,CHW-WFR-05,Snacks,1,9.0,9.0,5.5,card
2026-05-03,TX-B2_poor_baqala-d00-001487,Riyadh - Souq,Riyadh,Chocolate Wafer King,CHW-WFR-05,Snacks,1,9.0,9.0,5.5,card
2026-05-03,TX-B2_poor_baqala-d00-001488,Riyadh - Souq,Riyadh,Chocolate Wafer King,CHW-WFR-05,Snacks,1,9.0,9.0,5.5,card
2026-05-03,TX-B2_poor_baqala-d00-001489,Riyadh - Souq,Riyadh,Chocolate Wafer King,CHW-WFR-05,Snacks,1,9.0,9.0,5.5,card
2026-05-03,TX-B2_poor_baqala-d00-001490,Riyadh - Souq,Riyadh,Chocolate Wafer King,CHW-WFR-05,Snacks,1,9.0,9.0,5.5,mada
2026-05-03,TX-B2_poor_baqala-d00-001491,Riyadh - Souq,Riyadh,Chocolate Wafer King,CHW-WFR-05,Snacks,1,9.0,9.0,5.5,mada
2026-05-04,TX-B2_poor_baqala-d00-001492,Riyadh - Souq,Riyadh,Chocolate Wafer King,CHW-WFR-05,Snacks,1,9.0,9.0,5.5,card
2026-05-04,TX-B2_poor_baqala-d00-001493,Riyadh - Souq,Riyadh,Chocolate Wafer King,CHW-WFR-05,Snacks,1,9.0,9.0,5.5,mada
2026-05-04,TX-B2_poor_baqala-d00-001494,Riyadh - Souq,Riyadh,Chocolate Wafer King,CHW-WFR-05,Snacks,1,9.0,9.0,5.5,cash
2026-05-04,TX-B2_poor_baqala-d00-001495,Riyadh - Souq,Riyadh,Chocolate Wafer King,CHW-WFR-05,Snacks,1,9.0,9.0,5.5,mada
2026-05-04,TX-B2_poor_baqala-d00-001496,Riyadh - Souq,Riyadh,Chocolate Wafer King,CHW-WFR-05,Snacks,1,9.0,9.0,5.5,card
2026-05-04,TX-B2_poor_baqala-d00-001497,Riyadh - Souq,Riyadh,Chocolate Wafer King,CHW-WFR-05,Snacks,1,9.0,9.0,5.5,mada
2026-05-04,TX-B2_poor_baqala-d00-001498,Riyadh - Souq,Riyadh,Chocolate Wafer King,CHW-WFR-05,Snacks,1,9.0,9.0,5.5,card
2026-05-04,TX-B2_poor_baqala-d00-001499,Riyadh - Souq,Riyadh,Chocolate Wafer King,CHW-WFR-05,Snacks,1,9.0,9.0,5.5,card
2026-05-04,TX-B2_poor_baqala-d00-001500,Riyadh - Souq,Riyadh,Chocolate Wafer King,CHW-WFR-05,Snacks,1,9.0,9.0,5.5,mada
2026-05-05,TX-B2_poor_baqala-d00-001501,Riyadh - Souq,Riyadh,Chocolate Wafer King,CHW-WFR-05,Snacks,1,9.0,9.0,5.5,cash
2026-05-05,TX-B2_poor_baqala-d00-001502,Riyadh - Souq,Riyadh,Chocolate Wafer King,CHW-WFR-05,Snacks,1,9.0,9.0,5.5,card
2026-05-05,TX-B2_poor_baqala-d00-001503,Riyadh - Souq,Riyadh,Chocolate Wafer King,CHW-WFR-05,Snacks,1,9.0,9.0,5.5,mada
2026-05-05,TX-B2_poor_baqala-d00-001504,Riyadh - Souq,Riyadh,Chocolate Wafer King,CHW-WFR-05,Snacks,1,9.0,9.0,5.5,mada
2026-05-05,TX-B2_poor_baqala-d00-001505,Riyadh - Souq,Riyadh,Chocolate Wafer King,CHW-WFR-05,Snacks,1,9.0,9.0,5.5,card
2026-05-05,TX-B2_poor_baqala-d00-001506,Riyadh - Souq,Riyadh,Chocolate Wafer King,CHW-WFR-05,Snacks,1,9.0,9.0,5.5,mada
2026-05-06,TX-B2_poor_baqala-d00-001507,Riyadh - Souq,Riyadh,Chocolate Wafer King,CHW-WFR-05,Snacks,1,9.0,9.0,5.5,mada
2026-05-06,TX-B2_poor_baqala-d00-001508,Riyadh - Souq,Riyadh,Chocolate Wafer King,CHW-WFR-05,Snacks,1,9.0,9.0,5.5,card
2026-05-06,TX-B2_poor_baqala-d00-001509,Riyadh - Souq,Riyadh,Chocolate Wafer King,CHW-WFR-05,Snacks,1,9.0,9.0,5.5,card
2026-05-06,TX-B2_poor_baqala-d00-001510,Riyadh - Souq,Riyadh,Chocolate Wafer King,CHW-WFR-05,Snacks,1,9.0,9.0,5.5,card
2026-05-06,TX-B2_poor_baqala-d00-001511,Riyadh - Souq,Riyadh,Chocolate Wafer King,CHW-WFR-05,Snacks,1,9.0,9.0,5.5,card
2026-05-07,TX-B2_poor_baqala-d00-001512,Riyadh - Souq,Riyadh,Chocolate Wafer King,CHW-WFR-05,Snacks,1,9.0,9.0,5.5,card
2026-05-07,TX-B2_poor_baqala-d00-001513,Riyadh - Souq,Riyadh,Chocolate Wafer King,CHW-WFR-05,Snacks,1,9.0,9.0,5.5,cash
2026-05-07,TX-B2_poor_baqala-d00-001514,Riyadh - Souq,Riyadh,Chocolate Wafer King,CHW-WFR-05,Snacks,1,9.0,9.0,5.5,card
2026-05-07,TX-B2_poor_baqala-d00-001515,Riyadh - Souq,Riyadh,Chocolate Wafer King,CHW-WFR-05,Snacks,1,9.0,9.0,5.5,card
2026-05-07,TX-B2_poor_baqala-d00-001516,Riyadh - Souq,Riyadh,Chocolate Wafer King,CHW-WFR-05,Snacks,1,9.0,9.0,5.5,mada
2026-05-07,TX-B2_poor_baqala-d00-001517,Riyadh - Souq,Riyadh,Chocolate Wafer King,CHW-WFR-05,Snacks,1,9.0,9.0,5.5,mada
2026-05-08,TX-B2_poor_baqala-d00-001518,Riyadh - Souq,Riyadh,Chocolate Wafer King,CHW-WFR-05,Snacks,1,9.0,9.0,5.5,cash
2026-05-08,TX-B2_poor_baqala-d00-001519,Riyadh - Souq,Riyadh,Chocolate Wafer King,CHW-WFR-05,Snacks,1,9.0,9.0,5.5,cash
2026-05-08,TX-B2_poor_baqala-d00-001520,Riyadh - Souq,Riyadh,Chocolate Wafer King,CHW-WFR-05,Snacks,1,9.0,9.0,5.5,cash
2026-05-08,TX-B2_poor_baqala-d00-001521,Riyadh - Souq,Riyadh,Chocolate Wafer King,CHW-WFR-05,Snacks,1,9.0,9.0,5.5,mada
2026-05-08,TX-B2_poor_baqala-d00-001522,Riyadh - Souq,Riyadh,Chocolate Wafer King,CHW-WFR-05,Snacks,1,9.0,9.0,5.5,mada
2026-05-08,TX-B2_poor_baqala-d00-001523,Riyadh - Souq,Riyadh,Chocolate Wafer King,CHW-WFR-05,Snacks,1,9.0,9.0,5.5,mada
2026-05-08,TX-B2_poor_baqala-d00-001524,Riyadh - Souq,Riyadh,Chocolate Wafer King,CHW-WFR-05,Snacks,1,9.0,9.0,5.5,mada
2026-05-09,TX-B2_poor_baqala-d00-001525,Riyadh - Souq,Riyadh,Chocolate Wafer King,CHW-WFR-05,Snacks,1,9.0,9.0,5.5,mada
2026-05-09,TX-B2_poor_baqala-d00-001526,Riyadh - Souq,Riyadh,Chocolate Wafer King,CHW-WFR-05,Snacks,1,9.0,9.0,5.5,card
2026-05-09,TX-B2_poor_baqala-d00-001527,Riyadh - Souq,Riyadh,Chocolate Wafer King,CHW-WFR-05,Snacks,1,9.0,9.0,5.5,mada
2026-05-09,TX-B2_poor_baqala-d00-001528,Riyadh - Souq,Riyadh,Chocolate Wafer King,CHW-WFR-05,Snacks,1,9.0,9.0,5.5,card
2026-05-09,TX-B2_poor_baqala-d00-001529,Riyadh - Souq,Riyadh,Chocolate Wafer King,CHW-WFR-05,Snacks,1,9.0,9.0,5.5,mada
2026-05-09,TX-B2_poor_baqala-d00-001530,Riyadh - Souq,Riyadh,Chocolate Wafer King,CHW-WFR-05,Snacks,1,9.0,9.0,5.5,card
2026-05-09,TX-B2_poor_baqala-d00-001531,Riyadh - Souq,Riyadh,Chocolate Wafer King,CHW-WFR-05,Snacks,1,9.0,9.0,5.5,cash
2026-05-09,TX-B2_poor_baqala-d00-001532,Riyadh - Souq,Riyadh,Chocolate Wafer King,CHW-WFR-05,Snacks,1,9.0,9.0,5.5,card
2026-05-09,TX-B2_poor_baqala-d00-001533,Riyadh - Souq,Riyadh,Chocolate Wafer King,CHW-WFR-05,Snacks,1,9.0,9.0,5.5,cash
2026-05-09,TX-B2_poor_baqala-d00-001534,Riyadh - Souq,Riyadh,Chocolate Wafer King,CHW-WFR-05,Snacks,1,9.0,9.0,5.5,cash
2026-05-09,TX-B2_poor_baqala-d00-001535,Riyadh - Souq,Riyadh,Chocolate Wafer King,CHW-WFR-05,Snacks,1,9.0,9.0,5.5,mada
2026-05-10,TX-B2_poor_baqala-d00-001536,Riyadh - Souq,Riyadh,Chocolate Wafer King,CHW-WFR-05,Snacks,1,9.0,9.0,5.5,mada
2026-05-10,TX-B2_poor_baqala-d00-001537,Riyadh - Souq,Riyadh,Chocolate Wafer King,CHW-WFR-05,Snacks,1,9.0,9.0,5.5,cash
2026-05-10,TX-B2_poor_baqala-d00-001538,Riyadh - Souq,Riyadh,Chocolate Wafer King,CHW-WFR-05,Snacks,1,9.0,9.0,5.5,card
2026-05-10,TX-B2_poor_baqala-d00-001539,Riyadh - Souq,Riyadh,Chocolate Wafer King,CHW-WFR-05,Snacks,1,9.0,9.0,5.5,card
2026-05-10,TX-B2_poor_baqala-d00-001540,Riyadh - Souq,Riyadh,Chocolate Wafer King,CHW-WFR-05,Snacks,1,9.0,9.0,5.5,mada
2026-05-10,TX-B2_poor_baqala-d00-001541,Riyadh - Souq,Riyadh,Chocolate Wafer King,CHW-WFR-05,Snacks,1,9.0,9.0,5.5,mada
2026-05-10,TX-B2_poor_baqala-d00-001542,Riyadh - Souq,Riyadh,Chocolate Wafer King,CHW-WFR-05,Snacks,1,9.0,9.0,5.5,cash
2026-05-11,TX-B2_poor_baqala-d00-001543,Riyadh - Souq,Riyadh,Chocolate Wafer King,CHW-WFR-05,Snacks,1,9.0,9.0,5.5,card
2026-05-11,TX-B2_poor_baqala-d00-001544,Riyadh - Souq,Riyadh,Chocolate Wafer King,CHW-WFR-05,Snacks,1,9.0,9.0,5.5,mada
2026-05-11,TX-B2_poor_baqala-d00-001545,Riyadh - Souq,Riyadh,Chocolate Wafer King,CHW-WFR-05,Snacks,1,9.0,9.0,5.5,cash
2026-05-11,TX-B2_poor_baqala-d00-001546,Riyadh - Souq,Riyadh,Chocolate Wafer King,CHW-WFR-05,Snacks,1,9.0,9.0,5.5,card
2026-05-11,TX-B2_poor_baqala-d00-001547,Riyadh - Souq,Riyadh,Chocolate Wafer King,CHW-WFR-05,Snacks,1,9.0,9.0,5.5,cash
2026-05-11,TX-B2_poor_baqala-d00-001548,Riyadh - Souq,Riyadh,Chocolate Wafer King,CHW-WFR-05,Snacks,1,9.0,9.0,5.5,cash
2026-05-12,TX-B2_poor_baqala-d00-001549,Riyadh - Souq,Riyadh,Chocolate Wafer King,CHW-WFR-05,Snacks,1,9.0,9.0,5.5,card
2026-05-12,TX-B2_poor_baqala-d00-001550,Riyadh - Souq,Riyadh,Chocolate Wafer King,CHW-WFR-05,Snacks,1,9.0,9.0,5.5,mada
2026-05-12,TX-B2_poor_baqala-d00-001551,Riyadh - Souq,Riyadh,Chocolate Wafer King,CHW-WFR-05,Snacks,1,9.0,9.0,5.5,cash
2026-05-12,TX-B2_poor_baqala-d00-001552,Riyadh - Souq,Riyadh,Chocolate Wafer King,CHW-WFR-05,Snacks,1,9.0,9.0,5.5,mada
2026-05-12,TX-B2_poor_baqala-d00-001553,Riyadh - Souq,Riyadh,Chocolate Wafer King,CHW-WFR-05,Snacks,1,9.0,9.0,5.5,mada
2026-05-13,TX-B2_poor_baqala-d00-001554,Riyadh - Souq,Riyadh,Chocolate Wafer King,CHW-WFR-05,Snacks,1,9.0,9.0,5.5,card
2026-05-13,TX-B2_poor_baqala-d00-001555,Riyadh - Souq,Riyadh,Chocolate Wafer King,CHW-WFR-05,Snacks,1,9.0,9.0,5.5,mada
2026-05-13,TX-B2_poor_baqala-d00-001556,Riyadh - Souq,Riyadh,Chocolate Wafer King,CHW-WFR-05,Snacks,1,9.0,9.0,5.5,cash
2026-05-13,TX-B2_poor_baqala-d00-001557,Riyadh - Souq,Riyadh,Chocolate Wafer King,CHW-WFR-05,Snacks,1,9.0,9.0,5.5,card
2026-05-13,TX-B2_poor_baqala-d00-001558,Riyadh - Souq,Riyadh,Chocolate Wafer King,CHW-WFR-05,Snacks,1,9.0,9.0,5.5,mada
2026-05-13,TX-B2_poor_baqala-d00-001559,Riyadh - Souq,Riyadh,Chocolate Wafer King,CHW-WFR-05,Snacks,1,9.0,9.0,5.5,cash
2026-05-14,TX-B2_poor_baqala-d00-001560,Riyadh - Souq,Riyadh,Chocolate Wafer King,CHW-WFR-05,Snacks,1,9.0,9.0,5.5,cash
2026-05-14,TX-B2_poor_baqala-d00-001561,Riyadh - Souq,Riyadh,Chocolate Wafer King,CHW-WFR-05,Snacks,1,9.0,9.0,5.5,card
2026-05-14,TX-B2_poor_baqala-d00-001562,Riyadh - Souq,Riyadh,Chocolate Wafer King,CHW-WFR-05,Snacks,1,9.0,9.0,5.5,mada
2026-05-14,TX-B2_poor_baqala-d00-001563,Riyadh - Souq,Riyadh,Chocolate Wafer King,CHW-WFR-05,Snacks,1,9.0,9.0,5.5,mada
2026-05-14,TX-B2_poor_baqala-d00-001564,Riyadh - Souq,Riyadh,Chocolate Wafer King,CHW-WFR-05,Snacks,1,9.0,9.0,5.5,mada
2026-05-14,TX-B2_poor_baqala-d00-001565,Riyadh - Souq,Riyadh,Chocolate Wafer King,CHW-WFR-05,Snacks,1,9.0,9.0,5.5,cash
2026-05-15,TX-B2_poor_baqala-d00-001566,Riyadh - Souq,Riyadh,Chocolate Wafer King,CHW-WFR-05,Snacks,1,9.0,9.0,5.5,card
2026-05-15,TX-B2_poor_baqala-d00-001567,Riyadh - Souq,Riyadh,Chocolate Wafer King,CHW-WFR-05,Snacks,1,9.0,9.0,5.5,mada
2026-05-15,TX-B2_poor_baqala-d00-001568,Riyadh - Souq,Riyadh,Chocolate Wafer King,CHW-WFR-05,Snacks,1,9.0,9.0,5.5,card
2026-05-15,TX-B2_poor_baqala-d00-001569,Riyadh - Souq,Riyadh,Chocolate Wafer King,CHW-WFR-05,Snacks,1,9.0,9.0,5.5,cash
2026-05-15,TX-B2_poor_baqala-d00-001570,Riyadh - Souq,Riyadh,Chocolate Wafer King,CHW-WFR-05,Snacks,1,9.0,9.0,5.5,cash
2026-05-15,TX-B2_poor_baqala-d00-001571,Riyadh - Souq,Riyadh,Chocolate Wafer King,CHW-WFR-05,Snacks,1,9.0,9.0,5.5,cash
2026-05-16,TX-B2_poor_baqala-d00-001572,Riyadh - Souq,Riyadh,Chocolate Wafer King,CHW-WFR-05,Snacks,1,9.0,9.0,5.5,card
2026-05-16,TX-B2_poor_baqala-d00-001573,Riyadh - Souq,Riyadh,Chocolate Wafer King,CHW-WFR-05,Snacks,1,9.0,9.0,5.5,cash
2026-05-16,TX-B2_poor_baqala-d00-001574,Riyadh - Souq,Riyadh,Chocolate Wafer King,CHW-WFR-05,Snacks,1,9.0,9.0,5.5,card
2026-05-16,TX-B2_poor_baqala-d00-001575,Riyadh - Souq,Riyadh,Chocolate Wafer King,CHW-WFR-05,Snacks,1,9.0,9.0,5.5,mada
2026-05-16,TX-B2_poor_baqala-d00-001576,Riyadh - Souq,Riyadh,Chocolate Wafer King,CHW-WFR-05,Snacks,1,9.0,9.0,5.5,cash
2026-05-16,TX-B2_poor_baqala-d00-001577,Riyadh - Souq,Riyadh,Chocolate Wafer King,CHW-WFR-05,Snacks,1,9.0,9.0,5.5,cash
2026-05-17,TX-B2_poor_baqala-d00-001578,Riyadh - Souq,Riyadh,Chocolate Wafer King,CHW-WFR-05,Snacks,1,9.0,9.0,5.5,mada
2026-05-17,TX-B2_poor_baqala-d00-001579,Riyadh - Souq,Riyadh,Chocolate Wafer King,CHW-WFR-05,Snacks,1,9.0,9.0,5.5,mada
2026-05-17,TX-B2_poor_baqala-d00-001580,Riyadh - Souq,Riyadh,Chocolate Wafer King,CHW-WFR-05,Snacks,1,9.0,9.0,5.5,cash
2026-05-17,TX-B2_poor_baqala-d00-001581,Riyadh - Souq,Riyadh,Chocolate Wafer King,CHW-WFR-05,Snacks,1,9.0,9.0,5.5,card
2026-05-17,TX-B2_poor_baqala-d00-001582,Riyadh - Souq,Riyadh,Chocolate Wafer King,CHW-WFR-05,Snacks,1,9.0,9.0,5.5,cash
2026-05-17,TX-B2_poor_baqala-d00-001583,Riyadh - Souq,Riyadh,Chocolate Wafer King,CHW-WFR-05,Snacks,1,9.0,9.0,5.5,cash
2026-05-17,TX-B2_poor_baqala-d00-001584,Riyadh - Souq,Riyadh,Chocolate Wafer King,CHW-WFR-05,Snacks,1,9.0,9.0,5.5,cash
2026-05-17,TX-B2_poor_baqala-d00-001585,Riyadh - Souq,Riyadh,Chocolate Wafer King,CHW-WFR-05,Snacks,1,9.0,9.0,5.5,mada
2026-05-18,TX-B2_poor_baqala-d00-001586,Riyadh - Souq,Riyadh,Chocolate Wafer King,CHW-WFR-05,Snacks,1,9.0,9.0,5.5,mada
2026-05-18,TX-B2_poor_baqala-d00-001587,Riyadh - Souq,Riyadh,Chocolate Wafer King,CHW-WFR-05,Snacks,1,9.0,9.0,5.5,cash
2026-05-18,TX-B2_poor_baqala-d00-001588,Riyadh - Souq,Riyadh,Chocolate Wafer King,CHW-WFR-05,Snacks,1,9.0,9.0,5.5,cash
2026-05-18,TX-B2_poor_baqala-d00-001589,Riyadh - Souq,Riyadh,Chocolate Wafer King,CHW-WFR-05,Snacks,1,9.0,9.0,5.5,cash
2026-05-18,TX-B2_poor_baqala-d00-001590,Riyadh - Souq,Riyadh,Chocolate Wafer King,CHW-WFR-05,Snacks,1,9.0,9.0,5.5,card
2026-05-18,TX-B2_poor_baqala-d00-001591,Riyadh - Souq,Riyadh,Chocolate Wafer King,CHW-WFR-05,Snacks,1,9.0,9.0,5.5,card
2026-05-19,TX-B2_poor_baqala-d00-001592,Riyadh - Souq,Riyadh,Chocolate Wafer King,CHW-WFR-05,Snacks,1,9.0,9.0,5.5,mada
2026-05-19,TX-B2_poor_baqala-d00-001593,Riyadh - Souq,Riyadh,Chocolate Wafer King,CHW-WFR-05,Snacks,1,9.0,9.0,5.5,cash
2026-05-19,TX-B2_poor_baqala-d00-001594,Riyadh - Souq,Riyadh,Chocolate Wafer King,CHW-WFR-05,Snacks,1,9.0,9.0,5.5,cash
2026-05-19,TX-B2_poor_baqala-d00-001595,Riyadh - Souq,Riyadh,Chocolate Wafer King,CHW-WFR-05,Snacks,1,9.0,9.0,5.5,cash
2026-05-19,TX-B2_poor_baqala-d00-001596,Riyadh - Souq,Riyadh,Chocolate Wafer King,CHW-WFR-05,Snacks,1,9.0,9.0,5.5,card
2026-05-19,TX-B2_poor_baqala-d00-001597,Riyadh - Souq,Riyadh,Chocolate Wafer King,CHW-WFR-05,Snacks,1,9.0,9.0,5.5,card
2026-05-19,TX-B2_poor_baqala-d00-001598,Riyadh - Souq,Riyadh,Chocolate Wafer King,CHW-WFR-05,Snacks,1,9.0,9.0,5.5,mada
2026-05-19,TX-B2_poor_baqala-d00-001599,Riyadh - Souq,Riyadh,Chocolate Wafer King,CHW-WFR-05,Snacks,1,9.0,9.0,5.5,mada
2026-05-20,TX-B2_poor_baqala-d00-001600,Riyadh - Souq,Riyadh,Chocolate Wafer King,CHW-WFR-05,Snacks,1,9.0,9.0,5.5,card
2026-05-20,TX-B2_poor_baqala-d00-001601,Riyadh - Souq,Riyadh,Chocolate Wafer King,CHW-WFR-05,Snacks,1,9.0,9.0,5.5,mada
2026-05-20,TX-B2_poor_baqala-d00-001602,Riyadh - Souq,Riyadh,Chocolate Wafer King,CHW-WFR-05,Snacks,1,9.0,9.0,5.5,card
2026-05-20,TX-B2_poor_baqala-d00-001603,Riyadh - Souq,Riyadh,Chocolate Wafer King,CHW-WFR-05,Snacks,1,9.0,9.0,5.5,cash
2026-05-20,TX-B2_poor_baqala-d00-001604,Riyadh - Souq,Riyadh,Chocolate Wafer King,CHW-WFR-05,Snacks,1,9.0,9.0,5.5,cash
2026-05-21,TX-B2_poor_baqala-d00-001605,Riyadh - Souq,Riyadh,Chocolate Wafer King,CHW-WFR-05,Snacks,1,9.0,9.0,5.5,card
2026-05-21,TX-B2_poor_baqala-d00-001606,Riyadh - Souq,Riyadh,Chocolate Wafer King,CHW-WFR-05,Snacks,1,9.0,9.0,5.5,cash
2026-05-21,TX-B2_poor_baqala-d00-001607,Riyadh - Souq,Riyadh,Chocolate Wafer King,CHW-WFR-05,Snacks,1,9.0,9.0,5.5,mada
2026-05-21,TX-B2_poor_baqala-d00-001608,Riyadh - Souq,Riyadh,Chocolate Wafer King,CHW-WFR-05,Snacks,1,9.0,9.0,5.5,card
2026-05-21,TX-B2_poor_baqala-d00-001609,Riyadh - Souq,Riyadh,Chocolate Wafer King,CHW-WFR-05,Snacks,1,9.0,9.0,5.5,card
2026-05-21,TX-B2_poor_baqala-d00-001610,Riyadh - Souq,Riyadh,Chocolate Wafer King,CHW-WFR-05,Snacks,1,9.0,9.0,5.5,card
2026-05-22,TX-B2_poor_baqala-d00-001611,Riyadh - Souq,Riyadh,Chocolate Wafer King,CHW-WFR-05,Snacks,1,9.0,9.0,5.5,card
2026-05-22,TX-B2_poor_baqala-d00-001612,Riyadh - Souq,Riyadh,Chocolate Wafer King,CHW-WFR-05,Snacks,1,9.0,9.0,5.5,card
2026-05-22,TX-B2_poor_baqala-d00-001613,Riyadh - Souq,Riyadh,Chocolate Wafer King,CHW-WFR-05,Snacks,1,9.0,9.0,5.5,mada
2026-05-22,TX-B2_poor_baqala-d00-001614,Riyadh - Souq,Riyadh,Chocolate Wafer King,CHW-WFR-05,Snacks,1,9.0,9.0,5.5,cash
2026-05-22,TX-B2_poor_baqala-d00-001615,Riyadh - Souq,Riyadh,Chocolate Wafer King,CHW-WFR-05,Snacks,1,9.0,9.0,5.5,cash
2026-05-22,TX-B2_poor_baqala-d00-001616,Riyadh - Souq,Riyadh,Chocolate Wafer King,CHW-WFR-05,Snacks,1,9.0,9.0,5.5,cash
2026-05-22,TX-B2_poor_baqala-d00-001617,Riyadh - Souq,Riyadh,Chocolate Wafer King,CHW-WFR-05,Snacks,1,9.0,9.0,5.5,mada
2026-05-22,TX-B2_poor_baqala-d00-001618,Riyadh - Souq,Riyadh,Chocolate Wafer King,CHW-WFR-05,Snacks,1,9.0,9.0,5.5,mada
2026-05-22,TX-B2_poor_baqala-d00-001619,Riyadh - Souq,Riyadh,Chocolate Wafer King,CHW-WFR-05,Snacks,1,9.0,9.0,5.5,card
2026-05-22,TX-B2_poor_baqala-d00-001620,Riyadh - Souq,Riyadh,Chocolate Wafer King,CHW-WFR-05,Snacks,1,9.0,9.0,5.5,mada
2026-05-23,TX-B2_poor_baqala-d00-001621,Riyadh - Souq,Riyadh,Chocolate Wafer King,CHW-WFR-05,Snacks,1,9.0,9.0,5.5,card
2026-05-23,TX-B2_poor_baqala-d00-001622,Riyadh - Souq,Riyadh,Chocolate Wafer King,CHW-WFR-05,Snacks,1,9.0,9.0,5.5,card
2026-05-23,TX-B2_poor_baqala-d00-001623,Riyadh - Souq,Riyadh,Chocolate Wafer King,CHW-WFR-05,Snacks,1,9.0,9.0,5.5,card
2026-05-23,TX-B2_poor_baqala-d00-001624,Riyadh - Souq,Riyadh,Chocolate Wafer King,CHW-WFR-05,Snacks,1,9.0,9.0,5.5,mada
2026-05-23,TX-B2_poor_baqala-d00-001625,Riyadh - Souq,Riyadh,Chocolate Wafer King,CHW-WFR-05,Snacks,1,9.0,9.0,5.5,mada
2026-05-24,TX-B2_poor_baqala-d00-001626,Riyadh - Souq,Riyadh,Chocolate Wafer King,CHW-WFR-05,Snacks,1,9.0,9.0,5.5,card
2026-05-24,TX-B2_poor_baqala-d00-001627,Riyadh - Souq,Riyadh,Chocolate Wafer King,CHW-WFR-05,Snacks,1,9.0,9.0,5.5,cash
2026-05-24,TX-B2_poor_baqala-d00-001628,Riyadh - Souq,Riyadh,Chocolate Wafer King,CHW-WFR-05,Snacks,1,9.0,9.0,5.5,card
2026-05-24,TX-B2_poor_baqala-d00-001629,Riyadh - Souq,Riyadh,Chocolate Wafer King,CHW-WFR-05,Snacks,1,9.0,9.0,5.5,cash
2026-05-24,TX-B2_poor_baqala-d00-001630,Riyadh - Souq,Riyadh,Chocolate Wafer King,CHW-WFR-05,Snacks,1,9.0,9.0,5.5,card
2026-05-25,TX-B2_poor_baqala-d00-001631,Riyadh - Souq,Riyadh,Chocolate Wafer King,CHW-WFR-05,Snacks,1,9.0,9.0,5.5,card
2026-05-25,TX-B2_poor_baqala-d00-001632,Riyadh - Souq,Riyadh,Chocolate Wafer King,CHW-WFR-05,Snacks,1,9.0,9.0,5.5,card
2026-05-25,TX-B2_poor_baqala-d00-001633,Riyadh - Souq,Riyadh,Chocolate Wafer King,CHW-WFR-05,Snacks,1,9.0,9.0,5.5,mada
2026-05-25,TX-B2_poor_baqala-d00-001634,Riyadh - Souq,Riyadh,Chocolate Wafer King,CHW-WFR-05,Snacks,1,9.0,9.0,5.5,card
2026-05-25,TX-B2_poor_baqala-d00-001635,Riyadh - Souq,Riyadh,Chocolate Wafer King,CHW-WFR-05,Snacks,1,9.0,9.0,5.5,card
2026-05-26,TX-B2_poor_baqala-d00-001636,Riyadh - Souq,Riyadh,Chocolate Wafer King,CHW-WFR-05,Snacks,1,9.0,9.0,5.5,cash
2026-05-26,TX-B2_poor_baqala-d00-001637,Riyadh - Souq,Riyadh,Chocolate Wafer King,CHW-WFR-05,Snacks,1,9.0,9.0,5.5,card
2026-05-26,TX-B2_poor_baqala-d00-001638,Riyadh - Souq,Riyadh,Chocolate Wafer King,CHW-WFR-05,Snacks,1,9.0,9.0,5.5,mada
2026-05-26,TX-B2_poor_baqala-d00-001639,Riyadh - Souq,Riyadh,Chocolate Wafer King,CHW-WFR-05,Snacks,1,9.0,9.0,5.5,mada
2026-05-26,TX-B2_poor_baqala-d00-001640,Riyadh - Souq,Riyadh,Chocolate Wafer King,CHW-WFR-05,Snacks,1,9.0,9.0,5.5,card
2026-05-26,TX-B2_poor_baqala-d00-001641,Riyadh - Souq,Riyadh,Chocolate Wafer King,CHW-WFR-05,Snacks,1,9.0,9.0,5.5,card
2026-05-26,TX-B2_poor_baqala-d00-001642,Riyadh - Souq,Riyadh,Chocolate Wafer King,CHW-WFR-05,Snacks,1,9.0,9.0,5.5,card
2026-05-26,TX-B2_poor_baqala-d00-001643,Riyadh - Souq,Riyadh,Chocolate Wafer King,CHW-WFR-05,Snacks,1,9.0,9.0,5.5,cash
2026-05-27,TX-B2_poor_baqala-d00-001644,Riyadh - Souq,Riyadh,Chocolate Wafer King,CHW-WFR-05,Snacks,1,9.0,9.0,5.5,card
2026-05-27,TX-B2_poor_baqala-d00-001645,Riyadh - Souq,Riyadh,Chocolate Wafer King,CHW-WFR-05,Snacks,1,9.0,9.0,5.5,card
2026-05-28,TX-B2_poor_baqala-d00-001646,Riyadh - Souq,Riyadh,Chocolate Wafer King,CHW-WFR-05,Snacks,1,9.0,9.0,5.5,card
2026-05-28,TX-B2_poor_baqala-d00-001647,Riyadh - Souq,Riyadh,Chocolate Wafer King,CHW-WFR-05,Snacks,1,9.0,9.0,5.5,cash
2026-05-28,TX-B2_poor_baqala-d00-001648,Riyadh - Souq,Riyadh,Chocolate Wafer King,CHW-WFR-05,Snacks,1,9.0,9.0,5.5,mada
2026-05-28,TX-B2_poor_baqala-d00-001649,Riyadh - Souq,Riyadh,Chocolate Wafer King,CHW-WFR-05,Snacks,1,9.0,9.0,5.5,card
2026-05-28,TX-B2_poor_baqala-d00-001650,Riyadh - Souq,Riyadh,Chocolate Wafer King,CHW-WFR-05,Snacks,1,9.0,9.0,5.5,card
2026-05-28,TX-B2_poor_baqala-d00-001651,Riyadh - Souq,Riyadh,Chocolate Wafer King,CHW-WFR-05,Snacks,1,9.0,9.0,5.5,card
2026-05-28,TX-B2_poor_baqala-d00-001652,Riyadh - Souq,Riyadh,Chocolate Wafer King,CHW-WFR-05,Snacks,1,9.0,9.0,5.5,cash
2026-05-29,TX-B2_poor_baqala-d00-001653,Riyadh - Souq,Riyadh,Chocolate Wafer King,CHW-WFR-05,Snacks,1,9.0,9.0,5.5,mada
2026-05-29,TX-B2_poor_baqala-d00-001654,Riyadh - Souq,Riyadh,Chocolate Wafer King,CHW-WFR-05,Snacks,1,9.0,9.0,5.5,cash
2026-05-29,TX-B2_poor_baqala-d00-001655,Riyadh - Souq,Riyadh,Chocolate Wafer King,CHW-WFR-05,Snacks,1,9.0,9.0,5.5,card
2026-05-29,TX-B2_poor_baqala-d00-001656,Riyadh - Souq,Riyadh,Chocolate Wafer King,CHW-WFR-05,Snacks,1,9.0,9.0,5.5,mada
2026-05-29,TX-B2_poor_baqala-d00-001657,Riyadh - Souq,Riyadh,Chocolate Wafer King,CHW-WFR-05,Snacks,1,9.0,9.0,5.5,card
2026-05-29,TX-B2_poor_baqala-d00-001658,Riyadh - Souq,Riyadh,Chocolate Wafer King,CHW-WFR-05,Snacks,1,9.0,9.0,5.5,mada
2026-05-29,TX-B2_poor_baqala-d00-001659,Riyadh - Souq,Riyadh,Chocolate Wafer King,CHW-WFR-05,Snacks,1,9.0,9.0,5.5,mada
2026-05-30,TX-B2_poor_baqala-d00-001660,Riyadh - Souq,Riyadh,Chocolate Wafer King,CHW-WFR-05,Snacks,1,9.0,9.0,5.5,cash
2026-05-30,TX-B2_poor_baqala-d00-001661,Riyadh - Souq,Riyadh,Chocolate Wafer King,CHW-WFR-05,Snacks,1,9.0,9.0,5.5,mada
2026-05-30,TX-B2_poor_baqala-d00-001662,Riyadh - Souq,Riyadh,Chocolate Wafer King,CHW-WFR-05,Snacks,1,9.0,9.0,5.5,mada
2026-05-30,TX-B2_poor_baqala-d00-001663,Riyadh - Souq,Riyadh,Chocolate Wafer King,CHW-WFR-05,Snacks,1,9.0,9.0,5.5,card
2026-05-30,TX-B2_poor_baqala-d00-001664,Riyadh - Souq,Riyadh,Chocolate Wafer King,CHW-WFR-05,Snacks,1,9.0,9.0,5.5,mada
2026-05-30,TX-B2_poor_baqala-d00-001665,Riyadh - Souq,Riyadh,Chocolate Wafer King,CHW-WFR-05,Snacks,1,9.0,9.0,5.5,cash
2026-05-30,TX-B2_poor_baqala-d00-001666,Riyadh - Souq,Riyadh,Chocolate Wafer King,CHW-WFR-05,Snacks,1,9.0,9.0,5.5,mada
2026-05-31,TX-B2_poor_baqala-d00-001667,Riyadh - Souq,Riyadh,Chocolate Wafer King,CHW-WFR-05,Snacks,1,9.0,9.0,5.5,card
2026-05-31,TX-B2_poor_baqala-d00-001668,Riyadh - Souq,Riyadh,Chocolate Wafer King,CHW-WFR-05,Snacks,1,9.0,9.0,5.5,card
2026-05-31,TX-B2_poor_baqala-d00-001669,Riyadh - Souq,Riyadh,Chocolate Wafer King,CHW-WFR-05,Snacks,1,9.0,9.0,5.5,mada
2026-06-01,TX-B2_poor_baqala-d00-001670,Riyadh - Souq,Riyadh,Chocolate Wafer King,CHW-WFR-05,Snacks,1,9.0,9.0,5.5,cash
2026-06-01,TX-B2_poor_baqala-d00-001671,Riyadh - Souq,Riyadh,Chocolate Wafer King,CHW-WFR-05,Snacks,1,9.0,9.0,5.5,card
2026-06-01,TX-B2_poor_baqala-d00-001672,Riyadh - Souq,Riyadh,Chocolate Wafer King,CHW-WFR-05,Snacks,1,9.0,9.0,5.5,mada
2026-06-01,TX-B2_poor_baqala-d00-001673,Riyadh - Souq,Riyadh,Chocolate Wafer King,CHW-WFR-05,Snacks,1,9.0,9.0,5.5,cash
2026-06-01,TX-B2_poor_baqala-d00-001674,Riyadh - Souq,Riyadh,Chocolate Wafer King,CHW-WFR-05,Snacks,1,9.0,9.0,5.5,mada
2026-06-01,TX-B2_poor_baqala-d00-001675,Riyadh - Souq,Riyadh,Chocolate Wafer King,CHW-WFR-05,Snacks,1,9.0,9.0,5.5,mada
2026-06-01,TX-B2_poor_baqala-d00-001676,Riyadh - Souq,Riyadh,Chocolate Wafer King,CHW-WFR-05,Snacks,1,9.0,9.0,5.5,card
2026-06-01,TX-B2_poor_baqala-d00-001677,Riyadh - Souq,Riyadh,Chocolate Wafer King,CHW-WFR-05,Snacks,1,9.0,9.0,5.5,mada
2026-06-02,TX-B2_poor_baqala-d00-001678,Riyadh - Souq,Riyadh,Chocolate Wafer King,CHW-WFR-05,Snacks,1,9.0,9.0,5.5,card
2026-06-02,TX-B2_poor_baqala-d00-001679,Riyadh - Souq,Riyadh,Chocolate Wafer King,CHW-WFR-05,Snacks,1,9.0,9.0,5.5,cash
2026-06-02,TX-B2_poor_baqala-d00-001680,Riyadh - Souq,Riyadh,Chocolate Wafer King,CHW-WFR-05,Snacks,1,9.0,9.0,5.5,mada
2026-06-02,TX-B2_poor_baqala-d00-001681,Riyadh - Souq,Riyadh,Chocolate Wafer King,CHW-WFR-05,Snacks,1,9.0,9.0,5.5,cash
2026-06-02,TX-B2_poor_baqala-d00-001682,Riyadh - Souq,Riyadh,Chocolate Wafer King,CHW-WFR-05,Snacks,1,9.0,9.0,5.5,card
2026-06-03,TX-B2_poor_baqala-d00-001683,Riyadh - Souq,Riyadh,Chocolate Wafer King,CHW-WFR-05,Snacks,1,9.0,9.0,5.5,mada
2026-06-03,TX-B2_poor_baqala-d00-001684,Riyadh - Souq,Riyadh,Chocolate Wafer King,CHW-WFR-05,Snacks,1,9.0,9.0,5.5,mada
2026-06-03,TX-B2_poor_baqala-d00-001685,Riyadh - Souq,Riyadh,Chocolate Wafer King,CHW-WFR-05,Snacks,1,9.0,9.0,5.5,card
2026-06-03,TX-B2_poor_baqala-d00-001686,Riyadh - Souq,Riyadh,Chocolate Wafer King,CHW-WFR-05,Snacks,1,9.0,9.0,5.5,mada
2026-06-03,TX-B2_poor_baqala-d00-001687,Riyadh - Souq,Riyadh,Chocolate Wafer King,CHW-WFR-05,Snacks,1,9.0,9.0,5.5,card
2026-06-03,TX-B2_poor_baqala-d00-001688,Riyadh - Souq,Riyadh,Chocolate Wafer King,CHW-WFR-05,Snacks,1,9.0,9.0,5.5,card
2026-06-03,TX-B2_poor_baqala-d00-001689,Riyadh - Souq,Riyadh,Chocolate Wafer King,CHW-WFR-05,Snacks,1,9.0,9.0,5.5,card
2026-06-04,TX-B2_poor_baqala-d00-001690,Riyadh - Souq,Riyadh,Chocolate Wafer King,CHW-WFR-05,Snacks,1,9.0,9.0,5.5,card
2026-06-04,TX-B2_poor_baqala-d00-001691,Riyadh - Souq,Riyadh,Chocolate Wafer King,CHW-WFR-05,Snacks,1,9.0,9.0,5.5,mada
2026-06-04,TX-B2_poor_baqala-d00-001692,Riyadh - Souq,Riyadh,Chocolate Wafer King,CHW-WFR-05,Snacks,1,9.0,9.0,5.5,mada
2026-06-04,TX-B2_poor_baqala-d00-001693,Riyadh - Souq,Riyadh,Chocolate Wafer King,CHW-WFR-05,Snacks,1,9.0,9.0,5.5,cash
2026-06-04,TX-B2_poor_baqala-d00-001694,Riyadh - Souq,Riyadh,Chocolate Wafer King,CHW-WFR-05,Snacks,1,9.0,9.0,5.5,card
2026-06-04,TX-B2_poor_baqala-d00-001695,Riyadh - Souq,Riyadh,Chocolate Wafer King,CHW-WFR-05,Snacks,1,9.0,9.0,5.5,cash
2026-06-04,TX-B2_poor_baqala-d00-001696,Riyadh - Souq,Riyadh,Chocolate Wafer King,CHW-WFR-05,Snacks,1,9.0,9.0,5.5,cash
2026-06-04,TX-B2_poor_baqala-d00-001697,Riyadh - Souq,Riyadh,Chocolate Wafer King,CHW-WFR-05,Snacks,1,9.0,9.0,5.5,mada
2026-06-05,TX-B2_poor_baqala-d00-001698,Riyadh - Souq,Riyadh,Chocolate Wafer King,CHW-WFR-05,Snacks,1,9.0,9.0,5.5,card
2026-06-05,TX-B2_poor_baqala-d00-001699,Riyadh - Souq,Riyadh,Chocolate Wafer King,CHW-WFR-05,Snacks,1,9.0,9.0,5.5,mada
2026-06-05,TX-B2_poor_baqala-d00-001700,Riyadh - Souq,Riyadh,Chocolate Wafer King,CHW-WFR-05,Snacks,1,9.0,9.0,5.5,card
2026-06-05,TX-B2_poor_baqala-d00-001701,Riyadh - Souq,Riyadh,Chocolate Wafer King,CHW-WFR-05,Snacks,1,9.0,9.0,5.5,cash
2026-06-05,TX-B2_poor_baqala-d00-001702,Riyadh - Souq,Riyadh,Chocolate Wafer King,CHW-WFR-05,Snacks,1,9.0,9.0,5.5,card
2026-06-05,TX-B2_poor_baqala-d00-001703,Riyadh - Souq,Riyadh,Chocolate Wafer King,CHW-WFR-05,Snacks,1,9.0,9.0,5.5,mada
2026-06-05,TX-B2_poor_baqala-d00-001704,Riyadh - Souq,Riyadh,Chocolate Wafer King,CHW-WFR-05,Snacks,1,9.0,9.0,5.5,card
2026-06-05,TX-B2_poor_baqala-d00-001705,Riyadh - Souq,Riyadh,Chocolate Wafer King,CHW-WFR-05,Snacks,1,9.0,9.0,5.5,cash
2026-06-06,TX-B2_poor_baqala-d00-001706,Riyadh - Souq,Riyadh,Chocolate Wafer King,CHW-WFR-05,Snacks,1,9.0,9.0,5.5,cash
2026-06-06,TX-B2_poor_baqala-d00-001707,Riyadh - Souq,Riyadh,Chocolate Wafer King,CHW-WFR-05,Snacks,1,9.0,9.0,5.5,card
2026-06-06,TX-B2_poor_baqala-d00-001708,Riyadh - Souq,Riyadh,Chocolate Wafer King,CHW-WFR-05,Snacks,1,9.0,9.0,5.5,cash
2026-06-06,TX-B2_poor_baqala-d00-001709,Riyadh - Souq,Riyadh,Chocolate Wafer King,CHW-WFR-05,Snacks,1,9.0,9.0,5.5,card
2026-06-07,TX-B2_poor_baqala-d00-001710,Riyadh - Souq,Riyadh,Chocolate Wafer King,CHW-WFR-05,Snacks,1,9.0,9.0,5.5,card
2026-06-07,TX-B2_poor_baqala-d00-001711,Riyadh - Souq,Riyadh,Chocolate Wafer King,CHW-WFR-05,Snacks,1,9.0,9.0,5.5,card
2026-06-07,TX-B2_poor_baqala-d00-001712,Riyadh - Souq,Riyadh,Chocolate Wafer King,CHW-WFR-05,Snacks,1,9.0,9.0,5.5,card
2026-06-07,TX-B2_poor_baqala-d00-001713,Riyadh - Souq,Riyadh,Chocolate Wafer King,CHW-WFR-05,Snacks,1,9.0,9.0,5.5,mada
2026-06-07,TX-B2_poor_baqala-d00-001714,Riyadh - Souq,Riyadh,Chocolate Wafer King,CHW-WFR-05,Snacks,1,9.0,9.0,5.5,cash
2026-06-07,TX-B2_poor_baqala-d00-001715,Riyadh - Souq,Riyadh,Chocolate Wafer King,CHW-WFR-05,Snacks,1,9.0,9.0,5.5,card
2026-06-07,TX-B2_poor_baqala-d00-001716,Riyadh - Souq,Riyadh,Chocolate Wafer King,CHW-WFR-05,Snacks,1,9.0,9.0,5.5,mada
2026-06-08,TX-B2_poor_baqala-d00-001717,Riyadh - Souq,Riyadh,Chocolate Wafer King,CHW-WFR-05,Snacks,1,9.0,9.0,5.5,cash
2026-06-08,TX-B2_poor_baqala-d00-001718,Riyadh - Souq,Riyadh,Chocolate Wafer King,CHW-WFR-05,Snacks,1,9.0,9.0,5.5,card
2026-06-08,TX-B2_poor_baqala-d00-001719,Riyadh - Souq,Riyadh,Chocolate Wafer King,CHW-WFR-05,Snacks,1,9.0,9.0,5.5,card
2026-06-08,TX-B2_poor_baqala-d00-001720,Riyadh - Souq,Riyadh,Chocolate Wafer King,CHW-WFR-05,Snacks,1,9.0,9.0,5.5,mada
2026-06-08,TX-B2_poor_baqala-d00-001721,Riyadh - Souq,Riyadh,Chocolate Wafer King,CHW-WFR-05,Snacks,1,9.0,9.0,5.5,cash
2026-06-09,TX-B2_poor_baqala-d00-001722,Riyadh - Souq,Riyadh,Chocolate Wafer King,CHW-WFR-05,Snacks,1,9.0,9.0,5.5,mada
2026-06-09,TX-B2_poor_baqala-d00-001723,Riyadh - Souq,Riyadh,Chocolate Wafer King,CHW-WFR-05,Snacks,1,9.0,9.0,5.5,cash
2026-06-09,TX-B2_poor_baqala-d00-001724,Riyadh - Souq,Riyadh,Chocolate Wafer King,CHW-WFR-05,Snacks,1,9.0,9.0,5.5,cash
2026-06-09,TX-B2_poor_baqala-d00-001725,Riyadh - Souq,Riyadh,Chocolate Wafer King,CHW-WFR-05,Snacks,1,9.0,9.0,5.5,card
2026-06-09,TX-B2_poor_baqala-d00-001726,Riyadh - Souq,Riyadh,Chocolate Wafer King,CHW-WFR-05,Snacks,1,9.0,9.0,5.5,cash
2026-06-09,TX-B2_poor_baqala-d00-001727,Riyadh - Souq,Riyadh,Chocolate Wafer King,CHW-WFR-05,Snacks,1,9.0,9.0,5.5,cash
2026-06-09,TX-B2_poor_baqala-d00-001728,Riyadh - Souq,Riyadh,Chocolate Wafer King,CHW-WFR-05,Snacks,1,9.0,9.0,5.5,cash
2026-06-10,TX-B2_poor_baqala-d00-001729,Riyadh - Souq,Riyadh,Chocolate Wafer King,CHW-WFR-05,Snacks,1,9.0,9.0,5.5,mada
2026-06-10,TX-B2_poor_baqala-d00-001730,Riyadh - Souq,Riyadh,Chocolate Wafer King,CHW-WFR-05,Snacks,1,9.0,9.0,5.5,mada
2026-06-10,TX-B2_poor_baqala-d00-001731,Riyadh - Souq,Riyadh,Chocolate Wafer King,CHW-WFR-05,Snacks,1,9.0,9.0,5.5,card
2026-06-10,TX-B2_poor_baqala-d00-001732,Riyadh - Souq,Riyadh,Chocolate Wafer King,CHW-WFR-05,Snacks,1,9.0,9.0,5.5,cash
2026-06-11,TX-B2_poor_baqala-d00-001733,Riyadh - Souq,Riyadh,Chocolate Wafer King,CHW-WFR-05,Snacks,1,9.0,9.0,5.5,cash
2026-06-11,TX-B2_poor_baqala-d00-001734,Riyadh - Souq,Riyadh,Chocolate Wafer King,CHW-WFR-05,Snacks,1,9.0,9.0,5.5,cash
2026-06-11,TX-B2_poor_baqala-d00-001735,Riyadh - Souq,Riyadh,Chocolate Wafer King,CHW-WFR-05,Snacks,1,9.0,9.0,5.5,mada
2026-06-11,TX-B2_poor_baqala-d00-001736,Riyadh - Souq,Riyadh,Chocolate Wafer King,CHW-WFR-05,Snacks,1,9.0,9.0,5.5,cash
2026-06-11,TX-B2_poor_baqala-d00-001737,Riyadh - Souq,Riyadh,Chocolate Wafer King,CHW-WFR-05,Snacks,1,9.0,9.0,5.5,mada
2026-06-11,TX-B2_poor_baqala-d00-001738,Riyadh - Souq,Riyadh,Chocolate Wafer King,CHW-WFR-05,Snacks,1,9.0,9.0,5.5,mada
2026-06-12,TX-B2_poor_baqala-d00-001739,Riyadh - Souq,Riyadh,Chocolate Wafer King,CHW-WFR-05,Snacks,1,9.0,9.0,5.5,mada
2026-06-12,TX-B2_poor_baqala-d00-001740,Riyadh - Souq,Riyadh,Chocolate Wafer King,CHW-WFR-05,Snacks,1,9.0,9.0,5.5,card
2026-06-12,TX-B2_poor_baqala-d00-001741,Riyadh - Souq,Riyadh,Chocolate Wafer King,CHW-WFR-05,Snacks,1,9.0,9.0,5.5,cash
2026-06-12,TX-B2_poor_baqala-d00-001742,Riyadh - Souq,Riyadh,Chocolate Wafer King,CHW-WFR-05,Snacks,1,9.0,9.0,5.5,mada
2026-06-12,TX-B2_poor_baqala-d00-001743,Riyadh - Souq,Riyadh,Chocolate Wafer King,CHW-WFR-05,Snacks,1,9.0,9.0,5.5,mada
2026-06-12,TX-B2_poor_baqala-d00-001744,Riyadh - Souq,Riyadh,Chocolate Wafer King,CHW-WFR-05,Snacks,1,9.0,9.0,5.5,mada
2026-06-12,TX-B2_poor_baqala-d00-001745,Riyadh - Souq,Riyadh,Chocolate Wafer King,CHW-WFR-05,Snacks,1,9.0,9.0,5.5,card
2026-06-12,TX-B2_poor_baqala-d00-001746,Riyadh - Souq,Riyadh,Chocolate Wafer King,CHW-WFR-05,Snacks,1,9.0,9.0,5.5,card
2026-06-13,TX-B2_poor_baqala-d00-001747,Riyadh - Souq,Riyadh,Chocolate Wafer King,CHW-WFR-05,Snacks,1,9.0,9.0,5.5,card
2026-06-13,TX-B2_poor_baqala-d00-001748,Riyadh - Souq,Riyadh,Chocolate Wafer King,CHW-WFR-05,Snacks,1,9.0,9.0,5.5,card
2026-06-13,TX-B2_poor_baqala-d00-001749,Riyadh - Souq,Riyadh,Chocolate Wafer King,CHW-WFR-05,Snacks,1,9.0,9.0,5.5,cash
2026-06-13,TX-B2_poor_baqala-d00-001750,Riyadh - Souq,Riyadh,Chocolate Wafer King,CHW-WFR-05,Snacks,1,9.0,9.0,5.5,mada
2026-06-13,TX-B2_poor_baqala-d00-001751,Riyadh - Souq,Riyadh,Chocolate Wafer King,CHW-WFR-05,Snacks,1,9.0,9.0,5.5,card
2026-06-13,TX-B2_poor_baqala-d00-001752,Riyadh - Souq,Riyadh,Chocolate Wafer King,CHW-WFR-05,Snacks,1,9.0,9.0,5.5,cash
2026-06-14,TX-B2_poor_baqala-d00-001753,Riyadh - Souq,Riyadh,Chocolate Wafer King,CHW-WFR-05,Snacks,1,9.0,9.0,5.5,cash
2026-06-14,TX-B2_poor_baqala-d00-001754,Riyadh - Souq,Riyadh,Chocolate Wafer King,CHW-WFR-05,Snacks,1,9.0,9.0,5.5,mada
2026-06-14,TX-B2_poor_baqala-d00-001755,Riyadh - Souq,Riyadh,Chocolate Wafer King,CHW-WFR-05,Snacks,1,9.0,9.0,5.5,card
2026-06-14,TX-B2_poor_baqala-d00-001756,Riyadh - Souq,Riyadh,Chocolate Wafer King,CHW-WFR-05,Snacks,1,9.0,9.0,5.5,card
2026-06-14,TX-B2_poor_baqala-d00-001757,Riyadh - Souq,Riyadh,Chocolate Wafer King,CHW-WFR-05,Snacks,1,9.0,9.0,5.5,cash
2026-06-14,TX-B2_poor_baqala-d00-001758,Riyadh - Souq,Riyadh,Chocolate Wafer King,CHW-WFR-05,Snacks,1,9.0,9.0,5.5,card
2026-06-14,TX-B2_poor_baqala-d00-001759,Riyadh - Souq,Riyadh,Chocolate Wafer King,CHW-WFR-05,Snacks,1,9.0,9.0,5.5,card
2026-06-14,TX-B2_poor_baqala-d00-001760,Riyadh - Souq,Riyadh,Chocolate Wafer King,CHW-WFR-05,Snacks,1,9.0,9.0,5.5,mada
2026-06-15,TX-B2_poor_baqala-d00-001761,Riyadh - Souq,Riyadh,Chocolate Wafer King,CHW-WFR-05,Snacks,1,9.0,9.0,5.5,cash
2026-06-15,TX-B2_poor_baqala-d00-001762,Riyadh - Souq,Riyadh,Chocolate Wafer King,CHW-WFR-05,Snacks,1,9.0,9.0,5.5,cash
2026-06-15,TX-B2_poor_baqala-d00-001763,Riyadh - Souq,Riyadh,Chocolate Wafer King,CHW-WFR-05,Snacks,1,9.0,9.0,5.5,mada
2026-06-15,TX-B2_poor_baqala-d00-001764,Riyadh - Souq,Riyadh,Chocolate Wafer King,CHW-WFR-05,Snacks,1,9.0,9.0,5.5,cash
2026-06-15,TX-B2_poor_baqala-d00-001765,Riyadh - Souq,Riyadh,Chocolate Wafer King,CHW-WFR-05,Snacks,1,9.0,9.0,5.5,mada
2026-06-15,TX-B2_poor_baqala-d00-001766,Riyadh - Souq,Riyadh,Chocolate Wafer King,CHW-WFR-05,Snacks,1,9.0,9.0,5.5,card
2026-06-15,TX-B2_poor_baqala-d00-001767,Riyadh - Souq,Riyadh,Chocolate Wafer King,CHW-WFR-05,Snacks,1,9.0,9.0,5.5,mada
2026-06-16,TX-B2_poor_baqala-d00-001768,Riyadh - Souq,Riyadh,Chocolate Wafer King,CHW-WFR-05,Snacks,1,9.0,9.0,5.5,mada
2026-06-16,TX-B2_poor_baqala-d00-001769,Riyadh - Souq,Riyadh,Chocolate Wafer King,CHW-WFR-05,Snacks,1,9.0,9.0,5.5,card
2026-06-16,TX-B2_poor_baqala-d00-001770,Riyadh - Souq,Riyadh,Chocolate Wafer King,CHW-WFR-05,Snacks,1,9.0,9.0,5.5,card
2026-06-16,TX-B2_poor_baqala-d00-001771,Riyadh - Souq,Riyadh,Chocolate Wafer King,CHW-WFR-05,Snacks,1,9.0,9.0,5.5,cash
2026-06-16,TX-B2_poor_baqala-d00-001772,Riyadh - Souq,Riyadh,Chocolate Wafer King,CHW-WFR-05,Snacks,1,9.0,9.0,5.5,mada
2026-06-16,TX-B2_poor_baqala-d00-001773,Riyadh - Souq,Riyadh,Chocolate Wafer King,CHW-WFR-05,Snacks,1,9.0,9.0,5.5,cash
2026-06-16,TX-B2_poor_baqala-d00-001774,Riyadh - Souq,Riyadh,Chocolate Wafer King,CHW-WFR-05,Snacks,1,9.0,9.0,5.5,card
2026-06-16,TX-B2_poor_baqala-d00-001775,Riyadh - Souq,Riyadh,Chocolate Wafer King,CHW-WFR-05,Snacks,1,9.0,9.0,5.5,card
2026-06-17,TX-B2_poor_baqala-d00-001776,Riyadh - Souq,Riyadh,Chocolate Wafer King,CHW-WFR-05,Snacks,1,9.0,9.0,5.5,mada
2026-06-17,TX-B2_poor_baqala-d00-001777,Riyadh - Souq,Riyadh,Chocolate Wafer King,CHW-WFR-05,Snacks,1,9.0,9.0,5.5,cash
2026-06-17,TX-B2_poor_baqala-d00-001778,Riyadh - Souq,Riyadh,Chocolate Wafer King,CHW-WFR-05,Snacks,1,9.0,9.0,5.5,cash
2026-06-17,TX-B2_poor_baqala-d00-001779,Riyadh - Souq,Riyadh,Chocolate Wafer King,CHW-WFR-05,Snacks,1,9.0,9.0,5.5,cash
2026-06-17,TX-B2_poor_baqala-d00-001780,Riyadh - Souq,Riyadh,Chocolate Wafer King,CHW-WFR-05,Snacks,1,9.0,9.0,5.5,cash
2026-06-18,TX-B2_poor_baqala-d00-001781,Riyadh - Souq,Riyadh,Chocolate Wafer King,CHW-WFR-05,Snacks,1,9.0,9.0,5.5,card
2026-06-18,TX-B2_poor_baqala-d00-001782,Riyadh - Souq,Riyadh,Chocolate Wafer King,CHW-WFR-05,Snacks,1,9.0,9.0,5.5,card
2026-06-18,TX-B2_poor_baqala-d00-001783,Riyadh - Souq,Riyadh,Chocolate Wafer King,CHW-WFR-05,Snacks,1,9.0,9.0,5.5,mada
2026-06-18,TX-B2_poor_baqala-d00-001784,Riyadh - Souq,Riyadh,Chocolate Wafer King,CHW-WFR-05,Snacks,1,9.0,9.0,5.5,cash
2026-06-18,TX-B2_poor_baqala-d00-001785,Riyadh - Souq,Riyadh,Chocolate Wafer King,CHW-WFR-05,Snacks,1,9.0,9.0,5.5,mada
2026-06-19,TX-B2_poor_baqala-d00-001786,Riyadh - Souq,Riyadh,Chocolate Wafer King,CHW-WFR-05,Snacks,1,9.0,9.0,5.5,card
2026-06-19,TX-B2_poor_baqala-d00-001787,Riyadh - Souq,Riyadh,Chocolate Wafer King,CHW-WFR-05,Snacks,1,9.0,9.0,5.5,card
2026-06-19,TX-B2_poor_baqala-d00-001788,Riyadh - Souq,Riyadh,Chocolate Wafer King,CHW-WFR-05,Snacks,1,9.0,9.0,5.5,card
2026-06-19,TX-B2_poor_baqala-d00-001789,Riyadh - Souq,Riyadh,Chocolate Wafer King,CHW-WFR-05,Snacks,1,9.0,9.0,5.5,card
2026-06-19,TX-B2_poor_baqala-d00-001790,Riyadh - Souq,Riyadh,Chocolate Wafer King,CHW-WFR-05,Snacks,1,9.0,9.0,5.5,card
2026-06-19,TX-B2_poor_baqala-d00-001791,Riyadh - Souq,Riyadh,Chocolate Wafer King,CHW-WFR-05,Snacks,1,9.0,9.0,5.5,cash
2026-06-19,TX-B2_poor_baqala-d00-001792,Riyadh - Souq,Riyadh,Chocolate Wafer King,CHW-WFR-05,Snacks,1,9.0,9.0,5.5,mada
2026-06-20,TX-B2_poor_baqala-d00-001793,Riyadh - Souq,Riyadh,Chocolate Wafer King,CHW-WFR-05,Snacks,1,9.0,9.0,5.5,cash
2026-06-20,TX-B2_poor_baqala-d00-001794,Riyadh - Souq,Riyadh,Chocolate Wafer King,CHW-WFR-05,Snacks,1,9.0,9.0,5.5,card
2026-06-20,TX-B2_poor_baqala-d00-001795,Riyadh - Souq,Riyadh,Chocolate Wafer King,CHW-WFR-05,Snacks,1,9.0,9.0,5.5,card
2026-06-20,TX-B2_poor_baqala-d00-001796,Riyadh - Souq,Riyadh,Chocolate Wafer King,CHW-WFR-05,Snacks,1,9.0,9.0,5.5,cash
2026-06-20,TX-B2_poor_baqala-d00-001797,Riyadh - Souq,Riyadh,Chocolate Wafer King,CHW-WFR-05,Snacks,1,9.0,9.0,5.5,card
2026-06-20,TX-B2_poor_baqala-d00-001798,Riyadh - Souq,Riyadh,Chocolate Wafer King,CHW-WFR-05,Snacks,1,9.0,9.0,5.5,mada
2026-06-20,TX-B2_poor_baqala-d00-001799,Riyadh - Souq,Riyadh,Chocolate Wafer King,CHW-WFR-05,Snacks,1,9.0,9.0,5.5,mada
2026-06-20,TX-B2_poor_baqala-d00-001800,Riyadh - Souq,Riyadh,Chocolate Wafer King,CHW-WFR-05,Snacks,1,9.0,9.0,5.5,cash
2026-06-20,TX-B2_poor_baqala-d00-001801,Riyadh - Souq,Riyadh,Chocolate Wafer King,CHW-WFR-05,Snacks,1,9.0,9.0,5.5,card
2026-06-21,TX-B2_poor_baqala-d00-001802,Riyadh - Souq,Riyadh,Chocolate Wafer King,CHW-WFR-05,Snacks,1,9.0,9.0,5.5,card
2026-06-21,TX-B2_poor_baqala-d00-001803,Riyadh - Souq,Riyadh,Chocolate Wafer King,CHW-WFR-05,Snacks,1,9.0,9.0,5.5,card
2026-06-21,TX-B2_poor_baqala-d00-001804,Riyadh - Souq,Riyadh,Chocolate Wafer King,CHW-WFR-05,Snacks,1,9.0,9.0,5.5,cash
2026-06-21,TX-B2_poor_baqala-d00-001805,Riyadh - Souq,Riyadh,Chocolate Wafer King,CHW-WFR-05,Snacks,1,9.0,9.0,5.5,cash
2026-06-21,TX-B2_poor_baqala-d00-001806,Riyadh - Souq,Riyadh,Chocolate Wafer King,CHW-WFR-05,Snacks,1,9.0,9.0,5.5,cash
2026-06-21,TX-B2_poor_baqala-d00-001807,Riyadh - Souq,Riyadh,Chocolate Wafer King,CHW-WFR-05,Snacks,1,9.0,9.0,5.5,cash
2026-06-21,TX-B2_poor_baqala-d00-001808,Riyadh - Souq,Riyadh,Chocolate Wafer King,CHW-WFR-05,Snacks,1,9.0,9.0,5.5,mada
2026-06-22,TX-B2_poor_baqala-d00-001809,Riyadh - Souq,Riyadh,Chocolate Wafer King,CHW-WFR-05,Snacks,1,9.0,9.0,5.5,mada
2026-06-22,TX-B2_poor_baqala-d00-001810,Riyadh - Souq,Riyadh,Chocolate Wafer King,CHW-WFR-05,Snacks,1,9.0,9.0,5.5,mada
2026-06-22,TX-B2_poor_baqala-d00-001811,Riyadh - Souq,Riyadh,Chocolate Wafer King,CHW-WFR-05,Snacks,1,9.0,9.0,5.5,card
2026-06-22,TX-B2_poor_baqala-d00-001812,Riyadh - Souq,Riyadh,Chocolate Wafer King,CHW-WFR-05,Snacks,1,9.0,9.0,5.5,card
2026-06-22,TX-B2_poor_baqala-d00-001813,Riyadh - Souq,Riyadh,Chocolate Wafer King,CHW-WFR-05,Snacks,1,9.0,9.0,5.5,mada
2026-06-23,TX-B2_poor_baqala-d00-001814,Riyadh - Souq,Riyadh,Chocolate Wafer King,CHW-WFR-05,Snacks,1,9.0,9.0,5.5,card
2026-06-23,TX-B2_poor_baqala-d00-001815,Riyadh - Souq,Riyadh,Chocolate Wafer King,CHW-WFR-05,Snacks,1,9.0,9.0,5.5,card
2026-06-23,TX-B2_poor_baqala-d00-001816,Riyadh - Souq,Riyadh,Chocolate Wafer King,CHW-WFR-05,Snacks,1,9.0,9.0,5.5,card
2026-06-23,TX-B2_poor_baqala-d00-001817,Riyadh - Souq,Riyadh,Chocolate Wafer King,CHW-WFR-05,Snacks,1,9.0,9.0,5.5,cash
2026-06-23,TX-B2_poor_baqala-d00-001818,Riyadh - Souq,Riyadh,Chocolate Wafer King,CHW-WFR-05,Snacks,1,9.0,9.0,5.5,mada
2026-06-23,TX-B2_poor_baqala-d00-001819,Riyadh - Souq,Riyadh,Chocolate Wafer King,CHW-WFR-05,Snacks,1,9.0,9.0,5.5,cash
2026-06-23,TX-B2_poor_baqala-d00-001820,Riyadh - Souq,Riyadh,Chocolate Wafer King,CHW-WFR-05,Snacks,1,9.0,9.0,5.5,mada
2026-06-24,TX-B2_poor_baqala-d00-001821,Riyadh - Souq,Riyadh,Chocolate Wafer King,CHW-WFR-05,Snacks,1,9.0,9.0,5.5,card
2026-06-24,TX-B2_poor_baqala-d00-001822,Riyadh - Souq,Riyadh,Chocolate Wafer King,CHW-WFR-05,Snacks,1,9.0,9.0,5.5,card
2026-06-24,TX-B2_poor_baqala-d00-001823,Riyadh - Souq,Riyadh,Chocolate Wafer King,CHW-WFR-05,Snacks,1,9.0,9.0,5.5,cash
2026-06-24,TX-B2_poor_baqala-d00-001824,Riyadh - Souq,Riyadh,Chocolate Wafer King,CHW-WFR-05,Snacks,1,9.0,9.0,5.5,card
2026-06-25,TX-B2_poor_baqala-d00-001825,Riyadh - Souq,Riyadh,Chocolate Wafer King,CHW-WFR-05,Snacks,1,9.0,9.0,5.5,cash
2026-06-25,TX-B2_poor_baqala-d00-001826,Riyadh - Souq,Riyadh,Chocolate Wafer King,CHW-WFR-05,Snacks,1,9.0,9.0,5.5,cash
2026-06-25,TX-B2_poor_baqala-d00-001827,Riyadh - Souq,Riyadh,Chocolate Wafer King,CHW-WFR-05,Snacks,1,9.0,9.0,5.5,mada
2026-06-25,TX-B2_poor_baqala-d00-001828,Riyadh - Souq,Riyadh,Chocolate Wafer King,CHW-WFR-05,Snacks,1,9.0,9.0,5.5,mada
2026-06-25,TX-B2_poor_baqala-d00-001829,Riyadh - Souq,Riyadh,Chocolate Wafer King,CHW-WFR-05,Snacks,1,9.0,9.0,5.5,mada
2026-06-25,TX-B2_poor_baqala-d00-001830,Riyadh - Souq,Riyadh,Chocolate Wafer King,CHW-WFR-05,Snacks,1,9.0,9.0,5.5,mada
2026-06-26,TX-B2_poor_baqala-d00-001831,Riyadh - Souq,Riyadh,Chocolate Wafer King,CHW-WFR-05,Snacks,1,9.0,9.0,5.5,card
2026-06-26,TX-B2_poor_baqala-d00-001832,Riyadh - Souq,Riyadh,Chocolate Wafer King,CHW-WFR-05,Snacks,1,9.0,9.0,5.5,mada
2026-06-26,TX-B2_poor_baqala-d00-001833,Riyadh - Souq,Riyadh,Chocolate Wafer King,CHW-WFR-05,Snacks,1,9.0,9.0,5.5,mada
2026-06-26,TX-B2_poor_baqala-d00-001834,Riyadh - Souq,Riyadh,Chocolate Wafer King,CHW-WFR-05,Snacks,1,9.0,9.0,5.5,mada
2026-06-26,TX-B2_poor_baqala-d00-001835,Riyadh - Souq,Riyadh,Chocolate Wafer King,CHW-WFR-05,Snacks,1,9.0,9.0,5.5,mada
2026-06-26,TX-B2_poor_baqala-d00-001836,Riyadh - Souq,Riyadh,Chocolate Wafer King,CHW-WFR-05,Snacks,1,9.0,9.0,5.5,card
2026-06-27,TX-B2_poor_baqala-d00-001837,Riyadh - Souq,Riyadh,Chocolate Wafer King,CHW-WFR-05,Snacks,1,9.0,9.0,5.5,mada
2026-06-27,TX-B2_poor_baqala-d00-001838,Riyadh - Souq,Riyadh,Chocolate Wafer King,CHW-WFR-05,Snacks,1,9.0,9.0,5.5,mada
2026-06-27,TX-B2_poor_baqala-d00-001839,Riyadh - Souq,Riyadh,Chocolate Wafer King,CHW-WFR-05,Snacks,1,9.0,9.0,5.5,cash
2026-06-27,TX-B2_poor_baqala-d00-001840,Riyadh - Souq,Riyadh,Chocolate Wafer King,CHW-WFR-05,Snacks,1,9.0,9.0,5.5,cash
2026-06-27,TX-B2_poor_baqala-d00-001841,Riyadh - Souq,Riyadh,Chocolate Wafer King,CHW-WFR-05,Snacks,1,9.0,9.0,5.5,card
2026-06-27,TX-B2_poor_baqala-d00-001842,Riyadh - Souq,Riyadh,Chocolate Wafer King,CHW-WFR-05,Snacks,1,9.0,9.0,5.5,mada
2026-06-28,TX-B2_poor_baqala-d00-001843,Riyadh - Souq,Riyadh,Chocolate Wafer King,CHW-WFR-05,Snacks,1,9.0,9.0,5.5,mada
2026-06-28,TX-B2_poor_baqala-d00-001844,Riyadh - Souq,Riyadh,Chocolate Wafer King,CHW-WFR-05,Snacks,1,9.0,9.0,5.5,card
2026-06-28,TX-B2_poor_baqala-d00-001845,Riyadh - Souq,Riyadh,Chocolate Wafer King,CHW-WFR-05,Snacks,1,9.0,9.0,5.5,cash
2026-06-28,TX-B2_poor_baqala-d00-001846,Riyadh - Souq,Riyadh,Chocolate Wafer King,CHW-WFR-05,Snacks,1,9.0,9.0,5.5,cash
2026-06-28,TX-B2_poor_baqala-d00-001847,Riyadh - Souq,Riyadh,Chocolate Wafer King,CHW-WFR-05,Snacks,1,9.0,9.0,5.5,mada
2026-06-28,TX-B2_poor_baqala-d00-001848,Riyadh - Souq,Riyadh,Chocolate Wafer King,CHW-WFR-05,Snacks,1,9.0,9.0,5.5,card
2026-06-28,TX-B2_poor_baqala-d00-001849,Riyadh - Souq,Riyadh,Chocolate Wafer King,CHW-WFR-05,Snacks,1,9.0,9.0,5.5,mada
2026-06-28,TX-B2_poor_baqala-d00-001850,Riyadh - Souq,Riyadh,Chocolate Wafer King,CHW-WFR-05,Snacks,1,9.0,9.0,5.5,cash
2026-06-29,TX-B2_poor_baqala-d00-001851,Riyadh - Souq,Riyadh,Chocolate Wafer King,CHW-WFR-05,Snacks,1,9.0,9.0,5.5,cash
2026-06-29,TX-B2_poor_baqala-d00-001852,Riyadh - Souq,Riyadh,Chocolate Wafer King,CHW-WFR-05,Snacks,1,9.0,9.0,5.5,mada
2026-06-29,TX-B2_poor_baqala-d00-001853,Riyadh - Souq,Riyadh,Chocolate Wafer King,CHW-WFR-05,Snacks,1,9.0,9.0,5.5,cash
2026-06-29,TX-B2_poor_baqala-d00-001854,Riyadh - Souq,Riyadh,Chocolate Wafer King,CHW-WFR-05,Snacks,1,9.0,9.0,5.5,card
2026-06-29,TX-B2_poor_baqala-d00-001855,Riyadh - Souq,Riyadh,Chocolate Wafer King,CHW-WFR-05,Snacks,1,9.0,9.0,5.5,cash
2026-06-29,TX-B2_poor_baqala-d00-001856,Riyadh - Souq,Riyadh,Chocolate Wafer King,CHW-WFR-05,Snacks,1,9.0,9.0,5.5,mada
2026-06-30,TX-B2_poor_baqala-d00-001857,Riyadh - Souq,Riyadh,Chocolate Wafer King,CHW-WFR-05,Snacks,1,9.0,9.0,5.5,mada
2026-06-30,TX-B2_poor_baqala-d00-001858,Riyadh - Souq,Riyadh,Chocolate Wafer King,CHW-WFR-05,Snacks,1,9.0,9.0,5.5,card
2026-06-30,TX-B2_poor_baqala-d00-001859,Riyadh - Souq,Riyadh,Chocolate Wafer King,CHW-WFR-05,Snacks,1,9.0,9.0,5.5,cash
2026-06-30,TX-B2_poor_baqala-d00-001860,Riyadh - Souq,Riyadh,Chocolate Wafer King,CHW-WFR-05,Snacks,1,9.0,9.0,5.5,card
2026-06-30,TX-B2_poor_baqala-d00-001861,Riyadh - Souq,Riyadh,Chocolate Wafer King,CHW-WFR-05,Snacks,1,9.0,9.0,5.5,mada
2026-06-30,TX-B2_poor_baqala-d00-001862,Riyadh - Souq,Riyadh,Chocolate Wafer King,CHW-WFR-05,Snacks,1,9.0,9.0,5.5,card
2026-06-30,TX-B2_poor_baqala-d00-001863,Riyadh - Souq,Riyadh,Chocolate Wafer King,CHW-WFR-05,Snacks,1,9.0,9.0,5.5,mada
2026-07-01,TX-B2_poor_baqala-d00-001864,Riyadh - Souq,Riyadh,Chocolate Wafer King,CHW-WFR-05,Snacks,1,9.0,9.0,5.5,card
2026-07-01,TX-B2_poor_baqala-d00-001865,Riyadh - Souq,Riyadh,Chocolate Wafer King,CHW-WFR-05,Snacks,1,9.0,9.0,5.5,cash
2026-07-01,TX-B2_poor_baqala-d00-001866,Riyadh - Souq,Riyadh,Chocolate Wafer King,CHW-WFR-05,Snacks,1,9.0,9.0,5.5,card
2026-07-01,TX-B2_poor_baqala-d00-001867,Riyadh - Souq,Riyadh,Chocolate Wafer King,CHW-WFR-05,Snacks,1,9.0,9.0,5.5,card
2026-07-01,TX-B2_poor_baqala-d00-001868,Riyadh - Souq,Riyadh,Chocolate Wafer King,CHW-WFR-05,Snacks,1,9.0,9.0,5.5,cash
2026-07-01,TX-B2_poor_baqala-d00-001869,Riyadh - Souq,Riyadh,Chocolate Wafer King,CHW-WFR-05,Snacks,1,9.0,9.0,5.5,card
2026-07-01,TX-B2_poor_baqala-d00-001870,Riyadh - Souq,Riyadh,Chocolate Wafer King,CHW-WFR-05,Snacks,1,9.0,9.0,5.5,mada
2026-07-02,TX-B2_poor_baqala-d00-001871,Riyadh - Souq,Riyadh,Chocolate Wafer King,CHW-WFR-05,Snacks,1,9.0,9.0,5.5,mada
2026-07-02,TX-B2_poor_baqala-d00-001872,Riyadh - Souq,Riyadh,Chocolate Wafer King,CHW-WFR-05,Snacks,1,9.0,9.0,5.5,card
2026-07-02,TX-B2_poor_baqala-d00-001873,Riyadh - Souq,Riyadh,Chocolate Wafer King,CHW-WFR-05,Snacks,1,9.0,9.0,5.5,cash
2026-07-02,TX-B2_poor_baqala-d00-001874,Riyadh - Souq,Riyadh,Chocolate Wafer King,CHW-WFR-05,Snacks,1,9.0,9.0,5.5,cash
2026-07-03,TX-B2_poor_baqala-d00-001875,Riyadh - Souq,Riyadh,Chocolate Wafer King,CHW-WFR-05,Snacks,1,9.0,9.0,5.5,cash
2026-07-03,TX-B2_poor_baqala-d00-001876,Riyadh - Souq,Riyadh,Chocolate Wafer King,CHW-WFR-05,Snacks,1,9.0,9.0,5.5,card
2026-07-03,TX-B2_poor_baqala-d00-001877,Riyadh - Souq,Riyadh,Chocolate Wafer King,CHW-WFR-05,Snacks,1,9.0,9.0,5.5,card
2026-07-03,TX-B2_poor_baqala-d00-001878,Riyadh - Souq,Riyadh,Chocolate Wafer King,CHW-WFR-05,Snacks,1,9.0,9.0,5.5,card
2026-07-03,TX-B2_poor_baqala-d00-001879,Riyadh - Souq,Riyadh,Chocolate Wafer King,CHW-WFR-05,Snacks,1,9.0,9.0,5.5,mada
2026-07-03,TX-B2_poor_baqala-d00-001880,Riyadh - Souq,Riyadh,Chocolate Wafer King,CHW-WFR-05,Snacks,1,9.0,9.0,5.5,card
2026-07-04,TX-B2_poor_baqala-d00-001881,Riyadh - Souq,Riyadh,Chocolate Wafer King,CHW-WFR-05,Snacks,1,9.0,9.0,5.5,cash
2026-07-04,TX-B2_poor_baqala-d00-001882,Riyadh - Souq,Riyadh,Chocolate Wafer King,CHW-WFR-05,Snacks,1,9.0,9.0,5.5,card
2026-07-04,TX-B2_poor_baqala-d00-001883,Riyadh - Souq,Riyadh,Chocolate Wafer King,CHW-WFR-05,Snacks,1,9.0,9.0,5.5,mada
2026-07-04,TX-B2_poor_baqala-d00-001884,Riyadh - Souq,Riyadh,Chocolate Wafer King,CHW-WFR-05,Snacks,1,9.0,9.0,5.5,mada
2026-07-04,TX-B2_poor_baqala-d00-001885,Riyadh - Souq,Riyadh,Chocolate Wafer King,CHW-WFR-05,Snacks,1,9.0,9.0,5.5,cash
2026-07-04,TX-B2_poor_baqala-d00-001886,Riyadh - Souq,Riyadh,Chocolate Wafer King,CHW-WFR-05,Snacks,1,9.0,9.0,5.5,cash
2026-07-04,TX-B2_poor_baqala-d00-001887,Riyadh - Souq,Riyadh,Chocolate Wafer King,CHW-WFR-05,Snacks,1,9.0,9.0,5.5,cash
2026-07-04,TX-B2_poor_baqala-d00-001888,Riyadh - Souq,Riyadh,Chocolate Wafer King,CHW-WFR-05,Snacks,1,9.0,9.0,5.5,mada
2026-07-04,TX-B2_poor_baqala-d00-001889,Riyadh - Souq,Riyadh,Chocolate Wafer King,CHW-WFR-05,Snacks,1,9.0,9.0,5.5,card
2026-07-05,TX-B2_poor_baqala-d00-001890,Riyadh - Souq,Riyadh,Chocolate Wafer King,CHW-WFR-05,Snacks,1,9.0,9.0,5.5,mada
2026-07-05,TX-B2_poor_baqala-d00-001891,Riyadh - Souq,Riyadh,Chocolate Wafer King,CHW-WFR-05,Snacks,1,9.0,9.0,5.5,card
2026-07-05,TX-B2_poor_baqala-d00-001892,Riyadh - Souq,Riyadh,Chocolate Wafer King,CHW-WFR-05,Snacks,1,9.0,9.0,5.5,cash
2026-07-05,TX-B2_poor_baqala-d00-001893,Riyadh - Souq,Riyadh,Chocolate Wafer King,CHW-WFR-05,Snacks,1,9.0,9.0,5.5,mada
2026-07-05,TX-B2_poor_baqala-d00-001894,Riyadh - Souq,Riyadh,Chocolate Wafer King,CHW-WFR-05,Snacks,1,9.0,9.0,5.5,cash
2026-07-05,TX-B2_poor_baqala-d00-001895,Riyadh - Souq,Riyadh,Chocolate Wafer King,CHW-WFR-05,Snacks,1,9.0,9.0,5.5,mada
2026-07-05,TX-B2_poor_baqala-d00-001896,Riyadh - Souq,Riyadh,Chocolate Wafer King,CHW-WFR-05,Snacks,1,9.0,9.0,5.5,cash
2026-07-05,TX-B2_poor_baqala-d00-001897,Riyadh - Souq,Riyadh,Chocolate Wafer King,CHW-WFR-05,Snacks,1,9.0,9.0,5.5,card
2026-07-06,TX-B2_poor_baqala-d00-001898,Riyadh - Souq,Riyadh,Chocolate Wafer King,CHW-WFR-05,Snacks,1,9.0,9.0,5.5,mada
2026-07-06,TX-B2_poor_baqala-d00-001899,Riyadh - Souq,Riyadh,Chocolate Wafer King,CHW-WFR-05,Snacks,1,9.0,9.0,5.5,cash
2026-07-06,TX-B2_poor_baqala-d00-001900,Riyadh - Souq,Riyadh,Chocolate Wafer King,CHW-WFR-05,Snacks,1,9.0,9.0,5.5,cash
2026-07-06,TX-B2_poor_baqala-d00-001901,Riyadh - Souq,Riyadh,Chocolate Wafer King,CHW-WFR-05,Snacks,1,9.0,9.0,5.5,cash
2026-07-06,TX-B2_poor_baqala-d00-001902,Riyadh - Souq,Riyadh,Chocolate Wafer King,CHW-WFR-05,Snacks,1,9.0,9.0,5.5,cash
2026-07-06,TX-B2_poor_baqala-d00-001903,Riyadh - Souq,Riyadh,Chocolate Wafer King,CHW-WFR-05,Snacks,1,9.0,9.0,5.5,card
2026-07-07,TX-B2_poor_baqala-d00-001904,Riyadh - Souq,Riyadh,Chocolate Wafer King,CHW-WFR-05,Snacks,1,9.0,9.0,5.5,mada
2026-07-07,TX-B2_poor_baqala-d00-001905,Riyadh - Souq,Riyadh,Chocolate Wafer King,CHW-WFR-05,Snacks,1,9.0,9.0,5.5,cash
2026-07-07,TX-B2_poor_baqala-d00-001906,Riyadh - Souq,Riyadh,Chocolate Wafer King,CHW-WFR-05,Snacks,1,9.0,9.0,5.5,card
2026-07-07,TX-B2_poor_baqala-d00-001907,Riyadh - Souq,Riyadh,Chocolate Wafer King,CHW-WFR-05,Snacks,1,9.0,9.0,5.5,card
2026-07-07,TX-B2_poor_baqala-d00-001908,Riyadh - Souq,Riyadh,Chocolate Wafer King,CHW-WFR-05,Snacks,1,9.0,9.0,5.5,mada
2026-07-07,TX-B2_poor_baqala-d00-001909,Riyadh - Souq,Riyadh,Chocolate Wafer King,CHW-WFR-05,Snacks,1,9.0,9.0,5.5,card
2026-07-08,TX-B2_poor_baqala-d00-001910,Riyadh - Souq,Riyadh,Chocolate Wafer King,CHW-WFR-05,Snacks,1,9.0,9.0,5.5,mada
2026-07-08,TX-B2_poor_baqala-d00-001911,Riyadh - Souq,Riyadh,Chocolate Wafer King,CHW-WFR-05,Snacks,1,9.0,9.0,5.5,mada
2026-07-08,TX-B2_poor_baqala-d00-001912,Riyadh - Souq,Riyadh,Chocolate Wafer King,CHW-WFR-05,Snacks,1,9.0,9.0,5.5,card
2026-07-08,TX-B2_poor_baqala-d00-001913,Riyadh - Souq,Riyadh,Chocolate Wafer King,CHW-WFR-05,Snacks,1,9.0,9.0,5.5,card
2026-07-08,TX-B2_poor_baqala-d00-001914,Riyadh - Souq,Riyadh,Chocolate Wafer King,CHW-WFR-05,Snacks,1,9.0,9.0,5.5,card
2026-07-08,TX-B2_poor_baqala-d00-001915,Riyadh - Souq,Riyadh,Chocolate Wafer King,CHW-WFR-05,Snacks,1,9.0,9.0,5.5,mada
2026-07-09,TX-B2_poor_baqala-d00-001916,Riyadh - Souq,Riyadh,Chocolate Wafer King,CHW-WFR-05,Snacks,1,9.0,9.0,5.5,cash
2026-07-09,TX-B2_poor_baqala-d00-001917,Riyadh - Souq,Riyadh,Chocolate Wafer King,CHW-WFR-05,Snacks,1,9.0,9.0,5.5,card
2026-07-09,TX-B2_poor_baqala-d00-001918,Riyadh - Souq,Riyadh,Chocolate Wafer King,CHW-WFR-05,Snacks,1,9.0,9.0,5.5,cash
2026-07-09,TX-B2_poor_baqala-d00-001919,Riyadh - Souq,Riyadh,Chocolate Wafer King,CHW-WFR-05,Snacks,1,9.0,9.0,5.5,card
2026-07-09,TX-B2_poor_baqala-d00-001920,Riyadh - Souq,Riyadh,Chocolate Wafer King,CHW-WFR-05,Snacks,1,9.0,9.0,5.5,mada
2026-07-10,TX-B2_poor_baqala-d00-001921,Riyadh - Souq,Riyadh,Chocolate Wafer King,CHW-WFR-05,Snacks,1,9.0,9.0,5.5,mada
2026-07-10,TX-B2_poor_baqala-d00-001922,Riyadh - Souq,Riyadh,Chocolate Wafer King,CHW-WFR-05,Snacks,1,9.0,9.0,5.5,cash
2026-07-10,TX-B2_poor_baqala-d00-001923,Riyadh - Souq,Riyadh,Chocolate Wafer King,CHW-WFR-05,Snacks,1,9.0,9.0,5.5,cash
2026-07-10,TX-B2_poor_baqala-d00-001924,Riyadh - Souq,Riyadh,Chocolate Wafer King,CHW-WFR-05,Snacks,1,9.0,9.0,5.5,mada
2026-07-10,TX-B2_poor_baqala-d00-001925,Riyadh - Souq,Riyadh,Chocolate Wafer King,CHW-WFR-05,Snacks,1,9.0,9.0,5.5,mada
2026-07-11,TX-B2_poor_baqala-d00-001926,Riyadh - Souq,Riyadh,Chocolate Wafer King,CHW-WFR-05,Snacks,1,9.0,9.0,5.5,cash
2026-07-11,TX-B2_poor_baqala-d00-001927,Riyadh - Souq,Riyadh,Chocolate Wafer King,CHW-WFR-05,Snacks,1,9.0,9.0,5.5,cash
2026-07-11,TX-B2_poor_baqala-d00-001928,Riyadh - Souq,Riyadh,Chocolate Wafer King,CHW-WFR-05,Snacks,1,9.0,9.0,5.5,card
2026-07-11,TX-B2_poor_baqala-d00-001929,Riyadh - Souq,Riyadh,Chocolate Wafer King,CHW-WFR-05,Snacks,1,9.0,9.0,5.5,cash
2026-07-11,TX-B2_poor_baqala-d00-001930,Riyadh - Souq,Riyadh,Chocolate Wafer King,CHW-WFR-05,Snacks,1,9.0,9.0,5.5,card
2026-07-11,TX-B2_poor_baqala-d00-001931,Riyadh - Souq,Riyadh,Chocolate Wafer King,CHW-WFR-05,Snacks,1,9.0,9.0,5.5,cash
2026-07-12,TX-B2_poor_baqala-d00-001932,Riyadh - Souq,Riyadh,Chocolate Wafer King,CHW-WFR-05,Snacks,1,9.0,9.0,5.5,card
2026-07-12,TX-B2_poor_baqala-d00-001933,Riyadh - Souq,Riyadh,Chocolate Wafer King,CHW-WFR-05,Snacks,1,9.0,9.0,5.5,mada
2026-07-12,TX-B2_poor_baqala-d00-001934,Riyadh - Souq,Riyadh,Chocolate Wafer King,CHW-WFR-05,Snacks,1,9.0,9.0,5.5,card
2026-07-12,TX-B2_poor_baqala-d00-001935,Riyadh - Souq,Riyadh,Chocolate Wafer King,CHW-WFR-05,Snacks,1,9.0,9.0,5.5,cash
2026-07-13,TX-B2_poor_baqala-d00-001936,Riyadh - Souq,Riyadh,Chocolate Wafer King,CHW-WFR-05,Snacks,1,9.0,9.0,5.5,card
2026-07-13,TX-B2_poor_baqala-d00-001937,Riyadh - Souq,Riyadh,Chocolate Wafer King,CHW-WFR-05,Snacks,1,9.0,9.0,5.5,mada
2026-07-13,TX-B2_poor_baqala-d00-001938,Riyadh - Souq,Riyadh,Chocolate Wafer King,CHW-WFR-05,Snacks,1,9.0,9.0,5.5,card
2026-07-13,TX-B2_poor_baqala-d00-001939,Riyadh - Souq,Riyadh,Chocolate Wafer King,CHW-WFR-05,Snacks,1,9.0,9.0,5.5,cash
2026-07-13,TX-B2_poor_baqala-d00-001940,Riyadh - Souq,Riyadh,Chocolate Wafer King,CHW-WFR-05,Snacks,1,9.0,9.0,5.5,card
2026-07-13,TX-B2_poor_baqala-d00-001941,Riyadh - Souq,Riyadh,Chocolate Wafer King,CHW-WFR-05,Snacks,1,9.0,9.0,5.5,cash
2026-07-13,TX-B2_poor_baqala-d00-001942,Riyadh - Souq,Riyadh,Chocolate Wafer King,CHW-WFR-05,Snacks,1,9.0,9.0,5.5,card
2026-07-13,TX-B2_poor_baqala-d00-001943,Riyadh - Souq,Riyadh,Chocolate Wafer King,CHW-WFR-05,Snacks,1,9.0,9.0,5.5,mada
2026-07-14,TX-B2_poor_baqala-d00-001944,Riyadh - Souq,Riyadh,Chocolate Wafer King,CHW-WFR-05,Snacks,1,9.0,9.0,5.5,card
2026-07-14,TX-B2_poor_baqala-d00-001945,Riyadh - Souq,Riyadh,Chocolate Wafer King,CHW-WFR-05,Snacks,1,9.0,9.0,5.5,mada
2026-07-14,TX-B2_poor_baqala-d00-001946,Riyadh - Souq,Riyadh,Chocolate Wafer King,CHW-WFR-05,Snacks,1,9.0,9.0,5.5,cash
2026-07-14,TX-B2_poor_baqala-d00-001947,Riyadh - Souq,Riyadh,Chocolate Wafer King,CHW-WFR-05,Snacks,1,9.0,9.0,5.5,mada
2026-07-14,TX-B2_poor_baqala-d00-001948,Riyadh - Souq,Riyadh,Chocolate Wafer King,CHW-WFR-05,Snacks,1,9.0,9.0,5.5,mada
2026-07-14,TX-B2_poor_baqala-d00-001949,Riyadh - Souq,Riyadh,Chocolate Wafer King,CHW-WFR-05,Snacks,1,9.0,9.0,5.5,mada
2026-07-14,TX-B2_poor_baqala-d00-001950,Riyadh - Souq,Riyadh,Chocolate Wafer King,CHW-WFR-05,Snacks,1,9.0,9.0,5.5,card
2026-07-14,TX-B2_poor_baqala-d00-001951,Riyadh - Souq,Riyadh,Chocolate Wafer King,CHW-WFR-05,Snacks,1,9.0,9.0,5.5,card
2026-07-15,TX-B2_poor_baqala-d00-001952,Riyadh - Souq,Riyadh,Chocolate Wafer King,CHW-WFR-05,Snacks,1,9.0,9.0,5.5,cash
2026-07-15,TX-B2_poor_baqala-d00-001953,Riyadh - Souq,Riyadh,Chocolate Wafer King,CHW-WFR-05,Snacks,1,9.0,9.0,5.5,mada
2026-07-15,TX-B2_poor_baqala-d00-001954,Riyadh - Souq,Riyadh,Chocolate Wafer King,CHW-WFR-05,Snacks,1,9.0,9.0,5.5,card
2026-07-15,TX-B2_poor_baqala-d00-001955,Riyadh - Souq,Riyadh,Chocolate Wafer King,CHW-WFR-05,Snacks,1,9.0,9.0,5.5,cash
2026-07-15,TX-B2_poor_baqala-d00-001956,Riyadh - Souq,Riyadh,Chocolate Wafer King,CHW-WFR-05,Snacks,1,9.0,9.0,5.5,card
2026-07-16,TX-B2_poor_baqala-d00-001957,Riyadh - Souq,Riyadh,Chocolate Wafer King,CHW-WFR-05,Snacks,1,9.0,9.0,5.5,card
2026-07-16,TX-B2_poor_baqala-d00-001958,Riyadh - Souq,Riyadh,Chocolate Wafer King,CHW-WFR-05,Snacks,1,9.0,9.0,5.5,card
2026-07-16,TX-B2_poor_baqala-d00-001959,Riyadh - Souq,Riyadh,Chocolate Wafer King,CHW-WFR-05,Snacks,1,9.0,9.0,5.5,card
2026-07-16,TX-B2_poor_baqala-d00-001960,Riyadh - Souq,Riyadh,Chocolate Wafer King,CHW-WFR-05,Snacks,1,9.0,9.0,5.5,card
2026-07-16,TX-B2_poor_baqala-d00-001961,Riyadh - Souq,Riyadh,Chocolate Wafer King,CHW-WFR-05,Snacks,1,9.0,9.0,5.5,mada
2026-07-16,TX-B2_poor_baqala-d00-001962,Riyadh - Souq,Riyadh,Chocolate Wafer King,CHW-WFR-05,Snacks,1,9.0,9.0,5.5,card
2026-07-16,TX-B2_poor_baqala-d00-001963,Riyadh - Souq,Riyadh,Chocolate Wafer King,CHW-WFR-05,Snacks,1,9.0,9.0,5.5,cash
2026-01-05,TX-B2_poor_baqala-d00-001964,Riyadh - Souq,Riyadh,Promo Chocolate Bar,PRM-CHC-06,Snacks,1,6.0,6.0,3.0,mada
2026-01-05,TX-B2_poor_baqala-d00-001965,Riyadh - Souq,Riyadh,Promo Chocolate Bar,PRM-CHC-06,Snacks,1,6.0,6.0,3.0,card
2026-01-05,TX-B2_poor_baqala-d00-001966,Riyadh - Souq,Riyadh,Promo Chocolate Bar,PRM-CHC-06,Snacks,1,6.0,6.0,3.0,card
2026-01-05,TX-B2_poor_baqala-d00-001967,Riyadh - Souq,Riyadh,Promo Chocolate Bar,PRM-CHC-06,Snacks,1,6.0,6.0,3.0,cash
2026-01-05,TX-B2_poor_baqala-d00-001968,Riyadh - Souq,Riyadh,Promo Chocolate Bar,PRM-CHC-06,Snacks,1,6.0,6.0,3.0,mada
2026-01-05,TX-B2_poor_baqala-d00-001969,Riyadh - Souq,Riyadh,Promo Chocolate Bar,PRM-CHC-06,Snacks,1,6.0,6.0,3.0,card
2026-01-05,TX-B2_poor_baqala-d00-001970,Riyadh - Souq,Riyadh,Promo Chocolate Bar,PRM-CHC-06,Snacks,1,6.0,6.0,3.0,mada
2026-01-05,TX-B2_poor_baqala-d00-001971,Riyadh - Souq,Riyadh,Promo Chocolate Bar,PRM-CHC-06,Snacks,1,6.0,6.0,3.0,card
2026-01-06,TX-B2_poor_baqala-d00-001972,Riyadh - Souq,Riyadh,Promo Chocolate Bar,PRM-CHC-06,Snacks,1,6.0,6.0,3.0,cash
2026-01-06,TX-B2_poor_baqala-d00-001973,Riyadh - Souq,Riyadh,Promo Chocolate Bar,PRM-CHC-06,Snacks,1,6.0,6.0,3.0,mada
2026-01-06,TX-B2_poor_baqala-d00-001974,Riyadh - Souq,Riyadh,Promo Chocolate Bar,PRM-CHC-06,Snacks,1,6.0,6.0,3.0,card
2026-01-06,TX-B2_poor_baqala-d00-001975,Riyadh - Souq,Riyadh,Promo Chocolate Bar,PRM-CHC-06,Snacks,1,6.0,6.0,3.0,mada
2026-01-06,TX-B2_poor_baqala-d00-001976,Riyadh - Souq,Riyadh,Promo Chocolate Bar,PRM-CHC-06,Snacks,1,6.0,6.0,3.0,card
2026-01-06,TX-B2_poor_baqala-d00-001977,Riyadh - Souq,Riyadh,Promo Chocolate Bar,PRM-CHC-06,Snacks,1,6.0,6.0,3.0,card
2026-01-06,TX-B2_poor_baqala-d00-001978,Riyadh - Souq,Riyadh,Promo Chocolate Bar,PRM-CHC-06,Snacks,1,6.0,6.0,3.0,cash
2026-01-06,TX-B2_poor_baqala-d00-001979,Riyadh - Souq,Riyadh,Promo Chocolate Bar,PRM-CHC-06,Snacks,1,6.0,6.0,3.0,cash
2026-01-06,TX-B2_poor_baqala-d00-001980,Riyadh - Souq,Riyadh,Promo Chocolate Bar,PRM-CHC-06,Snacks,1,6.0,6.0,3.0,card
2026-01-06,TX-B2_poor_baqala-d00-001981,Riyadh - Souq,Riyadh,Promo Chocolate Bar,PRM-CHC-06,Snacks,1,6.0,6.0,3.0,cash
2026-01-07,TX-B2_poor_baqala-d00-001982,Riyadh - Souq,Riyadh,Promo Chocolate Bar,PRM-CHC-06,Snacks,1,6.0,6.0,3.0,card
2026-01-07,TX-B2_poor_baqala-d00-001983,Riyadh - Souq,Riyadh,Promo Chocolate Bar,PRM-CHC-06,Snacks,1,6.0,6.0,3.0,card
2026-01-07,TX-B2_poor_baqala-d00-001984,Riyadh - Souq,Riyadh,Promo Chocolate Bar,PRM-CHC-06,Snacks,1,6.0,6.0,3.0,cash
2026-01-07,TX-B2_poor_baqala-d00-001985,Riyadh - Souq,Riyadh,Promo Chocolate Bar,PRM-CHC-06,Snacks,1,6.0,6.0,3.0,cash
2026-01-07,TX-B2_poor_baqala-d00-001986,Riyadh - Souq,Riyadh,Promo Chocolate Bar,PRM-CHC-06,Snacks,1,6.0,6.0,3.0,card
2026-01-07,TX-B2_poor_baqala-d00-001987,Riyadh - Souq,Riyadh,Promo Chocolate Bar,PRM-CHC-06,Snacks,1,6.0,6.0,3.0,card
2026-01-07,TX-B2_poor_baqala-d00-001988,Riyadh - Souq,Riyadh,Promo Chocolate Bar,PRM-CHC-06,Snacks,1,6.0,6.0,3.0,card
2026-01-07,TX-B2_poor_baqala-d00-001989,Riyadh - Souq,Riyadh,Promo Chocolate Bar,PRM-CHC-06,Snacks,1,6.0,6.0,3.0,cash
2026-01-07,TX-B2_poor_baqala-d00-001990,Riyadh - Souq,Riyadh,Promo Chocolate Bar,PRM-CHC-06,Snacks,1,6.0,6.0,3.0,card
2026-01-07,TX-B2_poor_baqala-d00-001991,Riyadh - Souq,Riyadh,Promo Chocolate Bar,PRM-CHC-06,Snacks,1,6.0,6.0,3.0,mada
2026-01-07,TX-B2_poor_baqala-d00-001992,Riyadh - Souq,Riyadh,Promo Chocolate Bar,PRM-CHC-06,Snacks,1,6.0,6.0,3.0,card
2026-01-08,TX-B2_poor_baqala-d00-001993,Riyadh - Souq,Riyadh,Promo Chocolate Bar,PRM-CHC-06,Snacks,1,6.0,6.0,3.0,card
2026-01-08,TX-B2_poor_baqala-d00-001994,Riyadh - Souq,Riyadh,Promo Chocolate Bar,PRM-CHC-06,Snacks,1,6.0,6.0,3.0,card
2026-01-08,TX-B2_poor_baqala-d00-001995,Riyadh - Souq,Riyadh,Promo Chocolate Bar,PRM-CHC-06,Snacks,1,6.0,6.0,3.0,mada
2026-01-08,TX-B2_poor_baqala-d00-001996,Riyadh - Souq,Riyadh,Promo Chocolate Bar,PRM-CHC-06,Snacks,1,6.0,6.0,3.0,mada
2026-01-08,TX-B2_poor_baqala-d00-001997,Riyadh - Souq,Riyadh,Promo Chocolate Bar,PRM-CHC-06,Snacks,1,6.0,6.0,3.0,card
2026-01-08,TX-B2_poor_baqala-d00-001998,Riyadh - Souq,Riyadh,Promo Chocolate Bar,PRM-CHC-06,Snacks,1,6.0,6.0,3.0,card
2026-01-08,TX-B2_poor_baqala-d00-001999,Riyadh - Souq,Riyadh,Promo Chocolate Bar,PRM-CHC-06,Snacks,1,6.0,6.0,3.0,cash
2026-01-09,TX-B2_poor_baqala-d00-002000,Riyadh - Souq,Riyadh,Promo Chocolate Bar,PRM-CHC-06,Snacks,1,6.0,6.0,3.0,mada
2026-01-09,TX-B2_poor_baqala-d00-002001,Riyadh - Souq,Riyadh,Promo Chocolate Bar,PRM-CHC-06,Snacks,1,6.0,6.0,3.0,mada
2026-01-09,TX-B2_poor_baqala-d00-002002,Riyadh - Souq,Riyadh,Promo Chocolate Bar,PRM-CHC-06,Snacks,1,6.0,6.0,3.0,card
2026-01-09,TX-B2_poor_baqala-d00-002003,Riyadh - Souq,Riyadh,Promo Chocolate Bar,PRM-CHC-06,Snacks,1,6.0,6.0,3.0,cash
2026-01-09,TX-B2_poor_baqala-d00-002004,Riyadh - Souq,Riyadh,Promo Chocolate Bar,PRM-CHC-06,Snacks,1,6.0,6.0,3.0,mada
2026-01-09,TX-B2_poor_baqala-d00-002005,Riyadh - Souq,Riyadh,Promo Chocolate Bar,PRM-CHC-06,Snacks,1,6.0,6.0,3.0,cash
2026-01-09,TX-B2_poor_baqala-d00-002006,Riyadh - Souq,Riyadh,Promo Chocolate Bar,PRM-CHC-06,Snacks,1,6.0,6.0,3.0,cash
2026-01-10,TX-B2_poor_baqala-d00-002007,Riyadh - Souq,Riyadh,Promo Chocolate Bar,PRM-CHC-06,Snacks,1,6.0,6.0,3.0,card
2026-01-10,TX-B2_poor_baqala-d00-002008,Riyadh - Souq,Riyadh,Promo Chocolate Bar,PRM-CHC-06,Snacks,1,6.0,6.0,3.0,cash
2026-01-10,TX-B2_poor_baqala-d00-002009,Riyadh - Souq,Riyadh,Promo Chocolate Bar,PRM-CHC-06,Snacks,1,6.0,6.0,3.0,card
2026-01-10,TX-B2_poor_baqala-d00-002010,Riyadh - Souq,Riyadh,Promo Chocolate Bar,PRM-CHC-06,Snacks,1,6.0,6.0,3.0,mada
2026-01-10,TX-B2_poor_baqala-d00-002011,Riyadh - Souq,Riyadh,Promo Chocolate Bar,PRM-CHC-06,Snacks,1,6.0,6.0,3.0,mada
2026-01-10,TX-B2_poor_baqala-d00-002012,Riyadh - Souq,Riyadh,Promo Chocolate Bar,PRM-CHC-06,Snacks,1,6.0,6.0,3.0,cash
2026-01-11,TX-B2_poor_baqala-d00-002013,Riyadh - Souq,Riyadh,Promo Chocolate Bar,PRM-CHC-06,Snacks,1,6.0,6.0,3.0,cash
2026-01-11,TX-B2_poor_baqala-d00-002014,Riyadh - Souq,Riyadh,Promo Chocolate Bar,PRM-CHC-06,Snacks,1,6.0,6.0,3.0,cash
2026-01-11,TX-B2_poor_baqala-d00-002015,Riyadh - Souq,Riyadh,Promo Chocolate Bar,PRM-CHC-06,Snacks,1,6.0,6.0,3.0,mada
2026-01-11,TX-B2_poor_baqala-d00-002016,Riyadh - Souq,Riyadh,Promo Chocolate Bar,PRM-CHC-06,Snacks,1,6.0,6.0,3.0,cash
2026-01-11,TX-B2_poor_baqala-d00-002017,Riyadh - Souq,Riyadh,Promo Chocolate Bar,PRM-CHC-06,Snacks,1,6.0,6.0,3.0,cash
2026-01-11,TX-B2_poor_baqala-d00-002018,Riyadh - Souq,Riyadh,Promo Chocolate Bar,PRM-CHC-06,Snacks,1,6.0,6.0,3.0,card
2026-01-11,TX-B2_poor_baqala-d00-002019,Riyadh - Souq,Riyadh,Promo Chocolate Bar,PRM-CHC-06,Snacks,1,6.0,6.0,3.0,mada
2026-01-12,TX-B2_poor_baqala-d00-002020,Riyadh - Souq,Riyadh,Promo Chocolate Bar,PRM-CHC-06,Snacks,1,6.0,6.0,3.0,cash
2026-01-12,TX-B2_poor_baqala-d00-002021,Riyadh - Souq,Riyadh,Promo Chocolate Bar,PRM-CHC-06,Snacks,1,6.0,6.0,3.0,mada
2026-01-12,TX-B2_poor_baqala-d00-002022,Riyadh - Souq,Riyadh,Promo Chocolate Bar,PRM-CHC-06,Snacks,1,6.0,6.0,3.0,cash
2026-01-12,TX-B2_poor_baqala-d00-002023,Riyadh - Souq,Riyadh,Promo Chocolate Bar,PRM-CHC-06,Snacks,1,6.0,6.0,3.0,mada
2026-01-12,TX-B2_poor_baqala-d00-002024,Riyadh - Souq,Riyadh,Promo Chocolate Bar,PRM-CHC-06,Snacks,1,6.0,6.0,3.0,card
2026-01-12,TX-B2_poor_baqala-d00-002025,Riyadh - Souq,Riyadh,Promo Chocolate Bar,PRM-CHC-06,Snacks,1,6.0,6.0,3.0,card
2026-01-12,TX-B2_poor_baqala-d00-002026,Riyadh - Souq,Riyadh,Promo Chocolate Bar,PRM-CHC-06,Snacks,1,6.0,6.0,3.0,card
2026-01-13,TX-B2_poor_baqala-d00-002027,Riyadh - Souq,Riyadh,Promo Chocolate Bar,PRM-CHC-06,Snacks,1,6.0,6.0,3.0,card
2026-01-13,TX-B2_poor_baqala-d00-002028,Riyadh - Souq,Riyadh,Promo Chocolate Bar,PRM-CHC-06,Snacks,1,6.0,6.0,3.0,cash
2026-01-13,TX-B2_poor_baqala-d00-002029,Riyadh - Souq,Riyadh,Promo Chocolate Bar,PRM-CHC-06,Snacks,1,6.0,6.0,3.0,mada
2026-01-13,TX-B2_poor_baqala-d00-002030,Riyadh - Souq,Riyadh,Promo Chocolate Bar,PRM-CHC-06,Snacks,1,6.0,6.0,3.0,card
2026-01-13,TX-B2_poor_baqala-d00-002031,Riyadh - Souq,Riyadh,Promo Chocolate Bar,PRM-CHC-06,Snacks,1,6.0,6.0,3.0,card
2026-01-13,TX-B2_poor_baqala-d00-002032,Riyadh - Souq,Riyadh,Promo Chocolate Bar,PRM-CHC-06,Snacks,1,6.0,6.0,3.0,card
2026-01-13,TX-B2_poor_baqala-d00-002033,Riyadh - Souq,Riyadh,Promo Chocolate Bar,PRM-CHC-06,Snacks,1,6.0,6.0,3.0,card
2026-01-13,TX-B2_poor_baqala-d00-002034,Riyadh - Souq,Riyadh,Promo Chocolate Bar,PRM-CHC-06,Snacks,1,6.0,6.0,3.0,cash
2026-01-13,TX-B2_poor_baqala-d00-002035,Riyadh - Souq,Riyadh,Promo Chocolate Bar,PRM-CHC-06,Snacks,1,6.0,6.0,3.0,mada
2026-01-13,TX-B2_poor_baqala-d00-002036,Riyadh - Souq,Riyadh,Promo Chocolate Bar,PRM-CHC-06,Snacks,1,6.0,6.0,3.0,cash
2026-01-14,TX-B2_poor_baqala-d00-002037,Riyadh - Souq,Riyadh,Promo Chocolate Bar,PRM-CHC-06,Snacks,1,6.0,6.0,3.0,mada
2026-01-14,TX-B2_poor_baqala-d00-002038,Riyadh - Souq,Riyadh,Promo Chocolate Bar,PRM-CHC-06,Snacks,1,6.0,6.0,3.0,card
2026-01-14,TX-B2_poor_baqala-d00-002039,Riyadh - Souq,Riyadh,Promo Chocolate Bar,PRM-CHC-06,Snacks,1,6.0,6.0,3.0,card
2026-01-14,TX-B2_poor_baqala-d00-002040,Riyadh - Souq,Riyadh,Promo Chocolate Bar,PRM-CHC-06,Snacks,1,6.0,6.0,3.0,mada
2026-01-14,TX-B2_poor_baqala-d00-002041,Riyadh - Souq,Riyadh,Promo Chocolate Bar,PRM-CHC-06,Snacks,1,6.0,6.0,3.0,mada
2026-01-14,TX-B2_poor_baqala-d00-002042,Riyadh - Souq,Riyadh,Promo Chocolate Bar,PRM-CHC-06,Snacks,1,6.0,6.0,3.0,cash
2026-01-15,TX-B2_poor_baqala-d00-002043,Riyadh - Souq,Riyadh,Promo Chocolate Bar,PRM-CHC-06,Snacks,1,6.0,6.0,3.0,mada
2026-01-15,TX-B2_poor_baqala-d00-002044,Riyadh - Souq,Riyadh,Promo Chocolate Bar,PRM-CHC-06,Snacks,1,6.0,6.0,3.0,mada
2026-01-15,TX-B2_poor_baqala-d00-002045,Riyadh - Souq,Riyadh,Promo Chocolate Bar,PRM-CHC-06,Snacks,1,6.0,6.0,3.0,mada
2026-01-15,TX-B2_poor_baqala-d00-002046,Riyadh - Souq,Riyadh,Promo Chocolate Bar,PRM-CHC-06,Snacks,1,6.0,6.0,3.0,cash
2026-01-15,TX-B2_poor_baqala-d00-002047,Riyadh - Souq,Riyadh,Promo Chocolate Bar,PRM-CHC-06,Snacks,1,6.0,6.0,3.0,cash
2026-01-15,TX-B2_poor_baqala-d00-002048,Riyadh - Souq,Riyadh,Promo Chocolate Bar,PRM-CHC-06,Snacks,1,6.0,6.0,3.0,mada
2026-01-15,TX-B2_poor_baqala-d00-002049,Riyadh - Souq,Riyadh,Promo Chocolate Bar,PRM-CHC-06,Snacks,1,6.0,6.0,3.0,cash
2026-01-16,TX-B2_poor_baqala-d00-002050,Riyadh - Souq,Riyadh,Promo Chocolate Bar,PRM-CHC-06,Snacks,1,6.0,6.0,3.0,cash
2026-01-16,TX-B2_poor_baqala-d00-002051,Riyadh - Souq,Riyadh,Promo Chocolate Bar,PRM-CHC-06,Snacks,1,6.0,6.0,3.0,mada
2026-01-16,TX-B2_poor_baqala-d00-002052,Riyadh - Souq,Riyadh,Promo Chocolate Bar,PRM-CHC-06,Snacks,1,6.0,6.0,3.0,card
2026-01-16,TX-B2_poor_baqala-d00-002053,Riyadh - Souq,Riyadh,Promo Chocolate Bar,PRM-CHC-06,Snacks,1,6.0,6.0,3.0,card
2026-01-16,TX-B2_poor_baqala-d00-002054,Riyadh - Souq,Riyadh,Promo Chocolate Bar,PRM-CHC-06,Snacks,1,6.0,6.0,3.0,mada
2026-01-16,TX-B2_poor_baqala-d00-002055,Riyadh - Souq,Riyadh,Promo Chocolate Bar,PRM-CHC-06,Snacks,1,6.0,6.0,3.0,cash
2026-01-16,TX-B2_poor_baqala-d00-002056,Riyadh - Souq,Riyadh,Promo Chocolate Bar,PRM-CHC-06,Snacks,1,6.0,6.0,3.0,card
2026-01-17,TX-B2_poor_baqala-d00-002057,Riyadh - Souq,Riyadh,Promo Chocolate Bar,PRM-CHC-06,Snacks,1,6.0,6.0,3.0,card
2026-01-17,TX-B2_poor_baqala-d00-002058,Riyadh - Souq,Riyadh,Promo Chocolate Bar,PRM-CHC-06,Snacks,1,6.0,6.0,3.0,cash
2026-01-17,TX-B2_poor_baqala-d00-002059,Riyadh - Souq,Riyadh,Promo Chocolate Bar,PRM-CHC-06,Snacks,1,6.0,6.0,3.0,cash
2026-01-17,TX-B2_poor_baqala-d00-002060,Riyadh - Souq,Riyadh,Promo Chocolate Bar,PRM-CHC-06,Snacks,1,6.0,6.0,3.0,card
2026-01-17,TX-B2_poor_baqala-d00-002061,Riyadh - Souq,Riyadh,Promo Chocolate Bar,PRM-CHC-06,Snacks,1,6.0,6.0,3.0,mada
2026-01-17,TX-B2_poor_baqala-d00-002062,Riyadh - Souq,Riyadh,Promo Chocolate Bar,PRM-CHC-06,Snacks,1,6.0,6.0,3.0,card
2026-01-17,TX-B2_poor_baqala-d00-002063,Riyadh - Souq,Riyadh,Promo Chocolate Bar,PRM-CHC-06,Snacks,1,6.0,6.0,3.0,card
2026-01-17,TX-B2_poor_baqala-d00-002064,Riyadh - Souq,Riyadh,Promo Chocolate Bar,PRM-CHC-06,Snacks,1,6.0,6.0,3.0,cash
2026-01-18,TX-B2_poor_baqala-d00-002065,Riyadh - Souq,Riyadh,Promo Chocolate Bar,PRM-CHC-06,Snacks,1,6.0,6.0,3.0,card
2026-01-18,TX-B2_poor_baqala-d00-002066,Riyadh - Souq,Riyadh,Promo Chocolate Bar,PRM-CHC-06,Snacks,1,6.0,6.0,3.0,mada
2026-01-18,TX-B2_poor_baqala-d00-002067,Riyadh - Souq,Riyadh,Promo Chocolate Bar,PRM-CHC-06,Snacks,1,6.0,6.0,3.0,cash
2026-01-18,TX-B2_poor_baqala-d00-002068,Riyadh - Souq,Riyadh,Promo Chocolate Bar,PRM-CHC-06,Snacks,1,6.0,6.0,3.0,cash
2026-01-18,TX-B2_poor_baqala-d00-002069,Riyadh - Souq,Riyadh,Promo Chocolate Bar,PRM-CHC-06,Snacks,1,6.0,6.0,3.0,cash
2026-01-18,TX-B2_poor_baqala-d00-002070,Riyadh - Souq,Riyadh,Promo Chocolate Bar,PRM-CHC-06,Snacks,1,6.0,6.0,3.0,mada
2026-01-19,TX-B2_poor_baqala-d00-002071,Riyadh - Souq,Riyadh,Promo Chocolate Bar,PRM-CHC-06,Snacks,1,6.0,6.0,3.0,cash
2026-01-19,TX-B2_poor_baqala-d00-002072,Riyadh - Souq,Riyadh,Promo Chocolate Bar,PRM-CHC-06,Snacks,1,6.0,6.0,3.0,mada
2026-01-19,TX-B2_poor_baqala-d00-002073,Riyadh - Souq,Riyadh,Promo Chocolate Bar,PRM-CHC-06,Snacks,1,6.0,6.0,3.0,card
2026-01-19,TX-B2_poor_baqala-d00-002074,Riyadh - Souq,Riyadh,Promo Chocolate Bar,PRM-CHC-06,Snacks,1,6.0,6.0,3.0,mada
2026-01-19,TX-B2_poor_baqala-d00-002075,Riyadh - Souq,Riyadh,Promo Chocolate Bar,PRM-CHC-06,Snacks,1,6.0,6.0,3.0,cash
2026-01-19,TX-B2_poor_baqala-d00-002076,Riyadh - Souq,Riyadh,Promo Chocolate Bar,PRM-CHC-06,Snacks,1,6.0,6.0,3.0,card
2026-01-19,TX-B2_poor_baqala-d00-002077,Riyadh - Souq,Riyadh,Promo Chocolate Bar,PRM-CHC-06,Snacks,1,6.0,6.0,3.0,card
2026-01-19,TX-B2_poor_baqala-d00-002078,Riyadh - Souq,Riyadh,Promo Chocolate Bar,PRM-CHC-06,Snacks,1,6.0,6.0,3.0,mada
2026-01-19,TX-B2_poor_baqala-d00-002079,Riyadh - Souq,Riyadh,Promo Chocolate Bar,PRM-CHC-06,Snacks,1,6.0,6.0,3.0,mada
2026-01-20,TX-B2_poor_baqala-d00-002080,Riyadh - Souq,Riyadh,Promo Chocolate Bar,PRM-CHC-06,Snacks,1,6.0,6.0,3.0,card
2026-01-20,TX-B2_poor_baqala-d00-002081,Riyadh - Souq,Riyadh,Promo Chocolate Bar,PRM-CHC-06,Snacks,1,6.0,6.0,3.0,card
2026-01-20,TX-B2_poor_baqala-d00-002082,Riyadh - Souq,Riyadh,Promo Chocolate Bar,PRM-CHC-06,Snacks,1,6.0,6.0,3.0,mada
2026-01-20,TX-B2_poor_baqala-d00-002083,Riyadh - Souq,Riyadh,Promo Chocolate Bar,PRM-CHC-06,Snacks,1,6.0,6.0,3.0,cash
2026-01-20,TX-B2_poor_baqala-d00-002084,Riyadh - Souq,Riyadh,Promo Chocolate Bar,PRM-CHC-06,Snacks,1,6.0,6.0,3.0,mada
2026-01-20,TX-B2_poor_baqala-d00-002085,Riyadh - Souq,Riyadh,Promo Chocolate Bar,PRM-CHC-06,Snacks,1,6.0,6.0,3.0,cash
2026-01-20,TX-B2_poor_baqala-d00-002086,Riyadh - Souq,Riyadh,Promo Chocolate Bar,PRM-CHC-06,Snacks,1,6.0,6.0,3.0,mada
2026-01-20,TX-B2_poor_baqala-d00-002087,Riyadh - Souq,Riyadh,Promo Chocolate Bar,PRM-CHC-06,Snacks,1,6.0,6.0,3.0,card
2026-01-20,TX-B2_poor_baqala-d00-002088,Riyadh - Souq,Riyadh,Promo Chocolate Bar,PRM-CHC-06,Snacks,1,6.0,6.0,3.0,cash
2026-01-20,TX-B2_poor_baqala-d00-002089,Riyadh - Souq,Riyadh,Promo Chocolate Bar,PRM-CHC-06,Snacks,1,6.0,6.0,3.0,card
2026-01-21,TX-B2_poor_baqala-d00-002090,Riyadh - Souq,Riyadh,Promo Chocolate Bar,PRM-CHC-06,Snacks,1,6.0,6.0,3.0,card
2026-01-21,TX-B2_poor_baqala-d00-002091,Riyadh - Souq,Riyadh,Promo Chocolate Bar,PRM-CHC-06,Snacks,1,6.0,6.0,3.0,mada
2026-01-21,TX-B2_poor_baqala-d00-002092,Riyadh - Souq,Riyadh,Promo Chocolate Bar,PRM-CHC-06,Snacks,1,6.0,6.0,3.0,mada
2026-01-21,TX-B2_poor_baqala-d00-002093,Riyadh - Souq,Riyadh,Promo Chocolate Bar,PRM-CHC-06,Snacks,1,6.0,6.0,3.0,mada
2026-01-21,TX-B2_poor_baqala-d00-002094,Riyadh - Souq,Riyadh,Promo Chocolate Bar,PRM-CHC-06,Snacks,1,6.0,6.0,3.0,mada
2026-01-21,TX-B2_poor_baqala-d00-002095,Riyadh - Souq,Riyadh,Promo Chocolate Bar,PRM-CHC-06,Snacks,1,6.0,6.0,3.0,mada
2026-01-21,TX-B2_poor_baqala-d00-002096,Riyadh - Souq,Riyadh,Promo Chocolate Bar,PRM-CHC-06,Snacks,1,6.0,6.0,3.0,mada
2026-01-21,TX-B2_poor_baqala-d00-002097,Riyadh - Souq,Riyadh,Promo Chocolate Bar,PRM-CHC-06,Snacks,1,6.0,6.0,3.0,mada
2026-01-21,TX-B2_poor_baqala-d00-002098,Riyadh - Souq,Riyadh,Promo Chocolate Bar,PRM-CHC-06,Snacks,1,6.0,6.0,3.0,mada
2026-01-22,TX-B2_poor_baqala-d00-002099,Riyadh - Souq,Riyadh,Promo Chocolate Bar,PRM-CHC-06,Snacks,1,6.0,6.0,3.0,card
2026-01-22,TX-B2_poor_baqala-d00-002100,Riyadh - Souq,Riyadh,Promo Chocolate Bar,PRM-CHC-06,Snacks,1,6.0,6.0,3.0,card
2026-01-22,TX-B2_poor_baqala-d00-002101,Riyadh - Souq,Riyadh,Promo Chocolate Bar,PRM-CHC-06,Snacks,1,6.0,6.0,3.0,mada
2026-01-22,TX-B2_poor_baqala-d00-002102,Riyadh - Souq,Riyadh,Promo Chocolate Bar,PRM-CHC-06,Snacks,1,6.0,6.0,3.0,mada
2026-01-22,TX-B2_poor_baqala-d00-002103,Riyadh - Souq,Riyadh,Promo Chocolate Bar,PRM-CHC-06,Snacks,1,6.0,6.0,3.0,mada
2026-01-22,TX-B2_poor_baqala-d00-002104,Riyadh - Souq,Riyadh,Promo Chocolate Bar,PRM-CHC-06,Snacks,1,6.0,6.0,3.0,mada
2026-01-22,TX-B2_poor_baqala-d00-002105,Riyadh - Souq,Riyadh,Promo Chocolate Bar,PRM-CHC-06,Snacks,1,6.0,6.0,3.0,cash
2026-01-23,TX-B2_poor_baqala-d00-002106,Riyadh - Souq,Riyadh,Promo Chocolate Bar,PRM-CHC-06,Snacks,1,6.0,6.0,3.0,cash
2026-01-23,TX-B2_poor_baqala-d00-002107,Riyadh - Souq,Riyadh,Promo Chocolate Bar,PRM-CHC-06,Snacks,1,6.0,6.0,3.0,card
2026-01-23,TX-B2_poor_baqala-d00-002108,Riyadh - Souq,Riyadh,Promo Chocolate Bar,PRM-CHC-06,Snacks,1,6.0,6.0,3.0,card
2026-01-23,TX-B2_poor_baqala-d00-002109,Riyadh - Souq,Riyadh,Promo Chocolate Bar,PRM-CHC-06,Snacks,1,6.0,6.0,3.0,mada
2026-01-23,TX-B2_poor_baqala-d00-002110,Riyadh - Souq,Riyadh,Promo Chocolate Bar,PRM-CHC-06,Snacks,1,6.0,6.0,3.0,mada
2026-01-23,TX-B2_poor_baqala-d00-002111,Riyadh - Souq,Riyadh,Promo Chocolate Bar,PRM-CHC-06,Snacks,1,6.0,6.0,3.0,mada
2026-01-23,TX-B2_poor_baqala-d00-002112,Riyadh - Souq,Riyadh,Promo Chocolate Bar,PRM-CHC-06,Snacks,1,6.0,6.0,3.0,cash
2026-01-23,TX-B2_poor_baqala-d00-002113,Riyadh - Souq,Riyadh,Promo Chocolate Bar,PRM-CHC-06,Snacks,1,6.0,6.0,3.0,card
2026-01-24,TX-B2_poor_baqala-d00-002114,Riyadh - Souq,Riyadh,Promo Chocolate Bar,PRM-CHC-06,Snacks,1,6.0,6.0,3.0,cash
2026-01-24,TX-B2_poor_baqala-d00-002115,Riyadh - Souq,Riyadh,Promo Chocolate Bar,PRM-CHC-06,Snacks,1,6.0,6.0,3.0,card
2026-01-24,TX-B2_poor_baqala-d00-002116,Riyadh - Souq,Riyadh,Promo Chocolate Bar,PRM-CHC-06,Snacks,1,6.0,6.0,3.0,cash
2026-01-24,TX-B2_poor_baqala-d00-002117,Riyadh - Souq,Riyadh,Promo Chocolate Bar,PRM-CHC-06,Snacks,1,6.0,6.0,3.0,cash
2026-01-24,TX-B2_poor_baqala-d00-002118,Riyadh - Souq,Riyadh,Promo Chocolate Bar,PRM-CHC-06,Snacks,1,6.0,6.0,3.0,mada
2026-01-24,TX-B2_poor_baqala-d00-002119,Riyadh - Souq,Riyadh,Promo Chocolate Bar,PRM-CHC-06,Snacks,1,6.0,6.0,3.0,mada
2026-01-24,TX-B2_poor_baqala-d00-002120,Riyadh - Souq,Riyadh,Promo Chocolate Bar,PRM-CHC-06,Snacks,1,6.0,6.0,3.0,card
2026-01-25,TX-B2_poor_baqala-d00-002121,Riyadh - Souq,Riyadh,Promo Chocolate Bar,PRM-CHC-06,Snacks,1,6.0,6.0,3.0,card
2026-01-25,TX-B2_poor_baqala-d00-002122,Riyadh - Souq,Riyadh,Promo Chocolate Bar,PRM-CHC-06,Snacks,1,6.0,6.0,3.0,card
2026-01-25,TX-B2_poor_baqala-d00-002123,Riyadh - Souq,Riyadh,Promo Chocolate Bar,PRM-CHC-06,Snacks,1,6.0,6.0,3.0,mada
2026-01-25,TX-B2_poor_baqala-d00-002124,Riyadh - Souq,Riyadh,Promo Chocolate Bar,PRM-CHC-06,Snacks,1,6.0,6.0,3.0,card
2026-01-25,TX-B2_poor_baqala-d00-002125,Riyadh - Souq,Riyadh,Promo Chocolate Bar,PRM-CHC-06,Snacks,1,6.0,6.0,3.0,cash
2026-01-25,TX-B2_poor_baqala-d00-002126,Riyadh - Souq,Riyadh,Promo Chocolate Bar,PRM-CHC-06,Snacks,1,6.0,6.0,3.0,mada
2026-01-25,TX-B2_poor_baqala-d00-002127,Riyadh - Souq,Riyadh,Promo Chocolate Bar,PRM-CHC-06,Snacks,1,6.0,6.0,3.0,cash
2026-01-25,TX-B2_poor_baqala-d00-002128,Riyadh - Souq,Riyadh,Promo Chocolate Bar,PRM-CHC-06,Snacks,1,6.0,6.0,3.0,mada
2026-01-25,TX-B2_poor_baqala-d00-002129,Riyadh - Souq,Riyadh,Promo Chocolate Bar,PRM-CHC-06,Snacks,1,6.0,6.0,3.0,cash
2026-01-25,TX-B2_poor_baqala-d00-002130,Riyadh - Souq,Riyadh,Promo Chocolate Bar,PRM-CHC-06,Snacks,1,6.0,6.0,3.0,mada
2026-01-25,TX-B2_poor_baqala-d00-002131,Riyadh - Souq,Riyadh,Promo Chocolate Bar,PRM-CHC-06,Snacks,1,6.0,6.0,3.0,mada
2026-01-26,TX-B2_poor_baqala-d00-002132,Riyadh - Souq,Riyadh,Promo Chocolate Bar,PRM-CHC-06,Snacks,1,6.0,6.0,3.0,card
2026-01-26,TX-B2_poor_baqala-d00-002133,Riyadh - Souq,Riyadh,Promo Chocolate Bar,PRM-CHC-06,Snacks,1,6.0,6.0,3.0,mada
2026-01-26,TX-B2_poor_baqala-d00-002134,Riyadh - Souq,Riyadh,Promo Chocolate Bar,PRM-CHC-06,Snacks,1,6.0,6.0,3.0,mada
2026-01-26,TX-B2_poor_baqala-d00-002135,Riyadh - Souq,Riyadh,Promo Chocolate Bar,PRM-CHC-06,Snacks,1,6.0,6.0,3.0,card
2026-01-26,TX-B2_poor_baqala-d00-002136,Riyadh - Souq,Riyadh,Promo Chocolate Bar,PRM-CHC-06,Snacks,1,6.0,6.0,3.0,mada
2026-01-26,TX-B2_poor_baqala-d00-002137,Riyadh - Souq,Riyadh,Promo Chocolate Bar,PRM-CHC-06,Snacks,1,6.0,6.0,3.0,card
2026-01-26,TX-B2_poor_baqala-d00-002138,Riyadh - Souq,Riyadh,Promo Chocolate Bar,PRM-CHC-06,Snacks,1,6.0,6.0,3.0,mada
2026-01-26,TX-B2_poor_baqala-d00-002139,Riyadh - Souq,Riyadh,Promo Chocolate Bar,PRM-CHC-06,Snacks,1,6.0,6.0,3.0,cash
2026-01-26,TX-B2_poor_baqala-d00-002140,Riyadh - Souq,Riyadh,Promo Chocolate Bar,PRM-CHC-06,Snacks,1,6.0,6.0,3.0,cash
2026-01-26,TX-B2_poor_baqala-d00-002141,Riyadh - Souq,Riyadh,Promo Chocolate Bar,PRM-CHC-06,Snacks,1,6.0,6.0,3.0,cash
2026-01-27,TX-B2_poor_baqala-d00-002142,Riyadh - Souq,Riyadh,Promo Chocolate Bar,PRM-CHC-06,Snacks,1,6.0,6.0,3.0,cash
2026-01-27,TX-B2_poor_baqala-d00-002143,Riyadh - Souq,Riyadh,Promo Chocolate Bar,PRM-CHC-06,Snacks,1,6.0,6.0,3.0,card
2026-01-27,TX-B2_poor_baqala-d00-002144,Riyadh - Souq,Riyadh,Promo Chocolate Bar,PRM-CHC-06,Snacks,1,6.0,6.0,3.0,cash
2026-01-27,TX-B2_poor_baqala-d00-002145,Riyadh - Souq,Riyadh,Promo Chocolate Bar,PRM-CHC-06,Snacks,1,6.0,6.0,3.0,card
2026-01-27,TX-B2_poor_baqala-d00-002146,Riyadh - Souq,Riyadh,Promo Chocolate Bar,PRM-CHC-06,Snacks,1,6.0,6.0,3.0,mada
2026-01-27,TX-B2_poor_baqala-d00-002147,Riyadh - Souq,Riyadh,Promo Chocolate Bar,PRM-CHC-06,Snacks,1,6.0,6.0,3.0,card
2026-01-27,TX-B2_poor_baqala-d00-002148,Riyadh - Souq,Riyadh,Promo Chocolate Bar,PRM-CHC-06,Snacks,1,6.0,6.0,3.0,mada
2026-01-28,TX-B2_poor_baqala-d00-002149,Riyadh - Souq,Riyadh,Promo Chocolate Bar,PRM-CHC-06,Snacks,1,6.0,6.0,3.0,mada
2026-01-28,TX-B2_poor_baqala-d00-002150,Riyadh - Souq,Riyadh,Promo Chocolate Bar,PRM-CHC-06,Snacks,1,6.0,6.0,3.0,mada
2026-01-28,TX-B2_poor_baqala-d00-002151,Riyadh - Souq,Riyadh,Promo Chocolate Bar,PRM-CHC-06,Snacks,1,6.0,6.0,3.0,card
2026-01-28,TX-B2_poor_baqala-d00-002152,Riyadh - Souq,Riyadh,Promo Chocolate Bar,PRM-CHC-06,Snacks,1,6.0,6.0,3.0,mada
2026-01-28,TX-B2_poor_baqala-d00-002153,Riyadh - Souq,Riyadh,Promo Chocolate Bar,PRM-CHC-06,Snacks,1,6.0,6.0,3.0,card
2026-01-28,TX-B2_poor_baqala-d00-002154,Riyadh - Souq,Riyadh,Promo Chocolate Bar,PRM-CHC-06,Snacks,1,6.0,6.0,3.0,card
2026-01-28,TX-B2_poor_baqala-d00-002155,Riyadh - Souq,Riyadh,Promo Chocolate Bar,PRM-CHC-06,Snacks,1,6.0,6.0,3.0,card
2026-01-28,TX-B2_poor_baqala-d00-002156,Riyadh - Souq,Riyadh,Promo Chocolate Bar,PRM-CHC-06,Snacks,1,6.0,6.0,3.0,mada
2026-01-28,TX-B2_poor_baqala-d00-002157,Riyadh - Souq,Riyadh,Promo Chocolate Bar,PRM-CHC-06,Snacks,1,6.0,6.0,3.0,card
2026-01-29,TX-B2_poor_baqala-d00-002158,Riyadh - Souq,Riyadh,Promo Chocolate Bar,PRM-CHC-06,Snacks,1,6.0,6.0,3.0,mada
2026-01-29,TX-B2_poor_baqala-d00-002159,Riyadh - Souq,Riyadh,Promo Chocolate Bar,PRM-CHC-06,Snacks,1,6.0,6.0,3.0,card
2026-01-29,TX-B2_poor_baqala-d00-002160,Riyadh - Souq,Riyadh,Promo Chocolate Bar,PRM-CHC-06,Snacks,1,6.0,6.0,3.0,mada
2026-01-29,TX-B2_poor_baqala-d00-002161,Riyadh - Souq,Riyadh,Promo Chocolate Bar,PRM-CHC-06,Snacks,1,6.0,6.0,3.0,mada
2026-01-29,TX-B2_poor_baqala-d00-002162,Riyadh - Souq,Riyadh,Promo Chocolate Bar,PRM-CHC-06,Snacks,1,6.0,6.0,3.0,mada
2026-01-29,TX-B2_poor_baqala-d00-002163,Riyadh - Souq,Riyadh,Promo Chocolate Bar,PRM-CHC-06,Snacks,1,6.0,6.0,3.0,mada
2026-01-29,TX-B2_poor_baqala-d00-002164,Riyadh - Souq,Riyadh,Promo Chocolate Bar,PRM-CHC-06,Snacks,1,6.0,6.0,3.0,cash
2026-01-29,TX-B2_poor_baqala-d00-002165,Riyadh - Souq,Riyadh,Promo Chocolate Bar,PRM-CHC-06,Snacks,1,6.0,6.0,3.0,mada
2026-01-29,TX-B2_poor_baqala-d00-002166,Riyadh - Souq,Riyadh,Promo Chocolate Bar,PRM-CHC-06,Snacks,1,6.0,6.0,3.0,cash
2026-01-30,TX-B2_poor_baqala-d00-002167,Riyadh - Souq,Riyadh,Promo Chocolate Bar,PRM-CHC-06,Snacks,1,6.0,6.0,3.0,cash
2026-01-30,TX-B2_poor_baqala-d00-002168,Riyadh - Souq,Riyadh,Promo Chocolate Bar,PRM-CHC-06,Snacks,1,6.0,6.0,3.0,cash
2026-01-30,TX-B2_poor_baqala-d00-002169,Riyadh - Souq,Riyadh,Promo Chocolate Bar,PRM-CHC-06,Snacks,1,6.0,6.0,3.0,mada
2026-01-30,TX-B2_poor_baqala-d00-002170,Riyadh - Souq,Riyadh,Promo Chocolate Bar,PRM-CHC-06,Snacks,1,6.0,6.0,3.0,card
2026-01-30,TX-B2_poor_baqala-d00-002171,Riyadh - Souq,Riyadh,Promo Chocolate Bar,PRM-CHC-06,Snacks,1,6.0,6.0,3.0,card
2026-01-30,TX-B2_poor_baqala-d00-002172,Riyadh - Souq,Riyadh,Promo Chocolate Bar,PRM-CHC-06,Snacks,1,6.0,6.0,3.0,card
2026-01-30,TX-B2_poor_baqala-d00-002173,Riyadh - Souq,Riyadh,Promo Chocolate Bar,PRM-CHC-06,Snacks,1,6.0,6.0,3.0,cash
2026-01-30,TX-B2_poor_baqala-d00-002174,Riyadh - Souq,Riyadh,Promo Chocolate Bar,PRM-CHC-06,Snacks,1,6.0,6.0,3.0,mada
2026-01-30,TX-B2_poor_baqala-d00-002175,Riyadh - Souq,Riyadh,Promo Chocolate Bar,PRM-CHC-06,Snacks,1,6.0,6.0,3.0,cash
2026-01-30,TX-B2_poor_baqala-d00-002176,Riyadh - Souq,Riyadh,Promo Chocolate Bar,PRM-CHC-06,Snacks,1,6.0,6.0,3.0,card
2026-01-31,TX-B2_poor_baqala-d00-002177,Riyadh - Souq,Riyadh,Promo Chocolate Bar,PRM-CHC-06,Snacks,1,6.0,6.0,3.0,cash
2026-01-31,TX-B2_poor_baqala-d00-002178,Riyadh - Souq,Riyadh,Promo Chocolate Bar,PRM-CHC-06,Snacks,1,6.0,6.0,3.0,cash
2026-01-31,TX-B2_poor_baqala-d00-002179,Riyadh - Souq,Riyadh,Promo Chocolate Bar,PRM-CHC-06,Snacks,1,6.0,6.0,3.0,card
2026-01-31,TX-B2_poor_baqala-d00-002180,Riyadh - Souq,Riyadh,Promo Chocolate Bar,PRM-CHC-06,Snacks,1,6.0,6.0,3.0,card
2026-01-31,TX-B2_poor_baqala-d00-002181,Riyadh - Souq,Riyadh,Promo Chocolate Bar,PRM-CHC-06,Snacks,1,6.0,6.0,3.0,card
2026-01-31,TX-B2_poor_baqala-d00-002182,Riyadh - Souq,Riyadh,Promo Chocolate Bar,PRM-CHC-06,Snacks,1,6.0,6.0,3.0,mada
2026-01-31,TX-B2_poor_baqala-d00-002183,Riyadh - Souq,Riyadh,Promo Chocolate Bar,PRM-CHC-06,Snacks,1,6.0,6.0,3.0,cash
2026-01-31,TX-B2_poor_baqala-d00-002184,Riyadh - Souq,Riyadh,Promo Chocolate Bar,PRM-CHC-06,Snacks,1,6.0,6.0,3.0,mada
2026-02-01,TX-B2_poor_baqala-d00-002185,Riyadh - Souq,Riyadh,Promo Chocolate Bar,PRM-CHC-06,Snacks,1,6.0,6.0,3.0,card
2026-02-01,TX-B2_poor_baqala-d00-002186,Riyadh - Souq,Riyadh,Promo Chocolate Bar,PRM-CHC-06,Snacks,1,6.0,6.0,3.0,card
2026-02-01,TX-B2_poor_baqala-d00-002187,Riyadh - Souq,Riyadh,Promo Chocolate Bar,PRM-CHC-06,Snacks,1,6.0,6.0,3.0,cash
2026-02-01,TX-B2_poor_baqala-d00-002188,Riyadh - Souq,Riyadh,Promo Chocolate Bar,PRM-CHC-06,Snacks,1,6.0,6.0,3.0,mada
2026-02-01,TX-B2_poor_baqala-d00-002189,Riyadh - Souq,Riyadh,Promo Chocolate Bar,PRM-CHC-06,Snacks,1,6.0,6.0,3.0,mada
2026-02-02,TX-B2_poor_baqala-d00-002190,Riyadh - Souq,Riyadh,Promo Chocolate Bar,PRM-CHC-06,Snacks,1,6.0,6.0,3.0,mada
2026-02-02,TX-B2_poor_baqala-d00-002191,Riyadh - Souq,Riyadh,Promo Chocolate Bar,PRM-CHC-06,Snacks,1,6.0,6.0,3.0,cash
2026-02-02,TX-B2_poor_baqala-d00-002192,Riyadh - Souq,Riyadh,Promo Chocolate Bar,PRM-CHC-06,Snacks,1,6.0,6.0,3.0,cash
2026-02-02,TX-B2_poor_baqala-d00-002193,Riyadh - Souq,Riyadh,Promo Chocolate Bar,PRM-CHC-06,Snacks,1,6.0,6.0,3.0,card
2026-02-02,TX-B2_poor_baqala-d00-002194,Riyadh - Souq,Riyadh,Promo Chocolate Bar,PRM-CHC-06,Snacks,1,6.0,6.0,3.0,mada
2026-02-02,TX-B2_poor_baqala-d00-002195,Riyadh - Souq,Riyadh,Promo Chocolate Bar,PRM-CHC-06,Snacks,1,6.0,6.0,3.0,card
2026-02-03,TX-B2_poor_baqala-d00-002196,Riyadh - Souq,Riyadh,Promo Chocolate Bar,PRM-CHC-06,Snacks,1,6.0,6.0,3.0,cash
2026-02-03,TX-B2_poor_baqala-d00-002197,Riyadh - Souq,Riyadh,Promo Chocolate Bar,PRM-CHC-06,Snacks,1,6.0,6.0,3.0,cash
2026-02-03,TX-B2_poor_baqala-d00-002198,Riyadh - Souq,Riyadh,Promo Chocolate Bar,PRM-CHC-06,Snacks,1,6.0,6.0,3.0,card
2026-02-03,TX-B2_poor_baqala-d00-002199,Riyadh - Souq,Riyadh,Promo Chocolate Bar,PRM-CHC-06,Snacks,1,6.0,6.0,3.0,card
2026-02-03,TX-B2_poor_baqala-d00-002200,Riyadh - Souq,Riyadh,Promo Chocolate Bar,PRM-CHC-06,Snacks,1,6.0,6.0,3.0,card
2026-02-03,TX-B2_poor_baqala-d00-002201,Riyadh - Souq,Riyadh,Promo Chocolate Bar,PRM-CHC-06,Snacks,1,6.0,6.0,3.0,card
2026-02-03,TX-B2_poor_baqala-d00-002202,Riyadh - Souq,Riyadh,Promo Chocolate Bar,PRM-CHC-06,Snacks,1,6.0,6.0,3.0,cash
2026-02-03,TX-B2_poor_baqala-d00-002203,Riyadh - Souq,Riyadh,Promo Chocolate Bar,PRM-CHC-06,Snacks,1,6.0,6.0,3.0,cash
2026-02-03,TX-B2_poor_baqala-d00-002204,Riyadh - Souq,Riyadh,Promo Chocolate Bar,PRM-CHC-06,Snacks,1,6.0,6.0,3.0,mada
2026-02-04,TX-B2_poor_baqala-d00-002205,Riyadh - Souq,Riyadh,Promo Chocolate Bar,PRM-CHC-06,Snacks,1,6.0,6.0,3.0,cash
2026-02-04,TX-B2_poor_baqala-d00-002206,Riyadh - Souq,Riyadh,Promo Chocolate Bar,PRM-CHC-06,Snacks,1,6.0,6.0,3.0,card
2026-02-04,TX-B2_poor_baqala-d00-002207,Riyadh - Souq,Riyadh,Promo Chocolate Bar,PRM-CHC-06,Snacks,1,6.0,6.0,3.0,cash
2026-02-04,TX-B2_poor_baqala-d00-002208,Riyadh - Souq,Riyadh,Promo Chocolate Bar,PRM-CHC-06,Snacks,1,6.0,6.0,3.0,card
2026-02-04,TX-B2_poor_baqala-d00-002209,Riyadh - Souq,Riyadh,Promo Chocolate Bar,PRM-CHC-06,Snacks,1,6.0,6.0,3.0,cash
2026-02-04,TX-B2_poor_baqala-d00-002210,Riyadh - Souq,Riyadh,Promo Chocolate Bar,PRM-CHC-06,Snacks,1,6.0,6.0,3.0,cash
2026-02-05,TX-B2_poor_baqala-d00-002211,Riyadh - Souq,Riyadh,Promo Chocolate Bar,PRM-CHC-06,Snacks,1,6.0,6.0,3.0,cash
2026-02-05,TX-B2_poor_baqala-d00-002212,Riyadh - Souq,Riyadh,Promo Chocolate Bar,PRM-CHC-06,Snacks,1,6.0,6.0,3.0,cash
2026-02-05,TX-B2_poor_baqala-d00-002213,Riyadh - Souq,Riyadh,Promo Chocolate Bar,PRM-CHC-06,Snacks,1,6.0,6.0,3.0,cash
2026-02-05,TX-B2_poor_baqala-d00-002214,Riyadh - Souq,Riyadh,Promo Chocolate Bar,PRM-CHC-06,Snacks,1,6.0,6.0,3.0,cash
2026-02-05,TX-B2_poor_baqala-d00-002215,Riyadh - Souq,Riyadh,Promo Chocolate Bar,PRM-CHC-06,Snacks,1,6.0,6.0,3.0,mada
2026-02-05,TX-B2_poor_baqala-d00-002216,Riyadh - Souq,Riyadh,Promo Chocolate Bar,PRM-CHC-06,Snacks,1,6.0,6.0,3.0,cash
2026-02-05,TX-B2_poor_baqala-d00-002217,Riyadh - Souq,Riyadh,Promo Chocolate Bar,PRM-CHC-06,Snacks,1,6.0,6.0,3.0,mada
2026-02-06,TX-B2_poor_baqala-d00-002218,Riyadh - Souq,Riyadh,Promo Chocolate Bar,PRM-CHC-06,Snacks,1,6.0,6.0,3.0,card
2026-02-06,TX-B2_poor_baqala-d00-002219,Riyadh - Souq,Riyadh,Promo Chocolate Bar,PRM-CHC-06,Snacks,1,6.0,6.0,3.0,card
2026-02-06,TX-B2_poor_baqala-d00-002220,Riyadh - Souq,Riyadh,Promo Chocolate Bar,PRM-CHC-06,Snacks,1,6.0,6.0,3.0,mada
2026-02-06,TX-B2_poor_baqala-d00-002221,Riyadh - Souq,Riyadh,Promo Chocolate Bar,PRM-CHC-06,Snacks,1,6.0,6.0,3.0,cash
2026-02-06,TX-B2_poor_baqala-d00-002222,Riyadh - Souq,Riyadh,Promo Chocolate Bar,PRM-CHC-06,Snacks,1,6.0,6.0,3.0,mada
2026-02-06,TX-B2_poor_baqala-d00-002223,Riyadh - Souq,Riyadh,Promo Chocolate Bar,PRM-CHC-06,Snacks,1,6.0,6.0,3.0,cash
2026-02-06,TX-B2_poor_baqala-d00-002224,Riyadh - Souq,Riyadh,Promo Chocolate Bar,PRM-CHC-06,Snacks,1,6.0,6.0,3.0,cash
2026-02-06,TX-B2_poor_baqala-d00-002225,Riyadh - Souq,Riyadh,Promo Chocolate Bar,PRM-CHC-06,Snacks,1,6.0,6.0,3.0,card
2026-02-07,TX-B2_poor_baqala-d00-002226,Riyadh - Souq,Riyadh,Promo Chocolate Bar,PRM-CHC-06,Snacks,1,6.0,6.0,3.0,mada
2026-02-07,TX-B2_poor_baqala-d00-002227,Riyadh - Souq,Riyadh,Promo Chocolate Bar,PRM-CHC-06,Snacks,1,6.0,6.0,3.0,cash
2026-02-07,TX-B2_poor_baqala-d00-002228,Riyadh - Souq,Riyadh,Promo Chocolate Bar,PRM-CHC-06,Snacks,1,6.0,6.0,3.0,cash
2026-02-07,TX-B2_poor_baqala-d00-002229,Riyadh - Souq,Riyadh,Promo Chocolate Bar,PRM-CHC-06,Snacks,1,6.0,6.0,3.0,mada
2026-02-07,TX-B2_poor_baqala-d00-002230,Riyadh - Souq,Riyadh,Promo Chocolate Bar,PRM-CHC-06,Snacks,1,6.0,6.0,3.0,cash
2026-02-07,TX-B2_poor_baqala-d00-002231,Riyadh - Souq,Riyadh,Promo Chocolate Bar,PRM-CHC-06,Snacks,1,6.0,6.0,3.0,cash
2026-02-07,TX-B2_poor_baqala-d00-002232,Riyadh - Souq,Riyadh,Promo Chocolate Bar,PRM-CHC-06,Snacks,1,6.0,6.0,3.0,card
2026-02-07,TX-B2_poor_baqala-d00-002233,Riyadh - Souq,Riyadh,Promo Chocolate Bar,PRM-CHC-06,Snacks,1,6.0,6.0,3.0,card
2026-02-07,TX-B2_poor_baqala-d00-002234,Riyadh - Souq,Riyadh,Promo Chocolate Bar,PRM-CHC-06,Snacks,1,6.0,6.0,3.0,mada
2026-02-07,TX-B2_poor_baqala-d00-002235,Riyadh - Souq,Riyadh,Promo Chocolate Bar,PRM-CHC-06,Snacks,1,6.0,6.0,3.0,cash
2026-02-07,TX-B2_poor_baqala-d00-002236,Riyadh - Souq,Riyadh,Promo Chocolate Bar,PRM-CHC-06,Snacks,1,6.0,6.0,3.0,cash
2026-02-07,TX-B2_poor_baqala-d00-002237,Riyadh - Souq,Riyadh,Promo Chocolate Bar,PRM-CHC-06,Snacks,1,6.0,6.0,3.0,cash
2026-02-07,TX-B2_poor_baqala-d00-002238,Riyadh - Souq,Riyadh,Promo Chocolate Bar,PRM-CHC-06,Snacks,1,6.0,6.0,3.0,cash
2026-02-07,TX-B2_poor_baqala-d00-002239,Riyadh - Souq,Riyadh,Promo Chocolate Bar,PRM-CHC-06,Snacks,1,6.0,6.0,3.0,mada
2026-02-08,TX-B2_poor_baqala-d00-002240,Riyadh - Souq,Riyadh,Promo Chocolate Bar,PRM-CHC-06,Snacks,1,6.0,6.0,3.0,card
2026-02-08,TX-B2_poor_baqala-d00-002241,Riyadh - Souq,Riyadh,Promo Chocolate Bar,PRM-CHC-06,Snacks,1,6.0,6.0,3.0,mada
2026-02-08,TX-B2_poor_baqala-d00-002242,Riyadh - Souq,Riyadh,Promo Chocolate Bar,PRM-CHC-06,Snacks,1,6.0,6.0,3.0,card
2026-02-08,TX-B2_poor_baqala-d00-002243,Riyadh - Souq,Riyadh,Promo Chocolate Bar,PRM-CHC-06,Snacks,1,6.0,6.0,3.0,mada
2026-02-08,TX-B2_poor_baqala-d00-002244,Riyadh - Souq,Riyadh,Promo Chocolate Bar,PRM-CHC-06,Snacks,1,6.0,6.0,3.0,card
2026-02-08,TX-B2_poor_baqala-d00-002245,Riyadh - Souq,Riyadh,Promo Chocolate Bar,PRM-CHC-06,Snacks,1,6.0,6.0,3.0,card
2026-02-08,TX-B2_poor_baqala-d00-002246,Riyadh - Souq,Riyadh,Promo Chocolate Bar,PRM-CHC-06,Snacks,1,6.0,6.0,3.0,cash
2026-02-08,TX-B2_poor_baqala-d00-002247,Riyadh - Souq,Riyadh,Promo Chocolate Bar,PRM-CHC-06,Snacks,1,6.0,6.0,3.0,card
2026-02-08,TX-B2_poor_baqala-d00-002248,Riyadh - Souq,Riyadh,Promo Chocolate Bar,PRM-CHC-06,Snacks,1,6.0,6.0,3.0,mada
2026-02-09,TX-B2_poor_baqala-d00-002249,Riyadh - Souq,Riyadh,Promo Chocolate Bar,PRM-CHC-06,Snacks,1,6.0,6.0,3.0,mada
2026-02-09,TX-B2_poor_baqala-d00-002250,Riyadh - Souq,Riyadh,Promo Chocolate Bar,PRM-CHC-06,Snacks,1,6.0,6.0,3.0,cash
2026-02-09,TX-B2_poor_baqala-d00-002251,Riyadh - Souq,Riyadh,Promo Chocolate Bar,PRM-CHC-06,Snacks,1,6.0,6.0,3.0,mada
2026-02-09,TX-B2_poor_baqala-d00-002252,Riyadh - Souq,Riyadh,Promo Chocolate Bar,PRM-CHC-06,Snacks,1,6.0,6.0,3.0,mada
2026-02-09,TX-B2_poor_baqala-d00-002253,Riyadh - Souq,Riyadh,Promo Chocolate Bar,PRM-CHC-06,Snacks,1,6.0,6.0,3.0,mada
2026-02-09,TX-B2_poor_baqala-d00-002254,Riyadh - Souq,Riyadh,Promo Chocolate Bar,PRM-CHC-06,Snacks,1,6.0,6.0,3.0,card
2026-02-09,TX-B2_poor_baqala-d00-002255,Riyadh - Souq,Riyadh,Promo Chocolate Bar,PRM-CHC-06,Snacks,1,6.0,6.0,3.0,mada
2026-02-09,TX-B2_poor_baqala-d00-002256,Riyadh - Souq,Riyadh,Promo Chocolate Bar,PRM-CHC-06,Snacks,1,6.0,6.0,3.0,card
2026-02-09,TX-B2_poor_baqala-d00-002257,Riyadh - Souq,Riyadh,Promo Chocolate Bar,PRM-CHC-06,Snacks,1,6.0,6.0,3.0,card
2026-02-10,TX-B2_poor_baqala-d00-002258,Riyadh - Souq,Riyadh,Promo Chocolate Bar,PRM-CHC-06,Snacks,1,6.0,6.0,3.0,card
2026-02-10,TX-B2_poor_baqala-d00-002259,Riyadh - Souq,Riyadh,Promo Chocolate Bar,PRM-CHC-06,Snacks,1,6.0,6.0,3.0,card
2026-02-10,TX-B2_poor_baqala-d00-002260,Riyadh - Souq,Riyadh,Promo Chocolate Bar,PRM-CHC-06,Snacks,1,6.0,6.0,3.0,cash
2026-02-10,TX-B2_poor_baqala-d00-002261,Riyadh - Souq,Riyadh,Promo Chocolate Bar,PRM-CHC-06,Snacks,1,6.0,6.0,3.0,cash
2026-02-10,TX-B2_poor_baqala-d00-002262,Riyadh - Souq,Riyadh,Promo Chocolate Bar,PRM-CHC-06,Snacks,1,6.0,6.0,3.0,card
2026-02-10,TX-B2_poor_baqala-d00-002263,Riyadh - Souq,Riyadh,Promo Chocolate Bar,PRM-CHC-06,Snacks,1,6.0,6.0,3.0,mada
2026-02-10,TX-B2_poor_baqala-d00-002264,Riyadh - Souq,Riyadh,Promo Chocolate Bar,PRM-CHC-06,Snacks,1,6.0,6.0,3.0,mada
2026-02-10,TX-B2_poor_baqala-d00-002265,Riyadh - Souq,Riyadh,Promo Chocolate Bar,PRM-CHC-06,Snacks,1,6.0,6.0,3.0,card
2026-02-11,TX-B2_poor_baqala-d00-002266,Riyadh - Souq,Riyadh,Promo Chocolate Bar,PRM-CHC-06,Snacks,1,6.0,6.0,3.0,card
2026-02-11,TX-B2_poor_baqala-d00-002267,Riyadh - Souq,Riyadh,Promo Chocolate Bar,PRM-CHC-06,Snacks,1,6.0,6.0,3.0,cash
2026-02-11,TX-B2_poor_baqala-d00-002268,Riyadh - Souq,Riyadh,Promo Chocolate Bar,PRM-CHC-06,Snacks,1,6.0,6.0,3.0,card
2026-02-11,TX-B2_poor_baqala-d00-002269,Riyadh - Souq,Riyadh,Promo Chocolate Bar,PRM-CHC-06,Snacks,1,6.0,6.0,3.0,card
2026-02-11,TX-B2_poor_baqala-d00-002270,Riyadh - Souq,Riyadh,Promo Chocolate Bar,PRM-CHC-06,Snacks,1,6.0,6.0,3.0,card
2026-02-11,TX-B2_poor_baqala-d00-002271,Riyadh - Souq,Riyadh,Promo Chocolate Bar,PRM-CHC-06,Snacks,1,6.0,6.0,3.0,card
2026-02-11,TX-B2_poor_baqala-d00-002272,Riyadh - Souq,Riyadh,Promo Chocolate Bar,PRM-CHC-06,Snacks,1,6.0,6.0,3.0,card
2026-02-11,TX-B2_poor_baqala-d00-002273,Riyadh - Souq,Riyadh,Promo Chocolate Bar,PRM-CHC-06,Snacks,1,6.0,6.0,3.0,card
2026-02-11,TX-B2_poor_baqala-d00-002274,Riyadh - Souq,Riyadh,Promo Chocolate Bar,PRM-CHC-06,Snacks,1,6.0,6.0,3.0,cash
2026-02-11,TX-B2_poor_baqala-d00-002275,Riyadh - Souq,Riyadh,Promo Chocolate Bar,PRM-CHC-06,Snacks,1,6.0,6.0,3.0,cash
2026-02-12,TX-B2_poor_baqala-d00-002276,Riyadh - Souq,Riyadh,Promo Chocolate Bar,PRM-CHC-06,Snacks,1,6.0,6.0,3.0,card
2026-02-12,TX-B2_poor_baqala-d00-002277,Riyadh - Souq,Riyadh,Promo Chocolate Bar,PRM-CHC-06,Snacks,1,6.0,6.0,3.0,card
2026-02-12,TX-B2_poor_baqala-d00-002278,Riyadh - Souq,Riyadh,Promo Chocolate Bar,PRM-CHC-06,Snacks,1,6.0,6.0,3.0,cash
2026-02-12,TX-B2_poor_baqala-d00-002279,Riyadh - Souq,Riyadh,Promo Chocolate Bar,PRM-CHC-06,Snacks,1,6.0,6.0,3.0,mada
2026-02-12,TX-B2_poor_baqala-d00-002280,Riyadh - Souq,Riyadh,Promo Chocolate Bar,PRM-CHC-06,Snacks,1,6.0,6.0,3.0,mada
2026-02-13,TX-B2_poor_baqala-d00-002281,Riyadh - Souq,Riyadh,Promo Chocolate Bar,PRM-CHC-06,Snacks,1,6.0,6.0,3.0,mada
2026-02-13,TX-B2_poor_baqala-d00-002282,Riyadh - Souq,Riyadh,Promo Chocolate Bar,PRM-CHC-06,Snacks,1,6.0,6.0,3.0,card
2026-02-13,TX-B2_poor_baqala-d00-002283,Riyadh - Souq,Riyadh,Promo Chocolate Bar,PRM-CHC-06,Snacks,1,6.0,6.0,3.0,card
2026-02-13,TX-B2_poor_baqala-d00-002284,Riyadh - Souq,Riyadh,Promo Chocolate Bar,PRM-CHC-06,Snacks,1,6.0,6.0,3.0,cash
2026-02-13,TX-B2_poor_baqala-d00-002285,Riyadh - Souq,Riyadh,Promo Chocolate Bar,PRM-CHC-06,Snacks,1,6.0,6.0,3.0,card
2026-02-13,TX-B2_poor_baqala-d00-002286,Riyadh - Souq,Riyadh,Promo Chocolate Bar,PRM-CHC-06,Snacks,1,6.0,6.0,3.0,mada
2026-02-13,TX-B2_poor_baqala-d00-002287,Riyadh - Souq,Riyadh,Promo Chocolate Bar,PRM-CHC-06,Snacks,1,6.0,6.0,3.0,card
2026-02-14,TX-B2_poor_baqala-d00-002288,Riyadh - Souq,Riyadh,Promo Chocolate Bar,PRM-CHC-06,Snacks,1,6.0,6.0,3.0,card
2026-02-14,TX-B2_poor_baqala-d00-002289,Riyadh - Souq,Riyadh,Promo Chocolate Bar,PRM-CHC-06,Snacks,1,6.0,6.0,3.0,card
2026-02-14,TX-B2_poor_baqala-d00-002290,Riyadh - Souq,Riyadh,Promo Chocolate Bar,PRM-CHC-06,Snacks,1,6.0,6.0,3.0,card
2026-02-14,TX-B2_poor_baqala-d00-002291,Riyadh - Souq,Riyadh,Promo Chocolate Bar,PRM-CHC-06,Snacks,1,6.0,6.0,3.0,card
2026-02-14,TX-B2_poor_baqala-d00-002292,Riyadh - Souq,Riyadh,Promo Chocolate Bar,PRM-CHC-06,Snacks,1,6.0,6.0,3.0,mada
2026-02-14,TX-B2_poor_baqala-d00-002293,Riyadh - Souq,Riyadh,Promo Chocolate Bar,PRM-CHC-06,Snacks,1,6.0,6.0,3.0,card
2026-02-15,TX-B2_poor_baqala-d00-002294,Riyadh - Souq,Riyadh,Promo Chocolate Bar,PRM-CHC-06,Snacks,1,6.0,6.0,3.0,mada
2026-02-15,TX-B2_poor_baqala-d00-002295,Riyadh - Souq,Riyadh,Promo Chocolate Bar,PRM-CHC-06,Snacks,1,6.0,6.0,3.0,card
2026-02-15,TX-B2_poor_baqala-d00-002296,Riyadh - Souq,Riyadh,Promo Chocolate Bar,PRM-CHC-06,Snacks,1,6.0,6.0,3.0,cash
2026-02-15,TX-B2_poor_baqala-d00-002297,Riyadh - Souq,Riyadh,Promo Chocolate Bar,PRM-CHC-06,Snacks,1,6.0,6.0,3.0,card
2026-02-15,TX-B2_poor_baqala-d00-002298,Riyadh - Souq,Riyadh,Promo Chocolate Bar,PRM-CHC-06,Snacks,1,6.0,6.0,3.0,cash
2026-02-16,TX-B2_poor_baqala-d00-002299,Riyadh - Souq,Riyadh,Promo Chocolate Bar,PRM-CHC-06,Snacks,1,6.0,6.0,3.0,mada
2026-02-16,TX-B2_poor_baqala-d00-002300,Riyadh - Souq,Riyadh,Promo Chocolate Bar,PRM-CHC-06,Snacks,1,6.0,6.0,3.0,cash
2026-02-16,TX-B2_poor_baqala-d00-002301,Riyadh - Souq,Riyadh,Promo Chocolate Bar,PRM-CHC-06,Snacks,1,6.0,6.0,3.0,card
2026-02-16,TX-B2_poor_baqala-d00-002302,Riyadh - Souq,Riyadh,Promo Chocolate Bar,PRM-CHC-06,Snacks,1,6.0,6.0,3.0,card
2026-02-16,TX-B2_poor_baqala-d00-002303,Riyadh - Souq,Riyadh,Promo Chocolate Bar,PRM-CHC-06,Snacks,1,6.0,6.0,3.0,card
2026-02-16,TX-B2_poor_baqala-d00-002304,Riyadh - Souq,Riyadh,Promo Chocolate Bar,PRM-CHC-06,Snacks,1,6.0,6.0,3.0,cash
2026-02-16,TX-B2_poor_baqala-d00-002305,Riyadh - Souq,Riyadh,Promo Chocolate Bar,PRM-CHC-06,Snacks,1,6.0,6.0,3.0,card
2026-02-16,TX-B2_poor_baqala-d00-002306,Riyadh - Souq,Riyadh,Promo Chocolate Bar,PRM-CHC-06,Snacks,1,6.0,6.0,3.0,mada
2026-02-16,TX-B2_poor_baqala-d00-002307,Riyadh - Souq,Riyadh,Promo Chocolate Bar,PRM-CHC-06,Snacks,1,6.0,6.0,3.0,cash
2026-02-17,TX-B2_poor_baqala-d00-002308,Riyadh - Souq,Riyadh,Promo Chocolate Bar,PRM-CHC-06,Snacks,1,6.0,6.0,3.0,mada
2026-02-17,TX-B2_poor_baqala-d00-002309,Riyadh - Souq,Riyadh,Promo Chocolate Bar,PRM-CHC-06,Snacks,1,6.0,6.0,3.0,card
2026-02-17,TX-B2_poor_baqala-d00-002310,Riyadh - Souq,Riyadh,Promo Chocolate Bar,PRM-CHC-06,Snacks,1,6.0,6.0,3.0,cash
2026-02-17,TX-B2_poor_baqala-d00-002311,Riyadh - Souq,Riyadh,Promo Chocolate Bar,PRM-CHC-06,Snacks,1,6.0,6.0,3.0,mada
2026-02-17,TX-B2_poor_baqala-d00-002312,Riyadh - Souq,Riyadh,Promo Chocolate Bar,PRM-CHC-06,Snacks,1,6.0,6.0,3.0,cash
2026-02-17,TX-B2_poor_baqala-d00-002313,Riyadh - Souq,Riyadh,Promo Chocolate Bar,PRM-CHC-06,Snacks,1,6.0,6.0,3.0,card
2026-02-17,TX-B2_poor_baqala-d00-002314,Riyadh - Souq,Riyadh,Promo Chocolate Bar,PRM-CHC-06,Snacks,1,6.0,6.0,3.0,mada
2026-02-17,TX-B2_poor_baqala-d00-002315,Riyadh - Souq,Riyadh,Promo Chocolate Bar,PRM-CHC-06,Snacks,1,6.0,6.0,3.0,mada
2026-02-18,TX-B2_poor_baqala-d00-002316,Riyadh - Souq,Riyadh,Promo Chocolate Bar,PRM-CHC-06,Snacks,1,6.0,6.0,3.0,mada
2026-02-18,TX-B2_poor_baqala-d00-002317,Riyadh - Souq,Riyadh,Promo Chocolate Bar,PRM-CHC-06,Snacks,1,6.0,6.0,3.0,card
2026-02-18,TX-B2_poor_baqala-d00-002318,Riyadh - Souq,Riyadh,Promo Chocolate Bar,PRM-CHC-06,Snacks,1,6.0,6.0,3.0,mada
2026-02-18,TX-B2_poor_baqala-d00-002319,Riyadh - Souq,Riyadh,Promo Chocolate Bar,PRM-CHC-06,Snacks,1,6.0,6.0,3.0,card
2026-02-18,TX-B2_poor_baqala-d00-002320,Riyadh - Souq,Riyadh,Promo Chocolate Bar,PRM-CHC-06,Snacks,1,6.0,6.0,3.0,mada
2026-02-18,TX-B2_poor_baqala-d00-002321,Riyadh - Souq,Riyadh,Promo Chocolate Bar,PRM-CHC-06,Snacks,1,6.0,6.0,3.0,cash
2026-02-18,TX-B2_poor_baqala-d00-002322,Riyadh - Souq,Riyadh,Promo Chocolate Bar,PRM-CHC-06,Snacks,1,6.0,6.0,3.0,cash
2026-02-18,TX-B2_poor_baqala-d00-002323,Riyadh - Souq,Riyadh,Promo Chocolate Bar,PRM-CHC-06,Snacks,1,6.0,6.0,3.0,mada
2026-02-18,TX-B2_poor_baqala-d00-002324,Riyadh - Souq,Riyadh,Promo Chocolate Bar,PRM-CHC-06,Snacks,1,6.0,6.0,3.0,mada
2026-02-19,TX-B2_poor_baqala-d00-002325,Riyadh - Souq,Riyadh,Promo Chocolate Bar,PRM-CHC-06,Snacks,1,6.0,6.0,3.0,mada
2026-02-19,TX-B2_poor_baqala-d00-002326,Riyadh - Souq,Riyadh,Promo Chocolate Bar,PRM-CHC-06,Snacks,1,6.0,6.0,3.0,cash
2026-02-19,TX-B2_poor_baqala-d00-002327,Riyadh - Souq,Riyadh,Promo Chocolate Bar,PRM-CHC-06,Snacks,1,6.0,6.0,3.0,card
2026-02-19,TX-B2_poor_baqala-d00-002328,Riyadh - Souq,Riyadh,Promo Chocolate Bar,PRM-CHC-06,Snacks,1,6.0,6.0,3.0,mada
2026-02-19,TX-B2_poor_baqala-d00-002329,Riyadh - Souq,Riyadh,Promo Chocolate Bar,PRM-CHC-06,Snacks,1,6.0,6.0,3.0,card
2026-02-19,TX-B2_poor_baqala-d00-002330,Riyadh - Souq,Riyadh,Promo Chocolate Bar,PRM-CHC-06,Snacks,1,6.0,6.0,3.0,cash
2026-02-19,TX-B2_poor_baqala-d00-002331,Riyadh - Souq,Riyadh,Promo Chocolate Bar,PRM-CHC-06,Snacks,1,6.0,6.0,3.0,mada
2026-02-20,TX-B2_poor_baqala-d00-002332,Riyadh - Souq,Riyadh,Promo Chocolate Bar,PRM-CHC-06,Snacks,1,6.0,6.0,3.0,mada
2026-02-20,TX-B2_poor_baqala-d00-002333,Riyadh - Souq,Riyadh,Promo Chocolate Bar,PRM-CHC-06,Snacks,1,6.0,6.0,3.0,cash
2026-02-20,TX-B2_poor_baqala-d00-002334,Riyadh - Souq,Riyadh,Promo Chocolate Bar,PRM-CHC-06,Snacks,1,6.0,6.0,3.0,card
2026-02-20,TX-B2_poor_baqala-d00-002335,Riyadh - Souq,Riyadh,Promo Chocolate Bar,PRM-CHC-06,Snacks,1,6.0,6.0,3.0,card
2026-02-20,TX-B2_poor_baqala-d00-002336,Riyadh - Souq,Riyadh,Promo Chocolate Bar,PRM-CHC-06,Snacks,1,6.0,6.0,3.0,card
2026-02-20,TX-B2_poor_baqala-d00-002337,Riyadh - Souq,Riyadh,Promo Chocolate Bar,PRM-CHC-06,Snacks,1,6.0,6.0,3.0,mada
2026-02-21,TX-B2_poor_baqala-d00-002338,Riyadh - Souq,Riyadh,Promo Chocolate Bar,PRM-CHC-06,Snacks,1,6.0,6.0,3.0,mada
2026-02-21,TX-B2_poor_baqala-d00-002339,Riyadh - Souq,Riyadh,Promo Chocolate Bar,PRM-CHC-06,Snacks,1,6.0,6.0,3.0,mada
2026-02-21,TX-B2_poor_baqala-d00-002340,Riyadh - Souq,Riyadh,Promo Chocolate Bar,PRM-CHC-06,Snacks,1,6.0,6.0,3.0,mada
2026-02-21,TX-B2_poor_baqala-d00-002341,Riyadh - Souq,Riyadh,Promo Chocolate Bar,PRM-CHC-06,Snacks,1,6.0,6.0,3.0,cash
2026-02-21,TX-B2_poor_baqala-d00-002342,Riyadh - Souq,Riyadh,Promo Chocolate Bar,PRM-CHC-06,Snacks,1,6.0,6.0,3.0,card
2026-02-21,TX-B2_poor_baqala-d00-002343,Riyadh - Souq,Riyadh,Promo Chocolate Bar,PRM-CHC-06,Snacks,1,6.0,6.0,3.0,card
2026-02-21,TX-B2_poor_baqala-d00-002344,Riyadh - Souq,Riyadh,Promo Chocolate Bar,PRM-CHC-06,Snacks,1,6.0,6.0,3.0,mada
2026-02-21,TX-B2_poor_baqala-d00-002345,Riyadh - Souq,Riyadh,Promo Chocolate Bar,PRM-CHC-06,Snacks,1,6.0,6.0,3.0,mada
2026-02-21,TX-B2_poor_baqala-d00-002346,Riyadh - Souq,Riyadh,Promo Chocolate Bar,PRM-CHC-06,Snacks,1,6.0,6.0,3.0,cash
2026-02-21,TX-B2_poor_baqala-d00-002347,Riyadh - Souq,Riyadh,Promo Chocolate Bar,PRM-CHC-06,Snacks,1,6.0,6.0,3.0,mada
2026-02-22,TX-B2_poor_baqala-d00-002348,Riyadh - Souq,Riyadh,Promo Chocolate Bar,PRM-CHC-06,Snacks,1,6.0,6.0,3.0,mada
2026-02-22,TX-B2_poor_baqala-d00-002349,Riyadh - Souq,Riyadh,Promo Chocolate Bar,PRM-CHC-06,Snacks,1,6.0,6.0,3.0,cash
2026-02-22,TX-B2_poor_baqala-d00-002350,Riyadh - Souq,Riyadh,Promo Chocolate Bar,PRM-CHC-06,Snacks,1,6.0,6.0,3.0,cash
2026-02-22,TX-B2_poor_baqala-d00-002351,Riyadh - Souq,Riyadh,Promo Chocolate Bar,PRM-CHC-06,Snacks,1,6.0,6.0,3.0,cash
2026-02-22,TX-B2_poor_baqala-d00-002352,Riyadh - Souq,Riyadh,Promo Chocolate Bar,PRM-CHC-06,Snacks,1,6.0,6.0,3.0,cash
2026-02-22,TX-B2_poor_baqala-d00-002353,Riyadh - Souq,Riyadh,Promo Chocolate Bar,PRM-CHC-06,Snacks,1,6.0,6.0,3.0,mada
2026-02-22,TX-B2_poor_baqala-d00-002354,Riyadh - Souq,Riyadh,Promo Chocolate Bar,PRM-CHC-06,Snacks,1,6.0,6.0,3.0,card
2026-02-22,TX-B2_poor_baqala-d00-002355,Riyadh - Souq,Riyadh,Promo Chocolate Bar,PRM-CHC-06,Snacks,1,6.0,6.0,3.0,mada
2026-02-23,TX-B2_poor_baqala-d00-002356,Riyadh - Souq,Riyadh,Promo Chocolate Bar,PRM-CHC-06,Snacks,1,6.0,6.0,3.0,card
2026-02-23,TX-B2_poor_baqala-d00-002357,Riyadh - Souq,Riyadh,Promo Chocolate Bar,PRM-CHC-06,Snacks,1,6.0,6.0,3.0,card
2026-02-23,TX-B2_poor_baqala-d00-002358,Riyadh - Souq,Riyadh,Promo Chocolate Bar,PRM-CHC-06,Snacks,1,6.0,6.0,3.0,mada
2026-02-23,TX-B2_poor_baqala-d00-002359,Riyadh - Souq,Riyadh,Promo Chocolate Bar,PRM-CHC-06,Snacks,1,6.0,6.0,3.0,card
2026-02-23,TX-B2_poor_baqala-d00-002360,Riyadh - Souq,Riyadh,Promo Chocolate Bar,PRM-CHC-06,Snacks,1,6.0,6.0,3.0,mada
2026-02-23,TX-B2_poor_baqala-d00-002361,Riyadh - Souq,Riyadh,Promo Chocolate Bar,PRM-CHC-06,Snacks,1,6.0,6.0,3.0,card
2026-02-23,TX-B2_poor_baqala-d00-002362,Riyadh - Souq,Riyadh,Promo Chocolate Bar,PRM-CHC-06,Snacks,1,6.0,6.0,3.0,card
2026-02-23,TX-B2_poor_baqala-d00-002363,Riyadh - Souq,Riyadh,Promo Chocolate Bar,PRM-CHC-06,Snacks,1,6.0,6.0,3.0,mada
2026-02-24,TX-B2_poor_baqala-d00-002364,Riyadh - Souq,Riyadh,Promo Chocolate Bar,PRM-CHC-06,Snacks,1,6.0,6.0,3.0,cash
2026-02-24,TX-B2_poor_baqala-d00-002365,Riyadh - Souq,Riyadh,Promo Chocolate Bar,PRM-CHC-06,Snacks,1,6.0,6.0,3.0,cash
2026-02-24,TX-B2_poor_baqala-d00-002366,Riyadh - Souq,Riyadh,Promo Chocolate Bar,PRM-CHC-06,Snacks,1,6.0,6.0,3.0,card
2026-02-24,TX-B2_poor_baqala-d00-002367,Riyadh - Souq,Riyadh,Promo Chocolate Bar,PRM-CHC-06,Snacks,1,6.0,6.0,3.0,card
2026-02-24,TX-B2_poor_baqala-d00-002368,Riyadh - Souq,Riyadh,Promo Chocolate Bar,PRM-CHC-06,Snacks,1,6.0,6.0,3.0,card
2026-02-24,TX-B2_poor_baqala-d00-002369,Riyadh - Souq,Riyadh,Promo Chocolate Bar,PRM-CHC-06,Snacks,1,6.0,6.0,3.0,card
2026-02-24,TX-B2_poor_baqala-d00-002370,Riyadh - Souq,Riyadh,Promo Chocolate Bar,PRM-CHC-06,Snacks,1,6.0,6.0,3.0,card
2026-02-24,TX-B2_poor_baqala-d00-002371,Riyadh - Souq,Riyadh,Promo Chocolate Bar,PRM-CHC-06,Snacks,1,6.0,6.0,3.0,card
2026-02-25,TX-B2_poor_baqala-d00-002372,Riyadh - Souq,Riyadh,Promo Chocolate Bar,PRM-CHC-06,Snacks,1,6.0,6.0,3.0,cash
2026-02-25,TX-B2_poor_baqala-d00-002373,Riyadh - Souq,Riyadh,Promo Chocolate Bar,PRM-CHC-06,Snacks,1,6.0,6.0,3.0,mada
2026-02-25,TX-B2_poor_baqala-d00-002374,Riyadh - Souq,Riyadh,Promo Chocolate Bar,PRM-CHC-06,Snacks,1,6.0,6.0,3.0,mada
2026-02-25,TX-B2_poor_baqala-d00-002375,Riyadh - Souq,Riyadh,Promo Chocolate Bar,PRM-CHC-06,Snacks,1,6.0,6.0,3.0,mada
2026-02-25,TX-B2_poor_baqala-d00-002376,Riyadh - Souq,Riyadh,Promo Chocolate Bar,PRM-CHC-06,Snacks,1,6.0,6.0,3.0,cash
2026-02-25,TX-B2_poor_baqala-d00-002377,Riyadh - Souq,Riyadh,Promo Chocolate Bar,PRM-CHC-06,Snacks,1,6.0,6.0,3.0,mada
2026-02-25,TX-B2_poor_baqala-d00-002378,Riyadh - Souq,Riyadh,Promo Chocolate Bar,PRM-CHC-06,Snacks,1,6.0,6.0,3.0,cash
2026-02-25,TX-B2_poor_baqala-d00-002379,Riyadh - Souq,Riyadh,Promo Chocolate Bar,PRM-CHC-06,Snacks,1,6.0,6.0,3.0,mada
2026-02-25,TX-B2_poor_baqala-d00-002380,Riyadh - Souq,Riyadh,Promo Chocolate Bar,PRM-CHC-06,Snacks,1,6.0,6.0,3.0,cash
2026-02-25,TX-B2_poor_baqala-d00-002381,Riyadh - Souq,Riyadh,Promo Chocolate Bar,PRM-CHC-06,Snacks,1,6.0,6.0,3.0,cash
2026-02-25,TX-B2_poor_baqala-d00-002382,Riyadh - Souq,Riyadh,Promo Chocolate Bar,PRM-CHC-06,Snacks,1,6.0,6.0,3.0,cash
2026-02-26,TX-B2_poor_baqala-d00-002383,Riyadh - Souq,Riyadh,Promo Chocolate Bar,PRM-CHC-06,Snacks,1,6.0,6.0,3.0,cash
2026-02-26,TX-B2_poor_baqala-d00-002384,Riyadh - Souq,Riyadh,Promo Chocolate Bar,PRM-CHC-06,Snacks,1,6.0,6.0,3.0,card
2026-02-26,TX-B2_poor_baqala-d00-002385,Riyadh - Souq,Riyadh,Promo Chocolate Bar,PRM-CHC-06,Snacks,1,6.0,6.0,3.0,mada
2026-02-26,TX-B2_poor_baqala-d00-002386,Riyadh - Souq,Riyadh,Promo Chocolate Bar,PRM-CHC-06,Snacks,1,6.0,6.0,3.0,cash
2026-02-26,TX-B2_poor_baqala-d00-002387,Riyadh - Souq,Riyadh,Promo Chocolate Bar,PRM-CHC-06,Snacks,1,6.0,6.0,3.0,cash
2026-02-26,TX-B2_poor_baqala-d00-002388,Riyadh - Souq,Riyadh,Promo Chocolate Bar,PRM-CHC-06,Snacks,1,6.0,6.0,3.0,cash
2026-02-26,TX-B2_poor_baqala-d00-002389,Riyadh - Souq,Riyadh,Promo Chocolate Bar,PRM-CHC-06,Snacks,1,6.0,6.0,3.0,mada
2026-02-26,TX-B2_poor_baqala-d00-002390,Riyadh - Souq,Riyadh,Promo Chocolate Bar,PRM-CHC-06,Snacks,1,6.0,6.0,3.0,cash
2026-02-27,TX-B2_poor_baqala-d00-002391,Riyadh - Souq,Riyadh,Promo Chocolate Bar,PRM-CHC-06,Snacks,1,6.0,6.0,3.0,mada
2026-02-27,TX-B2_poor_baqala-d00-002392,Riyadh - Souq,Riyadh,Promo Chocolate Bar,PRM-CHC-06,Snacks,1,6.0,6.0,3.0,cash
2026-02-27,TX-B2_poor_baqala-d00-002393,Riyadh - Souq,Riyadh,Promo Chocolate Bar,PRM-CHC-06,Snacks,1,6.0,6.0,3.0,mada
2026-02-27,TX-B2_poor_baqala-d00-002394,Riyadh - Souq,Riyadh,Promo Chocolate Bar,PRM-CHC-06,Snacks,1,6.0,6.0,3.0,cash
2026-02-27,TX-B2_poor_baqala-d00-002395,Riyadh - Souq,Riyadh,Promo Chocolate Bar,PRM-CHC-06,Snacks,1,6.0,6.0,3.0,card
2026-02-27,TX-B2_poor_baqala-d00-002396,Riyadh - Souq,Riyadh,Promo Chocolate Bar,PRM-CHC-06,Snacks,1,6.0,6.0,3.0,card
2026-02-27,TX-B2_poor_baqala-d00-002397,Riyadh - Souq,Riyadh,Promo Chocolate Bar,PRM-CHC-06,Snacks,1,6.0,6.0,3.0,cash
2026-02-27,TX-B2_poor_baqala-d00-002398,Riyadh - Souq,Riyadh,Promo Chocolate Bar,PRM-CHC-06,Snacks,1,6.0,6.0,3.0,cash
2026-02-27,TX-B2_poor_baqala-d00-002399,Riyadh - Souq,Riyadh,Promo Chocolate Bar,PRM-CHC-06,Snacks,1,6.0,6.0,3.0,cash
2026-02-28,TX-B2_poor_baqala-d00-002400,Riyadh - Souq,Riyadh,Promo Chocolate Bar,PRM-CHC-06,Snacks,1,6.0,6.0,3.0,cash
2026-02-28,TX-B2_poor_baqala-d00-002401,Riyadh - Souq,Riyadh,Promo Chocolate Bar,PRM-CHC-06,Snacks,1,6.0,6.0,3.0,card
2026-02-28,TX-B2_poor_baqala-d00-002402,Riyadh - Souq,Riyadh,Promo Chocolate Bar,PRM-CHC-06,Snacks,1,6.0,6.0,3.0,cash
2026-02-28,TX-B2_poor_baqala-d00-002403,Riyadh - Souq,Riyadh,Promo Chocolate Bar,PRM-CHC-06,Snacks,1,6.0,6.0,3.0,mada
2026-02-28,TX-B2_poor_baqala-d00-002404,Riyadh - Souq,Riyadh,Promo Chocolate Bar,PRM-CHC-06,Snacks,1,6.0,6.0,3.0,card
2026-02-28,TX-B2_poor_baqala-d00-002405,Riyadh - Souq,Riyadh,Promo Chocolate Bar,PRM-CHC-06,Snacks,1,6.0,6.0,3.0,card
2026-02-28,TX-B2_poor_baqala-d00-002406,Riyadh - Souq,Riyadh,Promo Chocolate Bar,PRM-CHC-06,Snacks,1,6.0,6.0,3.0,cash
2026-03-01,TX-B2_poor_baqala-d00-002407,Riyadh - Souq,Riyadh,Promo Chocolate Bar,PRM-CHC-06,Snacks,1,6.0,6.0,3.0,mada
2026-03-01,TX-B2_poor_baqala-d00-002408,Riyadh - Souq,Riyadh,Promo Chocolate Bar,PRM-CHC-06,Snacks,1,6.0,6.0,3.0,card
2026-03-01,TX-B2_poor_baqala-d00-002409,Riyadh - Souq,Riyadh,Promo Chocolate Bar,PRM-CHC-06,Snacks,1,6.0,6.0,3.0,card
2026-03-01,TX-B2_poor_baqala-d00-002410,Riyadh - Souq,Riyadh,Promo Chocolate Bar,PRM-CHC-06,Snacks,1,6.0,6.0,3.0,card
2026-03-01,TX-B2_poor_baqala-d00-002411,Riyadh - Souq,Riyadh,Promo Chocolate Bar,PRM-CHC-06,Snacks,1,6.0,6.0,3.0,cash
2026-03-01,TX-B2_poor_baqala-d00-002412,Riyadh - Souq,Riyadh,Promo Chocolate Bar,PRM-CHC-06,Snacks,1,6.0,6.0,3.0,mada
2026-03-01,TX-B2_poor_baqala-d00-002413,Riyadh - Souq,Riyadh,Promo Chocolate Bar,PRM-CHC-06,Snacks,1,6.0,6.0,3.0,mada
2026-03-01,TX-B2_poor_baqala-d00-002414,Riyadh - Souq,Riyadh,Promo Chocolate Bar,PRM-CHC-06,Snacks,1,6.0,6.0,3.0,cash
2026-03-01,TX-B2_poor_baqala-d00-002415,Riyadh - Souq,Riyadh,Promo Chocolate Bar,PRM-CHC-06,Snacks,1,6.0,6.0,3.0,mada
2026-03-02,TX-B2_poor_baqala-d00-002416,Riyadh - Souq,Riyadh,Promo Chocolate Bar,PRM-CHC-06,Snacks,1,6.0,6.0,3.0,mada
2026-03-02,TX-B2_poor_baqala-d00-002417,Riyadh - Souq,Riyadh,Promo Chocolate Bar,PRM-CHC-06,Snacks,1,6.0,6.0,3.0,cash
2026-03-02,TX-B2_poor_baqala-d00-002418,Riyadh - Souq,Riyadh,Promo Chocolate Bar,PRM-CHC-06,Snacks,1,6.0,6.0,3.0,card
2026-03-02,TX-B2_poor_baqala-d00-002419,Riyadh - Souq,Riyadh,Promo Chocolate Bar,PRM-CHC-06,Snacks,1,6.0,6.0,3.0,mada
2026-03-02,TX-B2_poor_baqala-d00-002420,Riyadh - Souq,Riyadh,Promo Chocolate Bar,PRM-CHC-06,Snacks,1,6.0,6.0,3.0,cash
2026-03-02,TX-B2_poor_baqala-d00-002421,Riyadh - Souq,Riyadh,Promo Chocolate Bar,PRM-CHC-06,Snacks,1,6.0,6.0,3.0,card
2026-03-03,TX-B2_poor_baqala-d00-002422,Riyadh - Souq,Riyadh,Promo Chocolate Bar,PRM-CHC-06,Snacks,1,6.0,6.0,3.0,card
2026-03-03,TX-B2_poor_baqala-d00-002423,Riyadh - Souq,Riyadh,Promo Chocolate Bar,PRM-CHC-06,Snacks,1,6.0,6.0,3.0,mada
2026-03-03,TX-B2_poor_baqala-d00-002424,Riyadh - Souq,Riyadh,Promo Chocolate Bar,PRM-CHC-06,Snacks,1,6.0,6.0,3.0,mada
2026-03-03,TX-B2_poor_baqala-d00-002425,Riyadh - Souq,Riyadh,Promo Chocolate Bar,PRM-CHC-06,Snacks,1,6.0,6.0,3.0,card
2026-03-03,TX-B2_poor_baqala-d00-002426,Riyadh - Souq,Riyadh,Promo Chocolate Bar,PRM-CHC-06,Snacks,1,6.0,6.0,3.0,cash
2026-03-03,TX-B2_poor_baqala-d00-002427,Riyadh - Souq,Riyadh,Promo Chocolate Bar,PRM-CHC-06,Snacks,1,6.0,6.0,3.0,mada
2026-03-03,TX-B2_poor_baqala-d00-002428,Riyadh - Souq,Riyadh,Promo Chocolate Bar,PRM-CHC-06,Snacks,1,6.0,6.0,3.0,mada
2026-03-03,TX-B2_poor_baqala-d00-002429,Riyadh - Souq,Riyadh,Promo Chocolate Bar,PRM-CHC-06,Snacks,1,6.0,6.0,3.0,cash
2026-03-04,TX-B2_poor_baqala-d00-002430,Riyadh - Souq,Riyadh,Promo Chocolate Bar,PRM-CHC-06,Snacks,1,6.0,6.0,3.0,mada
2026-03-04,TX-B2_poor_baqala-d00-002431,Riyadh - Souq,Riyadh,Promo Chocolate Bar,PRM-CHC-06,Snacks,1,6.0,6.0,3.0,cash
2026-03-04,TX-B2_poor_baqala-d00-002432,Riyadh - Souq,Riyadh,Promo Chocolate Bar,PRM-CHC-06,Snacks,1,6.0,6.0,3.0,card
2026-03-04,TX-B2_poor_baqala-d00-002433,Riyadh - Souq,Riyadh,Promo Chocolate Bar,PRM-CHC-06,Snacks,1,6.0,6.0,3.0,cash
2026-03-04,TX-B2_poor_baqala-d00-002434,Riyadh - Souq,Riyadh,Promo Chocolate Bar,PRM-CHC-06,Snacks,1,6.0,6.0,3.0,cash
2026-03-04,TX-B2_poor_baqala-d00-002435,Riyadh - Souq,Riyadh,Promo Chocolate Bar,PRM-CHC-06,Snacks,1,6.0,6.0,3.0,mada
2026-03-04,TX-B2_poor_baqala-d00-002436,Riyadh - Souq,Riyadh,Promo Chocolate Bar,PRM-CHC-06,Snacks,1,6.0,6.0,3.0,cash
2026-03-04,TX-B2_poor_baqala-d00-002437,Riyadh - Souq,Riyadh,Promo Chocolate Bar,PRM-CHC-06,Snacks,1,6.0,6.0,3.0,cash
2026-03-04,TX-B2_poor_baqala-d00-002438,Riyadh - Souq,Riyadh,Promo Chocolate Bar,PRM-CHC-06,Snacks,1,6.0,6.0,3.0,cash
2026-03-05,TX-B2_poor_baqala-d00-002439,Riyadh - Souq,Riyadh,Promo Chocolate Bar,PRM-CHC-06,Snacks,1,6.0,6.0,3.0,card
2026-03-05,TX-B2_poor_baqala-d00-002440,Riyadh - Souq,Riyadh,Promo Chocolate Bar,PRM-CHC-06,Snacks,1,6.0,6.0,3.0,cash
2026-03-05,TX-B2_poor_baqala-d00-002441,Riyadh - Souq,Riyadh,Promo Chocolate Bar,PRM-CHC-06,Snacks,1,6.0,6.0,3.0,card
2026-03-05,TX-B2_poor_baqala-d00-002442,Riyadh - Souq,Riyadh,Promo Chocolate Bar,PRM-CHC-06,Snacks,1,6.0,6.0,3.0,card
2026-03-05,TX-B2_poor_baqala-d00-002443,Riyadh - Souq,Riyadh,Promo Chocolate Bar,PRM-CHC-06,Snacks,1,6.0,6.0,3.0,mada
2026-03-05,TX-B2_poor_baqala-d00-002444,Riyadh - Souq,Riyadh,Promo Chocolate Bar,PRM-CHC-06,Snacks,1,6.0,6.0,3.0,card
2026-03-05,TX-B2_poor_baqala-d00-002445,Riyadh - Souq,Riyadh,Promo Chocolate Bar,PRM-CHC-06,Snacks,1,6.0,6.0,3.0,card
2026-03-05,TX-B2_poor_baqala-d00-002446,Riyadh - Souq,Riyadh,Promo Chocolate Bar,PRM-CHC-06,Snacks,1,6.0,6.0,3.0,card
2026-03-05,TX-B2_poor_baqala-d00-002447,Riyadh - Souq,Riyadh,Promo Chocolate Bar,PRM-CHC-06,Snacks,1,6.0,6.0,3.0,mada
2026-03-05,TX-B2_poor_baqala-d00-002448,Riyadh - Souq,Riyadh,Promo Chocolate Bar,PRM-CHC-06,Snacks,1,6.0,6.0,3.0,mada
2026-03-06,TX-B2_poor_baqala-d00-002449,Riyadh - Souq,Riyadh,Promo Chocolate Bar,PRM-CHC-06,Snacks,1,6.0,6.0,3.0,cash
2026-03-06,TX-B2_poor_baqala-d00-002450,Riyadh - Souq,Riyadh,Promo Chocolate Bar,PRM-CHC-06,Snacks,1,6.0,6.0,3.0,card
2026-03-06,TX-B2_poor_baqala-d00-002451,Riyadh - Souq,Riyadh,Promo Chocolate Bar,PRM-CHC-06,Snacks,1,6.0,6.0,3.0,mada
2026-03-06,TX-B2_poor_baqala-d00-002452,Riyadh - Souq,Riyadh,Promo Chocolate Bar,PRM-CHC-06,Snacks,1,6.0,6.0,3.0,mada
2026-03-06,TX-B2_poor_baqala-d00-002453,Riyadh - Souq,Riyadh,Promo Chocolate Bar,PRM-CHC-06,Snacks,1,6.0,6.0,3.0,card
2026-03-06,TX-B2_poor_baqala-d00-002454,Riyadh - Souq,Riyadh,Promo Chocolate Bar,PRM-CHC-06,Snacks,1,6.0,6.0,3.0,cash
2026-03-06,TX-B2_poor_baqala-d00-002455,Riyadh - Souq,Riyadh,Promo Chocolate Bar,PRM-CHC-06,Snacks,1,6.0,6.0,3.0,card
2026-03-07,TX-B2_poor_baqala-d00-002456,Riyadh - Souq,Riyadh,Promo Chocolate Bar,PRM-CHC-06,Snacks,1,6.0,6.0,3.0,mada
2026-03-07,TX-B2_poor_baqala-d00-002457,Riyadh - Souq,Riyadh,Promo Chocolate Bar,PRM-CHC-06,Snacks,1,6.0,6.0,3.0,card
2026-03-07,TX-B2_poor_baqala-d00-002458,Riyadh - Souq,Riyadh,Promo Chocolate Bar,PRM-CHC-06,Snacks,1,6.0,6.0,3.0,cash
2026-03-07,TX-B2_poor_baqala-d00-002459,Riyadh - Souq,Riyadh,Promo Chocolate Bar,PRM-CHC-06,Snacks,1,6.0,6.0,3.0,mada
2026-03-07,TX-B2_poor_baqala-d00-002460,Riyadh - Souq,Riyadh,Promo Chocolate Bar,PRM-CHC-06,Snacks,1,6.0,6.0,3.0,cash
2026-03-07,TX-B2_poor_baqala-d00-002461,Riyadh - Souq,Riyadh,Promo Chocolate Bar,PRM-CHC-06,Snacks,1,6.0,6.0,3.0,card
2026-03-07,TX-B2_poor_baqala-d00-002462,Riyadh - Souq,Riyadh,Promo Chocolate Bar,PRM-CHC-06,Snacks,1,6.0,6.0,3.0,cash
2026-03-07,TX-B2_poor_baqala-d00-002463,Riyadh - Souq,Riyadh,Promo Chocolate Bar,PRM-CHC-06,Snacks,1,6.0,6.0,3.0,mada
2026-03-08,TX-B2_poor_baqala-d00-002464,Riyadh - Souq,Riyadh,Promo Chocolate Bar,PRM-CHC-06,Snacks,1,6.0,6.0,3.0,mada
2026-03-08,TX-B2_poor_baqala-d00-002465,Riyadh - Souq,Riyadh,Promo Chocolate Bar,PRM-CHC-06,Snacks,1,6.0,6.0,3.0,cash
2026-03-08,TX-B2_poor_baqala-d00-002466,Riyadh - Souq,Riyadh,Promo Chocolate Bar,PRM-CHC-06,Snacks,1,6.0,6.0,3.0,mada
2026-03-08,TX-B2_poor_baqala-d00-002467,Riyadh - Souq,Riyadh,Promo Chocolate Bar,PRM-CHC-06,Snacks,1,6.0,6.0,3.0,cash
2026-03-08,TX-B2_poor_baqala-d00-002468,Riyadh - Souq,Riyadh,Promo Chocolate Bar,PRM-CHC-06,Snacks,1,6.0,6.0,3.0,cash
2026-03-08,TX-B2_poor_baqala-d00-002469,Riyadh - Souq,Riyadh,Promo Chocolate Bar,PRM-CHC-06,Snacks,1,6.0,6.0,3.0,mada
2026-03-08,TX-B2_poor_baqala-d00-002470,Riyadh - Souq,Riyadh,Promo Chocolate Bar,PRM-CHC-06,Snacks,1,6.0,6.0,3.0,card
2026-03-09,TX-B2_poor_baqala-d00-002471,Riyadh - Souq,Riyadh,Promo Chocolate Bar,PRM-CHC-06,Snacks,1,6.0,6.0,3.0,mada
2026-03-09,TX-B2_poor_baqala-d00-002472,Riyadh - Souq,Riyadh,Promo Chocolate Bar,PRM-CHC-06,Snacks,1,6.0,6.0,3.0,card
2026-03-09,TX-B2_poor_baqala-d00-002473,Riyadh - Souq,Riyadh,Promo Chocolate Bar,PRM-CHC-06,Snacks,1,6.0,6.0,3.0,cash
2026-03-09,TX-B2_poor_baqala-d00-002474,Riyadh - Souq,Riyadh,Promo Chocolate Bar,PRM-CHC-06,Snacks,1,6.0,6.0,3.0,cash
2026-03-09,TX-B2_poor_baqala-d00-002475,Riyadh - Souq,Riyadh,Promo Chocolate Bar,PRM-CHC-06,Snacks,1,6.0,6.0,3.0,card
2026-03-09,TX-B2_poor_baqala-d00-002476,Riyadh - Souq,Riyadh,Promo Chocolate Bar,PRM-CHC-06,Snacks,1,6.0,6.0,3.0,cash
2026-03-09,TX-B2_poor_baqala-d00-002477,Riyadh - Souq,Riyadh,Promo Chocolate Bar,PRM-CHC-06,Snacks,1,6.0,6.0,3.0,mada
2026-03-10,TX-B2_poor_baqala-d00-002478,Riyadh - Souq,Riyadh,Promo Chocolate Bar,PRM-CHC-06,Snacks,1,6.0,6.0,3.0,card
2026-03-10,TX-B2_poor_baqala-d00-002479,Riyadh - Souq,Riyadh,Promo Chocolate Bar,PRM-CHC-06,Snacks,1,6.0,6.0,3.0,mada
2026-03-10,TX-B2_poor_baqala-d00-002480,Riyadh - Souq,Riyadh,Promo Chocolate Bar,PRM-CHC-06,Snacks,1,6.0,6.0,3.0,card
2026-03-10,TX-B2_poor_baqala-d00-002481,Riyadh - Souq,Riyadh,Promo Chocolate Bar,PRM-CHC-06,Snacks,1,6.0,6.0,3.0,mada
2026-03-10,TX-B2_poor_baqala-d00-002482,Riyadh - Souq,Riyadh,Promo Chocolate Bar,PRM-CHC-06,Snacks,1,6.0,6.0,3.0,card
2026-03-10,TX-B2_poor_baqala-d00-002483,Riyadh - Souq,Riyadh,Promo Chocolate Bar,PRM-CHC-06,Snacks,1,6.0,6.0,3.0,cash
2026-03-10,TX-B2_poor_baqala-d00-002484,Riyadh - Souq,Riyadh,Promo Chocolate Bar,PRM-CHC-06,Snacks,1,6.0,6.0,3.0,card
2026-03-11,TX-B2_poor_baqala-d00-002485,Riyadh - Souq,Riyadh,Promo Chocolate Bar,PRM-CHC-06,Snacks,1,6.0,6.0,3.0,card
2026-03-11,TX-B2_poor_baqala-d00-002486,Riyadh - Souq,Riyadh,Promo Chocolate Bar,PRM-CHC-06,Snacks,1,6.0,6.0,3.0,mada
2026-03-11,TX-B2_poor_baqala-d00-002487,Riyadh - Souq,Riyadh,Promo Chocolate Bar,PRM-CHC-06,Snacks,1,6.0,6.0,3.0,cash
2026-03-11,TX-B2_poor_baqala-d00-002488,Riyadh - Souq,Riyadh,Promo Chocolate Bar,PRM-CHC-06,Snacks,1,6.0,6.0,3.0,card
2026-03-11,TX-B2_poor_baqala-d00-002489,Riyadh - Souq,Riyadh,Promo Chocolate Bar,PRM-CHC-06,Snacks,1,6.0,6.0,3.0,cash
2026-03-11,TX-B2_poor_baqala-d00-002490,Riyadh - Souq,Riyadh,Promo Chocolate Bar,PRM-CHC-06,Snacks,1,6.0,6.0,3.0,cash
2026-03-11,TX-B2_poor_baqala-d00-002491,Riyadh - Souq,Riyadh,Promo Chocolate Bar,PRM-CHC-06,Snacks,1,6.0,6.0,3.0,card
2026-03-11,TX-B2_poor_baqala-d00-002492,Riyadh - Souq,Riyadh,Promo Chocolate Bar,PRM-CHC-06,Snacks,1,6.0,6.0,3.0,mada
2026-03-12,TX-B2_poor_baqala-d00-002493,Riyadh - Souq,Riyadh,Promo Chocolate Bar,PRM-CHC-06,Snacks,1,6.0,6.0,3.0,cash
2026-03-12,TX-B2_poor_baqala-d00-002494,Riyadh - Souq,Riyadh,Promo Chocolate Bar,PRM-CHC-06,Snacks,1,6.0,6.0,3.0,card
2026-03-12,TX-B2_poor_baqala-d00-002495,Riyadh - Souq,Riyadh,Promo Chocolate Bar,PRM-CHC-06,Snacks,1,6.0,6.0,3.0,card
2026-03-12,TX-B2_poor_baqala-d00-002496,Riyadh - Souq,Riyadh,Promo Chocolate Bar,PRM-CHC-06,Snacks,1,6.0,6.0,3.0,cash
2026-03-12,TX-B2_poor_baqala-d00-002497,Riyadh - Souq,Riyadh,Promo Chocolate Bar,PRM-CHC-06,Snacks,1,6.0,6.0,3.0,mada
2026-03-12,TX-B2_poor_baqala-d00-002498,Riyadh - Souq,Riyadh,Promo Chocolate Bar,PRM-CHC-06,Snacks,1,6.0,6.0,3.0,cash
2026-03-12,TX-B2_poor_baqala-d00-002499,Riyadh - Souq,Riyadh,Promo Chocolate Bar,PRM-CHC-06,Snacks,1,6.0,6.0,3.0,mada
2026-03-13,TX-B2_poor_baqala-d00-002500,Riyadh - Souq,Riyadh,Promo Chocolate Bar,PRM-CHC-06,Snacks,1,6.0,6.0,3.0,cash
2026-03-13,TX-B2_poor_baqala-d00-002501,Riyadh - Souq,Riyadh,Promo Chocolate Bar,PRM-CHC-06,Snacks,1,6.0,6.0,3.0,cash
2026-03-13,TX-B2_poor_baqala-d00-002502,Riyadh - Souq,Riyadh,Promo Chocolate Bar,PRM-CHC-06,Snacks,1,6.0,6.0,3.0,card
2026-03-13,TX-B2_poor_baqala-d00-002503,Riyadh - Souq,Riyadh,Promo Chocolate Bar,PRM-CHC-06,Snacks,1,6.0,6.0,3.0,cash
2026-03-13,TX-B2_poor_baqala-d00-002504,Riyadh - Souq,Riyadh,Promo Chocolate Bar,PRM-CHC-06,Snacks,1,6.0,6.0,3.0,card
2026-03-13,TX-B2_poor_baqala-d00-002505,Riyadh - Souq,Riyadh,Promo Chocolate Bar,PRM-CHC-06,Snacks,1,6.0,6.0,3.0,card
2026-03-13,TX-B2_poor_baqala-d00-002506,Riyadh - Souq,Riyadh,Promo Chocolate Bar,PRM-CHC-06,Snacks,1,6.0,6.0,3.0,cash
2026-03-13,TX-B2_poor_baqala-d00-002507,Riyadh - Souq,Riyadh,Promo Chocolate Bar,PRM-CHC-06,Snacks,1,6.0,6.0,3.0,mada
2026-03-14,TX-B2_poor_baqala-d00-002508,Riyadh - Souq,Riyadh,Promo Chocolate Bar,PRM-CHC-06,Snacks,1,6.0,6.0,3.0,mada
2026-03-14,TX-B2_poor_baqala-d00-002509,Riyadh - Souq,Riyadh,Promo Chocolate Bar,PRM-CHC-06,Snacks,1,6.0,6.0,3.0,mada
2026-03-14,TX-B2_poor_baqala-d00-002510,Riyadh - Souq,Riyadh,Promo Chocolate Bar,PRM-CHC-06,Snacks,1,6.0,6.0,3.0,card
2026-03-14,TX-B2_poor_baqala-d00-002511,Riyadh - Souq,Riyadh,Promo Chocolate Bar,PRM-CHC-06,Snacks,1,6.0,6.0,3.0,card
2026-03-14,TX-B2_poor_baqala-d00-002512,Riyadh - Souq,Riyadh,Promo Chocolate Bar,PRM-CHC-06,Snacks,1,6.0,6.0,3.0,cash
2026-03-14,TX-B2_poor_baqala-d00-002513,Riyadh - Souq,Riyadh,Promo Chocolate Bar,PRM-CHC-06,Snacks,1,6.0,6.0,3.0,mada
2026-03-14,TX-B2_poor_baqala-d00-002514,Riyadh - Souq,Riyadh,Promo Chocolate Bar,PRM-CHC-06,Snacks,1,6.0,6.0,3.0,card
2026-03-14,TX-B2_poor_baqala-d00-002515,Riyadh - Souq,Riyadh,Promo Chocolate Bar,PRM-CHC-06,Snacks,1,6.0,6.0,3.0,mada
2026-03-15,TX-B2_poor_baqala-d00-002516,Riyadh - Souq,Riyadh,Promo Chocolate Bar,PRM-CHC-06,Snacks,1,6.0,6.0,3.0,card
2026-03-15,TX-B2_poor_baqala-d00-002517,Riyadh - Souq,Riyadh,Promo Chocolate Bar,PRM-CHC-06,Snacks,1,6.0,6.0,3.0,cash
2026-03-15,TX-B2_poor_baqala-d00-002518,Riyadh - Souq,Riyadh,Promo Chocolate Bar,PRM-CHC-06,Snacks,1,6.0,6.0,3.0,cash
2026-03-15,TX-B2_poor_baqala-d00-002519,Riyadh - Souq,Riyadh,Promo Chocolate Bar,PRM-CHC-06,Snacks,1,6.0,6.0,3.0,cash
2026-03-15,TX-B2_poor_baqala-d00-002520,Riyadh - Souq,Riyadh,Promo Chocolate Bar,PRM-CHC-06,Snacks,1,6.0,6.0,3.0,mada
2026-03-15,TX-B2_poor_baqala-d00-002521,Riyadh - Souq,Riyadh,Promo Chocolate Bar,PRM-CHC-06,Snacks,1,6.0,6.0,3.0,mada
2026-03-15,TX-B2_poor_baqala-d00-002522,Riyadh - Souq,Riyadh,Promo Chocolate Bar,PRM-CHC-06,Snacks,1,6.0,6.0,3.0,cash
2026-03-15,TX-B2_poor_baqala-d00-002523,Riyadh - Souq,Riyadh,Promo Chocolate Bar,PRM-CHC-06,Snacks,1,6.0,6.0,3.0,mada
2026-03-15,TX-B2_poor_baqala-d00-002524,Riyadh - Souq,Riyadh,Promo Chocolate Bar,PRM-CHC-06,Snacks,1,6.0,6.0,3.0,card
2026-03-16,TX-B2_poor_baqala-d00-002525,Riyadh - Souq,Riyadh,Promo Chocolate Bar,PRM-CHC-06,Snacks,1,6.0,6.0,3.0,card
2026-03-16,TX-B2_poor_baqala-d00-002526,Riyadh - Souq,Riyadh,Promo Chocolate Bar,PRM-CHC-06,Snacks,1,6.0,6.0,3.0,cash
2026-03-16,TX-B2_poor_baqala-d00-002527,Riyadh - Souq,Riyadh,Promo Chocolate Bar,PRM-CHC-06,Snacks,1,6.0,6.0,3.0,cash
2026-03-16,TX-B2_poor_baqala-d00-002528,Riyadh - Souq,Riyadh,Promo Chocolate Bar,PRM-CHC-06,Snacks,1,6.0,6.0,3.0,cash
2026-03-16,TX-B2_poor_baqala-d00-002529,Riyadh - Souq,Riyadh,Promo Chocolate Bar,PRM-CHC-06,Snacks,1,6.0,6.0,3.0,card
2026-03-16,TX-B2_poor_baqala-d00-002530,Riyadh - Souq,Riyadh,Promo Chocolate Bar,PRM-CHC-06,Snacks,1,6.0,6.0,3.0,cash
2026-03-16,TX-B2_poor_baqala-d00-002531,Riyadh - Souq,Riyadh,Promo Chocolate Bar,PRM-CHC-06,Snacks,1,6.0,6.0,3.0,mada
2026-03-16,TX-B2_poor_baqala-d00-002532,Riyadh - Souq,Riyadh,Promo Chocolate Bar,PRM-CHC-06,Snacks,1,6.0,6.0,3.0,cash
2026-03-17,TX-B2_poor_baqala-d00-002533,Riyadh - Souq,Riyadh,Promo Chocolate Bar,PRM-CHC-06,Snacks,1,6.0,6.0,3.0,cash
2026-03-17,TX-B2_poor_baqala-d00-002534,Riyadh - Souq,Riyadh,Promo Chocolate Bar,PRM-CHC-06,Snacks,1,6.0,6.0,3.0,cash
2026-03-17,TX-B2_poor_baqala-d00-002535,Riyadh - Souq,Riyadh,Promo Chocolate Bar,PRM-CHC-06,Snacks,1,6.0,6.0,3.0,cash
2026-03-17,TX-B2_poor_baqala-d00-002536,Riyadh - Souq,Riyadh,Promo Chocolate Bar,PRM-CHC-06,Snacks,1,6.0,6.0,3.0,cash
2026-03-18,TX-B2_poor_baqala-d00-002537,Riyadh - Souq,Riyadh,Promo Chocolate Bar,PRM-CHC-06,Snacks,1,6.0,6.0,3.0,card
2026-03-18,TX-B2_poor_baqala-d00-002538,Riyadh - Souq,Riyadh,Promo Chocolate Bar,PRM-CHC-06,Snacks,1,6.0,6.0,3.0,card
2026-03-18,TX-B2_poor_baqala-d00-002539,Riyadh - Souq,Riyadh,Promo Chocolate Bar,PRM-CHC-06,Snacks,1,6.0,6.0,3.0,card
2026-03-18,TX-B2_poor_baqala-d00-002540,Riyadh - Souq,Riyadh,Promo Chocolate Bar,PRM-CHC-06,Snacks,1,6.0,6.0,3.0,card
2026-03-18,TX-B2_poor_baqala-d00-002541,Riyadh - Souq,Riyadh,Promo Chocolate Bar,PRM-CHC-06,Snacks,1,6.0,6.0,3.0,card
2026-03-18,TX-B2_poor_baqala-d00-002542,Riyadh - Souq,Riyadh,Promo Chocolate Bar,PRM-CHC-06,Snacks,1,6.0,6.0,3.0,cash
2026-03-18,TX-B2_poor_baqala-d00-002543,Riyadh - Souq,Riyadh,Promo Chocolate Bar,PRM-CHC-06,Snacks,1,6.0,6.0,3.0,mada
2026-03-18,TX-B2_poor_baqala-d00-002544,Riyadh - Souq,Riyadh,Promo Chocolate Bar,PRM-CHC-06,Snacks,1,6.0,6.0,3.0,mada
2026-03-19,TX-B2_poor_baqala-d00-002545,Riyadh - Souq,Riyadh,Promo Chocolate Bar,PRM-CHC-06,Snacks,1,6.0,6.0,3.0,cash
2026-03-19,TX-B2_poor_baqala-d00-002546,Riyadh - Souq,Riyadh,Promo Chocolate Bar,PRM-CHC-06,Snacks,1,6.0,6.0,3.0,mada
2026-03-19,TX-B2_poor_baqala-d00-002547,Riyadh - Souq,Riyadh,Promo Chocolate Bar,PRM-CHC-06,Snacks,1,6.0,6.0,3.0,card
2026-03-19,TX-B2_poor_baqala-d00-002548,Riyadh - Souq,Riyadh,Promo Chocolate Bar,PRM-CHC-06,Snacks,1,6.0,6.0,3.0,mada
2026-03-19,TX-B2_poor_baqala-d00-002549,Riyadh - Souq,Riyadh,Promo Chocolate Bar,PRM-CHC-06,Snacks,1,6.0,6.0,3.0,card
2026-03-19,TX-B2_poor_baqala-d00-002550,Riyadh - Souq,Riyadh,Promo Chocolate Bar,PRM-CHC-06,Snacks,1,6.0,6.0,3.0,card
2026-03-19,TX-B2_poor_baqala-d00-002551,Riyadh - Souq,Riyadh,Promo Chocolate Bar,PRM-CHC-06,Snacks,1,6.0,6.0,3.0,mada
2026-03-19,TX-B2_poor_baqala-d00-002552,Riyadh - Souq,Riyadh,Promo Chocolate Bar,PRM-CHC-06,Snacks,1,6.0,6.0,3.0,cash
2026-03-19,TX-B2_poor_baqala-d00-002553,Riyadh - Souq,Riyadh,Promo Chocolate Bar,PRM-CHC-06,Snacks,1,6.0,6.0,3.0,card
2026-03-19,TX-B2_poor_baqala-d00-002554,Riyadh - Souq,Riyadh,Promo Chocolate Bar,PRM-CHC-06,Snacks,1,6.0,6.0,3.0,mada
2026-03-20,TX-B2_poor_baqala-d00-002555,Riyadh - Souq,Riyadh,Promo Chocolate Bar,PRM-CHC-06,Snacks,1,6.0,6.0,3.0,mada
2026-03-20,TX-B2_poor_baqala-d00-002556,Riyadh - Souq,Riyadh,Promo Chocolate Bar,PRM-CHC-06,Snacks,1,6.0,6.0,3.0,cash
2026-03-20,TX-B2_poor_baqala-d00-002557,Riyadh - Souq,Riyadh,Promo Chocolate Bar,PRM-CHC-06,Snacks,1,6.0,6.0,3.0,card
2026-03-20,TX-B2_poor_baqala-d00-002558,Riyadh - Souq,Riyadh,Promo Chocolate Bar,PRM-CHC-06,Snacks,1,6.0,6.0,3.0,mada
2026-03-20,TX-B2_poor_baqala-d00-002559,Riyadh - Souq,Riyadh,Promo Chocolate Bar,PRM-CHC-06,Snacks,1,6.0,6.0,3.0,cash
2026-03-20,TX-B2_poor_baqala-d00-002560,Riyadh - Souq,Riyadh,Promo Chocolate Bar,PRM-CHC-06,Snacks,1,6.0,6.0,3.0,card
2026-03-20,TX-B2_poor_baqala-d00-002561,Riyadh - Souq,Riyadh,Promo Chocolate Bar,PRM-CHC-06,Snacks,1,6.0,6.0,3.0,mada
2026-03-21,TX-B2_poor_baqala-d00-002562,Riyadh - Souq,Riyadh,Promo Chocolate Bar,PRM-CHC-06,Snacks,1,6.0,6.0,3.0,mada
2026-03-21,TX-B2_poor_baqala-d00-002563,Riyadh - Souq,Riyadh,Promo Chocolate Bar,PRM-CHC-06,Snacks,1,6.0,6.0,3.0,card
2026-03-21,TX-B2_poor_baqala-d00-002564,Riyadh - Souq,Riyadh,Promo Chocolate Bar,PRM-CHC-06,Snacks,1,6.0,6.0,3.0,card
2026-03-21,TX-B2_poor_baqala-d00-002565,Riyadh - Souq,Riyadh,Promo Chocolate Bar,PRM-CHC-06,Snacks,1,6.0,6.0,3.0,cash
2026-03-21,TX-B2_poor_baqala-d00-002566,Riyadh - Souq,Riyadh,Promo Chocolate Bar,PRM-CHC-06,Snacks,1,6.0,6.0,3.0,card
2026-03-21,TX-B2_poor_baqala-d00-002567,Riyadh - Souq,Riyadh,Promo Chocolate Bar,PRM-CHC-06,Snacks,1,6.0,6.0,3.0,card
2026-03-21,TX-B2_poor_baqala-d00-002568,Riyadh - Souq,Riyadh,Promo Chocolate Bar,PRM-CHC-06,Snacks,1,6.0,6.0,3.0,mada
2026-03-22,TX-B2_poor_baqala-d00-002569,Riyadh - Souq,Riyadh,Promo Chocolate Bar,PRM-CHC-06,Snacks,1,6.0,6.0,3.0,cash
2026-03-22,TX-B2_poor_baqala-d00-002570,Riyadh - Souq,Riyadh,Promo Chocolate Bar,PRM-CHC-06,Snacks,1,6.0,6.0,3.0,mada
2026-03-22,TX-B2_poor_baqala-d00-002571,Riyadh - Souq,Riyadh,Promo Chocolate Bar,PRM-CHC-06,Snacks,1,6.0,6.0,3.0,mada
2026-03-22,TX-B2_poor_baqala-d00-002572,Riyadh - Souq,Riyadh,Promo Chocolate Bar,PRM-CHC-06,Snacks,1,6.0,6.0,3.0,cash
2026-03-22,TX-B2_poor_baqala-d00-002573,Riyadh - Souq,Riyadh,Promo Chocolate Bar,PRM-CHC-06,Snacks,1,6.0,6.0,3.0,mada
2026-03-22,TX-B2_poor_baqala-d00-002574,Riyadh - Souq,Riyadh,Promo Chocolate Bar,PRM-CHC-06,Snacks,1,6.0,6.0,3.0,card
2026-03-22,TX-B2_poor_baqala-d00-002575,Riyadh - Souq,Riyadh,Promo Chocolate Bar,PRM-CHC-06,Snacks,1,6.0,6.0,3.0,mada
2026-03-22,TX-B2_poor_baqala-d00-002576,Riyadh - Souq,Riyadh,Promo Chocolate Bar,PRM-CHC-06,Snacks,1,6.0,6.0,3.0,cash
2026-03-23,TX-B2_poor_baqala-d00-002577,Riyadh - Souq,Riyadh,Promo Chocolate Bar,PRM-CHC-06,Snacks,1,6.0,6.0,3.0,cash
2026-03-23,TX-B2_poor_baqala-d00-002578,Riyadh - Souq,Riyadh,Promo Chocolate Bar,PRM-CHC-06,Snacks,1,6.0,6.0,3.0,card
2026-03-23,TX-B2_poor_baqala-d00-002579,Riyadh - Souq,Riyadh,Promo Chocolate Bar,PRM-CHC-06,Snacks,1,6.0,6.0,3.0,cash
2026-03-23,TX-B2_poor_baqala-d00-002580,Riyadh - Souq,Riyadh,Promo Chocolate Bar,PRM-CHC-06,Snacks,1,6.0,6.0,3.0,cash
2026-03-23,TX-B2_poor_baqala-d00-002581,Riyadh - Souq,Riyadh,Promo Chocolate Bar,PRM-CHC-06,Snacks,1,6.0,6.0,3.0,card
2026-03-23,TX-B2_poor_baqala-d00-002582,Riyadh - Souq,Riyadh,Promo Chocolate Bar,PRM-CHC-06,Snacks,1,6.0,6.0,3.0,cash
2026-03-24,TX-B2_poor_baqala-d00-002583,Riyadh - Souq,Riyadh,Promo Chocolate Bar,PRM-CHC-06,Snacks,1,6.0,6.0,3.0,card
2026-03-24,TX-B2_poor_baqala-d00-002584,Riyadh - Souq,Riyadh,Promo Chocolate Bar,PRM-CHC-06,Snacks,1,6.0,6.0,3.0,cash
2026-03-24,TX-B2_poor_baqala-d00-002585,Riyadh - Souq,Riyadh,Promo Chocolate Bar,PRM-CHC-06,Snacks,1,6.0,6.0,3.0,mada
2026-03-24,TX-B2_poor_baqala-d00-002586,Riyadh - Souq,Riyadh,Promo Chocolate Bar,PRM-CHC-06,Snacks,1,6.0,6.0,3.0,card
2026-03-24,TX-B2_poor_baqala-d00-002587,Riyadh - Souq,Riyadh,Promo Chocolate Bar,PRM-CHC-06,Snacks,1,6.0,6.0,3.0,mada
2026-03-24,TX-B2_poor_baqala-d00-002588,Riyadh - Souq,Riyadh,Promo Chocolate Bar,PRM-CHC-06,Snacks,1,6.0,6.0,3.0,card
2026-03-24,TX-B2_poor_baqala-d00-002589,Riyadh - Souq,Riyadh,Promo Chocolate Bar,PRM-CHC-06,Snacks,1,6.0,6.0,3.0,cash
2026-03-24,TX-B2_poor_baqala-d00-002590,Riyadh - Souq,Riyadh,Promo Chocolate Bar,PRM-CHC-06,Snacks,1,6.0,6.0,3.0,card
2026-03-24,TX-B2_poor_baqala-d00-002591,Riyadh - Souq,Riyadh,Promo Chocolate Bar,PRM-CHC-06,Snacks,1,6.0,6.0,3.0,card
2026-03-24,TX-B2_poor_baqala-d00-002592,Riyadh - Souq,Riyadh,Promo Chocolate Bar,PRM-CHC-06,Snacks,1,6.0,6.0,3.0,mada
2026-03-25,TX-B2_poor_baqala-d00-002593,Riyadh - Souq,Riyadh,Promo Chocolate Bar,PRM-CHC-06,Snacks,1,6.0,6.0,3.0,cash
2026-03-25,TX-B2_poor_baqala-d00-002594,Riyadh - Souq,Riyadh,Promo Chocolate Bar,PRM-CHC-06,Snacks,1,6.0,6.0,3.0,card
2026-03-25,TX-B2_poor_baqala-d00-002595,Riyadh - Souq,Riyadh,Promo Chocolate Bar,PRM-CHC-06,Snacks,1,6.0,6.0,3.0,cash
2026-03-25,TX-B2_poor_baqala-d00-002596,Riyadh - Souq,Riyadh,Promo Chocolate Bar,PRM-CHC-06,Snacks,1,6.0,6.0,3.0,cash
2026-03-25,TX-B2_poor_baqala-d00-002597,Riyadh - Souq,Riyadh,Promo Chocolate Bar,PRM-CHC-06,Snacks,1,6.0,6.0,3.0,mada
2026-03-25,TX-B2_poor_baqala-d00-002598,Riyadh - Souq,Riyadh,Promo Chocolate Bar,PRM-CHC-06,Snacks,1,6.0,6.0,3.0,cash
2026-03-25,TX-B2_poor_baqala-d00-002599,Riyadh - Souq,Riyadh,Promo Chocolate Bar,PRM-CHC-06,Snacks,1,6.0,6.0,3.0,cash
2026-03-25,TX-B2_poor_baqala-d00-002600,Riyadh - Souq,Riyadh,Promo Chocolate Bar,PRM-CHC-06,Snacks,1,6.0,6.0,3.0,card
2026-03-25,TX-B2_poor_baqala-d00-002601,Riyadh - Souq,Riyadh,Promo Chocolate Bar,PRM-CHC-06,Snacks,1,6.0,6.0,3.0,card
2026-03-26,TX-B2_poor_baqala-d00-002602,Riyadh - Souq,Riyadh,Promo Chocolate Bar,PRM-CHC-06,Snacks,1,6.0,6.0,3.0,cash
2026-03-26,TX-B2_poor_baqala-d00-002603,Riyadh - Souq,Riyadh,Promo Chocolate Bar,PRM-CHC-06,Snacks,1,6.0,6.0,3.0,cash
2026-03-26,TX-B2_poor_baqala-d00-002604,Riyadh - Souq,Riyadh,Promo Chocolate Bar,PRM-CHC-06,Snacks,1,6.0,6.0,3.0,cash
2026-03-26,TX-B2_poor_baqala-d00-002605,Riyadh - Souq,Riyadh,Promo Chocolate Bar,PRM-CHC-06,Snacks,1,6.0,6.0,3.0,cash
2026-03-26,TX-B2_poor_baqala-d00-002606,Riyadh - Souq,Riyadh,Promo Chocolate Bar,PRM-CHC-06,Snacks,1,6.0,6.0,3.0,card
2026-03-26,TX-B2_poor_baqala-d00-002607,Riyadh - Souq,Riyadh,Promo Chocolate Bar,PRM-CHC-06,Snacks,1,6.0,6.0,3.0,mada
2026-03-26,TX-B2_poor_baqala-d00-002608,Riyadh - Souq,Riyadh,Promo Chocolate Bar,PRM-CHC-06,Snacks,1,6.0,6.0,3.0,cash
2026-03-26,TX-B2_poor_baqala-d00-002609,Riyadh - Souq,Riyadh,Promo Chocolate Bar,PRM-CHC-06,Snacks,1,6.0,6.0,3.0,mada
2026-03-26,TX-B2_poor_baqala-d00-002610,Riyadh - Souq,Riyadh,Promo Chocolate Bar,PRM-CHC-06,Snacks,1,6.0,6.0,3.0,cash
2026-03-27,TX-B2_poor_baqala-d00-002611,Riyadh - Souq,Riyadh,Promo Chocolate Bar,PRM-CHC-06,Snacks,1,6.0,6.0,3.0,mada
2026-03-27,TX-B2_poor_baqala-d00-002612,Riyadh - Souq,Riyadh,Promo Chocolate Bar,PRM-CHC-06,Snacks,1,6.0,6.0,3.0,card
2026-03-27,TX-B2_poor_baqala-d00-002613,Riyadh - Souq,Riyadh,Promo Chocolate Bar,PRM-CHC-06,Snacks,1,6.0,6.0,3.0,mada
2026-03-27,TX-B2_poor_baqala-d00-002614,Riyadh - Souq,Riyadh,Promo Chocolate Bar,PRM-CHC-06,Snacks,1,6.0,6.0,3.0,cash
2026-03-27,TX-B2_poor_baqala-d00-002615,Riyadh - Souq,Riyadh,Promo Chocolate Bar,PRM-CHC-06,Snacks,1,6.0,6.0,3.0,cash
2026-03-27,TX-B2_poor_baqala-d00-002616,Riyadh - Souq,Riyadh,Promo Chocolate Bar,PRM-CHC-06,Snacks,1,6.0,6.0,3.0,cash
2026-03-27,TX-B2_poor_baqala-d00-002617,Riyadh - Souq,Riyadh,Promo Chocolate Bar,PRM-CHC-06,Snacks,1,6.0,6.0,3.0,mada
2026-03-27,TX-B2_poor_baqala-d00-002618,Riyadh - Souq,Riyadh,Promo Chocolate Bar,PRM-CHC-06,Snacks,1,6.0,6.0,3.0,mada
2026-03-27,TX-B2_poor_baqala-d00-002619,Riyadh - Souq,Riyadh,Promo Chocolate Bar,PRM-CHC-06,Snacks,1,6.0,6.0,3.0,card
2026-03-27,TX-B2_poor_baqala-d00-002620,Riyadh - Souq,Riyadh,Promo Chocolate Bar,PRM-CHC-06,Snacks,1,6.0,6.0,3.0,mada
2026-03-28,TX-B2_poor_baqala-d00-002621,Riyadh - Souq,Riyadh,Promo Chocolate Bar,PRM-CHC-06,Snacks,1,6.0,6.0,3.0,cash
2026-03-28,TX-B2_poor_baqala-d00-002622,Riyadh - Souq,Riyadh,Promo Chocolate Bar,PRM-CHC-06,Snacks,1,6.0,6.0,3.0,card
2026-03-28,TX-B2_poor_baqala-d00-002623,Riyadh - Souq,Riyadh,Promo Chocolate Bar,PRM-CHC-06,Snacks,1,6.0,6.0,3.0,card
2026-03-28,TX-B2_poor_baqala-d00-002624,Riyadh - Souq,Riyadh,Promo Chocolate Bar,PRM-CHC-06,Snacks,1,6.0,6.0,3.0,card
2026-03-28,TX-B2_poor_baqala-d00-002625,Riyadh - Souq,Riyadh,Promo Chocolate Bar,PRM-CHC-06,Snacks,1,6.0,6.0,3.0,card
2026-03-28,TX-B2_poor_baqala-d00-002626,Riyadh - Souq,Riyadh,Promo Chocolate Bar,PRM-CHC-06,Snacks,1,6.0,6.0,3.0,cash
2026-03-28,TX-B2_poor_baqala-d00-002627,Riyadh - Souq,Riyadh,Promo Chocolate Bar,PRM-CHC-06,Snacks,1,6.0,6.0,3.0,mada
2026-03-28,TX-B2_poor_baqala-d00-002628,Riyadh - Souq,Riyadh,Promo Chocolate Bar,PRM-CHC-06,Snacks,1,6.0,6.0,3.0,card
2026-03-28,TX-B2_poor_baqala-d00-002629,Riyadh - Souq,Riyadh,Promo Chocolate Bar,PRM-CHC-06,Snacks,1,6.0,6.0,3.0,card
2026-03-29,TX-B2_poor_baqala-d00-002630,Riyadh - Souq,Riyadh,Promo Chocolate Bar,PRM-CHC-06,Snacks,1,6.0,6.0,3.0,card
2026-03-29,TX-B2_poor_baqala-d00-002631,Riyadh - Souq,Riyadh,Promo Chocolate Bar,PRM-CHC-06,Snacks,1,6.0,6.0,3.0,cash
2026-03-29,TX-B2_poor_baqala-d00-002632,Riyadh - Souq,Riyadh,Promo Chocolate Bar,PRM-CHC-06,Snacks,1,6.0,6.0,3.0,mada
2026-03-29,TX-B2_poor_baqala-d00-002633,Riyadh - Souq,Riyadh,Promo Chocolate Bar,PRM-CHC-06,Snacks,1,6.0,6.0,3.0,card
2026-03-29,TX-B2_poor_baqala-d00-002634,Riyadh - Souq,Riyadh,Promo Chocolate Bar,PRM-CHC-06,Snacks,1,6.0,6.0,3.0,card
2026-03-29,TX-B2_poor_baqala-d00-002635,Riyadh - Souq,Riyadh,Promo Chocolate Bar,PRM-CHC-06,Snacks,1,6.0,6.0,3.0,cash
2026-03-30,TX-B2_poor_baqala-d00-002636,Riyadh - Souq,Riyadh,Promo Chocolate Bar,PRM-CHC-06,Snacks,1,6.0,6.0,3.0,cash
2026-03-30,TX-B2_poor_baqala-d00-002637,Riyadh - Souq,Riyadh,Promo Chocolate Bar,PRM-CHC-06,Snacks,1,6.0,6.0,3.0,card
2026-03-30,TX-B2_poor_baqala-d00-002638,Riyadh - Souq,Riyadh,Promo Chocolate Bar,PRM-CHC-06,Snacks,1,6.0,6.0,3.0,card
2026-03-30,TX-B2_poor_baqala-d00-002639,Riyadh - Souq,Riyadh,Promo Chocolate Bar,PRM-CHC-06,Snacks,1,6.0,6.0,3.0,card
2026-03-30,TX-B2_poor_baqala-d00-002640,Riyadh - Souq,Riyadh,Promo Chocolate Bar,PRM-CHC-06,Snacks,1,6.0,6.0,3.0,card
2026-03-30,TX-B2_poor_baqala-d00-002641,Riyadh - Souq,Riyadh,Promo Chocolate Bar,PRM-CHC-06,Snacks,1,6.0,6.0,3.0,mada
2026-03-30,TX-B2_poor_baqala-d00-002642,Riyadh - Souq,Riyadh,Promo Chocolate Bar,PRM-CHC-06,Snacks,1,6.0,6.0,3.0,cash
2026-03-30,TX-B2_poor_baqala-d00-002643,Riyadh - Souq,Riyadh,Promo Chocolate Bar,PRM-CHC-06,Snacks,1,6.0,6.0,3.0,cash
2026-03-31,TX-B2_poor_baqala-d00-002644,Riyadh - Souq,Riyadh,Promo Chocolate Bar,PRM-CHC-06,Snacks,1,6.0,6.0,3.0,cash
2026-03-31,TX-B2_poor_baqala-d00-002645,Riyadh - Souq,Riyadh,Promo Chocolate Bar,PRM-CHC-06,Snacks,1,6.0,6.0,3.0,mada
2026-03-31,TX-B2_poor_baqala-d00-002646,Riyadh - Souq,Riyadh,Promo Chocolate Bar,PRM-CHC-06,Snacks,1,6.0,6.0,3.0,cash
2026-03-31,TX-B2_poor_baqala-d00-002647,Riyadh - Souq,Riyadh,Promo Chocolate Bar,PRM-CHC-06,Snacks,1,6.0,6.0,3.0,card
2026-03-31,TX-B2_poor_baqala-d00-002648,Riyadh - Souq,Riyadh,Promo Chocolate Bar,PRM-CHC-06,Snacks,1,6.0,6.0,3.0,cash
2026-03-31,TX-B2_poor_baqala-d00-002649,Riyadh - Souq,Riyadh,Promo Chocolate Bar,PRM-CHC-06,Snacks,1,6.0,6.0,3.0,cash
2026-03-31,TX-B2_poor_baqala-d00-002650,Riyadh - Souq,Riyadh,Promo Chocolate Bar,PRM-CHC-06,Snacks,1,6.0,6.0,3.0,cash
2026-03-31,TX-B2_poor_baqala-d00-002651,Riyadh - Souq,Riyadh,Promo Chocolate Bar,PRM-CHC-06,Snacks,1,6.0,6.0,3.0,mada
2026-03-31,TX-B2_poor_baqala-d00-002652,Riyadh - Souq,Riyadh,Promo Chocolate Bar,PRM-CHC-06,Snacks,1,6.0,6.0,3.0,mada
2026-04-01,TX-B2_poor_baqala-d00-002653,Riyadh - Souq,Riyadh,Promo Chocolate Bar,PRM-CHC-06,Snacks,1,6.0,6.0,3.0,card
2026-04-01,TX-B2_poor_baqala-d00-002654,Riyadh - Souq,Riyadh,Promo Chocolate Bar,PRM-CHC-06,Snacks,1,6.0,6.0,3.0,mada
2026-04-01,TX-B2_poor_baqala-d00-002655,Riyadh - Souq,Riyadh,Promo Chocolate Bar,PRM-CHC-06,Snacks,1,6.0,6.0,3.0,card
2026-04-01,TX-B2_poor_baqala-d00-002656,Riyadh - Souq,Riyadh,Promo Chocolate Bar,PRM-CHC-06,Snacks,1,6.0,6.0,3.0,mada
2026-04-01,TX-B2_poor_baqala-d00-002657,Riyadh - Souq,Riyadh,Promo Chocolate Bar,PRM-CHC-06,Snacks,1,6.0,6.0,3.0,card
2026-04-01,TX-B2_poor_baqala-d00-002658,Riyadh - Souq,Riyadh,Promo Chocolate Bar,PRM-CHC-06,Snacks,1,6.0,6.0,3.0,mada
2026-04-01,TX-B2_poor_baqala-d00-002659,Riyadh - Souq,Riyadh,Promo Chocolate Bar,PRM-CHC-06,Snacks,1,6.0,6.0,3.0,mada
2026-04-01,TX-B2_poor_baqala-d00-002660,Riyadh - Souq,Riyadh,Promo Chocolate Bar,PRM-CHC-06,Snacks,1,6.0,6.0,3.0,cash
2026-04-02,TX-B2_poor_baqala-d00-002661,Riyadh - Souq,Riyadh,Promo Chocolate Bar,PRM-CHC-06,Snacks,1,6.0,6.0,3.0,card
2026-04-02,TX-B2_poor_baqala-d00-002662,Riyadh - Souq,Riyadh,Promo Chocolate Bar,PRM-CHC-06,Snacks,1,6.0,6.0,3.0,card
2026-04-02,TX-B2_poor_baqala-d00-002663,Riyadh - Souq,Riyadh,Promo Chocolate Bar,PRM-CHC-06,Snacks,1,6.0,6.0,3.0,cash
2026-04-02,TX-B2_poor_baqala-d00-002664,Riyadh - Souq,Riyadh,Promo Chocolate Bar,PRM-CHC-06,Snacks,1,6.0,6.0,3.0,mada
2026-04-02,TX-B2_poor_baqala-d00-002665,Riyadh - Souq,Riyadh,Promo Chocolate Bar,PRM-CHC-06,Snacks,1,6.0,6.0,3.0,mada
2026-04-02,TX-B2_poor_baqala-d00-002666,Riyadh - Souq,Riyadh,Promo Chocolate Bar,PRM-CHC-06,Snacks,1,6.0,6.0,3.0,card
2026-04-02,TX-B2_poor_baqala-d00-002667,Riyadh - Souq,Riyadh,Promo Chocolate Bar,PRM-CHC-06,Snacks,1,6.0,6.0,3.0,card
2026-04-02,TX-B2_poor_baqala-d00-002668,Riyadh - Souq,Riyadh,Promo Chocolate Bar,PRM-CHC-06,Snacks,1,6.0,6.0,3.0,mada
2026-04-03,TX-B2_poor_baqala-d00-002669,Riyadh - Souq,Riyadh,Promo Chocolate Bar,PRM-CHC-06,Snacks,1,6.0,6.0,3.0,mada
2026-04-03,TX-B2_poor_baqala-d00-002670,Riyadh - Souq,Riyadh,Promo Chocolate Bar,PRM-CHC-06,Snacks,1,6.0,6.0,3.0,cash
2026-04-03,TX-B2_poor_baqala-d00-002671,Riyadh - Souq,Riyadh,Promo Chocolate Bar,PRM-CHC-06,Snacks,1,6.0,6.0,3.0,cash
2026-04-03,TX-B2_poor_baqala-d00-002672,Riyadh - Souq,Riyadh,Promo Chocolate Bar,PRM-CHC-06,Snacks,1,6.0,6.0,3.0,cash
2026-04-03,TX-B2_poor_baqala-d00-002673,Riyadh - Souq,Riyadh,Promo Chocolate Bar,PRM-CHC-06,Snacks,1,6.0,6.0,3.0,cash
2026-04-03,TX-B2_poor_baqala-d00-002674,Riyadh - Souq,Riyadh,Promo Chocolate Bar,PRM-CHC-06,Snacks,1,6.0,6.0,3.0,mada
2026-04-03,TX-B2_poor_baqala-d00-002675,Riyadh - Souq,Riyadh,Promo Chocolate Bar,PRM-CHC-06,Snacks,1,6.0,6.0,3.0,mada
2026-04-03,TX-B2_poor_baqala-d00-002676,Riyadh - Souq,Riyadh,Promo Chocolate Bar,PRM-CHC-06,Snacks,1,6.0,6.0,3.0,mada
2026-04-04,TX-B2_poor_baqala-d00-002677,Riyadh - Souq,Riyadh,Promo Chocolate Bar,PRM-CHC-06,Snacks,1,6.0,6.0,3.0,mada
2026-04-04,TX-B2_poor_baqala-d00-002678,Riyadh - Souq,Riyadh,Promo Chocolate Bar,PRM-CHC-06,Snacks,1,6.0,6.0,3.0,card
2026-04-04,TX-B2_poor_baqala-d00-002679,Riyadh - Souq,Riyadh,Promo Chocolate Bar,PRM-CHC-06,Snacks,1,6.0,6.0,3.0,mada
2026-04-04,TX-B2_poor_baqala-d00-002680,Riyadh - Souq,Riyadh,Promo Chocolate Bar,PRM-CHC-06,Snacks,1,6.0,6.0,3.0,card
2026-04-04,TX-B2_poor_baqala-d00-002681,Riyadh - Souq,Riyadh,Promo Chocolate Bar,PRM-CHC-06,Snacks,1,6.0,6.0,3.0,cash
2026-04-04,TX-B2_poor_baqala-d00-002682,Riyadh - Souq,Riyadh,Promo Chocolate Bar,PRM-CHC-06,Snacks,1,6.0,6.0,3.0,card
2026-04-04,TX-B2_poor_baqala-d00-002683,Riyadh - Souq,Riyadh,Promo Chocolate Bar,PRM-CHC-06,Snacks,1,6.0,6.0,3.0,card
2026-04-04,TX-B2_poor_baqala-d00-002684,Riyadh - Souq,Riyadh,Promo Chocolate Bar,PRM-CHC-06,Snacks,1,6.0,6.0,3.0,card
2026-04-05,TX-B2_poor_baqala-d00-002685,Riyadh - Souq,Riyadh,Promo Chocolate Bar,PRM-CHC-06,Snacks,1,6.0,6.0,3.0,cash
2026-04-05,TX-B2_poor_baqala-d00-002686,Riyadh - Souq,Riyadh,Promo Chocolate Bar,PRM-CHC-06,Snacks,1,6.0,6.0,3.0,cash
2026-04-05,TX-B2_poor_baqala-d00-002687,Riyadh - Souq,Riyadh,Promo Chocolate Bar,PRM-CHC-06,Snacks,1,6.0,6.0,3.0,cash
2026-04-05,TX-B2_poor_baqala-d00-002688,Riyadh - Souq,Riyadh,Promo Chocolate Bar,PRM-CHC-06,Snacks,1,6.0,6.0,3.0,mada
2026-04-05,TX-B2_poor_baqala-d00-002689,Riyadh - Souq,Riyadh,Promo Chocolate Bar,PRM-CHC-06,Snacks,1,6.0,6.0,3.0,card
2026-04-05,TX-B2_poor_baqala-d00-002690,Riyadh - Souq,Riyadh,Promo Chocolate Bar,PRM-CHC-06,Snacks,1,6.0,6.0,3.0,cash
2026-04-05,TX-B2_poor_baqala-d00-002691,Riyadh - Souq,Riyadh,Promo Chocolate Bar,PRM-CHC-06,Snacks,1,6.0,6.0,3.0,card
2026-04-05,TX-B2_poor_baqala-d00-002692,Riyadh - Souq,Riyadh,Promo Chocolate Bar,PRM-CHC-06,Snacks,1,6.0,6.0,3.0,cash
2026-04-06,TX-B2_poor_baqala-d00-002693,Riyadh - Souq,Riyadh,Promo Chocolate Bar,PRM-CHC-06,Snacks,1,6.0,6.0,3.0,cash
2026-04-06,TX-B2_poor_baqala-d00-002694,Riyadh - Souq,Riyadh,Promo Chocolate Bar,PRM-CHC-06,Snacks,1,6.0,6.0,3.0,cash
2026-04-06,TX-B2_poor_baqala-d00-002695,Riyadh - Souq,Riyadh,Promo Chocolate Bar,PRM-CHC-06,Snacks,1,6.0,6.0,3.0,card
2026-04-06,TX-B2_poor_baqala-d00-002696,Riyadh - Souq,Riyadh,Promo Chocolate Bar,PRM-CHC-06,Snacks,1,6.0,6.0,3.0,cash
2026-04-06,TX-B2_poor_baqala-d00-002697,Riyadh - Souq,Riyadh,Promo Chocolate Bar,PRM-CHC-06,Snacks,1,6.0,6.0,3.0,cash
2026-04-06,TX-B2_poor_baqala-d00-002698,Riyadh - Souq,Riyadh,Promo Chocolate Bar,PRM-CHC-06,Snacks,1,6.0,6.0,3.0,cash
2026-04-06,TX-B2_poor_baqala-d00-002699,Riyadh - Souq,Riyadh,Promo Chocolate Bar,PRM-CHC-06,Snacks,1,6.0,6.0,3.0,mada
2026-04-06,TX-B2_poor_baqala-d00-002700,Riyadh - Souq,Riyadh,Promo Chocolate Bar,PRM-CHC-06,Snacks,1,6.0,6.0,3.0,mada
2026-04-07,TX-B2_poor_baqala-d00-002701,Riyadh - Souq,Riyadh,Promo Chocolate Bar,PRM-CHC-06,Snacks,1,6.0,6.0,3.0,card
2026-04-07,TX-B2_poor_baqala-d00-002702,Riyadh - Souq,Riyadh,Promo Chocolate Bar,PRM-CHC-06,Snacks,1,6.0,6.0,3.0,cash
2026-04-07,TX-B2_poor_baqala-d00-002703,Riyadh - Souq,Riyadh,Promo Chocolate Bar,PRM-CHC-06,Snacks,1,6.0,6.0,3.0,mada
2026-04-07,TX-B2_poor_baqala-d00-002704,Riyadh - Souq,Riyadh,Promo Chocolate Bar,PRM-CHC-06,Snacks,1,6.0,6.0,3.0,mada
2026-04-07,TX-B2_poor_baqala-d00-002705,Riyadh - Souq,Riyadh,Promo Chocolate Bar,PRM-CHC-06,Snacks,1,6.0,6.0,3.0,cash
2026-04-07,TX-B2_poor_baqala-d00-002706,Riyadh - Souq,Riyadh,Promo Chocolate Bar,PRM-CHC-06,Snacks,1,6.0,6.0,3.0,cash
2026-04-07,TX-B2_poor_baqala-d00-002707,Riyadh - Souq,Riyadh,Promo Chocolate Bar,PRM-CHC-06,Snacks,1,6.0,6.0,3.0,card
2026-04-08,TX-B2_poor_baqala-d00-002708,Riyadh - Souq,Riyadh,Promo Chocolate Bar,PRM-CHC-06,Snacks,1,6.0,6.0,3.0,mada
2026-04-08,TX-B2_poor_baqala-d00-002709,Riyadh - Souq,Riyadh,Promo Chocolate Bar,PRM-CHC-06,Snacks,1,6.0,6.0,3.0,card
2026-04-08,TX-B2_poor_baqala-d00-002710,Riyadh - Souq,Riyadh,Promo Chocolate Bar,PRM-CHC-06,Snacks,1,6.0,6.0,3.0,card
2026-04-08,TX-B2_poor_baqala-d00-002711,Riyadh - Souq,Riyadh,Promo Chocolate Bar,PRM-CHC-06,Snacks,1,6.0,6.0,3.0,card
2026-04-08,TX-B2_poor_baqala-d00-002712,Riyadh - Souq,Riyadh,Promo Chocolate Bar,PRM-CHC-06,Snacks,1,6.0,6.0,3.0,card
2026-04-08,TX-B2_poor_baqala-d00-002713,Riyadh - Souq,Riyadh,Promo Chocolate Bar,PRM-CHC-06,Snacks,1,6.0,6.0,3.0,cash
2026-04-08,TX-B2_poor_baqala-d00-002714,Riyadh - Souq,Riyadh,Promo Chocolate Bar,PRM-CHC-06,Snacks,1,6.0,6.0,3.0,mada
2026-04-09,TX-B2_poor_baqala-d00-002715,Riyadh - Souq,Riyadh,Promo Chocolate Bar,PRM-CHC-06,Snacks,1,6.0,6.0,3.0,mada
2026-04-09,TX-B2_poor_baqala-d00-002716,Riyadh - Souq,Riyadh,Promo Chocolate Bar,PRM-CHC-06,Snacks,1,6.0,6.0,3.0,mada
2026-04-09,TX-B2_poor_baqala-d00-002717,Riyadh - Souq,Riyadh,Promo Chocolate Bar,PRM-CHC-06,Snacks,1,6.0,6.0,3.0,cash
2026-04-09,TX-B2_poor_baqala-d00-002718,Riyadh - Souq,Riyadh,Promo Chocolate Bar,PRM-CHC-06,Snacks,1,6.0,6.0,3.0,mada
2026-04-09,TX-B2_poor_baqala-d00-002719,Riyadh - Souq,Riyadh,Promo Chocolate Bar,PRM-CHC-06,Snacks,1,6.0,6.0,3.0,cash
2026-04-09,TX-B2_poor_baqala-d00-002720,Riyadh - Souq,Riyadh,Promo Chocolate Bar,PRM-CHC-06,Snacks,1,6.0,6.0,3.0,card
2026-04-09,TX-B2_poor_baqala-d00-002721,Riyadh - Souq,Riyadh,Promo Chocolate Bar,PRM-CHC-06,Snacks,1,6.0,6.0,3.0,mada
2026-04-09,TX-B2_poor_baqala-d00-002722,Riyadh - Souq,Riyadh,Promo Chocolate Bar,PRM-CHC-06,Snacks,1,6.0,6.0,3.0,mada
2026-04-10,TX-B2_poor_baqala-d00-002723,Riyadh - Souq,Riyadh,Promo Chocolate Bar,PRM-CHC-06,Snacks,1,6.0,6.0,3.0,card
2026-04-10,TX-B2_poor_baqala-d00-002724,Riyadh - Souq,Riyadh,Promo Chocolate Bar,PRM-CHC-06,Snacks,1,6.0,6.0,3.0,card
2026-04-10,TX-B2_poor_baqala-d00-002725,Riyadh - Souq,Riyadh,Promo Chocolate Bar,PRM-CHC-06,Snacks,1,6.0,6.0,3.0,cash
2026-04-10,TX-B2_poor_baqala-d00-002726,Riyadh - Souq,Riyadh,Promo Chocolate Bar,PRM-CHC-06,Snacks,1,6.0,6.0,3.0,card
2026-04-10,TX-B2_poor_baqala-d00-002727,Riyadh - Souq,Riyadh,Promo Chocolate Bar,PRM-CHC-06,Snacks,1,6.0,6.0,3.0,card
2026-04-10,TX-B2_poor_baqala-d00-002728,Riyadh - Souq,Riyadh,Promo Chocolate Bar,PRM-CHC-06,Snacks,1,6.0,6.0,3.0,cash
2026-04-10,TX-B2_poor_baqala-d00-002729,Riyadh - Souq,Riyadh,Promo Chocolate Bar,PRM-CHC-06,Snacks,1,6.0,6.0,3.0,cash
2026-04-10,TX-B2_poor_baqala-d00-002730,Riyadh - Souq,Riyadh,Promo Chocolate Bar,PRM-CHC-06,Snacks,1,6.0,6.0,3.0,cash
2026-04-10,TX-B2_poor_baqala-d00-002731,Riyadh - Souq,Riyadh,Promo Chocolate Bar,PRM-CHC-06,Snacks,1,6.0,6.0,3.0,card
2026-04-10,TX-B2_poor_baqala-d00-002732,Riyadh - Souq,Riyadh,Promo Chocolate Bar,PRM-CHC-06,Snacks,1,6.0,6.0,3.0,mada
2026-04-10,TX-B2_poor_baqala-d00-002733,Riyadh - Souq,Riyadh,Promo Chocolate Bar,PRM-CHC-06,Snacks,1,6.0,6.0,3.0,card
2026-04-11,TX-B2_poor_baqala-d00-002734,Riyadh - Souq,Riyadh,Promo Chocolate Bar,PRM-CHC-06,Snacks,1,6.0,6.0,3.0,mada
2026-04-11,TX-B2_poor_baqala-d00-002735,Riyadh - Souq,Riyadh,Promo Chocolate Bar,PRM-CHC-06,Snacks,1,6.0,6.0,3.0,card
2026-04-11,TX-B2_poor_baqala-d00-002736,Riyadh - Souq,Riyadh,Promo Chocolate Bar,PRM-CHC-06,Snacks,1,6.0,6.0,3.0,cash
2026-04-11,TX-B2_poor_baqala-d00-002737,Riyadh - Souq,Riyadh,Promo Chocolate Bar,PRM-CHC-06,Snacks,1,6.0,6.0,3.0,cash
2026-04-11,TX-B2_poor_baqala-d00-002738,Riyadh - Souq,Riyadh,Promo Chocolate Bar,PRM-CHC-06,Snacks,1,6.0,6.0,3.0,mada
2026-04-11,TX-B2_poor_baqala-d00-002739,Riyadh - Souq,Riyadh,Promo Chocolate Bar,PRM-CHC-06,Snacks,1,6.0,6.0,3.0,card
2026-04-11,TX-B2_poor_baqala-d00-002740,Riyadh - Souq,Riyadh,Promo Chocolate Bar,PRM-CHC-06,Snacks,1,6.0,6.0,3.0,mada
2026-04-11,TX-B2_poor_baqala-d00-002741,Riyadh - Souq,Riyadh,Promo Chocolate Bar,PRM-CHC-06,Snacks,1,6.0,6.0,3.0,card
2026-04-11,TX-B2_poor_baqala-d00-002742,Riyadh - Souq,Riyadh,Promo Chocolate Bar,PRM-CHC-06,Snacks,1,6.0,6.0,3.0,mada
2026-04-11,TX-B2_poor_baqala-d00-002743,Riyadh - Souq,Riyadh,Promo Chocolate Bar,PRM-CHC-06,Snacks,1,6.0,6.0,3.0,mada
2026-04-12,TX-B2_poor_baqala-d00-002744,Riyadh - Souq,Riyadh,Promo Chocolate Bar,PRM-CHC-06,Snacks,1,6.0,6.0,3.0,mada
2026-04-12,TX-B2_poor_baqala-d00-002745,Riyadh - Souq,Riyadh,Promo Chocolate Bar,PRM-CHC-06,Snacks,1,6.0,6.0,3.0,mada
2026-04-12,TX-B2_poor_baqala-d00-002746,Riyadh - Souq,Riyadh,Promo Chocolate Bar,PRM-CHC-06,Snacks,1,6.0,6.0,3.0,mada
2026-04-12,TX-B2_poor_baqala-d00-002747,Riyadh - Souq,Riyadh,Promo Chocolate Bar,PRM-CHC-06,Snacks,1,6.0,6.0,3.0,card
2026-04-12,TX-B2_poor_baqala-d00-002748,Riyadh - Souq,Riyadh,Promo Chocolate Bar,PRM-CHC-06,Snacks,1,6.0,6.0,3.0,card
2026-04-12,TX-B2_poor_baqala-d00-002749,Riyadh - Souq,Riyadh,Promo Chocolate Bar,PRM-CHC-06,Snacks,1,6.0,6.0,3.0,cash
2026-04-12,TX-B2_poor_baqala-d00-002750,Riyadh - Souq,Riyadh,Promo Chocolate Bar,PRM-CHC-06,Snacks,1,6.0,6.0,3.0,card
2026-04-12,TX-B2_poor_baqala-d00-002751,Riyadh - Souq,Riyadh,Promo Chocolate Bar,PRM-CHC-06,Snacks,1,6.0,6.0,3.0,card
2026-04-12,TX-B2_poor_baqala-d00-002752,Riyadh - Souq,Riyadh,Promo Chocolate Bar,PRM-CHC-06,Snacks,1,6.0,6.0,3.0,mada
2026-04-13,TX-B2_poor_baqala-d00-002753,Riyadh - Souq,Riyadh,Promo Chocolate Bar,PRM-CHC-06,Snacks,1,6.0,6.0,3.0,card
2026-04-13,TX-B2_poor_baqala-d00-002754,Riyadh - Souq,Riyadh,Promo Chocolate Bar,PRM-CHC-06,Snacks,1,6.0,6.0,3.0,mada
2026-04-13,TX-B2_poor_baqala-d00-002755,Riyadh - Souq,Riyadh,Promo Chocolate Bar,PRM-CHC-06,Snacks,1,6.0,6.0,3.0,cash
2026-04-13,TX-B2_poor_baqala-d00-002756,Riyadh - Souq,Riyadh,Promo Chocolate Bar,PRM-CHC-06,Snacks,1,6.0,6.0,3.0,mada
2026-04-13,TX-B2_poor_baqala-d00-002757,Riyadh - Souq,Riyadh,Promo Chocolate Bar,PRM-CHC-06,Snacks,1,6.0,6.0,3.0,card
2026-04-13,TX-B2_poor_baqala-d00-002758,Riyadh - Souq,Riyadh,Promo Chocolate Bar,PRM-CHC-06,Snacks,1,6.0,6.0,3.0,cash
2026-04-13,TX-B2_poor_baqala-d00-002759,Riyadh - Souq,Riyadh,Promo Chocolate Bar,PRM-CHC-06,Snacks,1,6.0,6.0,3.0,mada
2026-04-14,TX-B2_poor_baqala-d00-002760,Riyadh - Souq,Riyadh,Promo Chocolate Bar,PRM-CHC-06,Snacks,1,6.0,6.0,3.0,cash
2026-04-14,TX-B2_poor_baqala-d00-002761,Riyadh - Souq,Riyadh,Promo Chocolate Bar,PRM-CHC-06,Snacks,1,6.0,6.0,3.0,cash
2026-04-14,TX-B2_poor_baqala-d00-002762,Riyadh - Souq,Riyadh,Promo Chocolate Bar,PRM-CHC-06,Snacks,1,6.0,6.0,3.0,cash
2026-04-14,TX-B2_poor_baqala-d00-002763,Riyadh - Souq,Riyadh,Promo Chocolate Bar,PRM-CHC-06,Snacks,1,6.0,6.0,3.0,cash
2026-04-14,TX-B2_poor_baqala-d00-002764,Riyadh - Souq,Riyadh,Promo Chocolate Bar,PRM-CHC-06,Snacks,1,6.0,6.0,3.0,card
2026-04-14,TX-B2_poor_baqala-d00-002765,Riyadh - Souq,Riyadh,Promo Chocolate Bar,PRM-CHC-06,Snacks,1,6.0,6.0,3.0,card
2026-04-14,TX-B2_poor_baqala-d00-002766,Riyadh - Souq,Riyadh,Promo Chocolate Bar,PRM-CHC-06,Snacks,1,6.0,6.0,3.0,mada
2026-04-15,TX-B2_poor_baqala-d00-002767,Riyadh - Souq,Riyadh,Promo Chocolate Bar,PRM-CHC-06,Snacks,1,6.0,6.0,3.0,card
2026-04-15,TX-B2_poor_baqala-d00-002768,Riyadh - Souq,Riyadh,Promo Chocolate Bar,PRM-CHC-06,Snacks,1,6.0,6.0,3.0,mada
2026-04-15,TX-B2_poor_baqala-d00-002769,Riyadh - Souq,Riyadh,Promo Chocolate Bar,PRM-CHC-06,Snacks,1,6.0,6.0,3.0,card
2026-04-15,TX-B2_poor_baqala-d00-002770,Riyadh - Souq,Riyadh,Promo Chocolate Bar,PRM-CHC-06,Snacks,1,6.0,6.0,3.0,card
2026-04-15,TX-B2_poor_baqala-d00-002771,Riyadh - Souq,Riyadh,Promo Chocolate Bar,PRM-CHC-06,Snacks,1,6.0,6.0,3.0,mada
2026-04-16,TX-B2_poor_baqala-d00-002772,Riyadh - Souq,Riyadh,Promo Chocolate Bar,PRM-CHC-06,Snacks,1,6.0,6.0,3.0,cash
2026-04-16,TX-B2_poor_baqala-d00-002773,Riyadh - Souq,Riyadh,Promo Chocolate Bar,PRM-CHC-06,Snacks,1,6.0,6.0,3.0,cash
2026-04-16,TX-B2_poor_baqala-d00-002774,Riyadh - Souq,Riyadh,Promo Chocolate Bar,PRM-CHC-06,Snacks,1,6.0,6.0,3.0,card
2026-04-16,TX-B2_poor_baqala-d00-002775,Riyadh - Souq,Riyadh,Promo Chocolate Bar,PRM-CHC-06,Snacks,1,6.0,6.0,3.0,cash
2026-04-16,TX-B2_poor_baqala-d00-002776,Riyadh - Souq,Riyadh,Promo Chocolate Bar,PRM-CHC-06,Snacks,1,6.0,6.0,3.0,card
2026-04-16,TX-B2_poor_baqala-d00-002777,Riyadh - Souq,Riyadh,Promo Chocolate Bar,PRM-CHC-06,Snacks,1,6.0,6.0,3.0,cash
2026-04-16,TX-B2_poor_baqala-d00-002778,Riyadh - Souq,Riyadh,Promo Chocolate Bar,PRM-CHC-06,Snacks,1,6.0,6.0,3.0,card
2026-04-16,TX-B2_poor_baqala-d00-002779,Riyadh - Souq,Riyadh,Promo Chocolate Bar,PRM-CHC-06,Snacks,1,6.0,6.0,3.0,mada
2026-04-16,TX-B2_poor_baqala-d00-002780,Riyadh - Souq,Riyadh,Promo Chocolate Bar,PRM-CHC-06,Snacks,1,6.0,6.0,3.0,card
2026-04-17,TX-B2_poor_baqala-d00-002781,Riyadh - Souq,Riyadh,Promo Chocolate Bar,PRM-CHC-06,Snacks,1,6.0,6.0,3.0,card
2026-04-17,TX-B2_poor_baqala-d00-002782,Riyadh - Souq,Riyadh,Promo Chocolate Bar,PRM-CHC-06,Snacks,1,6.0,6.0,3.0,cash
2026-04-17,TX-B2_poor_baqala-d00-002783,Riyadh - Souq,Riyadh,Promo Chocolate Bar,PRM-CHC-06,Snacks,1,6.0,6.0,3.0,mada
2026-04-17,TX-B2_poor_baqala-d00-002784,Riyadh - Souq,Riyadh,Promo Chocolate Bar,PRM-CHC-06,Snacks,1,6.0,6.0,3.0,mada
2026-04-17,TX-B2_poor_baqala-d00-002785,Riyadh - Souq,Riyadh,Promo Chocolate Bar,PRM-CHC-06,Snacks,1,6.0,6.0,3.0,card
2026-04-17,TX-B2_poor_baqala-d00-002786,Riyadh - Souq,Riyadh,Promo Chocolate Bar,PRM-CHC-06,Snacks,1,6.0,6.0,3.0,cash
2026-04-17,TX-B2_poor_baqala-d00-002787,Riyadh - Souq,Riyadh,Promo Chocolate Bar,PRM-CHC-06,Snacks,1,6.0,6.0,3.0,mada
2026-04-17,TX-B2_poor_baqala-d00-002788,Riyadh - Souq,Riyadh,Promo Chocolate Bar,PRM-CHC-06,Snacks,1,6.0,6.0,3.0,mada
2026-04-17,TX-B2_poor_baqala-d00-002789,Riyadh - Souq,Riyadh,Promo Chocolate Bar,PRM-CHC-06,Snacks,1,6.0,6.0,3.0,cash
2026-04-17,TX-B2_poor_baqala-d00-002790,Riyadh - Souq,Riyadh,Promo Chocolate Bar,PRM-CHC-06,Snacks,1,6.0,6.0,3.0,cash
2026-04-18,TX-B2_poor_baqala-d00-002791,Riyadh - Souq,Riyadh,Promo Chocolate Bar,PRM-CHC-06,Snacks,1,6.0,6.0,3.0,card
2026-04-18,TX-B2_poor_baqala-d00-002792,Riyadh - Souq,Riyadh,Promo Chocolate Bar,PRM-CHC-06,Snacks,1,6.0,6.0,3.0,mada
2026-04-18,TX-B2_poor_baqala-d00-002793,Riyadh - Souq,Riyadh,Promo Chocolate Bar,PRM-CHC-06,Snacks,1,6.0,6.0,3.0,mada
2026-04-18,TX-B2_poor_baqala-d00-002794,Riyadh - Souq,Riyadh,Promo Chocolate Bar,PRM-CHC-06,Snacks,1,6.0,6.0,3.0,card
2026-04-18,TX-B2_poor_baqala-d00-002795,Riyadh - Souq,Riyadh,Promo Chocolate Bar,PRM-CHC-06,Snacks,1,6.0,6.0,3.0,cash
2026-04-18,TX-B2_poor_baqala-d00-002796,Riyadh - Souq,Riyadh,Promo Chocolate Bar,PRM-CHC-06,Snacks,1,6.0,6.0,3.0,cash
2026-04-18,TX-B2_poor_baqala-d00-002797,Riyadh - Souq,Riyadh,Promo Chocolate Bar,PRM-CHC-06,Snacks,1,6.0,6.0,3.0,card
2026-04-19,TX-B2_poor_baqala-d00-002798,Riyadh - Souq,Riyadh,Promo Chocolate Bar,PRM-CHC-06,Snacks,1,6.0,6.0,3.0,cash
2026-04-19,TX-B2_poor_baqala-d00-002799,Riyadh - Souq,Riyadh,Promo Chocolate Bar,PRM-CHC-06,Snacks,1,6.0,6.0,3.0,cash
2026-04-19,TX-B2_poor_baqala-d00-002800,Riyadh - Souq,Riyadh,Promo Chocolate Bar,PRM-CHC-06,Snacks,1,6.0,6.0,3.0,card
2026-04-19,TX-B2_poor_baqala-d00-002801,Riyadh - Souq,Riyadh,Promo Chocolate Bar,PRM-CHC-06,Snacks,1,6.0,6.0,3.0,cash
2026-04-19,TX-B2_poor_baqala-d00-002802,Riyadh - Souq,Riyadh,Promo Chocolate Bar,PRM-CHC-06,Snacks,1,6.0,6.0,3.0,card
2026-04-19,TX-B2_poor_baqala-d00-002803,Riyadh - Souq,Riyadh,Promo Chocolate Bar,PRM-CHC-06,Snacks,1,6.0,6.0,3.0,mada
2026-04-19,TX-B2_poor_baqala-d00-002804,Riyadh - Souq,Riyadh,Promo Chocolate Bar,PRM-CHC-06,Snacks,1,6.0,6.0,3.0,mada
2026-04-20,TX-B2_poor_baqala-d00-002805,Riyadh - Souq,Riyadh,Promo Chocolate Bar,PRM-CHC-06,Snacks,1,6.0,6.0,3.0,card
2026-04-20,TX-B2_poor_baqala-d00-002806,Riyadh - Souq,Riyadh,Promo Chocolate Bar,PRM-CHC-06,Snacks,1,6.0,6.0,3.0,mada
2026-04-20,TX-B2_poor_baqala-d00-002807,Riyadh - Souq,Riyadh,Promo Chocolate Bar,PRM-CHC-06,Snacks,1,6.0,6.0,3.0,card
2026-04-20,TX-B2_poor_baqala-d00-002808,Riyadh - Souq,Riyadh,Promo Chocolate Bar,PRM-CHC-06,Snacks,1,6.0,6.0,3.0,card
2026-04-20,TX-B2_poor_baqala-d00-002809,Riyadh - Souq,Riyadh,Promo Chocolate Bar,PRM-CHC-06,Snacks,1,6.0,6.0,3.0,mada
2026-04-20,TX-B2_poor_baqala-d00-002810,Riyadh - Souq,Riyadh,Promo Chocolate Bar,PRM-CHC-06,Snacks,1,6.0,6.0,3.0,mada
2026-04-20,TX-B2_poor_baqala-d00-002811,Riyadh - Souq,Riyadh,Promo Chocolate Bar,PRM-CHC-06,Snacks,1,6.0,6.0,3.0,card
2026-04-20,TX-B2_poor_baqala-d00-002812,Riyadh - Souq,Riyadh,Promo Chocolate Bar,PRM-CHC-06,Snacks,1,6.0,6.0,3.0,mada
2026-04-21,TX-B2_poor_baqala-d00-002813,Riyadh - Souq,Riyadh,Promo Chocolate Bar,PRM-CHC-06,Snacks,1,6.0,6.0,3.0,cash
2026-04-21,TX-B2_poor_baqala-d00-002814,Riyadh - Souq,Riyadh,Promo Chocolate Bar,PRM-CHC-06,Snacks,1,6.0,6.0,3.0,card
2026-04-21,TX-B2_poor_baqala-d00-002815,Riyadh - Souq,Riyadh,Promo Chocolate Bar,PRM-CHC-06,Snacks,1,6.0,6.0,3.0,cash
2026-04-21,TX-B2_poor_baqala-d00-002816,Riyadh - Souq,Riyadh,Promo Chocolate Bar,PRM-CHC-06,Snacks,1,6.0,6.0,3.0,card
2026-04-21,TX-B2_poor_baqala-d00-002817,Riyadh - Souq,Riyadh,Promo Chocolate Bar,PRM-CHC-06,Snacks,1,6.0,6.0,3.0,card
2026-04-21,TX-B2_poor_baqala-d00-002818,Riyadh - Souq,Riyadh,Promo Chocolate Bar,PRM-CHC-06,Snacks,1,6.0,6.0,3.0,mada
2026-04-21,TX-B2_poor_baqala-d00-002819,Riyadh - Souq,Riyadh,Promo Chocolate Bar,PRM-CHC-06,Snacks,1,6.0,6.0,3.0,cash
2026-04-21,TX-B2_poor_baqala-d00-002820,Riyadh - Souq,Riyadh,Promo Chocolate Bar,PRM-CHC-06,Snacks,1,6.0,6.0,3.0,card
2026-04-21,TX-B2_poor_baqala-d00-002821,Riyadh - Souq,Riyadh,Promo Chocolate Bar,PRM-CHC-06,Snacks,1,6.0,6.0,3.0,card
2026-04-21,TX-B2_poor_baqala-d00-002822,Riyadh - Souq,Riyadh,Promo Chocolate Bar,PRM-CHC-06,Snacks,1,6.0,6.0,3.0,card
2026-04-21,TX-B2_poor_baqala-d00-002823,Riyadh - Souq,Riyadh,Promo Chocolate Bar,PRM-CHC-06,Snacks,1,6.0,6.0,3.0,card
2026-04-22,TX-B2_poor_baqala-d00-002824,Riyadh - Souq,Riyadh,Promo Chocolate Bar,PRM-CHC-06,Snacks,1,6.0,6.0,3.0,mada
2026-04-22,TX-B2_poor_baqala-d00-002825,Riyadh - Souq,Riyadh,Promo Chocolate Bar,PRM-CHC-06,Snacks,1,6.0,6.0,3.0,card
2026-04-22,TX-B2_poor_baqala-d00-002826,Riyadh - Souq,Riyadh,Promo Chocolate Bar,PRM-CHC-06,Snacks,1,6.0,6.0,3.0,card
2026-04-22,TX-B2_poor_baqala-d00-002827,Riyadh - Souq,Riyadh,Promo Chocolate Bar,PRM-CHC-06,Snacks,1,6.0,6.0,3.0,mada
2026-04-22,TX-B2_poor_baqala-d00-002828,Riyadh - Souq,Riyadh,Promo Chocolate Bar,PRM-CHC-06,Snacks,1,6.0,6.0,3.0,mada
2026-04-22,TX-B2_poor_baqala-d00-002829,Riyadh - Souq,Riyadh,Promo Chocolate Bar,PRM-CHC-06,Snacks,1,6.0,6.0,3.0,mada
2026-04-22,TX-B2_poor_baqala-d00-002830,Riyadh - Souq,Riyadh,Promo Chocolate Bar,PRM-CHC-06,Snacks,1,6.0,6.0,3.0,mada
2026-04-23,TX-B2_poor_baqala-d00-002831,Riyadh - Souq,Riyadh,Promo Chocolate Bar,PRM-CHC-06,Snacks,1,6.0,6.0,3.0,cash
2026-04-23,TX-B2_poor_baqala-d00-002832,Riyadh - Souq,Riyadh,Promo Chocolate Bar,PRM-CHC-06,Snacks,1,6.0,6.0,3.0,mada
2026-04-23,TX-B2_poor_baqala-d00-002833,Riyadh - Souq,Riyadh,Promo Chocolate Bar,PRM-CHC-06,Snacks,1,6.0,6.0,3.0,mada
2026-04-23,TX-B2_poor_baqala-d00-002834,Riyadh - Souq,Riyadh,Promo Chocolate Bar,PRM-CHC-06,Snacks,1,6.0,6.0,3.0,mada
2026-04-23,TX-B2_poor_baqala-d00-002835,Riyadh - Souq,Riyadh,Promo Chocolate Bar,PRM-CHC-06,Snacks,1,6.0,6.0,3.0,cash
2026-04-23,TX-B2_poor_baqala-d00-002836,Riyadh - Souq,Riyadh,Promo Chocolate Bar,PRM-CHC-06,Snacks,1,6.0,6.0,3.0,mada
2026-04-24,TX-B2_poor_baqala-d00-002837,Riyadh - Souq,Riyadh,Promo Chocolate Bar,PRM-CHC-06,Snacks,1,6.0,6.0,3.0,cash
2026-04-24,TX-B2_poor_baqala-d00-002838,Riyadh - Souq,Riyadh,Promo Chocolate Bar,PRM-CHC-06,Snacks,1,6.0,6.0,3.0,cash
2026-04-24,TX-B2_poor_baqala-d00-002839,Riyadh - Souq,Riyadh,Promo Chocolate Bar,PRM-CHC-06,Snacks,1,6.0,6.0,3.0,cash
2026-04-24,TX-B2_poor_baqala-d00-002840,Riyadh - Souq,Riyadh,Promo Chocolate Bar,PRM-CHC-06,Snacks,1,6.0,6.0,3.0,card
2026-04-24,TX-B2_poor_baqala-d00-002841,Riyadh - Souq,Riyadh,Promo Chocolate Bar,PRM-CHC-06,Snacks,1,6.0,6.0,3.0,card
2026-04-24,TX-B2_poor_baqala-d00-002842,Riyadh - Souq,Riyadh,Promo Chocolate Bar,PRM-CHC-06,Snacks,1,6.0,6.0,3.0,cash
2026-04-24,TX-B2_poor_baqala-d00-002843,Riyadh - Souq,Riyadh,Promo Chocolate Bar,PRM-CHC-06,Snacks,1,6.0,6.0,3.0,cash
2026-04-24,TX-B2_poor_baqala-d00-002844,Riyadh - Souq,Riyadh,Promo Chocolate Bar,PRM-CHC-06,Snacks,1,6.0,6.0,3.0,mada
2026-04-24,TX-B2_poor_baqala-d00-002845,Riyadh - Souq,Riyadh,Promo Chocolate Bar,PRM-CHC-06,Snacks,1,6.0,6.0,3.0,card
2026-04-25,TX-B2_poor_baqala-d00-002846,Riyadh - Souq,Riyadh,Promo Chocolate Bar,PRM-CHC-06,Snacks,1,6.0,6.0,3.0,card
2026-04-25,TX-B2_poor_baqala-d00-002847,Riyadh - Souq,Riyadh,Promo Chocolate Bar,PRM-CHC-06,Snacks,1,6.0,6.0,3.0,mada
2026-04-25,TX-B2_poor_baqala-d00-002848,Riyadh - Souq,Riyadh,Promo Chocolate Bar,PRM-CHC-06,Snacks,1,6.0,6.0,3.0,card
2026-04-25,TX-B2_poor_baqala-d00-002849,Riyadh - Souq,Riyadh,Promo Chocolate Bar,PRM-CHC-06,Snacks,1,6.0,6.0,3.0,card
2026-04-25,TX-B2_poor_baqala-d00-002850,Riyadh - Souq,Riyadh,Promo Chocolate Bar,PRM-CHC-06,Snacks,1,6.0,6.0,3.0,card
2026-04-25,TX-B2_poor_baqala-d00-002851,Riyadh - Souq,Riyadh,Promo Chocolate Bar,PRM-CHC-06,Snacks,1,6.0,6.0,3.0,cash
2026-04-25,TX-B2_poor_baqala-d00-002852,Riyadh - Souq,Riyadh,Promo Chocolate Bar,PRM-CHC-06,Snacks,1,6.0,6.0,3.0,card
2026-04-26,TX-B2_poor_baqala-d00-002853,Riyadh - Souq,Riyadh,Promo Chocolate Bar,PRM-CHC-06,Snacks,1,6.0,6.0,3.0,card
2026-04-26,TX-B2_poor_baqala-d00-002854,Riyadh - Souq,Riyadh,Promo Chocolate Bar,PRM-CHC-06,Snacks,1,6.0,6.0,3.0,mada
2026-04-26,TX-B2_poor_baqala-d00-002855,Riyadh - Souq,Riyadh,Promo Chocolate Bar,PRM-CHC-06,Snacks,1,6.0,6.0,3.0,card
2026-04-26,TX-B2_poor_baqala-d00-002856,Riyadh - Souq,Riyadh,Promo Chocolate Bar,PRM-CHC-06,Snacks,1,6.0,6.0,3.0,cash
2026-04-26,TX-B2_poor_baqala-d00-002857,Riyadh - Souq,Riyadh,Promo Chocolate Bar,PRM-CHC-06,Snacks,1,6.0,6.0,3.0,card
2026-04-26,TX-B2_poor_baqala-d00-002858,Riyadh - Souq,Riyadh,Promo Chocolate Bar,PRM-CHC-06,Snacks,1,6.0,6.0,3.0,card
2026-04-26,TX-B2_poor_baqala-d00-002859,Riyadh - Souq,Riyadh,Promo Chocolate Bar,PRM-CHC-06,Snacks,1,6.0,6.0,3.0,cash
2026-04-26,TX-B2_poor_baqala-d00-002860,Riyadh - Souq,Riyadh,Promo Chocolate Bar,PRM-CHC-06,Snacks,1,6.0,6.0,3.0,mada
2026-04-26,TX-B2_poor_baqala-d00-002861,Riyadh - Souq,Riyadh,Promo Chocolate Bar,PRM-CHC-06,Snacks,1,6.0,6.0,3.0,cash
2026-04-27,TX-B2_poor_baqala-d00-002862,Riyadh - Souq,Riyadh,Promo Chocolate Bar,PRM-CHC-06,Snacks,1,6.0,6.0,3.0,card
2026-04-27,TX-B2_poor_baqala-d00-002863,Riyadh - Souq,Riyadh,Promo Chocolate Bar,PRM-CHC-06,Snacks,1,6.0,6.0,3.0,cash
2026-04-27,TX-B2_poor_baqala-d00-002864,Riyadh - Souq,Riyadh,Promo Chocolate Bar,PRM-CHC-06,Snacks,1,6.0,6.0,3.0,mada
2026-04-27,TX-B2_poor_baqala-d00-002865,Riyadh - Souq,Riyadh,Promo Chocolate Bar,PRM-CHC-06,Snacks,1,6.0,6.0,3.0,cash
2026-04-27,TX-B2_poor_baqala-d00-002866,Riyadh - Souq,Riyadh,Promo Chocolate Bar,PRM-CHC-06,Snacks,1,6.0,6.0,3.0,mada
2026-04-28,TX-B2_poor_baqala-d00-002867,Riyadh - Souq,Riyadh,Promo Chocolate Bar,PRM-CHC-06,Snacks,1,6.0,6.0,3.0,card
2026-04-28,TX-B2_poor_baqala-d00-002868,Riyadh - Souq,Riyadh,Promo Chocolate Bar,PRM-CHC-06,Snacks,1,6.0,6.0,3.0,mada
2026-04-28,TX-B2_poor_baqala-d00-002869,Riyadh - Souq,Riyadh,Promo Chocolate Bar,PRM-CHC-06,Snacks,1,6.0,6.0,3.0,mada
2026-04-28,TX-B2_poor_baqala-d00-002870,Riyadh - Souq,Riyadh,Promo Chocolate Bar,PRM-CHC-06,Snacks,1,6.0,6.0,3.0,cash
2026-04-28,TX-B2_poor_baqala-d00-002871,Riyadh - Souq,Riyadh,Promo Chocolate Bar,PRM-CHC-06,Snacks,1,6.0,6.0,3.0,card
2026-04-28,TX-B2_poor_baqala-d00-002872,Riyadh - Souq,Riyadh,Promo Chocolate Bar,PRM-CHC-06,Snacks,1,6.0,6.0,3.0,mada
2026-04-28,TX-B2_poor_baqala-d00-002873,Riyadh - Souq,Riyadh,Promo Chocolate Bar,PRM-CHC-06,Snacks,1,6.0,6.0,3.0,mada
2026-04-28,TX-B2_poor_baqala-d00-002874,Riyadh - Souq,Riyadh,Promo Chocolate Bar,PRM-CHC-06,Snacks,1,6.0,6.0,3.0,mada
2026-04-28,TX-B2_poor_baqala-d00-002875,Riyadh - Souq,Riyadh,Promo Chocolate Bar,PRM-CHC-06,Snacks,1,6.0,6.0,3.0,card
2026-04-28,TX-B2_poor_baqala-d00-002876,Riyadh - Souq,Riyadh,Promo Chocolate Bar,PRM-CHC-06,Snacks,1,6.0,6.0,3.0,card
2026-04-28,TX-B2_poor_baqala-d00-002877,Riyadh - Souq,Riyadh,Promo Chocolate Bar,PRM-CHC-06,Snacks,1,6.0,6.0,3.0,mada
2026-04-29,TX-B2_poor_baqala-d00-002878,Riyadh - Souq,Riyadh,Promo Chocolate Bar,PRM-CHC-06,Snacks,1,6.0,6.0,3.0,mada
2026-04-29,TX-B2_poor_baqala-d00-002879,Riyadh - Souq,Riyadh,Promo Chocolate Bar,PRM-CHC-06,Snacks,1,6.0,6.0,3.0,cash
2026-04-29,TX-B2_poor_baqala-d00-002880,Riyadh - Souq,Riyadh,Promo Chocolate Bar,PRM-CHC-06,Snacks,1,6.0,6.0,3.0,cash
2026-04-29,TX-B2_poor_baqala-d00-002881,Riyadh - Souq,Riyadh,Promo Chocolate Bar,PRM-CHC-06,Snacks,1,6.0,6.0,3.0,card
2026-04-29,TX-B2_poor_baqala-d00-002882,Riyadh - Souq,Riyadh,Promo Chocolate Bar,PRM-CHC-06,Snacks,1,6.0,6.0,3.0,card
2026-04-29,TX-B2_poor_baqala-d00-002883,Riyadh - Souq,Riyadh,Promo Chocolate Bar,PRM-CHC-06,Snacks,1,6.0,6.0,3.0,cash
2026-04-29,TX-B2_poor_baqala-d00-002884,Riyadh - Souq,Riyadh,Promo Chocolate Bar,PRM-CHC-06,Snacks,1,6.0,6.0,3.0,cash
2026-04-29,TX-B2_poor_baqala-d00-002885,Riyadh - Souq,Riyadh,Promo Chocolate Bar,PRM-CHC-06,Snacks,1,6.0,6.0,3.0,card
2026-04-30,TX-B2_poor_baqala-d00-002886,Riyadh - Souq,Riyadh,Promo Chocolate Bar,PRM-CHC-06,Snacks,1,6.0,6.0,3.0,mada
2026-04-30,TX-B2_poor_baqala-d00-002887,Riyadh - Souq,Riyadh,Promo Chocolate Bar,PRM-CHC-06,Snacks,1,6.0,6.0,3.0,mada
2026-04-30,TX-B2_poor_baqala-d00-002888,Riyadh - Souq,Riyadh,Promo Chocolate Bar,PRM-CHC-06,Snacks,1,6.0,6.0,3.0,card
2026-04-30,TX-B2_poor_baqala-d00-002889,Riyadh - Souq,Riyadh,Promo Chocolate Bar,PRM-CHC-06,Snacks,1,6.0,6.0,3.0,cash
2026-04-30,TX-B2_poor_baqala-d00-002890,Riyadh - Souq,Riyadh,Promo Chocolate Bar,PRM-CHC-06,Snacks,1,6.0,6.0,3.0,mada
2026-04-30,TX-B2_poor_baqala-d00-002891,Riyadh - Souq,Riyadh,Promo Chocolate Bar,PRM-CHC-06,Snacks,1,6.0,6.0,3.0,card
2026-04-30,TX-B2_poor_baqala-d00-002892,Riyadh - Souq,Riyadh,Promo Chocolate Bar,PRM-CHC-06,Snacks,1,6.0,6.0,3.0,cash
2026-04-30,TX-B2_poor_baqala-d00-002893,Riyadh - Souq,Riyadh,Promo Chocolate Bar,PRM-CHC-06,Snacks,1,6.0,6.0,3.0,mada
2026-04-30,TX-B2_poor_baqala-d00-002894,Riyadh - Souq,Riyadh,Promo Chocolate Bar,PRM-CHC-06,Snacks,1,6.0,6.0,3.0,cash
2026-05-01,TX-B2_poor_baqala-d00-002895,Riyadh - Souq,Riyadh,Promo Chocolate Bar,PRM-CHC-06,Snacks,1,6.0,6.0,3.0,mada
2026-05-01,TX-B2_poor_baqala-d00-002896,Riyadh - Souq,Riyadh,Promo Chocolate Bar,PRM-CHC-06,Snacks,1,6.0,6.0,3.0,mada
2026-05-01,TX-B2_poor_baqala-d00-002897,Riyadh - Souq,Riyadh,Promo Chocolate Bar,PRM-CHC-06,Snacks,1,6.0,6.0,3.0,card
2026-05-01,TX-B2_poor_baqala-d00-002898,Riyadh - Souq,Riyadh,Promo Chocolate Bar,PRM-CHC-06,Snacks,1,6.0,6.0,3.0,cash
2026-05-01,TX-B2_poor_baqala-d00-002899,Riyadh - Souq,Riyadh,Promo Chocolate Bar,PRM-CHC-06,Snacks,1,6.0,6.0,3.0,mada
2026-05-01,TX-B2_poor_baqala-d00-002900,Riyadh - Souq,Riyadh,Promo Chocolate Bar,PRM-CHC-06,Snacks,1,6.0,6.0,3.0,cash
2026-05-01,TX-B2_poor_baqala-d00-002901,Riyadh - Souq,Riyadh,Promo Chocolate Bar,PRM-CHC-06,Snacks,1,6.0,6.0,3.0,cash
2026-05-01,TX-B2_poor_baqala-d00-002902,Riyadh - Souq,Riyadh,Promo Chocolate Bar,PRM-CHC-06,Snacks,1,6.0,6.0,3.0,cash
2026-05-01,TX-B2_poor_baqala-d00-002903,Riyadh - Souq,Riyadh,Promo Chocolate Bar,PRM-CHC-06,Snacks,1,6.0,6.0,3.0,mada
2026-05-01,TX-B2_poor_baqala-d00-002904,Riyadh - Souq,Riyadh,Promo Chocolate Bar,PRM-CHC-06,Snacks,1,6.0,6.0,3.0,mada
2026-05-02,TX-B2_poor_baqala-d00-002905,Riyadh - Souq,Riyadh,Promo Chocolate Bar,PRM-CHC-06,Snacks,1,6.0,6.0,3.0,card
2026-05-02,TX-B2_poor_baqala-d00-002906,Riyadh - Souq,Riyadh,Promo Chocolate Bar,PRM-CHC-06,Snacks,1,6.0,6.0,3.0,card
2026-05-02,TX-B2_poor_baqala-d00-002907,Riyadh - Souq,Riyadh,Promo Chocolate Bar,PRM-CHC-06,Snacks,1,6.0,6.0,3.0,card
2026-05-02,TX-B2_poor_baqala-d00-002908,Riyadh - Souq,Riyadh,Promo Chocolate Bar,PRM-CHC-06,Snacks,1,6.0,6.0,3.0,card
2026-05-02,TX-B2_poor_baqala-d00-002909,Riyadh - Souq,Riyadh,Promo Chocolate Bar,PRM-CHC-06,Snacks,1,6.0,6.0,3.0,mada
2026-05-02,TX-B2_poor_baqala-d00-002910,Riyadh - Souq,Riyadh,Promo Chocolate Bar,PRM-CHC-06,Snacks,1,6.0,6.0,3.0,cash
2026-05-02,TX-B2_poor_baqala-d00-002911,Riyadh - Souq,Riyadh,Promo Chocolate Bar,PRM-CHC-06,Snacks,1,6.0,6.0,3.0,card
2026-05-02,TX-B2_poor_baqala-d00-002912,Riyadh - Souq,Riyadh,Promo Chocolate Bar,PRM-CHC-06,Snacks,1,6.0,6.0,3.0,card
2026-05-02,TX-B2_poor_baqala-d00-002913,Riyadh - Souq,Riyadh,Promo Chocolate Bar,PRM-CHC-06,Snacks,1,6.0,6.0,3.0,cash
2026-05-03,TX-B2_poor_baqala-d00-002914,Riyadh - Souq,Riyadh,Promo Chocolate Bar,PRM-CHC-06,Snacks,1,6.0,6.0,3.0,card
2026-05-03,TX-B2_poor_baqala-d00-002915,Riyadh - Souq,Riyadh,Promo Chocolate Bar,PRM-CHC-06,Snacks,1,6.0,6.0,3.0,card
2026-05-03,TX-B2_poor_baqala-d00-002916,Riyadh - Souq,Riyadh,Promo Chocolate Bar,PRM-CHC-06,Snacks,1,6.0,6.0,3.0,mada
2026-05-03,TX-B2_poor_baqala-d00-002917,Riyadh - Souq,Riyadh,Promo Chocolate Bar,PRM-CHC-06,Snacks,1,6.0,6.0,3.0,cash
2026-05-03,TX-B2_poor_baqala-d00-002918,Riyadh - Souq,Riyadh,Promo Chocolate Bar,PRM-CHC-06,Snacks,1,6.0,6.0,3.0,mada
2026-05-03,TX-B2_poor_baqala-d00-002919,Riyadh - Souq,Riyadh,Promo Chocolate Bar,PRM-CHC-06,Snacks,1,6.0,6.0,3.0,mada
2026-05-03,TX-B2_poor_baqala-d00-002920,Riyadh - Souq,Riyadh,Promo Chocolate Bar,PRM-CHC-06,Snacks,1,6.0,6.0,3.0,cash
2026-05-03,TX-B2_poor_baqala-d00-002921,Riyadh - Souq,Riyadh,Promo Chocolate Bar,PRM-CHC-06,Snacks,1,6.0,6.0,3.0,cash
2026-05-03,TX-B2_poor_baqala-d00-002922,Riyadh - Souq,Riyadh,Promo Chocolate Bar,PRM-CHC-06,Snacks,1,6.0,6.0,3.0,card
2026-05-03,TX-B2_poor_baqala-d00-002923,Riyadh - Souq,Riyadh,Promo Chocolate Bar,PRM-CHC-06,Snacks,1,6.0,6.0,3.0,card
2026-05-04,TX-B2_poor_baqala-d00-002924,Riyadh - Souq,Riyadh,Promo Chocolate Bar,PRM-CHC-06,Snacks,1,6.0,6.0,3.0,card
2026-05-04,TX-B2_poor_baqala-d00-002925,Riyadh - Souq,Riyadh,Promo Chocolate Bar,PRM-CHC-06,Snacks,1,6.0,6.0,3.0,card
2026-05-04,TX-B2_poor_baqala-d00-002926,Riyadh - Souq,Riyadh,Promo Chocolate Bar,PRM-CHC-06,Snacks,1,6.0,6.0,3.0,mada
2026-05-04,TX-B2_poor_baqala-d00-002927,Riyadh - Souq,Riyadh,Promo Chocolate Bar,PRM-CHC-06,Snacks,1,6.0,6.0,3.0,cash
2026-05-04,TX-B2_poor_baqala-d00-002928,Riyadh - Souq,Riyadh,Promo Chocolate Bar,PRM-CHC-06,Snacks,1,6.0,6.0,3.0,mada
2026-05-04,TX-B2_poor_baqala-d00-002929,Riyadh - Souq,Riyadh,Promo Chocolate Bar,PRM-CHC-06,Snacks,1,6.0,6.0,3.0,mada
2026-05-04,TX-B2_poor_baqala-d00-002930,Riyadh - Souq,Riyadh,Promo Chocolate Bar,PRM-CHC-06,Snacks,1,6.0,6.0,3.0,mada
2026-05-04,TX-B2_poor_baqala-d00-002931,Riyadh - Souq,Riyadh,Promo Chocolate Bar,PRM-CHC-06,Snacks,1,6.0,6.0,3.0,cash
2026-05-04,TX-B2_poor_baqala-d00-002932,Riyadh - Souq,Riyadh,Promo Chocolate Bar,PRM-CHC-06,Snacks,1,6.0,6.0,3.0,card
2026-05-04,TX-B2_poor_baqala-d00-002933,Riyadh - Souq,Riyadh,Promo Chocolate Bar,PRM-CHC-06,Snacks,1,6.0,6.0,3.0,cash
2026-05-05,TX-B2_poor_baqala-d00-002934,Riyadh - Souq,Riyadh,Promo Chocolate Bar,PRM-CHC-06,Snacks,1,6.0,6.0,3.0,card
2026-05-05,TX-B2_poor_baqala-d00-002935,Riyadh - Souq,Riyadh,Promo Chocolate Bar,PRM-CHC-06,Snacks,1,6.0,6.0,3.0,mada
2026-05-05,TX-B2_poor_baqala-d00-002936,Riyadh - Souq,Riyadh,Promo Chocolate Bar,PRM-CHC-06,Snacks,1,6.0,6.0,3.0,cash
2026-05-05,TX-B2_poor_baqala-d00-002937,Riyadh - Souq,Riyadh,Promo Chocolate Bar,PRM-CHC-06,Snacks,1,6.0,6.0,3.0,mada
2026-05-05,TX-B2_poor_baqala-d00-002938,Riyadh - Souq,Riyadh,Promo Chocolate Bar,PRM-CHC-06,Snacks,1,6.0,6.0,3.0,cash
2026-05-05,TX-B2_poor_baqala-d00-002939,Riyadh - Souq,Riyadh,Promo Chocolate Bar,PRM-CHC-06,Snacks,1,6.0,6.0,3.0,card
2026-05-05,TX-B2_poor_baqala-d00-002940,Riyadh - Souq,Riyadh,Promo Chocolate Bar,PRM-CHC-06,Snacks,1,6.0,6.0,3.0,cash
2026-05-05,TX-B2_poor_baqala-d00-002941,Riyadh - Souq,Riyadh,Promo Chocolate Bar,PRM-CHC-06,Snacks,1,6.0,6.0,3.0,cash
2026-05-05,TX-B2_poor_baqala-d00-002942,Riyadh - Souq,Riyadh,Promo Chocolate Bar,PRM-CHC-06,Snacks,1,6.0,6.0,3.0,card
2026-05-06,TX-B2_poor_baqala-d00-002943,Riyadh - Souq,Riyadh,Promo Chocolate Bar,PRM-CHC-06,Snacks,1,6.0,6.0,3.0,card
2026-05-06,TX-B2_poor_baqala-d00-002944,Riyadh - Souq,Riyadh,Promo Chocolate Bar,PRM-CHC-06,Snacks,1,6.0,6.0,3.0,mada
2026-05-06,TX-B2_poor_baqala-d00-002945,Riyadh - Souq,Riyadh,Promo Chocolate Bar,PRM-CHC-06,Snacks,1,6.0,6.0,3.0,card
2026-05-06,TX-B2_poor_baqala-d00-002946,Riyadh - Souq,Riyadh,Promo Chocolate Bar,PRM-CHC-06,Snacks,1,6.0,6.0,3.0,card
2026-05-06,TX-B2_poor_baqala-d00-002947,Riyadh - Souq,Riyadh,Promo Chocolate Bar,PRM-CHC-06,Snacks,1,6.0,6.0,3.0,card
2026-05-06,TX-B2_poor_baqala-d00-002948,Riyadh - Souq,Riyadh,Promo Chocolate Bar,PRM-CHC-06,Snacks,1,6.0,6.0,3.0,mada
2026-05-06,TX-B2_poor_baqala-d00-002949,Riyadh - Souq,Riyadh,Promo Chocolate Bar,PRM-CHC-06,Snacks,1,6.0,6.0,3.0,mada
2026-05-06,TX-B2_poor_baqala-d00-002950,Riyadh - Souq,Riyadh,Promo Chocolate Bar,PRM-CHC-06,Snacks,1,6.0,6.0,3.0,card
2026-05-06,TX-B2_poor_baqala-d00-002951,Riyadh - Souq,Riyadh,Promo Chocolate Bar,PRM-CHC-06,Snacks,1,6.0,6.0,3.0,card
2026-05-07,TX-B2_poor_baqala-d00-002952,Riyadh - Souq,Riyadh,Promo Chocolate Bar,PRM-CHC-06,Snacks,1,6.0,6.0,3.0,card
2026-05-07,TX-B2_poor_baqala-d00-002953,Riyadh - Souq,Riyadh,Promo Chocolate Bar,PRM-CHC-06,Snacks,1,6.0,6.0,3.0,mada
2026-05-07,TX-B2_poor_baqala-d00-002954,Riyadh - Souq,Riyadh,Promo Chocolate Bar,PRM-CHC-06,Snacks,1,6.0,6.0,3.0,cash
2026-05-07,TX-B2_poor_baqala-d00-002955,Riyadh - Souq,Riyadh,Promo Chocolate Bar,PRM-CHC-06,Snacks,1,6.0,6.0,3.0,cash
2026-05-07,TX-B2_poor_baqala-d00-002956,Riyadh - Souq,Riyadh,Promo Chocolate Bar,PRM-CHC-06,Snacks,1,6.0,6.0,3.0,cash
2026-05-07,TX-B2_poor_baqala-d00-002957,Riyadh - Souq,Riyadh,Promo Chocolate Bar,PRM-CHC-06,Snacks,1,6.0,6.0,3.0,cash
2026-05-07,TX-B2_poor_baqala-d00-002958,Riyadh - Souq,Riyadh,Promo Chocolate Bar,PRM-CHC-06,Snacks,1,6.0,6.0,3.0,mada
2026-05-08,TX-B2_poor_baqala-d00-002959,Riyadh - Souq,Riyadh,Promo Chocolate Bar,PRM-CHC-06,Snacks,1,6.0,6.0,3.0,card
2026-05-08,TX-B2_poor_baqala-d00-002960,Riyadh - Souq,Riyadh,Promo Chocolate Bar,PRM-CHC-06,Snacks,1,6.0,6.0,3.0,card
2026-05-08,TX-B2_poor_baqala-d00-002961,Riyadh - Souq,Riyadh,Promo Chocolate Bar,PRM-CHC-06,Snacks,1,6.0,6.0,3.0,cash
2026-05-08,TX-B2_poor_baqala-d00-002962,Riyadh - Souq,Riyadh,Promo Chocolate Bar,PRM-CHC-06,Snacks,1,6.0,6.0,3.0,mada
2026-05-08,TX-B2_poor_baqala-d00-002963,Riyadh - Souq,Riyadh,Promo Chocolate Bar,PRM-CHC-06,Snacks,1,6.0,6.0,3.0,mada
2026-05-08,TX-B2_poor_baqala-d00-002964,Riyadh - Souq,Riyadh,Promo Chocolate Bar,PRM-CHC-06,Snacks,1,6.0,6.0,3.0,card
2026-05-08,TX-B2_poor_baqala-d00-002965,Riyadh - Souq,Riyadh,Promo Chocolate Bar,PRM-CHC-06,Snacks,1,6.0,6.0,3.0,mada
2026-05-08,TX-B2_poor_baqala-d00-002966,Riyadh - Souq,Riyadh,Promo Chocolate Bar,PRM-CHC-06,Snacks,1,6.0,6.0,3.0,mada
2026-05-09,TX-B2_poor_baqala-d00-002967,Riyadh - Souq,Riyadh,Promo Chocolate Bar,PRM-CHC-06,Snacks,1,6.0,6.0,3.0,card
2026-05-09,TX-B2_poor_baqala-d00-002968,Riyadh - Souq,Riyadh,Promo Chocolate Bar,PRM-CHC-06,Snacks,1,6.0,6.0,3.0,card
2026-05-09,TX-B2_poor_baqala-d00-002969,Riyadh - Souq,Riyadh,Promo Chocolate Bar,PRM-CHC-06,Snacks,1,6.0,6.0,3.0,cash
2026-05-09,TX-B2_poor_baqala-d00-002970,Riyadh - Souq,Riyadh,Promo Chocolate Bar,PRM-CHC-06,Snacks,1,6.0,6.0,3.0,cash
2026-05-09,TX-B2_poor_baqala-d00-002971,Riyadh - Souq,Riyadh,Promo Chocolate Bar,PRM-CHC-06,Snacks,1,6.0,6.0,3.0,cash
2026-05-09,TX-B2_poor_baqala-d00-002972,Riyadh - Souq,Riyadh,Promo Chocolate Bar,PRM-CHC-06,Snacks,1,6.0,6.0,3.0,mada
2026-05-09,TX-B2_poor_baqala-d00-002973,Riyadh - Souq,Riyadh,Promo Chocolate Bar,PRM-CHC-06,Snacks,1,6.0,6.0,3.0,cash
2026-05-09,TX-B2_poor_baqala-d00-002974,Riyadh - Souq,Riyadh,Promo Chocolate Bar,PRM-CHC-06,Snacks,1,6.0,6.0,3.0,mada
2026-05-09,TX-B2_poor_baqala-d00-002975,Riyadh - Souq,Riyadh,Promo Chocolate Bar,PRM-CHC-06,Snacks,1,6.0,6.0,3.0,cash
2026-05-09,TX-B2_poor_baqala-d00-002976,Riyadh - Souq,Riyadh,Promo Chocolate Bar,PRM-CHC-06,Snacks,1,6.0,6.0,3.0,cash
2026-05-09,TX-B2_poor_baqala-d00-002977,Riyadh - Souq,Riyadh,Promo Chocolate Bar,PRM-CHC-06,Snacks,1,6.0,6.0,3.0,card
2026-05-10,TX-B2_poor_baqala-d00-002978,Riyadh - Souq,Riyadh,Promo Chocolate Bar,PRM-CHC-06,Snacks,1,6.0,6.0,3.0,card
2026-05-10,TX-B2_poor_baqala-d00-002979,Riyadh - Souq,Riyadh,Promo Chocolate Bar,PRM-CHC-06,Snacks,1,6.0,6.0,3.0,mada
2026-05-10,TX-B2_poor_baqala-d00-002980,Riyadh - Souq,Riyadh,Promo Chocolate Bar,PRM-CHC-06,Snacks,1,6.0,6.0,3.0,mada
2026-05-10,TX-B2_poor_baqala-d00-002981,Riyadh - Souq,Riyadh,Promo Chocolate Bar,PRM-CHC-06,Snacks,1,6.0,6.0,3.0,card
2026-05-10,TX-B2_poor_baqala-d00-002982,Riyadh - Souq,Riyadh,Promo Chocolate Bar,PRM-CHC-06,Snacks,1,6.0,6.0,3.0,mada
2026-05-10,TX-B2_poor_baqala-d00-002983,Riyadh - Souq,Riyadh,Promo Chocolate Bar,PRM-CHC-06,Snacks,1,6.0,6.0,3.0,cash
2026-05-10,TX-B2_poor_baqala-d00-002984,Riyadh - Souq,Riyadh,Promo Chocolate Bar,PRM-CHC-06,Snacks,1,6.0,6.0,3.0,card
2026-05-10,TX-B2_poor_baqala-d00-002985,Riyadh - Souq,Riyadh,Promo Chocolate Bar,PRM-CHC-06,Snacks,1,6.0,6.0,3.0,card
2026-05-10,TX-B2_poor_baqala-d00-002986,Riyadh - Souq,Riyadh,Promo Chocolate Bar,PRM-CHC-06,Snacks,1,6.0,6.0,3.0,cash
2026-05-11,TX-B2_poor_baqala-d00-002987,Riyadh - Souq,Riyadh,Promo Chocolate Bar,PRM-CHC-06,Snacks,1,6.0,6.0,3.0,card
2026-05-11,TX-B2_poor_baqala-d00-002988,Riyadh - Souq,Riyadh,Promo Chocolate Bar,PRM-CHC-06,Snacks,1,6.0,6.0,3.0,cash
2026-05-11,TX-B2_poor_baqala-d00-002989,Riyadh - Souq,Riyadh,Promo Chocolate Bar,PRM-CHC-06,Snacks,1,6.0,6.0,3.0,cash
2026-05-11,TX-B2_poor_baqala-d00-002990,Riyadh - Souq,Riyadh,Promo Chocolate Bar,PRM-CHC-06,Snacks,1,6.0,6.0,3.0,cash
2026-05-11,TX-B2_poor_baqala-d00-002991,Riyadh - Souq,Riyadh,Promo Chocolate Bar,PRM-CHC-06,Snacks,1,6.0,6.0,3.0,card
2026-05-11,TX-B2_poor_baqala-d00-002992,Riyadh - Souq,Riyadh,Promo Chocolate Bar,PRM-CHC-06,Snacks,1,6.0,6.0,3.0,card
2026-05-12,TX-B2_poor_baqala-d00-002993,Riyadh - Souq,Riyadh,Promo Chocolate Bar,PRM-CHC-06,Snacks,1,6.0,6.0,3.0,card
2026-05-12,TX-B2_poor_baqala-d00-002994,Riyadh - Souq,Riyadh,Promo Chocolate Bar,PRM-CHC-06,Snacks,1,6.0,6.0,3.0,mada
2026-05-12,TX-B2_poor_baqala-d00-002995,Riyadh - Souq,Riyadh,Promo Chocolate Bar,PRM-CHC-06,Snacks,1,6.0,6.0,3.0,cash
2026-05-12,TX-B2_poor_baqala-d00-002996,Riyadh - Souq,Riyadh,Promo Chocolate Bar,PRM-CHC-06,Snacks,1,6.0,6.0,3.0,cash
2026-05-12,TX-B2_poor_baqala-d00-002997,Riyadh - Souq,Riyadh,Promo Chocolate Bar,PRM-CHC-06,Snacks,1,6.0,6.0,3.0,cash
2026-05-12,TX-B2_poor_baqala-d00-002998,Riyadh - Souq,Riyadh,Promo Chocolate Bar,PRM-CHC-06,Snacks,1,6.0,6.0,3.0,mada
2026-05-12,TX-B2_poor_baqala-d00-002999,Riyadh - Souq,Riyadh,Promo Chocolate Bar,PRM-CHC-06,Snacks,1,6.0,6.0,3.0,card
2026-05-13,TX-B2_poor_baqala-d00-003000,Riyadh - Souq,Riyadh,Promo Chocolate Bar,PRM-CHC-06,Snacks,1,6.0,6.0,3.0,cash
2026-05-13,TX-B2_poor_baqala-d00-003001,Riyadh - Souq,Riyadh,Promo Chocolate Bar,PRM-CHC-06,Snacks,1,6.0,6.0,3.0,cash
2026-05-13,TX-B2_poor_baqala-d00-003002,Riyadh - Souq,Riyadh,Promo Chocolate Bar,PRM-CHC-06,Snacks,1,6.0,6.0,3.0,mada
2026-05-13,TX-B2_poor_baqala-d00-003003,Riyadh - Souq,Riyadh,Promo Chocolate Bar,PRM-CHC-06,Snacks,1,6.0,6.0,3.0,cash
2026-05-13,TX-B2_poor_baqala-d00-003004,Riyadh - Souq,Riyadh,Promo Chocolate Bar,PRM-CHC-06,Snacks,1,6.0,6.0,3.0,cash
2026-05-13,TX-B2_poor_baqala-d00-003005,Riyadh - Souq,Riyadh,Promo Chocolate Bar,PRM-CHC-06,Snacks,1,6.0,6.0,3.0,mada
2026-05-13,TX-B2_poor_baqala-d00-003006,Riyadh - Souq,Riyadh,Promo Chocolate Bar,PRM-CHC-06,Snacks,1,6.0,6.0,3.0,cash
2026-05-13,TX-B2_poor_baqala-d00-003007,Riyadh - Souq,Riyadh,Promo Chocolate Bar,PRM-CHC-06,Snacks,1,6.0,6.0,3.0,card
2026-05-13,TX-B2_poor_baqala-d00-003008,Riyadh - Souq,Riyadh,Promo Chocolate Bar,PRM-CHC-06,Snacks,1,6.0,6.0,3.0,cash
2026-05-13,TX-B2_poor_baqala-d00-003009,Riyadh - Souq,Riyadh,Promo Chocolate Bar,PRM-CHC-06,Snacks,1,6.0,6.0,3.0,cash
2026-05-14,TX-B2_poor_baqala-d00-003010,Riyadh - Souq,Riyadh,Promo Chocolate Bar,PRM-CHC-06,Snacks,1,6.0,6.0,3.0,mada
2026-05-14,TX-B2_poor_baqala-d00-003011,Riyadh - Souq,Riyadh,Promo Chocolate Bar,PRM-CHC-06,Snacks,1,6.0,6.0,3.0,mada
2026-05-14,TX-B2_poor_baqala-d00-003012,Riyadh - Souq,Riyadh,Promo Chocolate Bar,PRM-CHC-06,Snacks,1,6.0,6.0,3.0,mada
2026-05-14,TX-B2_poor_baqala-d00-003013,Riyadh - Souq,Riyadh,Promo Chocolate Bar,PRM-CHC-06,Snacks,1,6.0,6.0,3.0,cash
2026-05-14,TX-B2_poor_baqala-d00-003014,Riyadh - Souq,Riyadh,Promo Chocolate Bar,PRM-CHC-06,Snacks,1,6.0,6.0,3.0,cash
2026-05-14,TX-B2_poor_baqala-d00-003015,Riyadh - Souq,Riyadh,Promo Chocolate Bar,PRM-CHC-06,Snacks,1,6.0,6.0,3.0,mada
2026-05-14,TX-B2_poor_baqala-d00-003016,Riyadh - Souq,Riyadh,Promo Chocolate Bar,PRM-CHC-06,Snacks,1,6.0,6.0,3.0,card
2026-05-14,TX-B2_poor_baqala-d00-003017,Riyadh - Souq,Riyadh,Promo Chocolate Bar,PRM-CHC-06,Snacks,1,6.0,6.0,3.0,mada
2026-05-14,TX-B2_poor_baqala-d00-003018,Riyadh - Souq,Riyadh,Promo Chocolate Bar,PRM-CHC-06,Snacks,1,6.0,6.0,3.0,mada
2026-05-14,TX-B2_poor_baqala-d00-003019,Riyadh - Souq,Riyadh,Promo Chocolate Bar,PRM-CHC-06,Snacks,1,6.0,6.0,3.0,cash
2026-05-14,TX-B2_poor_baqala-d00-003020,Riyadh - Souq,Riyadh,Promo Chocolate Bar,PRM-CHC-06,Snacks,1,6.0,6.0,3.0,card
2026-05-15,TX-B2_poor_baqala-d00-003021,Riyadh - Souq,Riyadh,Promo Chocolate Bar,PRM-CHC-06,Snacks,1,6.0,6.0,3.0,cash
2026-05-15,TX-B2_poor_baqala-d00-003022,Riyadh - Souq,Riyadh,Promo Chocolate Bar,PRM-CHC-06,Snacks,1,6.0,6.0,3.0,mada
2026-05-15,TX-B2_poor_baqala-d00-003023,Riyadh - Souq,Riyadh,Promo Chocolate Bar,PRM-CHC-06,Snacks,1,6.0,6.0,3.0,cash
2026-05-15,TX-B2_poor_baqala-d00-003024,Riyadh - Souq,Riyadh,Promo Chocolate Bar,PRM-CHC-06,Snacks,1,6.0,6.0,3.0,cash
2026-05-15,TX-B2_poor_baqala-d00-003025,Riyadh - Souq,Riyadh,Promo Chocolate Bar,PRM-CHC-06,Snacks,1,6.0,6.0,3.0,card
2026-05-15,TX-B2_poor_baqala-d00-003026,Riyadh - Souq,Riyadh,Promo Chocolate Bar,PRM-CHC-06,Snacks,1,6.0,6.0,3.0,card
2026-05-15,TX-B2_poor_baqala-d00-003027,Riyadh - Souq,Riyadh,Promo Chocolate Bar,PRM-CHC-06,Snacks,1,6.0,6.0,3.0,cash
2026-05-15,TX-B2_poor_baqala-d00-003028,Riyadh - Souq,Riyadh,Promo Chocolate Bar,PRM-CHC-06,Snacks,1,6.0,6.0,3.0,mada
2026-05-16,TX-B2_poor_baqala-d00-003029,Riyadh - Souq,Riyadh,Promo Chocolate Bar,PRM-CHC-06,Snacks,1,6.0,6.0,3.0,card
2026-05-16,TX-B2_poor_baqala-d00-003030,Riyadh - Souq,Riyadh,Promo Chocolate Bar,PRM-CHC-06,Snacks,1,6.0,6.0,3.0,card
2026-05-16,TX-B2_poor_baqala-d00-003031,Riyadh - Souq,Riyadh,Promo Chocolate Bar,PRM-CHC-06,Snacks,1,6.0,6.0,3.0,mada
2026-05-16,TX-B2_poor_baqala-d00-003032,Riyadh - Souq,Riyadh,Promo Chocolate Bar,PRM-CHC-06,Snacks,1,6.0,6.0,3.0,mada
2026-05-16,TX-B2_poor_baqala-d00-003033,Riyadh - Souq,Riyadh,Promo Chocolate Bar,PRM-CHC-06,Snacks,1,6.0,6.0,3.0,mada
2026-05-17,TX-B2_poor_baqala-d00-003034,Riyadh - Souq,Riyadh,Promo Chocolate Bar,PRM-CHC-06,Snacks,1,6.0,6.0,3.0,card
2026-05-17,TX-B2_poor_baqala-d00-003035,Riyadh - Souq,Riyadh,Promo Chocolate Bar,PRM-CHC-06,Snacks,1,6.0,6.0,3.0,card
2026-05-17,TX-B2_poor_baqala-d00-003036,Riyadh - Souq,Riyadh,Promo Chocolate Bar,PRM-CHC-06,Snacks,1,6.0,6.0,3.0,card
2026-05-17,TX-B2_poor_baqala-d00-003037,Riyadh - Souq,Riyadh,Promo Chocolate Bar,PRM-CHC-06,Snacks,1,6.0,6.0,3.0,mada
2026-05-17,TX-B2_poor_baqala-d00-003038,Riyadh - Souq,Riyadh,Promo Chocolate Bar,PRM-CHC-06,Snacks,1,6.0,6.0,3.0,cash
2026-05-18,TX-B2_poor_baqala-d00-003039,Riyadh - Souq,Riyadh,Promo Chocolate Bar,PRM-CHC-06,Snacks,1,6.0,6.0,3.0,mada
2026-05-18,TX-B2_poor_baqala-d00-003040,Riyadh - Souq,Riyadh,Promo Chocolate Bar,PRM-CHC-06,Snacks,1,6.0,6.0,3.0,card
2026-05-18,TX-B2_poor_baqala-d00-003041,Riyadh - Souq,Riyadh,Promo Chocolate Bar,PRM-CHC-06,Snacks,1,6.0,6.0,3.0,card
2026-05-18,TX-B2_poor_baqala-d00-003042,Riyadh - Souq,Riyadh,Promo Chocolate Bar,PRM-CHC-06,Snacks,1,6.0,6.0,3.0,card
2026-05-18,TX-B2_poor_baqala-d00-003043,Riyadh - Souq,Riyadh,Promo Chocolate Bar,PRM-CHC-06,Snacks,1,6.0,6.0,3.0,mada
2026-05-19,TX-B2_poor_baqala-d00-003044,Riyadh - Souq,Riyadh,Promo Chocolate Bar,PRM-CHC-06,Snacks,1,6.0,6.0,3.0,cash
2026-05-19,TX-B2_poor_baqala-d00-003045,Riyadh - Souq,Riyadh,Promo Chocolate Bar,PRM-CHC-06,Snacks,1,6.0,6.0,3.0,cash
2026-05-19,TX-B2_poor_baqala-d00-003046,Riyadh - Souq,Riyadh,Promo Chocolate Bar,PRM-CHC-06,Snacks,1,6.0,6.0,3.0,mada
2026-05-19,TX-B2_poor_baqala-d00-003047,Riyadh - Souq,Riyadh,Promo Chocolate Bar,PRM-CHC-06,Snacks,1,6.0,6.0,3.0,cash
2026-05-19,TX-B2_poor_baqala-d00-003048,Riyadh - Souq,Riyadh,Promo Chocolate Bar,PRM-CHC-06,Snacks,1,6.0,6.0,3.0,card
2026-05-19,TX-B2_poor_baqala-d00-003049,Riyadh - Souq,Riyadh,Promo Chocolate Bar,PRM-CHC-06,Snacks,1,6.0,6.0,3.0,cash
2026-05-20,TX-B2_poor_baqala-d00-003050,Riyadh - Souq,Riyadh,Promo Chocolate Bar,PRM-CHC-06,Snacks,1,6.0,6.0,3.0,cash
2026-05-20,TX-B2_poor_baqala-d00-003051,Riyadh - Souq,Riyadh,Promo Chocolate Bar,PRM-CHC-06,Snacks,1,6.0,6.0,3.0,mada
2026-05-20,TX-B2_poor_baqala-d00-003052,Riyadh - Souq,Riyadh,Promo Chocolate Bar,PRM-CHC-06,Snacks,1,6.0,6.0,3.0,card
2026-05-20,TX-B2_poor_baqala-d00-003053,Riyadh - Souq,Riyadh,Promo Chocolate Bar,PRM-CHC-06,Snacks,1,6.0,6.0,3.0,card
2026-05-20,TX-B2_poor_baqala-d00-003054,Riyadh - Souq,Riyadh,Promo Chocolate Bar,PRM-CHC-06,Snacks,1,6.0,6.0,3.0,cash
2026-05-20,TX-B2_poor_baqala-d00-003055,Riyadh - Souq,Riyadh,Promo Chocolate Bar,PRM-CHC-06,Snacks,1,6.0,6.0,3.0,mada
2026-05-20,TX-B2_poor_baqala-d00-003056,Riyadh - Souq,Riyadh,Promo Chocolate Bar,PRM-CHC-06,Snacks,1,6.0,6.0,3.0,mada
2026-05-20,TX-B2_poor_baqala-d00-003057,Riyadh - Souq,Riyadh,Promo Chocolate Bar,PRM-CHC-06,Snacks,1,6.0,6.0,3.0,cash
2026-05-20,TX-B2_poor_baqala-d00-003058,Riyadh - Souq,Riyadh,Promo Chocolate Bar,PRM-CHC-06,Snacks,1,6.0,6.0,3.0,mada
2026-05-21,TX-B2_poor_baqala-d00-003059,Riyadh - Souq,Riyadh,Promo Chocolate Bar,PRM-CHC-06,Snacks,1,6.0,6.0,3.0,cash
2026-05-21,TX-B2_poor_baqala-d00-003060,Riyadh - Souq,Riyadh,Promo Chocolate Bar,PRM-CHC-06,Snacks,1,6.0,6.0,3.0,card
2026-05-21,TX-B2_poor_baqala-d00-003061,Riyadh - Souq,Riyadh,Promo Chocolate Bar,PRM-CHC-06,Snacks,1,6.0,6.0,3.0,card
2026-05-21,TX-B2_poor_baqala-d00-003062,Riyadh - Souq,Riyadh,Promo Chocolate Bar,PRM-CHC-06,Snacks,1,6.0,6.0,3.0,cash
2026-05-21,TX-B2_poor_baqala-d00-003063,Riyadh - Souq,Riyadh,Promo Chocolate Bar,PRM-CHC-06,Snacks,1,6.0,6.0,3.0,card
2026-05-21,TX-B2_poor_baqala-d00-003064,Riyadh - Souq,Riyadh,Promo Chocolate Bar,PRM-CHC-06,Snacks,1,6.0,6.0,3.0,mada
2026-05-21,TX-B2_poor_baqala-d00-003065,Riyadh - Souq,Riyadh,Promo Chocolate Bar,PRM-CHC-06,Snacks,1,6.0,6.0,3.0,card
2026-05-21,TX-B2_poor_baqala-d00-003066,Riyadh - Souq,Riyadh,Promo Chocolate Bar,PRM-CHC-06,Snacks,1,6.0,6.0,3.0,cash
2026-05-21,TX-B2_poor_baqala-d00-003067,Riyadh - Souq,Riyadh,Promo Chocolate Bar,PRM-CHC-06,Snacks,1,6.0,6.0,3.0,mada
2026-05-22,TX-B2_poor_baqala-d00-003068,Riyadh - Souq,Riyadh,Promo Chocolate Bar,PRM-CHC-06,Snacks,1,6.0,6.0,3.0,card
2026-05-22,TX-B2_poor_baqala-d00-003069,Riyadh - Souq,Riyadh,Promo Chocolate Bar,PRM-CHC-06,Snacks,1,6.0,6.0,3.0,card
2026-05-22,TX-B2_poor_baqala-d00-003070,Riyadh - Souq,Riyadh,Promo Chocolate Bar,PRM-CHC-06,Snacks,1,6.0,6.0,3.0,mada
2026-05-22,TX-B2_poor_baqala-d00-003071,Riyadh - Souq,Riyadh,Promo Chocolate Bar,PRM-CHC-06,Snacks,1,6.0,6.0,3.0,cash
2026-05-22,TX-B2_poor_baqala-d00-003072,Riyadh - Souq,Riyadh,Promo Chocolate Bar,PRM-CHC-06,Snacks,1,6.0,6.0,3.0,mada
2026-05-22,TX-B2_poor_baqala-d00-003073,Riyadh - Souq,Riyadh,Promo Chocolate Bar,PRM-CHC-06,Snacks,1,6.0,6.0,3.0,card
2026-05-22,TX-B2_poor_baqala-d00-003074,Riyadh - Souq,Riyadh,Promo Chocolate Bar,PRM-CHC-06,Snacks,1,6.0,6.0,3.0,cash
2026-05-22,TX-B2_poor_baqala-d00-003075,Riyadh - Souq,Riyadh,Promo Chocolate Bar,PRM-CHC-06,Snacks,1,6.0,6.0,3.0,card
2026-05-22,TX-B2_poor_baqala-d00-003076,Riyadh - Souq,Riyadh,Promo Chocolate Bar,PRM-CHC-06,Snacks,1,6.0,6.0,3.0,card
2026-05-23,TX-B2_poor_baqala-d00-003077,Riyadh - Souq,Riyadh,Promo Chocolate Bar,PRM-CHC-06,Snacks,1,6.0,6.0,3.0,card
2026-05-23,TX-B2_poor_baqala-d00-003078,Riyadh - Souq,Riyadh,Promo Chocolate Bar,PRM-CHC-06,Snacks,1,6.0,6.0,3.0,cash
2026-05-23,TX-B2_poor_baqala-d00-003079,Riyadh - Souq,Riyadh,Promo Chocolate Bar,PRM-CHC-06,Snacks,1,6.0,6.0,3.0,mada
2026-05-23,TX-B2_poor_baqala-d00-003080,Riyadh - Souq,Riyadh,Promo Chocolate Bar,PRM-CHC-06,Snacks,1,6.0,6.0,3.0,card
2026-05-23,TX-B2_poor_baqala-d00-003081,Riyadh - Souq,Riyadh,Promo Chocolate Bar,PRM-CHC-06,Snacks,1,6.0,6.0,3.0,cash
2026-05-23,TX-B2_poor_baqala-d00-003082,Riyadh - Souq,Riyadh,Promo Chocolate Bar,PRM-CHC-06,Snacks,1,6.0,6.0,3.0,cash
2026-05-23,TX-B2_poor_baqala-d00-003083,Riyadh - Souq,Riyadh,Promo Chocolate Bar,PRM-CHC-06,Snacks,1,6.0,6.0,3.0,cash
2026-05-23,TX-B2_poor_baqala-d00-003084,Riyadh - Souq,Riyadh,Promo Chocolate Bar,PRM-CHC-06,Snacks,1,6.0,6.0,3.0,mada
2026-05-23,TX-B2_poor_baqala-d00-003085,Riyadh - Souq,Riyadh,Promo Chocolate Bar,PRM-CHC-06,Snacks,1,6.0,6.0,3.0,card
2026-05-23,TX-B2_poor_baqala-d00-003086,Riyadh - Souq,Riyadh,Promo Chocolate Bar,PRM-CHC-06,Snacks,1,6.0,6.0,3.0,cash
2026-05-23,TX-B2_poor_baqala-d00-003087,Riyadh - Souq,Riyadh,Promo Chocolate Bar,PRM-CHC-06,Snacks,1,6.0,6.0,3.0,card
2026-05-24,TX-B2_poor_baqala-d00-003088,Riyadh - Souq,Riyadh,Promo Chocolate Bar,PRM-CHC-06,Snacks,1,6.0,6.0,3.0,cash
2026-05-24,TX-B2_poor_baqala-d00-003089,Riyadh - Souq,Riyadh,Promo Chocolate Bar,PRM-CHC-06,Snacks,1,6.0,6.0,3.0,mada
2026-05-24,TX-B2_poor_baqala-d00-003090,Riyadh - Souq,Riyadh,Promo Chocolate Bar,PRM-CHC-06,Snacks,1,6.0,6.0,3.0,mada
2026-05-24,TX-B2_poor_baqala-d00-003091,Riyadh - Souq,Riyadh,Promo Chocolate Bar,PRM-CHC-06,Snacks,1,6.0,6.0,3.0,card
2026-05-24,TX-B2_poor_baqala-d00-003092,Riyadh - Souq,Riyadh,Promo Chocolate Bar,PRM-CHC-06,Snacks,1,6.0,6.0,3.0,mada
2026-05-24,TX-B2_poor_baqala-d00-003093,Riyadh - Souq,Riyadh,Promo Chocolate Bar,PRM-CHC-06,Snacks,1,6.0,6.0,3.0,mada
2026-05-24,TX-B2_poor_baqala-d00-003094,Riyadh - Souq,Riyadh,Promo Chocolate Bar,PRM-CHC-06,Snacks,1,6.0,6.0,3.0,card
2026-05-24,TX-B2_poor_baqala-d00-003095,Riyadh - Souq,Riyadh,Promo Chocolate Bar,PRM-CHC-06,Snacks,1,6.0,6.0,3.0,card
2026-05-24,TX-B2_poor_baqala-d00-003096,Riyadh - Souq,Riyadh,Promo Chocolate Bar,PRM-CHC-06,Snacks,1,6.0,6.0,3.0,card
2026-05-25,TX-B2_poor_baqala-d00-003097,Riyadh - Souq,Riyadh,Promo Chocolate Bar,PRM-CHC-06,Snacks,1,6.0,6.0,3.0,mada
2026-05-25,TX-B2_poor_baqala-d00-003098,Riyadh - Souq,Riyadh,Promo Chocolate Bar,PRM-CHC-06,Snacks,1,6.0,6.0,3.0,mada
2026-05-25,TX-B2_poor_baqala-d00-003099,Riyadh - Souq,Riyadh,Promo Chocolate Bar,PRM-CHC-06,Snacks,1,6.0,6.0,3.0,cash
2026-05-25,TX-B2_poor_baqala-d00-003100,Riyadh - Souq,Riyadh,Promo Chocolate Bar,PRM-CHC-06,Snacks,1,6.0,6.0,3.0,cash
2026-05-25,TX-B2_poor_baqala-d00-003101,Riyadh - Souq,Riyadh,Promo Chocolate Bar,PRM-CHC-06,Snacks,1,6.0,6.0,3.0,card
2026-05-25,TX-B2_poor_baqala-d00-003102,Riyadh - Souq,Riyadh,Promo Chocolate Bar,PRM-CHC-06,Snacks,1,6.0,6.0,3.0,card
2026-05-25,TX-B2_poor_baqala-d00-003103,Riyadh - Souq,Riyadh,Promo Chocolate Bar,PRM-CHC-06,Snacks,1,6.0,6.0,3.0,cash
2026-05-25,TX-B2_poor_baqala-d00-003104,Riyadh - Souq,Riyadh,Promo Chocolate Bar,PRM-CHC-06,Snacks,1,6.0,6.0,3.0,card
2026-05-25,TX-B2_poor_baqala-d00-003105,Riyadh - Souq,Riyadh,Promo Chocolate Bar,PRM-CHC-06,Snacks,1,6.0,6.0,3.0,card
2026-05-26,TX-B2_poor_baqala-d00-003106,Riyadh - Souq,Riyadh,Promo Chocolate Bar,PRM-CHC-06,Snacks,1,6.0,6.0,3.0,card
2026-05-26,TX-B2_poor_baqala-d00-003107,Riyadh - Souq,Riyadh,Promo Chocolate Bar,PRM-CHC-06,Snacks,1,6.0,6.0,3.0,card
2026-05-26,TX-B2_poor_baqala-d00-003108,Riyadh - Souq,Riyadh,Promo Chocolate Bar,PRM-CHC-06,Snacks,1,6.0,6.0,3.0,mada
2026-05-26,TX-B2_poor_baqala-d00-003109,Riyadh - Souq,Riyadh,Promo Chocolate Bar,PRM-CHC-06,Snacks,1,6.0,6.0,3.0,cash
2026-05-26,TX-B2_poor_baqala-d00-003110,Riyadh - Souq,Riyadh,Promo Chocolate Bar,PRM-CHC-06,Snacks,1,6.0,6.0,3.0,cash
2026-05-26,TX-B2_poor_baqala-d00-003111,Riyadh - Souq,Riyadh,Promo Chocolate Bar,PRM-CHC-06,Snacks,1,6.0,6.0,3.0,mada
2026-05-26,TX-B2_poor_baqala-d00-003112,Riyadh - Souq,Riyadh,Promo Chocolate Bar,PRM-CHC-06,Snacks,1,6.0,6.0,3.0,mada
2026-05-26,TX-B2_poor_baqala-d00-003113,Riyadh - Souq,Riyadh,Promo Chocolate Bar,PRM-CHC-06,Snacks,1,6.0,6.0,3.0,card
2026-05-26,TX-B2_poor_baqala-d00-003114,Riyadh - Souq,Riyadh,Promo Chocolate Bar,PRM-CHC-06,Snacks,1,6.0,6.0,3.0,mada
2026-05-26,TX-B2_poor_baqala-d00-003115,Riyadh - Souq,Riyadh,Promo Chocolate Bar,PRM-CHC-06,Snacks,1,6.0,6.0,3.0,card
2026-05-27,TX-B2_poor_baqala-d00-003116,Riyadh - Souq,Riyadh,Promo Chocolate Bar,PRM-CHC-06,Snacks,1,6.0,6.0,3.0,card
2026-05-27,TX-B2_poor_baqala-d00-003117,Riyadh - Souq,Riyadh,Promo Chocolate Bar,PRM-CHC-06,Snacks,1,6.0,6.0,3.0,mada
2026-05-27,TX-B2_poor_baqala-d00-003118,Riyadh - Souq,Riyadh,Promo Chocolate Bar,PRM-CHC-06,Snacks,1,6.0,6.0,3.0,mada
2026-05-27,TX-B2_poor_baqala-d00-003119,Riyadh - Souq,Riyadh,Promo Chocolate Bar,PRM-CHC-06,Snacks,1,6.0,6.0,3.0,mada
2026-05-27,TX-B2_poor_baqala-d00-003120,Riyadh - Souq,Riyadh,Promo Chocolate Bar,PRM-CHC-06,Snacks,1,6.0,6.0,3.0,mada
2026-05-27,TX-B2_poor_baqala-d00-003121,Riyadh - Souq,Riyadh,Promo Chocolate Bar,PRM-CHC-06,Snacks,1,6.0,6.0,3.0,cash
2026-05-27,TX-B2_poor_baqala-d00-003122,Riyadh - Souq,Riyadh,Promo Chocolate Bar,PRM-CHC-06,Snacks,1,6.0,6.0,3.0,mada
2026-05-27,TX-B2_poor_baqala-d00-003123,Riyadh - Souq,Riyadh,Promo Chocolate Bar,PRM-CHC-06,Snacks,1,6.0,6.0,3.0,card
2026-05-28,TX-B2_poor_baqala-d00-003124,Riyadh - Souq,Riyadh,Promo Chocolate Bar,PRM-CHC-06,Snacks,1,6.0,6.0,3.0,cash
2026-05-28,TX-B2_poor_baqala-d00-003125,Riyadh - Souq,Riyadh,Promo Chocolate Bar,PRM-CHC-06,Snacks,1,6.0,6.0,3.0,cash
2026-05-28,TX-B2_poor_baqala-d00-003126,Riyadh - Souq,Riyadh,Promo Chocolate Bar,PRM-CHC-06,Snacks,1,6.0,6.0,3.0,card
2026-05-28,TX-B2_poor_baqala-d00-003127,Riyadh - Souq,Riyadh,Promo Chocolate Bar,PRM-CHC-06,Snacks,1,6.0,6.0,3.0,cash
2026-05-28,TX-B2_poor_baqala-d00-003128,Riyadh - Souq,Riyadh,Promo Chocolate Bar,PRM-CHC-06,Snacks,1,6.0,6.0,3.0,cash
2026-05-28,TX-B2_poor_baqala-d00-003129,Riyadh - Souq,Riyadh,Promo Chocolate Bar,PRM-CHC-06,Snacks,1,6.0,6.0,3.0,card
2026-05-29,TX-B2_poor_baqala-d00-003130,Riyadh - Souq,Riyadh,Promo Chocolate Bar,PRM-CHC-06,Snacks,1,6.0,6.0,3.0,cash
2026-05-29,TX-B2_poor_baqala-d00-003131,Riyadh - Souq,Riyadh,Promo Chocolate Bar,PRM-CHC-06,Snacks,1,6.0,6.0,3.0,card
2026-05-29,TX-B2_poor_baqala-d00-003132,Riyadh - Souq,Riyadh,Promo Chocolate Bar,PRM-CHC-06,Snacks,1,6.0,6.0,3.0,cash
2026-05-29,TX-B2_poor_baqala-d00-003133,Riyadh - Souq,Riyadh,Promo Chocolate Bar,PRM-CHC-06,Snacks,1,6.0,6.0,3.0,card
2026-05-29,TX-B2_poor_baqala-d00-003134,Riyadh - Souq,Riyadh,Promo Chocolate Bar,PRM-CHC-06,Snacks,1,6.0,6.0,3.0,cash
2026-05-29,TX-B2_poor_baqala-d00-003135,Riyadh - Souq,Riyadh,Promo Chocolate Bar,PRM-CHC-06,Snacks,1,6.0,6.0,3.0,mada
2026-05-29,TX-B2_poor_baqala-d00-003136,Riyadh - Souq,Riyadh,Promo Chocolate Bar,PRM-CHC-06,Snacks,1,6.0,6.0,3.0,card
2026-05-30,TX-B2_poor_baqala-d00-003137,Riyadh - Souq,Riyadh,Promo Chocolate Bar,PRM-CHC-06,Snacks,1,6.0,6.0,3.0,mada
2026-05-30,TX-B2_poor_baqala-d00-003138,Riyadh - Souq,Riyadh,Promo Chocolate Bar,PRM-CHC-06,Snacks,1,6.0,6.0,3.0,mada
2026-05-30,TX-B2_poor_baqala-d00-003139,Riyadh - Souq,Riyadh,Promo Chocolate Bar,PRM-CHC-06,Snacks,1,6.0,6.0,3.0,card
2026-05-30,TX-B2_poor_baqala-d00-003140,Riyadh - Souq,Riyadh,Promo Chocolate Bar,PRM-CHC-06,Snacks,1,6.0,6.0,3.0,cash
2026-05-30,TX-B2_poor_baqala-d00-003141,Riyadh - Souq,Riyadh,Promo Chocolate Bar,PRM-CHC-06,Snacks,1,6.0,6.0,3.0,cash
2026-05-30,TX-B2_poor_baqala-d00-003142,Riyadh - Souq,Riyadh,Promo Chocolate Bar,PRM-CHC-06,Snacks,1,6.0,6.0,3.0,card
2026-05-30,TX-B2_poor_baqala-d00-003143,Riyadh - Souq,Riyadh,Promo Chocolate Bar,PRM-CHC-06,Snacks,1,6.0,6.0,3.0,mada
2026-05-30,TX-B2_poor_baqala-d00-003144,Riyadh - Souq,Riyadh,Promo Chocolate Bar,PRM-CHC-06,Snacks,1,6.0,6.0,3.0,mada
2026-05-30,TX-B2_poor_baqala-d00-003145,Riyadh - Souq,Riyadh,Promo Chocolate Bar,PRM-CHC-06,Snacks,1,6.0,6.0,3.0,card
2026-05-30,TX-B2_poor_baqala-d00-003146,Riyadh - Souq,Riyadh,Promo Chocolate Bar,PRM-CHC-06,Snacks,1,6.0,6.0,3.0,cash
2026-05-31,TX-B2_poor_baqala-d00-003147,Riyadh - Souq,Riyadh,Promo Chocolate Bar,PRM-CHC-06,Snacks,1,6.0,6.0,3.0,cash
2026-05-31,TX-B2_poor_baqala-d00-003148,Riyadh - Souq,Riyadh,Promo Chocolate Bar,PRM-CHC-06,Snacks,1,6.0,6.0,3.0,mada
2026-05-31,TX-B2_poor_baqala-d00-003149,Riyadh - Souq,Riyadh,Promo Chocolate Bar,PRM-CHC-06,Snacks,1,6.0,6.0,3.0,mada
2026-05-31,TX-B2_poor_baqala-d00-003150,Riyadh - Souq,Riyadh,Promo Chocolate Bar,PRM-CHC-06,Snacks,1,6.0,6.0,3.0,cash
2026-05-31,TX-B2_poor_baqala-d00-003151,Riyadh - Souq,Riyadh,Promo Chocolate Bar,PRM-CHC-06,Snacks,1,6.0,6.0,3.0,mada
2026-05-31,TX-B2_poor_baqala-d00-003152,Riyadh - Souq,Riyadh,Promo Chocolate Bar,PRM-CHC-06,Snacks,1,6.0,6.0,3.0,mada
2026-05-31,TX-B2_poor_baqala-d00-003153,Riyadh - Souq,Riyadh,Promo Chocolate Bar,PRM-CHC-06,Snacks,1,6.0,6.0,3.0,card
2026-06-01,TX-B2_poor_baqala-d00-003154,Riyadh - Souq,Riyadh,Promo Chocolate Bar,PRM-CHC-06,Snacks,1,6.0,6.0,3.0,card
2026-06-01,TX-B2_poor_baqala-d00-003155,Riyadh - Souq,Riyadh,Promo Chocolate Bar,PRM-CHC-06,Snacks,1,6.0,6.0,3.0,cash
2026-06-01,TX-B2_poor_baqala-d00-003156,Riyadh - Souq,Riyadh,Promo Chocolate Bar,PRM-CHC-06,Snacks,1,6.0,6.0,3.0,cash
2026-06-01,TX-B2_poor_baqala-d00-003157,Riyadh - Souq,Riyadh,Promo Chocolate Bar,PRM-CHC-06,Snacks,1,6.0,6.0,3.0,mada
2026-06-01,TX-B2_poor_baqala-d00-003158,Riyadh - Souq,Riyadh,Promo Chocolate Bar,PRM-CHC-06,Snacks,1,6.0,6.0,3.0,cash
2026-06-01,TX-B2_poor_baqala-d00-003159,Riyadh - Souq,Riyadh,Promo Chocolate Bar,PRM-CHC-06,Snacks,1,6.0,6.0,3.0,mada
2026-06-01,TX-B2_poor_baqala-d00-003160,Riyadh - Souq,Riyadh,Promo Chocolate Bar,PRM-CHC-06,Snacks,1,6.0,6.0,3.0,cash
2026-06-01,TX-B2_poor_baqala-d00-003161,Riyadh - Souq,Riyadh,Promo Chocolate Bar,PRM-CHC-06,Snacks,1,6.0,6.0,3.0,cash
2026-06-02,TX-B2_poor_baqala-d00-003162,Riyadh - Souq,Riyadh,Promo Chocolate Bar,PRM-CHC-06,Snacks,1,6.0,6.0,3.0,mada
2026-06-02,TX-B2_poor_baqala-d00-003163,Riyadh - Souq,Riyadh,Promo Chocolate Bar,PRM-CHC-06,Snacks,1,6.0,6.0,3.0,cash
2026-06-02,TX-B2_poor_baqala-d00-003164,Riyadh - Souq,Riyadh,Promo Chocolate Bar,PRM-CHC-06,Snacks,1,6.0,6.0,3.0,cash
2026-06-02,TX-B2_poor_baqala-d00-003165,Riyadh - Souq,Riyadh,Promo Chocolate Bar,PRM-CHC-06,Snacks,1,6.0,6.0,3.0,mada
2026-06-02,TX-B2_poor_baqala-d00-003166,Riyadh - Souq,Riyadh,Promo Chocolate Bar,PRM-CHC-06,Snacks,1,6.0,6.0,3.0,cash
2026-06-02,TX-B2_poor_baqala-d00-003167,Riyadh - Souq,Riyadh,Promo Chocolate Bar,PRM-CHC-06,Snacks,1,6.0,6.0,3.0,cash
2026-06-03,TX-B2_poor_baqala-d00-003168,Riyadh - Souq,Riyadh,Promo Chocolate Bar,PRM-CHC-06,Snacks,1,6.0,6.0,3.0,mada
2026-06-03,TX-B2_poor_baqala-d00-003169,Riyadh - Souq,Riyadh,Promo Chocolate Bar,PRM-CHC-06,Snacks,1,6.0,6.0,3.0,cash
2026-06-03,TX-B2_poor_baqala-d00-003170,Riyadh - Souq,Riyadh,Promo Chocolate Bar,PRM-CHC-06,Snacks,1,6.0,6.0,3.0,mada
2026-06-03,TX-B2_poor_baqala-d00-003171,Riyadh - Souq,Riyadh,Promo Chocolate Bar,PRM-CHC-06,Snacks,1,6.0,6.0,3.0,cash
2026-06-03,TX-B2_poor_baqala-d00-003172,Riyadh - Souq,Riyadh,Promo Chocolate Bar,PRM-CHC-06,Snacks,1,6.0,6.0,3.0,cash
2026-06-03,TX-B2_poor_baqala-d00-003173,Riyadh - Souq,Riyadh,Promo Chocolate Bar,PRM-CHC-06,Snacks,1,6.0,6.0,3.0,card
2026-06-03,TX-B2_poor_baqala-d00-003174,Riyadh - Souq,Riyadh,Promo Chocolate Bar,PRM-CHC-06,Snacks,1,6.0,6.0,3.0,mada
2026-06-03,TX-B2_poor_baqala-d00-003175,Riyadh - Souq,Riyadh,Promo Chocolate Bar,PRM-CHC-06,Snacks,1,6.0,6.0,3.0,card
2026-06-03,TX-B2_poor_baqala-d00-003176,Riyadh - Souq,Riyadh,Promo Chocolate Bar,PRM-CHC-06,Snacks,1,6.0,6.0,3.0,cash
2026-06-04,TX-B2_poor_baqala-d00-003177,Riyadh - Souq,Riyadh,Promo Chocolate Bar,PRM-CHC-06,Snacks,1,6.0,6.0,3.0,mada
2026-06-04,TX-B2_poor_baqala-d00-003178,Riyadh - Souq,Riyadh,Promo Chocolate Bar,PRM-CHC-06,Snacks,1,6.0,6.0,3.0,cash
2026-06-04,TX-B2_poor_baqala-d00-003179,Riyadh - Souq,Riyadh,Promo Chocolate Bar,PRM-CHC-06,Snacks,1,6.0,6.0,3.0,card
2026-06-04,TX-B2_poor_baqala-d00-003180,Riyadh - Souq,Riyadh,Promo Chocolate Bar,PRM-CHC-06,Snacks,1,6.0,6.0,3.0,cash
2026-06-04,TX-B2_poor_baqala-d00-003181,Riyadh - Souq,Riyadh,Promo Chocolate Bar,PRM-CHC-06,Snacks,1,6.0,6.0,3.0,mada
2026-06-04,TX-B2_poor_baqala-d00-003182,Riyadh - Souq,Riyadh,Promo Chocolate Bar,PRM-CHC-06,Snacks,1,6.0,6.0,3.0,card
2026-06-04,TX-B2_poor_baqala-d00-003183,Riyadh - Souq,Riyadh,Promo Chocolate Bar,PRM-CHC-06,Snacks,1,6.0,6.0,3.0,mada
2026-06-04,TX-B2_poor_baqala-d00-003184,Riyadh - Souq,Riyadh,Promo Chocolate Bar,PRM-CHC-06,Snacks,1,6.0,6.0,3.0,card
2026-06-04,TX-B2_poor_baqala-d00-003185,Riyadh - Souq,Riyadh,Promo Chocolate Bar,PRM-CHC-06,Snacks,1,6.0,6.0,3.0,cash
2026-06-04,TX-B2_poor_baqala-d00-003186,Riyadh - Souq,Riyadh,Promo Chocolate Bar,PRM-CHC-06,Snacks,1,6.0,6.0,3.0,cash
2026-06-05,TX-B2_poor_baqala-d00-003187,Riyadh - Souq,Riyadh,Promo Chocolate Bar,PRM-CHC-06,Snacks,1,6.0,6.0,3.0,mada
2026-06-05,TX-B2_poor_baqala-d00-003188,Riyadh - Souq,Riyadh,Promo Chocolate Bar,PRM-CHC-06,Snacks,1,6.0,6.0,3.0,cash
2026-06-05,TX-B2_poor_baqala-d00-003189,Riyadh - Souq,Riyadh,Promo Chocolate Bar,PRM-CHC-06,Snacks,1,6.0,6.0,3.0,card
2026-06-06,TX-B2_poor_baqala-d00-003190,Riyadh - Souq,Riyadh,Promo Chocolate Bar,PRM-CHC-06,Snacks,1,6.0,6.0,3.0,mada
2026-06-06,TX-B2_poor_baqala-d00-003191,Riyadh - Souq,Riyadh,Promo Chocolate Bar,PRM-CHC-06,Snacks,1,6.0,6.0,3.0,card
2026-06-06,TX-B2_poor_baqala-d00-003192,Riyadh - Souq,Riyadh,Promo Chocolate Bar,PRM-CHC-06,Snacks,1,6.0,6.0,3.0,card
2026-06-06,TX-B2_poor_baqala-d00-003193,Riyadh - Souq,Riyadh,Promo Chocolate Bar,PRM-CHC-06,Snacks,1,6.0,6.0,3.0,cash
2026-06-06,TX-B2_poor_baqala-d00-003194,Riyadh - Souq,Riyadh,Promo Chocolate Bar,PRM-CHC-06,Snacks,1,6.0,6.0,3.0,mada
2026-06-06,TX-B2_poor_baqala-d00-003195,Riyadh - Souq,Riyadh,Promo Chocolate Bar,PRM-CHC-06,Snacks,1,6.0,6.0,3.0,mada
2026-06-06,TX-B2_poor_baqala-d00-003196,Riyadh - Souq,Riyadh,Promo Chocolate Bar,PRM-CHC-06,Snacks,1,6.0,6.0,3.0,mada
2026-06-06,TX-B2_poor_baqala-d00-003197,Riyadh - Souq,Riyadh,Promo Chocolate Bar,PRM-CHC-06,Snacks,1,6.0,6.0,3.0,card
2026-06-07,TX-B2_poor_baqala-d00-003198,Riyadh - Souq,Riyadh,Promo Chocolate Bar,PRM-CHC-06,Snacks,1,6.0,6.0,3.0,mada
2026-06-07,TX-B2_poor_baqala-d00-003199,Riyadh - Souq,Riyadh,Promo Chocolate Bar,PRM-CHC-06,Snacks,1,6.0,6.0,3.0,card
2026-06-07,TX-B2_poor_baqala-d00-003200,Riyadh - Souq,Riyadh,Promo Chocolate Bar,PRM-CHC-06,Snacks,1,6.0,6.0,3.0,card
2026-06-07,TX-B2_poor_baqala-d00-003201,Riyadh - Souq,Riyadh,Promo Chocolate Bar,PRM-CHC-06,Snacks,1,6.0,6.0,3.0,card
2026-06-07,TX-B2_poor_baqala-d00-003202,Riyadh - Souq,Riyadh,Promo Chocolate Bar,PRM-CHC-06,Snacks,1,6.0,6.0,3.0,mada
2026-06-07,TX-B2_poor_baqala-d00-003203,Riyadh - Souq,Riyadh,Promo Chocolate Bar,PRM-CHC-06,Snacks,1,6.0,6.0,3.0,cash
2026-06-07,TX-B2_poor_baqala-d00-003204,Riyadh - Souq,Riyadh,Promo Chocolate Bar,PRM-CHC-06,Snacks,1,6.0,6.0,3.0,cash
2026-06-07,TX-B2_poor_baqala-d00-003205,Riyadh - Souq,Riyadh,Promo Chocolate Bar,PRM-CHC-06,Snacks,1,6.0,6.0,3.0,cash
2026-06-07,TX-B2_poor_baqala-d00-003206,Riyadh - Souq,Riyadh,Promo Chocolate Bar,PRM-CHC-06,Snacks,1,6.0,6.0,3.0,card
2026-06-07,TX-B2_poor_baqala-d00-003207,Riyadh - Souq,Riyadh,Promo Chocolate Bar,PRM-CHC-06,Snacks,1,6.0,6.0,3.0,mada
2026-06-07,TX-B2_poor_baqala-d00-003208,Riyadh - Souq,Riyadh,Promo Chocolate Bar,PRM-CHC-06,Snacks,1,6.0,6.0,3.0,mada
2026-06-08,TX-B2_poor_baqala-d00-003209,Riyadh - Souq,Riyadh,Promo Chocolate Bar,PRM-CHC-06,Snacks,1,6.0,6.0,3.0,card
2026-06-08,TX-B2_poor_baqala-d00-003210,Riyadh - Souq,Riyadh,Promo Chocolate Bar,PRM-CHC-06,Snacks,1,6.0,6.0,3.0,cash
2026-06-08,TX-B2_poor_baqala-d00-003211,Riyadh - Souq,Riyadh,Promo Chocolate Bar,PRM-CHC-06,Snacks,1,6.0,6.0,3.0,cash
2026-06-08,TX-B2_poor_baqala-d00-003212,Riyadh - Souq,Riyadh,Promo Chocolate Bar,PRM-CHC-06,Snacks,1,6.0,6.0,3.0,card
2026-06-08,TX-B2_poor_baqala-d00-003213,Riyadh - Souq,Riyadh,Promo Chocolate Bar,PRM-CHC-06,Snacks,1,6.0,6.0,3.0,mada
2026-06-08,TX-B2_poor_baqala-d00-003214,Riyadh - Souq,Riyadh,Promo Chocolate Bar,PRM-CHC-06,Snacks,1,6.0,6.0,3.0,cash
2026-06-09,TX-B2_poor_baqala-d00-003215,Riyadh - Souq,Riyadh,Promo Chocolate Bar,PRM-CHC-06,Snacks,1,6.0,6.0,3.0,card
2026-06-09,TX-B2_poor_baqala-d00-003216,Riyadh - Souq,Riyadh,Promo Chocolate Bar,PRM-CHC-06,Snacks,1,6.0,6.0,3.0,mada
2026-06-09,TX-B2_poor_baqala-d00-003217,Riyadh - Souq,Riyadh,Promo Chocolate Bar,PRM-CHC-06,Snacks,1,6.0,6.0,3.0,mada
2026-06-09,TX-B2_poor_baqala-d00-003218,Riyadh - Souq,Riyadh,Promo Chocolate Bar,PRM-CHC-06,Snacks,1,6.0,6.0,3.0,card
2026-06-09,TX-B2_poor_baqala-d00-003219,Riyadh - Souq,Riyadh,Promo Chocolate Bar,PRM-CHC-06,Snacks,1,6.0,6.0,3.0,cash
2026-06-09,TX-B2_poor_baqala-d00-003220,Riyadh - Souq,Riyadh,Promo Chocolate Bar,PRM-CHC-06,Snacks,1,6.0,6.0,3.0,mada
2026-06-09,TX-B2_poor_baqala-d00-003221,Riyadh - Souq,Riyadh,Promo Chocolate Bar,PRM-CHC-06,Snacks,1,6.0,6.0,3.0,card
2026-06-10,TX-B2_poor_baqala-d00-003222,Riyadh - Souq,Riyadh,Promo Chocolate Bar,PRM-CHC-06,Snacks,1,6.0,6.0,3.0,mada
2026-06-10,TX-B2_poor_baqala-d00-003223,Riyadh - Souq,Riyadh,Promo Chocolate Bar,PRM-CHC-06,Snacks,1,6.0,6.0,3.0,card
2026-06-10,TX-B2_poor_baqala-d00-003224,Riyadh - Souq,Riyadh,Promo Chocolate Bar,PRM-CHC-06,Snacks,1,6.0,6.0,3.0,cash
2026-06-10,TX-B2_poor_baqala-d00-003225,Riyadh - Souq,Riyadh,Promo Chocolate Bar,PRM-CHC-06,Snacks,1,6.0,6.0,3.0,cash
2026-06-10,TX-B2_poor_baqala-d00-003226,Riyadh - Souq,Riyadh,Promo Chocolate Bar,PRM-CHC-06,Snacks,1,6.0,6.0,3.0,mada
2026-06-10,TX-B2_poor_baqala-d00-003227,Riyadh - Souq,Riyadh,Promo Chocolate Bar,PRM-CHC-06,Snacks,1,6.0,6.0,3.0,cash
2026-06-10,TX-B2_poor_baqala-d00-003228,Riyadh - Souq,Riyadh,Promo Chocolate Bar,PRM-CHC-06,Snacks,1,6.0,6.0,3.0,cash
2026-06-10,TX-B2_poor_baqala-d00-003229,Riyadh - Souq,Riyadh,Promo Chocolate Bar,PRM-CHC-06,Snacks,1,6.0,6.0,3.0,mada
2026-06-11,TX-B2_poor_baqala-d00-003230,Riyadh - Souq,Riyadh,Promo Chocolate Bar,PRM-CHC-06,Snacks,1,6.0,6.0,3.0,card
2026-06-11,TX-B2_poor_baqala-d00-003231,Riyadh - Souq,Riyadh,Promo Chocolate Bar,PRM-CHC-06,Snacks,1,6.0,6.0,3.0,card
2026-06-11,TX-B2_poor_baqala-d00-003232,Riyadh - Souq,Riyadh,Promo Chocolate Bar,PRM-CHC-06,Snacks,1,6.0,6.0,3.0,cash
2026-06-11,TX-B2_poor_baqala-d00-003233,Riyadh - Souq,Riyadh,Promo Chocolate Bar,PRM-CHC-06,Snacks,1,6.0,6.0,3.0,card
2026-06-11,TX-B2_poor_baqala-d00-003234,Riyadh - Souq,Riyadh,Promo Chocolate Bar,PRM-CHC-06,Snacks,1,6.0,6.0,3.0,cash
2026-06-11,TX-B2_poor_baqala-d00-003235,Riyadh - Souq,Riyadh,Promo Chocolate Bar,PRM-CHC-06,Snacks,1,6.0,6.0,3.0,mada
2026-06-12,TX-B2_poor_baqala-d00-003236,Riyadh - Souq,Riyadh,Promo Chocolate Bar,PRM-CHC-06,Snacks,1,6.0,6.0,3.0,cash
2026-06-12,TX-B2_poor_baqala-d00-003237,Riyadh - Souq,Riyadh,Promo Chocolate Bar,PRM-CHC-06,Snacks,1,6.0,6.0,3.0,cash
2026-06-12,TX-B2_poor_baqala-d00-003238,Riyadh - Souq,Riyadh,Promo Chocolate Bar,PRM-CHC-06,Snacks,1,6.0,6.0,3.0,cash
2026-06-12,TX-B2_poor_baqala-d00-003239,Riyadh - Souq,Riyadh,Promo Chocolate Bar,PRM-CHC-06,Snacks,1,6.0,6.0,3.0,card
2026-06-12,TX-B2_poor_baqala-d00-003240,Riyadh - Souq,Riyadh,Promo Chocolate Bar,PRM-CHC-06,Snacks,1,6.0,6.0,3.0,mada
2026-06-12,TX-B2_poor_baqala-d00-003241,Riyadh - Souq,Riyadh,Promo Chocolate Bar,PRM-CHC-06,Snacks,1,6.0,6.0,3.0,mada
2026-06-12,TX-B2_poor_baqala-d00-003242,Riyadh - Souq,Riyadh,Promo Chocolate Bar,PRM-CHC-06,Snacks,1,6.0,6.0,3.0,mada
2026-06-12,TX-B2_poor_baqala-d00-003243,Riyadh - Souq,Riyadh,Promo Chocolate Bar,PRM-CHC-06,Snacks,1,6.0,6.0,3.0,mada
2026-06-12,TX-B2_poor_baqala-d00-003244,Riyadh - Souq,Riyadh,Promo Chocolate Bar,PRM-CHC-06,Snacks,1,6.0,6.0,3.0,mada
2026-06-12,TX-B2_poor_baqala-d00-003245,Riyadh - Souq,Riyadh,Promo Chocolate Bar,PRM-CHC-06,Snacks,1,6.0,6.0,3.0,cash
2026-06-13,TX-B2_poor_baqala-d00-003246,Riyadh - Souq,Riyadh,Promo Chocolate Bar,PRM-CHC-06,Snacks,1,6.0,6.0,3.0,card
2026-06-13,TX-B2_poor_baqala-d00-003247,Riyadh - Souq,Riyadh,Promo Chocolate Bar,PRM-CHC-06,Snacks,1,6.0,6.0,3.0,cash
2026-06-13,TX-B2_poor_baqala-d00-003248,Riyadh - Souq,Riyadh,Promo Chocolate Bar,PRM-CHC-06,Snacks,1,6.0,6.0,3.0,mada
2026-06-13,TX-B2_poor_baqala-d00-003249,Riyadh - Souq,Riyadh,Promo Chocolate Bar,PRM-CHC-06,Snacks,1,6.0,6.0,3.0,cash
2026-06-13,TX-B2_poor_baqala-d00-003250,Riyadh - Souq,Riyadh,Promo Chocolate Bar,PRM-CHC-06,Snacks,1,6.0,6.0,3.0,cash
2026-06-14,TX-B2_poor_baqala-d00-003251,Riyadh - Souq,Riyadh,Promo Chocolate Bar,PRM-CHC-06,Snacks,1,6.0,6.0,3.0,mada
2026-06-14,TX-B2_poor_baqala-d00-003252,Riyadh - Souq,Riyadh,Promo Chocolate Bar,PRM-CHC-06,Snacks,1,6.0,6.0,3.0,cash
2026-06-14,TX-B2_poor_baqala-d00-003253,Riyadh - Souq,Riyadh,Promo Chocolate Bar,PRM-CHC-06,Snacks,1,6.0,6.0,3.0,card
2026-06-14,TX-B2_poor_baqala-d00-003254,Riyadh - Souq,Riyadh,Promo Chocolate Bar,PRM-CHC-06,Snacks,1,6.0,6.0,3.0,card
2026-06-14,TX-B2_poor_baqala-d00-003255,Riyadh - Souq,Riyadh,Promo Chocolate Bar,PRM-CHC-06,Snacks,1,6.0,6.0,3.0,card
2026-06-14,TX-B2_poor_baqala-d00-003256,Riyadh - Souq,Riyadh,Promo Chocolate Bar,PRM-CHC-06,Snacks,1,6.0,6.0,3.0,cash
2026-06-14,TX-B2_poor_baqala-d00-003257,Riyadh - Souq,Riyadh,Promo Chocolate Bar,PRM-CHC-06,Snacks,1,6.0,6.0,3.0,card
2026-06-15,TX-B2_poor_baqala-d00-003258,Riyadh - Souq,Riyadh,Promo Chocolate Bar,PRM-CHC-06,Snacks,1,6.0,6.0,3.0,cash
2026-06-15,TX-B2_poor_baqala-d00-003259,Riyadh - Souq,Riyadh,Promo Chocolate Bar,PRM-CHC-06,Snacks,1,6.0,6.0,3.0,card
2026-06-15,TX-B2_poor_baqala-d00-003260,Riyadh - Souq,Riyadh,Promo Chocolate Bar,PRM-CHC-06,Snacks,1,6.0,6.0,3.0,card
2026-06-15,TX-B2_poor_baqala-d00-003261,Riyadh - Souq,Riyadh,Promo Chocolate Bar,PRM-CHC-06,Snacks,1,6.0,6.0,3.0,card
2026-06-15,TX-B2_poor_baqala-d00-003262,Riyadh - Souq,Riyadh,Promo Chocolate Bar,PRM-CHC-06,Snacks,1,6.0,6.0,3.0,card
2026-06-15,TX-B2_poor_baqala-d00-003263,Riyadh - Souq,Riyadh,Promo Chocolate Bar,PRM-CHC-06,Snacks,1,6.0,6.0,3.0,mada
2026-06-15,TX-B2_poor_baqala-d00-003264,Riyadh - Souq,Riyadh,Promo Chocolate Bar,PRM-CHC-06,Snacks,1,6.0,6.0,3.0,card
2026-06-15,TX-B2_poor_baqala-d00-003265,Riyadh - Souq,Riyadh,Promo Chocolate Bar,PRM-CHC-06,Snacks,1,6.0,6.0,3.0,cash
2026-06-15,TX-B2_poor_baqala-d00-003266,Riyadh - Souq,Riyadh,Promo Chocolate Bar,PRM-CHC-06,Snacks,1,6.0,6.0,3.0,mada
2026-06-16,TX-B2_poor_baqala-d00-003267,Riyadh - Souq,Riyadh,Promo Chocolate Bar,PRM-CHC-06,Snacks,1,6.0,6.0,3.0,mada
2026-06-16,TX-B2_poor_baqala-d00-003268,Riyadh - Souq,Riyadh,Promo Chocolate Bar,PRM-CHC-06,Snacks,1,6.0,6.0,3.0,cash
2026-06-16,TX-B2_poor_baqala-d00-003269,Riyadh - Souq,Riyadh,Promo Chocolate Bar,PRM-CHC-06,Snacks,1,6.0,6.0,3.0,cash
2026-06-16,TX-B2_poor_baqala-d00-003270,Riyadh - Souq,Riyadh,Promo Chocolate Bar,PRM-CHC-06,Snacks,1,6.0,6.0,3.0,mada
2026-06-16,TX-B2_poor_baqala-d00-003271,Riyadh - Souq,Riyadh,Promo Chocolate Bar,PRM-CHC-06,Snacks,1,6.0,6.0,3.0,mada
2026-06-17,TX-B2_poor_baqala-d00-003272,Riyadh - Souq,Riyadh,Promo Chocolate Bar,PRM-CHC-06,Snacks,1,6.0,6.0,3.0,mada
2026-06-17,TX-B2_poor_baqala-d00-003273,Riyadh - Souq,Riyadh,Promo Chocolate Bar,PRM-CHC-06,Snacks,1,6.0,6.0,3.0,mada
2026-06-17,TX-B2_poor_baqala-d00-003274,Riyadh - Souq,Riyadh,Promo Chocolate Bar,PRM-CHC-06,Snacks,1,6.0,6.0,3.0,card
2026-06-17,TX-B2_poor_baqala-d00-003275,Riyadh - Souq,Riyadh,Promo Chocolate Bar,PRM-CHC-06,Snacks,1,6.0,6.0,3.0,card
2026-06-17,TX-B2_poor_baqala-d00-003276,Riyadh - Souq,Riyadh,Promo Chocolate Bar,PRM-CHC-06,Snacks,1,6.0,6.0,3.0,cash
2026-06-17,TX-B2_poor_baqala-d00-003277,Riyadh - Souq,Riyadh,Promo Chocolate Bar,PRM-CHC-06,Snacks,1,6.0,6.0,3.0,cash
2026-06-18,TX-B2_poor_baqala-d00-003278,Riyadh - Souq,Riyadh,Promo Chocolate Bar,PRM-CHC-06,Snacks,1,6.0,6.0,3.0,cash
2026-06-18,TX-B2_poor_baqala-d00-003279,Riyadh - Souq,Riyadh,Promo Chocolate Bar,PRM-CHC-06,Snacks,1,6.0,6.0,3.0,cash
2026-06-18,TX-B2_poor_baqala-d00-003280,Riyadh - Souq,Riyadh,Promo Chocolate Bar,PRM-CHC-06,Snacks,1,6.0,6.0,3.0,card
2026-06-18,TX-B2_poor_baqala-d00-003281,Riyadh - Souq,Riyadh,Promo Chocolate Bar,PRM-CHC-06,Snacks,1,6.0,6.0,3.0,card
2026-06-18,TX-B2_poor_baqala-d00-003282,Riyadh - Souq,Riyadh,Promo Chocolate Bar,PRM-CHC-06,Snacks,1,6.0,6.0,3.0,card
2026-06-18,TX-B2_poor_baqala-d00-003283,Riyadh - Souq,Riyadh,Promo Chocolate Bar,PRM-CHC-06,Snacks,1,6.0,6.0,3.0,card
2026-06-18,TX-B2_poor_baqala-d00-003284,Riyadh - Souq,Riyadh,Promo Chocolate Bar,PRM-CHC-06,Snacks,1,6.0,6.0,3.0,mada
2026-06-18,TX-B2_poor_baqala-d00-003285,Riyadh - Souq,Riyadh,Promo Chocolate Bar,PRM-CHC-06,Snacks,1,6.0,6.0,3.0,card
2026-06-19,TX-B2_poor_baqala-d00-003286,Riyadh - Souq,Riyadh,Promo Chocolate Bar,PRM-CHC-06,Snacks,1,6.0,6.0,3.0,mada
2026-06-19,TX-B2_poor_baqala-d00-003287,Riyadh - Souq,Riyadh,Promo Chocolate Bar,PRM-CHC-06,Snacks,1,6.0,6.0,3.0,cash
2026-06-19,TX-B2_poor_baqala-d00-003288,Riyadh - Souq,Riyadh,Promo Chocolate Bar,PRM-CHC-06,Snacks,1,6.0,6.0,3.0,mada
2026-06-19,TX-B2_poor_baqala-d00-003289,Riyadh - Souq,Riyadh,Promo Chocolate Bar,PRM-CHC-06,Snacks,1,6.0,6.0,3.0,cash
2026-06-19,TX-B2_poor_baqala-d00-003290,Riyadh - Souq,Riyadh,Promo Chocolate Bar,PRM-CHC-06,Snacks,1,6.0,6.0,3.0,mada
2026-06-20,TX-B2_poor_baqala-d00-003291,Riyadh - Souq,Riyadh,Promo Chocolate Bar,PRM-CHC-06,Snacks,1,6.0,6.0,3.0,mada
2026-06-20,TX-B2_poor_baqala-d00-003292,Riyadh - Souq,Riyadh,Promo Chocolate Bar,PRM-CHC-06,Snacks,1,6.0,6.0,3.0,card
2026-06-20,TX-B2_poor_baqala-d00-003293,Riyadh - Souq,Riyadh,Promo Chocolate Bar,PRM-CHC-06,Snacks,1,6.0,6.0,3.0,cash
2026-06-20,TX-B2_poor_baqala-d00-003294,Riyadh - Souq,Riyadh,Promo Chocolate Bar,PRM-CHC-06,Snacks,1,6.0,6.0,3.0,card
2026-06-20,TX-B2_poor_baqala-d00-003295,Riyadh - Souq,Riyadh,Promo Chocolate Bar,PRM-CHC-06,Snacks,1,6.0,6.0,3.0,cash
2026-06-20,TX-B2_poor_baqala-d00-003296,Riyadh - Souq,Riyadh,Promo Chocolate Bar,PRM-CHC-06,Snacks,1,6.0,6.0,3.0,mada
2026-06-20,TX-B2_poor_baqala-d00-003297,Riyadh - Souq,Riyadh,Promo Chocolate Bar,PRM-CHC-06,Snacks,1,6.0,6.0,3.0,mada
2026-06-20,TX-B2_poor_baqala-d00-003298,Riyadh - Souq,Riyadh,Promo Chocolate Bar,PRM-CHC-06,Snacks,1,6.0,6.0,3.0,cash
2026-06-21,TX-B2_poor_baqala-d00-003299,Riyadh - Souq,Riyadh,Promo Chocolate Bar,PRM-CHC-06,Snacks,1,6.0,6.0,3.0,card
2026-06-21,TX-B2_poor_baqala-d00-003300,Riyadh - Souq,Riyadh,Promo Chocolate Bar,PRM-CHC-06,Snacks,1,6.0,6.0,3.0,mada
2026-06-21,TX-B2_poor_baqala-d00-003301,Riyadh - Souq,Riyadh,Promo Chocolate Bar,PRM-CHC-06,Snacks,1,6.0,6.0,3.0,mada
2026-06-21,TX-B2_poor_baqala-d00-003302,Riyadh - Souq,Riyadh,Promo Chocolate Bar,PRM-CHC-06,Snacks,1,6.0,6.0,3.0,card
2026-06-21,TX-B2_poor_baqala-d00-003303,Riyadh - Souq,Riyadh,Promo Chocolate Bar,PRM-CHC-06,Snacks,1,6.0,6.0,3.0,cash
2026-06-21,TX-B2_poor_baqala-d00-003304,Riyadh - Souq,Riyadh,Promo Chocolate Bar,PRM-CHC-06,Snacks,1,6.0,6.0,3.0,mada
2026-06-21,TX-B2_poor_baqala-d00-003305,Riyadh - Souq,Riyadh,Promo Chocolate Bar,PRM-CHC-06,Snacks,1,6.0,6.0,3.0,mada
2026-06-21,TX-B2_poor_baqala-d00-003306,Riyadh - Souq,Riyadh,Promo Chocolate Bar,PRM-CHC-06,Snacks,1,6.0,6.0,3.0,mada
2026-06-21,TX-B2_poor_baqala-d00-003307,Riyadh - Souq,Riyadh,Promo Chocolate Bar,PRM-CHC-06,Snacks,1,6.0,6.0,3.0,cash
2026-06-21,TX-B2_poor_baqala-d00-003308,Riyadh - Souq,Riyadh,Promo Chocolate Bar,PRM-CHC-06,Snacks,1,6.0,6.0,3.0,card
2026-06-21,TX-B2_poor_baqala-d00-003309,Riyadh - Souq,Riyadh,Promo Chocolate Bar,PRM-CHC-06,Snacks,1,6.0,6.0,3.0,card
2026-06-22,TX-B2_poor_baqala-d00-003310,Riyadh - Souq,Riyadh,Promo Chocolate Bar,PRM-CHC-06,Snacks,1,6.0,6.0,3.0,card
2026-06-22,TX-B2_poor_baqala-d00-003311,Riyadh - Souq,Riyadh,Promo Chocolate Bar,PRM-CHC-06,Snacks,1,6.0,6.0,3.0,card
2026-06-22,TX-B2_poor_baqala-d00-003312,Riyadh - Souq,Riyadh,Promo Chocolate Bar,PRM-CHC-06,Snacks,1,6.0,6.0,3.0,cash
2026-06-22,TX-B2_poor_baqala-d00-003313,Riyadh - Souq,Riyadh,Promo Chocolate Bar,PRM-CHC-06,Snacks,1,6.0,6.0,3.0,card
2026-06-22,TX-B2_poor_baqala-d00-003314,Riyadh - Souq,Riyadh,Promo Chocolate Bar,PRM-CHC-06,Snacks,1,6.0,6.0,3.0,card
2026-06-22,TX-B2_poor_baqala-d00-003315,Riyadh - Souq,Riyadh,Promo Chocolate Bar,PRM-CHC-06,Snacks,1,6.0,6.0,3.0,cash
2026-06-22,TX-B2_poor_baqala-d00-003316,Riyadh - Souq,Riyadh,Promo Chocolate Bar,PRM-CHC-06,Snacks,1,6.0,6.0,3.0,card
2026-06-22,TX-B2_poor_baqala-d00-003317,Riyadh - Souq,Riyadh,Promo Chocolate Bar,PRM-CHC-06,Snacks,1,6.0,6.0,3.0,cash
2026-06-22,TX-B2_poor_baqala-d00-003318,Riyadh - Souq,Riyadh,Promo Chocolate Bar,PRM-CHC-06,Snacks,1,6.0,6.0,3.0,mada
2026-06-23,TX-B2_poor_baqala-d00-003319,Riyadh - Souq,Riyadh,Promo Chocolate Bar,PRM-CHC-06,Snacks,1,6.0,6.0,3.0,card
2026-06-23,TX-B2_poor_baqala-d00-003320,Riyadh - Souq,Riyadh,Promo Chocolate Bar,PRM-CHC-06,Snacks,1,6.0,6.0,3.0,cash
2026-06-23,TX-B2_poor_baqala-d00-003321,Riyadh - Souq,Riyadh,Promo Chocolate Bar,PRM-CHC-06,Snacks,1,6.0,6.0,3.0,cash
2026-06-23,TX-B2_poor_baqala-d00-003322,Riyadh - Souq,Riyadh,Promo Chocolate Bar,PRM-CHC-06,Snacks,1,6.0,6.0,3.0,card
2026-06-23,TX-B2_poor_baqala-d00-003323,Riyadh - Souq,Riyadh,Promo Chocolate Bar,PRM-CHC-06,Snacks,1,6.0,6.0,3.0,cash
2026-06-23,TX-B2_poor_baqala-d00-003324,Riyadh - Souq,Riyadh,Promo Chocolate Bar,PRM-CHC-06,Snacks,1,6.0,6.0,3.0,cash
2026-06-23,TX-B2_poor_baqala-d00-003325,Riyadh - Souq,Riyadh,Promo Chocolate Bar,PRM-CHC-06,Snacks,1,6.0,6.0,3.0,cash
2026-06-23,TX-B2_poor_baqala-d00-003326,Riyadh - Souq,Riyadh,Promo Chocolate Bar,PRM-CHC-06,Snacks,1,6.0,6.0,3.0,card
2026-06-23,TX-B2_poor_baqala-d00-003327,Riyadh - Souq,Riyadh,Promo Chocolate Bar,PRM-CHC-06,Snacks,1,6.0,6.0,3.0,card
2026-06-24,TX-B2_poor_baqala-d00-003328,Riyadh - Souq,Riyadh,Promo Chocolate Bar,PRM-CHC-06,Snacks,1,6.0,6.0,3.0,cash
2026-06-24,TX-B2_poor_baqala-d00-003329,Riyadh - Souq,Riyadh,Promo Chocolate Bar,PRM-CHC-06,Snacks,1,6.0,6.0,3.0,mada
2026-06-24,TX-B2_poor_baqala-d00-003330,Riyadh - Souq,Riyadh,Promo Chocolate Bar,PRM-CHC-06,Snacks,1,6.0,6.0,3.0,mada
2026-06-24,TX-B2_poor_baqala-d00-003331,Riyadh - Souq,Riyadh,Promo Chocolate Bar,PRM-CHC-06,Snacks,1,6.0,6.0,3.0,mada
2026-06-24,TX-B2_poor_baqala-d00-003332,Riyadh - Souq,Riyadh,Promo Chocolate Bar,PRM-CHC-06,Snacks,1,6.0,6.0,3.0,cash
2026-06-24,TX-B2_poor_baqala-d00-003333,Riyadh - Souq,Riyadh,Promo Chocolate Bar,PRM-CHC-06,Snacks,1,6.0,6.0,3.0,cash
2026-06-24,TX-B2_poor_baqala-d00-003334,Riyadh - Souq,Riyadh,Promo Chocolate Bar,PRM-CHC-06,Snacks,1,6.0,6.0,3.0,cash
2026-06-24,TX-B2_poor_baqala-d00-003335,Riyadh - Souq,Riyadh,Promo Chocolate Bar,PRM-CHC-06,Snacks,1,6.0,6.0,3.0,mada
2026-06-24,TX-B2_poor_baqala-d00-003336,Riyadh - Souq,Riyadh,Promo Chocolate Bar,PRM-CHC-06,Snacks,1,6.0,6.0,3.0,mada
2026-06-25,TX-B2_poor_baqala-d00-003337,Riyadh - Souq,Riyadh,Promo Chocolate Bar,PRM-CHC-06,Snacks,1,6.0,6.0,3.0,cash
2026-06-25,TX-B2_poor_baqala-d00-003338,Riyadh - Souq,Riyadh,Promo Chocolate Bar,PRM-CHC-06,Snacks,1,6.0,6.0,3.0,cash
2026-06-25,TX-B2_poor_baqala-d00-003339,Riyadh - Souq,Riyadh,Promo Chocolate Bar,PRM-CHC-06,Snacks,1,6.0,6.0,3.0,mada
2026-06-25,TX-B2_poor_baqala-d00-003340,Riyadh - Souq,Riyadh,Promo Chocolate Bar,PRM-CHC-06,Snacks,1,6.0,6.0,3.0,cash
2026-06-25,TX-B2_poor_baqala-d00-003341,Riyadh - Souq,Riyadh,Promo Chocolate Bar,PRM-CHC-06,Snacks,1,6.0,6.0,3.0,mada
2026-06-25,TX-B2_poor_baqala-d00-003342,Riyadh - Souq,Riyadh,Promo Chocolate Bar,PRM-CHC-06,Snacks,1,6.0,6.0,3.0,mada
2026-06-25,TX-B2_poor_baqala-d00-003343,Riyadh - Souq,Riyadh,Promo Chocolate Bar,PRM-CHC-06,Snacks,1,6.0,6.0,3.0,cash
2026-06-26,TX-B2_poor_baqala-d00-003344,Riyadh - Souq,Riyadh,Promo Chocolate Bar,PRM-CHC-06,Snacks,1,6.0,6.0,3.0,cash
2026-06-26,TX-B2_poor_baqala-d00-003345,Riyadh - Souq,Riyadh,Promo Chocolate Bar,PRM-CHC-06,Snacks,1,6.0,6.0,3.0,cash
2026-06-26,TX-B2_poor_baqala-d00-003346,Riyadh - Souq,Riyadh,Promo Chocolate Bar,PRM-CHC-06,Snacks,1,6.0,6.0,3.0,cash
2026-06-26,TX-B2_poor_baqala-d00-003347,Riyadh - Souq,Riyadh,Promo Chocolate Bar,PRM-CHC-06,Snacks,1,6.0,6.0,3.0,cash
2026-06-26,TX-B2_poor_baqala-d00-003348,Riyadh - Souq,Riyadh,Promo Chocolate Bar,PRM-CHC-06,Snacks,1,6.0,6.0,3.0,mada
2026-06-26,TX-B2_poor_baqala-d00-003349,Riyadh - Souq,Riyadh,Promo Chocolate Bar,PRM-CHC-06,Snacks,1,6.0,6.0,3.0,cash
2026-06-26,TX-B2_poor_baqala-d00-003350,Riyadh - Souq,Riyadh,Promo Chocolate Bar,PRM-CHC-06,Snacks,1,6.0,6.0,3.0,card
2026-06-26,TX-B2_poor_baqala-d00-003351,Riyadh - Souq,Riyadh,Promo Chocolate Bar,PRM-CHC-06,Snacks,1,6.0,6.0,3.0,cash
2026-06-26,TX-B2_poor_baqala-d00-003352,Riyadh - Souq,Riyadh,Promo Chocolate Bar,PRM-CHC-06,Snacks,1,6.0,6.0,3.0,mada
2026-06-26,TX-B2_poor_baqala-d00-003353,Riyadh - Souq,Riyadh,Promo Chocolate Bar,PRM-CHC-06,Snacks,1,6.0,6.0,3.0,mada
2026-06-26,TX-B2_poor_baqala-d00-003354,Riyadh - Souq,Riyadh,Promo Chocolate Bar,PRM-CHC-06,Snacks,1,6.0,6.0,3.0,cash
2026-06-26,TX-B2_poor_baqala-d00-003355,Riyadh - Souq,Riyadh,Promo Chocolate Bar,PRM-CHC-06,Snacks,1,6.0,6.0,3.0,card
2026-06-27,TX-B2_poor_baqala-d00-003356,Riyadh - Souq,Riyadh,Promo Chocolate Bar,PRM-CHC-06,Snacks,1,6.0,6.0,3.0,cash
2026-06-27,TX-B2_poor_baqala-d00-003357,Riyadh - Souq,Riyadh,Promo Chocolate Bar,PRM-CHC-06,Snacks,1,6.0,6.0,3.0,card
2026-06-27,TX-B2_poor_baqala-d00-003358,Riyadh - Souq,Riyadh,Promo Chocolate Bar,PRM-CHC-06,Snacks,1,6.0,6.0,3.0,mada
2026-06-27,TX-B2_poor_baqala-d00-003359,Riyadh - Souq,Riyadh,Promo Chocolate Bar,PRM-CHC-06,Snacks,1,6.0,6.0,3.0,mada
2026-06-27,TX-B2_poor_baqala-d00-003360,Riyadh - Souq,Riyadh,Promo Chocolate Bar,PRM-CHC-06,Snacks,1,6.0,6.0,3.0,mada
2026-06-27,TX-B2_poor_baqala-d00-003361,Riyadh - Souq,Riyadh,Promo Chocolate Bar,PRM-CHC-06,Snacks,1,6.0,6.0,3.0,mada
2026-06-28,TX-B2_poor_baqala-d00-003362,Riyadh - Souq,Riyadh,Promo Chocolate Bar,PRM-CHC-06,Snacks,1,6.0,6.0,3.0,card
2026-06-28,TX-B2_poor_baqala-d00-003363,Riyadh - Souq,Riyadh,Promo Chocolate Bar,PRM-CHC-06,Snacks,1,6.0,6.0,3.0,mada
2026-06-28,TX-B2_poor_baqala-d00-003364,Riyadh - Souq,Riyadh,Promo Chocolate Bar,PRM-CHC-06,Snacks,1,6.0,6.0,3.0,mada
2026-06-28,TX-B2_poor_baqala-d00-003365,Riyadh - Souq,Riyadh,Promo Chocolate Bar,PRM-CHC-06,Snacks,1,6.0,6.0,3.0,cash
2026-06-28,TX-B2_poor_baqala-d00-003366,Riyadh - Souq,Riyadh,Promo Chocolate Bar,PRM-CHC-06,Snacks,1,6.0,6.0,3.0,card
2026-06-28,TX-B2_poor_baqala-d00-003367,Riyadh - Souq,Riyadh,Promo Chocolate Bar,PRM-CHC-06,Snacks,1,6.0,6.0,3.0,mada
2026-06-29,TX-B2_poor_baqala-d00-003368,Riyadh - Souq,Riyadh,Promo Chocolate Bar,PRM-CHC-06,Snacks,1,6.0,6.0,3.0,mada
2026-06-29,TX-B2_poor_baqala-d00-003369,Riyadh - Souq,Riyadh,Promo Chocolate Bar,PRM-CHC-06,Snacks,1,6.0,6.0,3.0,cash
2026-06-29,TX-B2_poor_baqala-d00-003370,Riyadh - Souq,Riyadh,Promo Chocolate Bar,PRM-CHC-06,Snacks,1,6.0,6.0,3.0,card
2026-06-29,TX-B2_poor_baqala-d00-003371,Riyadh - Souq,Riyadh,Promo Chocolate Bar,PRM-CHC-06,Snacks,1,6.0,6.0,3.0,cash
2026-06-29,TX-B2_poor_baqala-d00-003372,Riyadh - Souq,Riyadh,Promo Chocolate Bar,PRM-CHC-06,Snacks,1,6.0,6.0,3.0,mada
2026-06-29,TX-B2_poor_baqala-d00-003373,Riyadh - Souq,Riyadh,Promo Chocolate Bar,PRM-CHC-06,Snacks,1,6.0,6.0,3.0,cash
2026-06-29,TX-B2_poor_baqala-d00-003374,Riyadh - Souq,Riyadh,Promo Chocolate Bar,PRM-CHC-06,Snacks,1,6.0,6.0,3.0,card
2026-06-29,TX-B2_poor_baqala-d00-003375,Riyadh - Souq,Riyadh,Promo Chocolate Bar,PRM-CHC-06,Snacks,1,6.0,6.0,3.0,card
2026-06-29,TX-B2_poor_baqala-d00-003376,Riyadh - Souq,Riyadh,Promo Chocolate Bar,PRM-CHC-06,Snacks,1,6.0,6.0,3.0,cash
2026-06-29,TX-B2_poor_baqala-d00-003377,Riyadh - Souq,Riyadh,Promo Chocolate Bar,PRM-CHC-06,Snacks,1,6.0,6.0,3.0,mada
2026-06-30,TX-B2_poor_baqala-d00-003378,Riyadh - Souq,Riyadh,Promo Chocolate Bar,PRM-CHC-06,Snacks,1,6.0,6.0,3.0,cash
2026-06-30,TX-B2_poor_baqala-d00-003379,Riyadh - Souq,Riyadh,Promo Chocolate Bar,PRM-CHC-06,Snacks,1,6.0,6.0,3.0,cash
2026-06-30,TX-B2_poor_baqala-d00-003380,Riyadh - Souq,Riyadh,Promo Chocolate Bar,PRM-CHC-06,Snacks,1,6.0,6.0,3.0,card
2026-06-30,TX-B2_poor_baqala-d00-003381,Riyadh - Souq,Riyadh,Promo Chocolate Bar,PRM-CHC-06,Snacks,1,6.0,6.0,3.0,mada
2026-06-30,TX-B2_poor_baqala-d00-003382,Riyadh - Souq,Riyadh,Promo Chocolate Bar,PRM-CHC-06,Snacks,1,6.0,6.0,3.0,card
2026-06-30,TX-B2_poor_baqala-d00-003383,Riyadh - Souq,Riyadh,Promo Chocolate Bar,PRM-CHC-06,Snacks,1,6.0,6.0,3.0,cash
2026-06-30,TX-B2_poor_baqala-d00-003384,Riyadh - Souq,Riyadh,Promo Chocolate Bar,PRM-CHC-06,Snacks,1,6.0,6.0,3.0,cash
2026-06-30,TX-B2_poor_baqala-d00-003385,Riyadh - Souq,Riyadh,Promo Chocolate Bar,PRM-CHC-06,Snacks,1,6.0,6.0,3.0,mada
2026-06-30,TX-B2_poor_baqala-d00-003386,Riyadh - Souq,Riyadh,Promo Chocolate Bar,PRM-CHC-06,Snacks,1,6.0,6.0,3.0,mada
2026-07-01,TX-B2_poor_baqala-d00-003387,Riyadh - Souq,Riyadh,Promo Chocolate Bar,PRM-CHC-06,Snacks,1,6.0,6.0,3.0,cash
2026-07-01,TX-B2_poor_baqala-d00-003388,Riyadh - Souq,Riyadh,Promo Chocolate Bar,PRM-CHC-06,Snacks,1,6.0,6.0,3.0,mada
2026-07-01,TX-B2_poor_baqala-d00-003389,Riyadh - Souq,Riyadh,Promo Chocolate Bar,PRM-CHC-06,Snacks,1,6.0,6.0,3.0,card
2026-07-01,TX-B2_poor_baqala-d00-003390,Riyadh - Souq,Riyadh,Promo Chocolate Bar,PRM-CHC-06,Snacks,1,6.0,6.0,3.0,mada
2026-07-01,TX-B2_poor_baqala-d00-003391,Riyadh - Souq,Riyadh,Promo Chocolate Bar,PRM-CHC-06,Snacks,1,6.0,6.0,3.0,cash
2026-07-01,TX-B2_poor_baqala-d00-003392,Riyadh - Souq,Riyadh,Promo Chocolate Bar,PRM-CHC-06,Snacks,1,6.0,6.0,3.0,card
2026-07-01,TX-B2_poor_baqala-d00-003393,Riyadh - Souq,Riyadh,Promo Chocolate Bar,PRM-CHC-06,Snacks,1,6.0,6.0,3.0,cash
2026-07-01,TX-B2_poor_baqala-d00-003394,Riyadh - Souq,Riyadh,Promo Chocolate Bar,PRM-CHC-06,Snacks,1,6.0,6.0,3.0,mada
2026-07-02,TX-B2_poor_baqala-d00-003395,Riyadh - Souq,Riyadh,Promo Chocolate Bar,PRM-CHC-06,Snacks,1,6.0,6.0,3.0,mada
2026-07-02,TX-B2_poor_baqala-d00-003396,Riyadh - Souq,Riyadh,Promo Chocolate Bar,PRM-CHC-06,Snacks,1,6.0,6.0,3.0,cash
2026-07-02,TX-B2_poor_baqala-d00-003397,Riyadh - Souq,Riyadh,Promo Chocolate Bar,PRM-CHC-06,Snacks,1,6.0,6.0,3.0,cash
2026-07-02,TX-B2_poor_baqala-d00-003398,Riyadh - Souq,Riyadh,Promo Chocolate Bar,PRM-CHC-06,Snacks,1,6.0,6.0,3.0,card
2026-07-02,TX-B2_poor_baqala-d00-003399,Riyadh - Souq,Riyadh,Promo Chocolate Bar,PRM-CHC-06,Snacks,1,6.0,6.0,3.0,cash
2026-07-02,TX-B2_poor_baqala-d00-003400,Riyadh - Souq,Riyadh,Promo Chocolate Bar,PRM-CHC-06,Snacks,1,6.0,6.0,3.0,mada
2026-07-03,TX-B2_poor_baqala-d00-003401,Riyadh - Souq,Riyadh,Promo Chocolate Bar,PRM-CHC-06,Snacks,1,6.0,6.0,3.0,card
2026-07-03,TX-B2_poor_baqala-d00-003402,Riyadh - Souq,Riyadh,Promo Chocolate Bar,PRM-CHC-06,Snacks,1,6.0,6.0,3.0,card
2026-07-03,TX-B2_poor_baqala-d00-003403,Riyadh - Souq,Riyadh,Promo Chocolate Bar,PRM-CHC-06,Snacks,1,6.0,6.0,3.0,cash
2026-07-03,TX-B2_poor_baqala-d00-003404,Riyadh - Souq,Riyadh,Promo Chocolate Bar,PRM-CHC-06,Snacks,1,6.0,6.0,3.0,mada
2026-07-03,TX-B2_poor_baqala-d00-003405,Riyadh - Souq,Riyadh,Promo Chocolate Bar,PRM-CHC-06,Snacks,1,6.0,6.0,3.0,mada
2026-07-03,TX-B2_poor_baqala-d00-003406,Riyadh - Souq,Riyadh,Promo Chocolate Bar,PRM-CHC-06,Snacks,1,6.0,6.0,3.0,mada
2026-07-03,TX-B2_poor_baqala-d00-003407,Riyadh - Souq,Riyadh,Promo Chocolate Bar,PRM-CHC-06,Snacks,1,6.0,6.0,3.0,cash
2026-07-03,TX-B2_poor_baqala-d00-003408,Riyadh - Souq,Riyadh,Promo Chocolate Bar,PRM-CHC-06,Snacks,1,6.0,6.0,3.0,mada
2026-07-03,TX-B2_poor_baqala-d00-003409,Riyadh - Souq,Riyadh,Promo Chocolate Bar,PRM-CHC-06,Snacks,1,6.0,6.0,3.0,cash
2026-07-04,TX-B2_poor_baqala-d00-003410,Riyadh - Souq,Riyadh,Promo Chocolate Bar,PRM-CHC-06,Snacks,1,6.0,6.0,3.0,card
2026-07-04,TX-B2_poor_baqala-d00-003411,Riyadh - Souq,Riyadh,Promo Chocolate Bar,PRM-CHC-06,Snacks,1,6.0,6.0,3.0,card
2026-07-04,TX-B2_poor_baqala-d00-003412,Riyadh - Souq,Riyadh,Promo Chocolate Bar,PRM-CHC-06,Snacks,1,6.0,6.0,3.0,cash
2026-07-04,TX-B2_poor_baqala-d00-003413,Riyadh - Souq,Riyadh,Promo Chocolate Bar,PRM-CHC-06,Snacks,1,6.0,6.0,3.0,cash
2026-07-04,TX-B2_poor_baqala-d00-003414,Riyadh - Souq,Riyadh,Promo Chocolate Bar,PRM-CHC-06,Snacks,1,6.0,6.0,3.0,mada
2026-07-04,TX-B2_poor_baqala-d00-003415,Riyadh - Souq,Riyadh,Promo Chocolate Bar,PRM-CHC-06,Snacks,1,6.0,6.0,3.0,card
2026-07-05,TX-B2_poor_baqala-d00-003416,Riyadh - Souq,Riyadh,Promo Chocolate Bar,PRM-CHC-06,Snacks,1,6.0,6.0,3.0,mada
2026-07-05,TX-B2_poor_baqala-d00-003417,Riyadh - Souq,Riyadh,Promo Chocolate Bar,PRM-CHC-06,Snacks,1,6.0,6.0,3.0,cash
2026-07-05,TX-B2_poor_baqala-d00-003418,Riyadh - Souq,Riyadh,Promo Chocolate Bar,PRM-CHC-06,Snacks,1,6.0,6.0,3.0,cash
2026-07-05,TX-B2_poor_baqala-d00-003419,Riyadh - Souq,Riyadh,Promo Chocolate Bar,PRM-CHC-06,Snacks,1,6.0,6.0,3.0,card
2026-07-05,TX-B2_poor_baqala-d00-003420,Riyadh - Souq,Riyadh,Promo Chocolate Bar,PRM-CHC-06,Snacks,1,6.0,6.0,3.0,cash
2026-07-05,TX-B2_poor_baqala-d00-003421,Riyadh - Souq,Riyadh,Promo Chocolate Bar,PRM-CHC-06,Snacks,1,6.0,6.0,3.0,cash
2026-07-05,TX-B2_poor_baqala-d00-003422,Riyadh - Souq,Riyadh,Promo Chocolate Bar,PRM-CHC-06,Snacks,1,6.0,6.0,3.0,card
2026-07-05,TX-B2_poor_baqala-d00-003423,Riyadh - Souq,Riyadh,Promo Chocolate Bar,PRM-CHC-06,Snacks,1,6.0,6.0,3.0,mada
2026-07-06,TX-B2_poor_baqala-d00-003424,Riyadh - Souq,Riyadh,Promo Chocolate Bar,PRM-CHC-06,Snacks,1,6.0,6.0,3.0,card
2026-07-06,TX-B2_poor_baqala-d00-003425,Riyadh - Souq,Riyadh,Promo Chocolate Bar,PRM-CHC-06,Snacks,1,6.0,6.0,3.0,cash
2026-07-06,TX-B2_poor_baqala-d00-003426,Riyadh - Souq,Riyadh,Promo Chocolate Bar,PRM-CHC-06,Snacks,1,6.0,6.0,3.0,card
2026-07-06,TX-B2_poor_baqala-d00-003427,Riyadh - Souq,Riyadh,Promo Chocolate Bar,PRM-CHC-06,Snacks,1,6.0,6.0,3.0,mada
2026-07-06,TX-B2_poor_baqala-d00-003428,Riyadh - Souq,Riyadh,Promo Chocolate Bar,PRM-CHC-06,Snacks,1,6.0,6.0,3.0,mada
2026-07-06,TX-B2_poor_baqala-d00-003429,Riyadh - Souq,Riyadh,Promo Chocolate Bar,PRM-CHC-06,Snacks,1,6.0,6.0,3.0,cash
2026-07-06,TX-B2_poor_baqala-d00-003430,Riyadh - Souq,Riyadh,Promo Chocolate Bar,PRM-CHC-06,Snacks,1,6.0,6.0,3.0,cash
2026-07-06,TX-B2_poor_baqala-d00-003431,Riyadh - Souq,Riyadh,Promo Chocolate Bar,PRM-CHC-06,Snacks,1,6.0,6.0,3.0,mada
2026-07-06,TX-B2_poor_baqala-d00-003432,Riyadh - Souq,Riyadh,Promo Chocolate Bar,PRM-CHC-06,Snacks,1,6.0,6.0,3.0,card
2026-07-06,TX-B2_poor_baqala-d00-003433,Riyadh - Souq,Riyadh,Promo Chocolate Bar,PRM-CHC-06,Snacks,1,6.0,6.0,3.0,card
2026-07-07,TX-B2_poor_baqala-d00-003434,Riyadh - Souq,Riyadh,Promo Chocolate Bar,PRM-CHC-06,Snacks,1,6.0,6.0,3.0,mada
2026-07-07,TX-B2_poor_baqala-d00-003435,Riyadh - Souq,Riyadh,Promo Chocolate Bar,PRM-CHC-06,Snacks,1,6.0,6.0,3.0,card
2026-07-07,TX-B2_poor_baqala-d00-003436,Riyadh - Souq,Riyadh,Promo Chocolate Bar,PRM-CHC-06,Snacks,1,6.0,6.0,3.0,mada
2026-07-07,TX-B2_poor_baqala-d00-003437,Riyadh - Souq,Riyadh,Promo Chocolate Bar,PRM-CHC-06,Snacks,1,6.0,6.0,3.0,cash
2026-07-07,TX-B2_poor_baqala-d00-003438,Riyadh - Souq,Riyadh,Promo Chocolate Bar,PRM-CHC-06,Snacks,1,6.0,6.0,3.0,card
2026-07-07,TX-B2_poor_baqala-d00-003439,Riyadh - Souq,Riyadh,Promo Chocolate Bar,PRM-CHC-06,Snacks,1,6.0,6.0,3.0,mada
2026-07-07,TX-B2_poor_baqala-d00-003440,Riyadh - Souq,Riyadh,Promo Chocolate Bar,PRM-CHC-06,Snacks,1,6.0,6.0,3.0,mada
2026-07-07,TX-B2_poor_baqala-d00-003441,Riyadh - Souq,Riyadh,Promo Chocolate Bar,PRM-CHC-06,Snacks,1,6.0,6.0,3.0,card
2026-07-08,TX-B2_poor_baqala-d00-003442,Riyadh - Souq,Riyadh,Promo Chocolate Bar,PRM-CHC-06,Snacks,1,6.0,6.0,3.0,cash
2026-07-08,TX-B2_poor_baqala-d00-003443,Riyadh - Souq,Riyadh,Promo Chocolate Bar,PRM-CHC-06,Snacks,1,6.0,6.0,3.0,card
2026-07-08,TX-B2_poor_baqala-d00-003444,Riyadh - Souq,Riyadh,Promo Chocolate Bar,PRM-CHC-06,Snacks,1,6.0,6.0,3.0,mada
2026-07-08,TX-B2_poor_baqala-d00-003445,Riyadh - Souq,Riyadh,Promo Chocolate Bar,PRM-CHC-06,Snacks,1,6.0,6.0,3.0,mada
2026-07-08,TX-B2_poor_baqala-d00-003446,Riyadh - Souq,Riyadh,Promo Chocolate Bar,PRM-CHC-06,Snacks,1,6.0,6.0,3.0,cash
2026-07-08,TX-B2_poor_baqala-d00-003447,Riyadh - Souq,Riyadh,Promo Chocolate Bar,PRM-CHC-06,Snacks,1,6.0,6.0,3.0,mada
2026-07-08,TX-B2_poor_baqala-d00-003448,Riyadh - Souq,Riyadh,Promo Chocolate Bar,PRM-CHC-06,Snacks,1,6.0,6.0,3.0,mada
2026-07-09,TX-B2_poor_baqala-d00-003449,Riyadh - Souq,Riyadh,Promo Chocolate Bar,PRM-CHC-06,Snacks,1,6.0,6.0,3.0,mada
2026-07-09,TX-B2_poor_baqala-d00-003450,Riyadh - Souq,Riyadh,Promo Chocolate Bar,PRM-CHC-06,Snacks,1,6.0,6.0,3.0,cash
2026-07-09,TX-B2_poor_baqala-d00-003451,Riyadh - Souq,Riyadh,Promo Chocolate Bar,PRM-CHC-06,Snacks,1,6.0,6.0,3.0,cash
2026-07-09,TX-B2_poor_baqala-d00-003452,Riyadh - Souq,Riyadh,Promo Chocolate Bar,PRM-CHC-06,Snacks,1,6.0,6.0,3.0,card
2026-07-09,TX-B2_poor_baqala-d00-003453,Riyadh - Souq,Riyadh,Promo Chocolate Bar,PRM-CHC-06,Snacks,1,6.0,6.0,3.0,cash
2026-07-09,TX-B2_poor_baqala-d00-003454,Riyadh - Souq,Riyadh,Promo Chocolate Bar,PRM-CHC-06,Snacks,1,6.0,6.0,3.0,card
2026-07-09,TX-B2_poor_baqala-d00-003455,Riyadh - Souq,Riyadh,Promo Chocolate Bar,PRM-CHC-06,Snacks,1,6.0,6.0,3.0,card
2026-07-09,TX-B2_poor_baqala-d00-003456,Riyadh - Souq,Riyadh,Promo Chocolate Bar,PRM-CHC-06,Snacks,1,6.0,6.0,3.0,card
2026-07-09,TX-B2_poor_baqala-d00-003457,Riyadh - Souq,Riyadh,Promo Chocolate Bar,PRM-CHC-06,Snacks,1,6.0,6.0,3.0,card
2026-07-09,TX-B2_poor_baqala-d00-003458,Riyadh - Souq,Riyadh,Promo Chocolate Bar,PRM-CHC-06,Snacks,1,6.0,6.0,3.0,cash
2026-07-10,TX-B2_poor_baqala-d00-003459,Riyadh - Souq,Riyadh,Promo Chocolate Bar,PRM-CHC-06,Snacks,1,6.0,6.0,3.0,mada
2026-07-10,TX-B2_poor_baqala-d00-003460,Riyadh - Souq,Riyadh,Promo Chocolate Bar,PRM-CHC-06,Snacks,1,6.0,6.0,3.0,cash
2026-07-10,TX-B2_poor_baqala-d00-003461,Riyadh - Souq,Riyadh,Promo Chocolate Bar,PRM-CHC-06,Snacks,1,6.0,6.0,3.0,card
2026-07-10,TX-B2_poor_baqala-d00-003462,Riyadh - Souq,Riyadh,Promo Chocolate Bar,PRM-CHC-06,Snacks,1,6.0,6.0,3.0,card
2026-07-10,TX-B2_poor_baqala-d00-003463,Riyadh - Souq,Riyadh,Promo Chocolate Bar,PRM-CHC-06,Snacks,1,6.0,6.0,3.0,card
2026-07-10,TX-B2_poor_baqala-d00-003464,Riyadh - Souq,Riyadh,Promo Chocolate Bar,PRM-CHC-06,Snacks,1,6.0,6.0,3.0,mada
2026-07-10,TX-B2_poor_baqala-d00-003465,Riyadh - Souq,Riyadh,Promo Chocolate Bar,PRM-CHC-06,Snacks,1,6.0,6.0,3.0,mada
2026-07-10,TX-B2_poor_baqala-d00-003466,Riyadh - Souq,Riyadh,Promo Chocolate Bar,PRM-CHC-06,Snacks,1,6.0,6.0,3.0,cash
2026-07-10,TX-B2_poor_baqala-d00-003467,Riyadh - Souq,Riyadh,Promo Chocolate Bar,PRM-CHC-06,Snacks,1,6.0,6.0,3.0,card
2026-07-11,TX-B2_poor_baqala-d00-003468,Riyadh - Souq,Riyadh,Promo Chocolate Bar,PRM-CHC-06,Snacks,1,6.0,6.0,3.0,card
2026-07-11,TX-B2_poor_baqala-d00-003469,Riyadh - Souq,Riyadh,Promo Chocolate Bar,PRM-CHC-06,Snacks,1,6.0,6.0,3.0,cash
2026-07-11,TX-B2_poor_baqala-d00-003470,Riyadh - Souq,Riyadh,Promo Chocolate Bar,PRM-CHC-06,Snacks,1,6.0,6.0,3.0,mada
2026-07-11,TX-B2_poor_baqala-d00-003471,Riyadh - Souq,Riyadh,Promo Chocolate Bar,PRM-CHC-06,Snacks,1,6.0,6.0,3.0,cash
2026-07-11,TX-B2_poor_baqala-d00-003472,Riyadh - Souq,Riyadh,Promo Chocolate Bar,PRM-CHC-06,Snacks,1,6.0,6.0,3.0,cash
2026-07-11,TX-B2_poor_baqala-d00-003473,Riyadh - Souq,Riyadh,Promo Chocolate Bar,PRM-CHC-06,Snacks,1,6.0,6.0,3.0,card
2026-07-11,TX-B2_poor_baqala-d00-003474,Riyadh - Souq,Riyadh,Promo Chocolate Bar,PRM-CHC-06,Snacks,1,6.0,6.0,3.0,cash
2026-07-11,TX-B2_poor_baqala-d00-003475,Riyadh - Souq,Riyadh,Promo Chocolate Bar,PRM-CHC-06,Snacks,1,6.0,6.0,3.0,card
2026-07-11,TX-B2_poor_baqala-d00-003476,Riyadh - Souq,Riyadh,Promo Chocolate Bar,PRM-CHC-06,Snacks,1,6.0,6.0,3.0,cash
2026-07-12,TX-B2_poor_baqala-d00-003477,Riyadh - Souq,Riyadh,Promo Chocolate Bar,PRM-CHC-06,Snacks,1,6.0,6.0,3.0,mada
2026-07-12,TX-B2_poor_baqala-d00-003478,Riyadh - Souq,Riyadh,Promo Chocolate Bar,PRM-CHC-06,Snacks,1,6.0,6.0,3.0,cash
2026-07-12,TX-B2_poor_baqala-d00-003479,Riyadh - Souq,Riyadh,Promo Chocolate Bar,PRM-CHC-06,Snacks,1,6.0,6.0,3.0,mada
2026-07-12,TX-B2_poor_baqala-d00-003480,Riyadh - Souq,Riyadh,Promo Chocolate Bar,PRM-CHC-06,Snacks,1,6.0,6.0,3.0,card
2026-07-12,TX-B2_poor_baqala-d00-003481,Riyadh - Souq,Riyadh,Promo Chocolate Bar,PRM-CHC-06,Snacks,1,6.0,6.0,3.0,cash
2026-07-13,TX-B2_poor_baqala-d00-003482,Riyadh - Souq,Riyadh,Promo Chocolate Bar,PRM-CHC-06,Snacks,1,6.0,6.0,3.0,cash
2026-07-13,TX-B2_poor_baqala-d00-003483,Riyadh - Souq,Riyadh,Promo Chocolate Bar,PRM-CHC-06,Snacks,1,6.0,6.0,3.0,cash
2026-07-13,TX-B2_poor_baqala-d00-003484,Riyadh - Souq,Riyadh,Promo Chocolate Bar,PRM-CHC-06,Snacks,1,6.0,6.0,3.0,cash
2026-07-13,TX-B2_poor_baqala-d00-003485,Riyadh - Souq,Riyadh,Promo Chocolate Bar,PRM-CHC-06,Snacks,1,6.0,6.0,3.0,cash
2026-07-13,TX-B2_poor_baqala-d00-003486,Riyadh - Souq,Riyadh,Promo Chocolate Bar,PRM-CHC-06,Snacks,1,6.0,6.0,3.0,mada
2026-07-13,TX-B2_poor_baqala-d00-003487,Riyadh - Souq,Riyadh,Promo Chocolate Bar,PRM-CHC-06,Snacks,1,6.0,6.0,3.0,cash
2026-07-13,TX-B2_poor_baqala-d00-003488,Riyadh - Souq,Riyadh,Promo Chocolate Bar,PRM-CHC-06,Snacks,1,6.0,6.0,3.0,cash
2026-07-13,TX-B2_poor_baqala-d00-003489,Riyadh - Souq,Riyadh,Promo Chocolate Bar,PRM-CHC-06,Snacks,1,6.0,6.0,3.0,cash
2026-07-13,TX-B2_poor_baqala-d00-003490,Riyadh - Souq,Riyadh,Promo Chocolate Bar,PRM-CHC-06,Snacks,1,6.0,6.0,3.0,cash
2026-07-14,TX-B2_poor_baqala-d00-003491,Riyadh - Souq,Riyadh,Promo Chocolate Bar,PRM-CHC-06,Snacks,1,6.0,6.0,3.0,card
2026-07-14,TX-B2_poor_baqala-d00-003492,Riyadh - Souq,Riyadh,Promo Chocolate Bar,PRM-CHC-06,Snacks,1,6.0,6.0,3.0,mada
2026-07-14,TX-B2_poor_baqala-d00-003493,Riyadh - Souq,Riyadh,Promo Chocolate Bar,PRM-CHC-06,Snacks,1,6.0,6.0,3.0,mada
2026-07-14,TX-B2_poor_baqala-d00-003494,Riyadh - Souq,Riyadh,Promo Chocolate Bar,PRM-CHC-06,Snacks,1,6.0,6.0,3.0,mada
2026-07-14,TX-B2_poor_baqala-d00-003495,Riyadh - Souq,Riyadh,Promo Chocolate Bar,PRM-CHC-06,Snacks,1,6.0,6.0,3.0,card
2026-07-15,TX-B2_poor_baqala-d00-003496,Riyadh - Souq,Riyadh,Promo Chocolate Bar,PRM-CHC-06,Snacks,1,6.0,6.0,3.0,card
2026-07-15,TX-B2_poor_baqala-d00-003497,Riyadh - Souq,Riyadh,Promo Chocolate Bar,PRM-CHC-06,Snacks,1,6.0,6.0,3.0,card
2026-07-15,TX-B2_poor_baqala-d00-003498,Riyadh - Souq,Riyadh,Promo Chocolate Bar,PRM-CHC-06,Snacks,1,6.0,6.0,3.0,cash
2026-07-15,TX-B2_poor_baqala-d00-003499,Riyadh - Souq,Riyadh,Promo Chocolate Bar,PRM-CHC-06,Snacks,1,6.0,6.0,3.0,card
2026-07-15,TX-B2_poor_baqala-d00-003500,Riyadh - Souq,Riyadh,Promo Chocolate Bar,PRM-CHC-06,Snacks,1,6.0,6.0,3.0,mada
2026-07-15,TX-B2_poor_baqala-d00-003501,Riyadh - Souq,Riyadh,Promo Chocolate Bar,PRM-CHC-06,Snacks,1,6.0,6.0,3.0,mada
2026-07-15,TX-B2_poor_baqala-d00-003502,Riyadh - Souq,Riyadh,Promo Chocolate Bar,PRM-CHC-06,Snacks,1,6.0,6.0,3.0,cash
2026-07-16,TX-B2_poor_baqala-d00-003503,Riyadh - Souq,Riyadh,Promo Chocolate Bar,PRM-CHC-06,Snacks,1,6.0,6.0,3.0,card
2026-07-16,TX-B2_poor_baqala-d00-003504,Riyadh - Souq,Riyadh,Promo Chocolate Bar,PRM-CHC-06,Snacks,1,6.0,6.0,3.0,cash
2026-07-16,TX-B2_poor_baqala-d00-003505,Riyadh - Souq,Riyadh,Promo Chocolate Bar,PRM-CHC-06,Snacks,1,6.0,6.0,3.0,cash
2026-07-16,TX-B2_poor_baqala-d00-003506,Riyadh - Souq,Riyadh,Promo Chocolate Bar,PRM-CHC-06,Snacks,1,6.0,6.0,3.0,card
2026-07-16,TX-B2_poor_baqala-d00-003507,Riyadh - Souq,Riyadh,Promo Chocolate Bar,PRM-CHC-06,Snacks,1,6.0,6.0,3.0,mada
2026-07-16,TX-B2_poor_baqala-d00-003508,Riyadh - Souq,Riyadh,Promo Chocolate Bar,PRM-CHC-06,Snacks,1,6.0,6.0,3.0,mada
2026-07-16,TX-B2_poor_baqala-d00-003509,Riyadh - Souq,Riyadh,Promo Chocolate Bar,PRM-CHC-06,Snacks,1,6.0,6.0,3.0,cash
2026-07-16,TX-B2_poor_baqala-d00-003510,Riyadh - Souq,Riyadh,Promo Chocolate Bar,PRM-CHC-06,Snacks,1,6.0,6.0,3.0,card
2026-07-16,TX-B2_poor_baqala-d00-003511,Riyadh - Souq,Riyadh,Promo Chocolate Bar,PRM-CHC-06,Snacks,1,6.0,6.0,3.0,card
2026-07-17,TX-B2_poor_baqala-d00-003512,Riyadh - Souq,Riyadh,Promo Chocolate Bar,PRM-CHC-06,Snacks,1,6.0,6.0,3.0,cash
2026-07-17,TX-B2_poor_baqala-d00-003513,Riyadh - Souq,Riyadh,Promo Chocolate Bar,PRM-CHC-06,Snacks,1,6.0,6.0,3.0,cash
2026-07-17,TX-B2_poor_baqala-d00-003514,Riyadh - Souq,Riyadh,Promo Chocolate Bar,PRM-CHC-06,Snacks,1,6.0,6.0,3.0,cash
2026-07-17,TX-B2_poor_baqala-d00-003515,Riyadh - Souq,Riyadh,Promo Chocolate Bar,PRM-CHC-06,Snacks,1,6.0,6.0,3.0,mada
2026-07-17,TX-B2_poor_baqala-d00-003516,Riyadh - Souq,Riyadh,Promo Chocolate Bar,PRM-CHC-06,Snacks,1,6.0,6.0,3.0,mada
2026-07-17,TX-B2_poor_baqala-d00-003517,Riyadh - Souq,Riyadh,Promo Chocolate Bar,PRM-CHC-06,Snacks,1,6.0,6.0,3.0,cash
2026-07-17,TX-B2_poor_baqala-d00-003518,Riyadh - Souq,Riyadh,Promo Chocolate Bar,PRM-CHC-06,Snacks,1,6.0,6.0,3.0,cash
2026-07-18,TX-B2_poor_baqala-d00-003519,Riyadh - Souq,Riyadh,Promo Chocolate Bar,PRM-CHC-06,Snacks,1,6.0,6.0,3.0,cash
2026-07-18,TX-B2_poor_baqala-d00-003520,Riyadh - Souq,Riyadh,Promo Chocolate Bar,PRM-CHC-06,Snacks,1,6.0,6.0,3.0,cash
2026-07-18,TX-B2_poor_baqala-d00-003521,Riyadh - Souq,Riyadh,Promo Chocolate Bar,PRM-CHC-06,Snacks,1,6.0,6.0,3.0,card
2026-07-18,TX-B2_poor_baqala-d00-003522,Riyadh - Souq,Riyadh,Promo Chocolate Bar,PRM-CHC-06,Snacks,1,6.0,6.0,3.0,card
2026-07-18,TX-B2_poor_baqala-d00-003523,Riyadh - Souq,Riyadh,Promo Chocolate Bar,PRM-CHC-06,Snacks,1,6.0,6.0,3.0,card
2026-07-18,TX-B2_poor_baqala-d00-003524,Riyadh - Souq,Riyadh,Promo Chocolate Bar,PRM-CHC-06,Snacks,1,6.0,6.0,3.0,cash
2026-07-18,TX-B2_poor_baqala-d00-003525,Riyadh - Souq,Riyadh,Promo Chocolate Bar,PRM-CHC-06,Snacks,1,6.0,6.0,3.0,card
2026-07-18,TX-B2_poor_baqala-d00-003526,Riyadh - Souq,Riyadh,Promo Chocolate Bar,PRM-CHC-06,Snacks,1,6.0,6.0,3.0,card
2026-07-18,TX-B2_poor_baqala-d00-003527,Riyadh - Souq,Riyadh,Promo Chocolate Bar,PRM-CHC-06,Snacks,1,6.0,6.0,3.0,card
2026-07-18,TX-B2_poor_baqala-d00-003528,Riyadh - Souq,Riyadh,Promo Chocolate Bar,PRM-CHC-06,Snacks,1,6.0,6.0,3.0,mada
2026-07-18,TX-B2_poor_baqala-d00-003529,Riyadh - Souq,Riyadh,Promo Chocolate Bar,PRM-CHC-06,Snacks,1,6.0,6.0,3.0,card
2026-07-19,TX-B2_poor_baqala-d00-003530,Riyadh - Souq,Riyadh,Promo Chocolate Bar,PRM-CHC-06,Snacks,1,6.0,6.0,3.0,mada
2026-07-19,TX-B2_poor_baqala-d00-003531,Riyadh - Souq,Riyadh,Promo Chocolate Bar,PRM-CHC-06,Snacks,1,6.0,6.0,3.0,cash
2026-07-19,TX-B2_poor_baqala-d00-003532,Riyadh - Souq,Riyadh,Promo Chocolate Bar,PRM-CHC-06,Snacks,1,6.0,6.0,3.0,card
2026-07-19,TX-B2_poor_baqala-d00-003533,Riyadh - Souq,Riyadh,Promo Chocolate Bar,PRM-CHC-06,Snacks,1,6.0,6.0,3.0,cash
2026-07-19,TX-B2_poor_baqala-d00-003534,Riyadh - Souq,Riyadh,Promo Chocolate Bar,PRM-CHC-06,Snacks,1,6.0,6.0,3.0,mada
2026-07-19,TX-B2_poor_baqala-d00-003535,Riyadh - Souq,Riyadh,Promo Chocolate Bar,PRM-CHC-06,Snacks,1,6.0,6.0,3.0,mada
2026-07-19,TX-B2_poor_baqala-d00-003536,Riyadh - Souq,Riyadh,Promo Chocolate Bar,PRM-CHC-06,Snacks,1,6.0,6.0,3.0,cash
2026-07-19,TX-B2_poor_baqala-d00-003537,Riyadh - Souq,Riyadh,Promo Chocolate Bar,PRM-CHC-06,Snacks,1,6.0,6.0,3.0,mada
2026-07-19,TX-B2_poor_baqala-d00-003538,Riyadh - Souq,Riyadh,Promo Chocolate Bar,PRM-CHC-06,Snacks,1,6.0,6.0,3.0,mada
2026-07-19,TX-B2_poor_baqala-d00-003539,Riyadh - Souq,Riyadh,Promo Chocolate Bar,PRM-CHC-06,Snacks,1,6.0,6.0,3.0,cash
2026-07-19,TX-B2_poor_baqala-d00-003540,Riyadh - Souq,Riyadh,Promo Chocolate Bar,PRM-CHC-06,Snacks,1,6.0,6.0,3.0,card
2026-07-20,TX-B2_poor_baqala-d00-003541,Riyadh - Souq,Riyadh,Promo Chocolate Bar,PRM-CHC-06,Snacks,1,6.0,6.0,3.0,cash
2026-07-20,TX-B2_poor_baqala-d00-003542,Riyadh - Souq,Riyadh,Promo Chocolate Bar,PRM-CHC-06,Snacks,1,6.0,6.0,3.0,card
2026-07-20,TX-B2_poor_baqala-d00-003543,Riyadh - Souq,Riyadh,Promo Chocolate Bar,PRM-CHC-06,Snacks,1,6.0,6.0,3.0,mada
2026-07-20,TX-B2_poor_baqala-d00-003544,Riyadh - Souq,Riyadh,Promo Chocolate Bar,PRM-CHC-06,Snacks,1,6.0,6.0,3.0,mada
2026-07-20,TX-B2_poor_baqala-d00-003545,Riyadh - Souq,Riyadh,Promo Chocolate Bar,PRM-CHC-06,Snacks,1,6.0,6.0,3.0,cash
2026-07-20,TX-B2_poor_baqala-d00-003546,Riyadh - Souq,Riyadh,Promo Chocolate Bar,PRM-CHC-06,Snacks,1,6.0,6.0,3.0,mada
2026-07-20,TX-B2_poor_baqala-d00-003547,Riyadh - Souq,Riyadh,Promo Chocolate Bar,PRM-CHC-06,Snacks,1,6.0,6.0,3.0,cash
2026-07-20,TX-B2_poor_baqala-d00-003548,Riyadh - Souq,Riyadh,Promo Chocolate Bar,PRM-CHC-06,Snacks,1,6.0,6.0,3.0,card
2026-07-20,TX-B2_poor_baqala-d00-003549,Riyadh - Souq,Riyadh,Promo Chocolate Bar,PRM-CHC-06,Snacks,1,6.0,6.0,3.0,mada
2026-07-21,TX-B2_poor_baqala-d00-003550,Riyadh - Souq,Riyadh,Promo Chocolate Bar,PRM-CHC-06,Snacks,1,6.0,6.0,3.0,card
2026-07-21,TX-B2_poor_baqala-d00-003551,Riyadh - Souq,Riyadh,Promo Chocolate Bar,PRM-CHC-06,Snacks,1,6.0,6.0,3.0,card
2026-07-21,TX-B2_poor_baqala-d00-003552,Riyadh - Souq,Riyadh,Promo Chocolate Bar,PRM-CHC-06,Snacks,1,6.0,6.0,3.0,mada
2026-07-21,TX-B2_poor_baqala-d00-003553,Riyadh - Souq,Riyadh,Promo Chocolate Bar,PRM-CHC-06,Snacks,1,6.0,6.0,3.0,mada
2026-07-21,TX-B2_poor_baqala-d00-003554,Riyadh - Souq,Riyadh,Promo Chocolate Bar,PRM-CHC-06,Snacks,1,6.0,6.0,3.0,cash
2026-07-21,TX-B2_poor_baqala-d00-003555,Riyadh - Souq,Riyadh,Promo Chocolate Bar,PRM-CHC-06,Snacks,1,6.0,6.0,3.0,card
2026-07-21,TX-B2_poor_baqala-d00-003556,Riyadh - Souq,Riyadh,Promo Chocolate Bar,PRM-CHC-06,Snacks,1,6.0,6.0,3.0,cash
2026-07-21,TX-B2_poor_baqala-d00-003557,Riyadh - Souq,Riyadh,Promo Chocolate Bar,PRM-CHC-06,Snacks,1,6.0,6.0,3.0,mada
2026-07-21,TX-B2_poor_baqala-d00-003558,Riyadh - Souq,Riyadh,Promo Chocolate Bar,PRM-CHC-06,Snacks,1,6.0,6.0,3.0,mada
2026-07-22,TX-B2_poor_baqala-d00-003559,Riyadh - Souq,Riyadh,Promo Chocolate Bar,PRM-CHC-06,Snacks,1,6.0,6.0,3.0,mada
2026-07-22,TX-B2_poor_baqala-d00-003560,Riyadh - Souq,Riyadh,Promo Chocolate Bar,PRM-CHC-06,Snacks,1,6.0,6.0,3.0,mada
2026-07-22,TX-B2_poor_baqala-d00-003561,Riyadh - Souq,Riyadh,Promo Chocolate Bar,PRM-CHC-06,Snacks,1,6.0,6.0,3.0,cash
2026-07-22,TX-B2_poor_baqala-d00-003562,Riyadh - Souq,Riyadh,Promo Chocolate Bar,PRM-CHC-06,Snacks,1,6.0,6.0,3.0,cash
2026-07-22,TX-B2_poor_baqala-d00-003563,Riyadh - Souq,Riyadh,Promo Chocolate Bar,PRM-CHC-06,Snacks,1,6.0,6.0,3.0,cash
2026-07-23,TX-B2_poor_baqala-d00-003564,Riyadh - Souq,Riyadh,Promo Chocolate Bar,PRM-CHC-06,Snacks,1,6.0,6.0,3.0,mada
2026-07-23,TX-B2_poor_baqala-d00-003565,Riyadh - Souq,Riyadh,Promo Chocolate Bar,PRM-CHC-06,Snacks,1,6.0,6.0,3.0,mada
2026-07-23,TX-B2_poor_baqala-d00-003566,Riyadh - Souq,Riyadh,Promo Chocolate Bar,PRM-CHC-06,Snacks,1,6.0,6.0,3.0,mada
2026-07-23,TX-B2_poor_baqala-d00-003567,Riyadh - Souq,Riyadh,Promo Chocolate Bar,PRM-CHC-06,Snacks,1,6.0,6.0,3.0,cash
2026-07-23,TX-B2_poor_baqala-d00-003568,Riyadh - Souq,Riyadh,Promo Chocolate Bar,PRM-CHC-06,Snacks,1,6.0,6.0,3.0,mada
2026-07-23,TX-B2_poor_baqala-d00-003569,Riyadh - Souq,Riyadh,Promo Chocolate Bar,PRM-CHC-06,Snacks,1,6.0,6.0,3.0,cash
2026-07-23,TX-B2_poor_baqala-d00-003570,Riyadh - Souq,Riyadh,Promo Chocolate Bar,PRM-CHC-06,Snacks,1,6.0,6.0,3.0,card
2026-07-23,TX-B2_poor_baqala-d00-003571,Riyadh - Souq,Riyadh,Promo Chocolate Bar,PRM-CHC-06,Snacks,1,6.0,6.0,3.0,card
2026-07-23,TX-B2_poor_baqala-d00-003572,Riyadh - Souq,Riyadh,Promo Chocolate Bar,PRM-CHC-06,Snacks,1,6.0,6.0,3.0,card
2026-07-23,TX-B2_poor_baqala-d00-003573,Riyadh - Souq,Riyadh,Promo Chocolate Bar,PRM-CHC-06,Snacks,1,6.0,6.0,3.0,mada
2026-07-24,TX-B2_poor_baqala-d00-003574,Riyadh - Souq,Riyadh,Promo Chocolate Bar,PRM-CHC-06,Snacks,1,6.0,6.0,3.0,mada
2026-07-24,TX-B2_poor_baqala-d00-003575,Riyadh - Souq,Riyadh,Promo Chocolate Bar,PRM-CHC-06,Snacks,1,6.0,6.0,3.0,card
2026-07-24,TX-B2_poor_baqala-d00-003576,Riyadh - Souq,Riyadh,Promo Chocolate Bar,PRM-CHC-06,Snacks,1,6.0,6.0,3.0,cash
2026-07-24,TX-B2_poor_baqala-d00-003577,Riyadh - Souq,Riyadh,Promo Chocolate Bar,PRM-CHC-06,Snacks,1,6.0,6.0,3.0,mada
2026-07-24,TX-B2_poor_baqala-d00-003578,Riyadh - Souq,Riyadh,Promo Chocolate Bar,PRM-CHC-06,Snacks,1,6.0,6.0,3.0,mada
2026-07-25,TX-B2_poor_baqala-d00-003579,Riyadh - Souq,Riyadh,Promo Chocolate Bar,PRM-CHC-06,Snacks,1,6.0,6.0,3.0,cash
2026-07-25,TX-B2_poor_baqala-d00-003580,Riyadh - Souq,Riyadh,Promo Chocolate Bar,PRM-CHC-06,Snacks,1,6.0,6.0,3.0,card
2026-07-25,TX-B2_poor_baqala-d00-003581,Riyadh - Souq,Riyadh,Promo Chocolate Bar,PRM-CHC-06,Snacks,1,6.0,6.0,3.0,mada
2026-07-25,TX-B2_poor_baqala-d00-003582,Riyadh - Souq,Riyadh,Promo Chocolate Bar,PRM-CHC-06,Snacks,1,6.0,6.0,3.0,cash
2026-07-25,TX-B2_poor_baqala-d00-003583,Riyadh - Souq,Riyadh,Promo Chocolate Bar,PRM-CHC-06,Snacks,1,6.0,6.0,3.0,cash
2026-07-25,TX-B2_poor_baqala-d00-003584,Riyadh - Souq,Riyadh,Promo Chocolate Bar,PRM-CHC-06,Snacks,1,6.0,6.0,3.0,cash
2026-07-25,TX-B2_poor_baqala-d00-003585,Riyadh - Souq,Riyadh,Promo Chocolate Bar,PRM-CHC-06,Snacks,1,6.0,6.0,3.0,cash
2026-07-25,TX-B2_poor_baqala-d00-003586,Riyadh - Souq,Riyadh,Promo Chocolate Bar,PRM-CHC-06,Snacks,1,6.0,6.0,3.0,cash
2026-07-26,TX-B2_poor_baqala-d00-003587,Riyadh - Souq,Riyadh,Promo Chocolate Bar,PRM-CHC-06,Snacks,1,6.0,6.0,3.0,cash
2026-07-26,TX-B2_poor_baqala-d00-003588,Riyadh - Souq,Riyadh,Promo Chocolate Bar,PRM-CHC-06,Snacks,1,6.0,6.0,3.0,mada
2026-07-26,TX-B2_poor_baqala-d00-003589,Riyadh - Souq,Riyadh,Promo Chocolate Bar,PRM-CHC-06,Snacks,1,6.0,6.0,3.0,cash
2026-07-26,TX-B2_poor_baqala-d00-003590,Riyadh - Souq,Riyadh,Promo Chocolate Bar,PRM-CHC-06,Snacks,1,6.0,6.0,3.0,card
2026-07-26,TX-B2_poor_baqala-d00-003591,Riyadh - Souq,Riyadh,Promo Chocolate Bar,PRM-CHC-06,Snacks,1,6.0,6.0,3.0,mada
2026-07-26,TX-B2_poor_baqala-d00-003592,Riyadh - Souq,Riyadh,Promo Chocolate Bar,PRM-CHC-06,Snacks,1,6.0,6.0,3.0,mada
2026-07-26,TX-B2_poor_baqala-d00-003593,Riyadh - Souq,Riyadh,Promo Chocolate Bar,PRM-CHC-06,Snacks,1,6.0,6.0,3.0,card
2026-07-26,TX-B2_poor_baqala-d00-003594,Riyadh - Souq,Riyadh,Promo Chocolate Bar,PRM-CHC-06,Snacks,1,6.0,6.0,3.0,card
2026-07-27,TX-B2_poor_baqala-d00-003595,Riyadh - Souq,Riyadh,Promo Chocolate Bar,PRM-CHC-06,Snacks,1,6.0,6.0,3.0,card
2026-07-27,TX-B2_poor_baqala-d00-003596,Riyadh - Souq,Riyadh,Promo Chocolate Bar,PRM-CHC-06,Snacks,1,6.0,6.0,3.0,mada
2026-07-27,TX-B2_poor_baqala-d00-003597,Riyadh - Souq,Riyadh,Promo Chocolate Bar,PRM-CHC-06,Snacks,1,6.0,6.0,3.0,cash
2026-07-27,TX-B2_poor_baqala-d00-003598,Riyadh - Souq,Riyadh,Promo Chocolate Bar,PRM-CHC-06,Snacks,1,6.0,6.0,3.0,card
2026-07-27,TX-B2_poor_baqala-d00-003599,Riyadh - Souq,Riyadh,Promo Chocolate Bar,PRM-CHC-06,Snacks,1,6.0,6.0,3.0,cash
2026-07-27,TX-B2_poor_baqala-d00-003600,Riyadh - Souq,Riyadh,Promo Chocolate Bar,PRM-CHC-06,Snacks,1,6.0,6.0,3.0,mada
2026-07-27,TX-B2_poor_baqala-d00-003601,Riyadh - Souq,Riyadh,Promo Chocolate Bar,PRM-CHC-06,Snacks,1,6.0,6.0,3.0,card
2026-07-27,TX-B2_poor_baqala-d00-003602,Riyadh - Souq,Riyadh,Promo Chocolate Bar,PRM-CHC-06,Snacks,1,6.0,6.0,3.0,card
2026-07-28,TX-B2_poor_baqala-d00-003603,Riyadh - Souq,Riyadh,Promo Chocolate Bar,PRM-CHC-06,Snacks,1,6.0,6.0,3.0,card
2026-07-28,TX-B2_poor_baqala-d00-003604,Riyadh - Souq,Riyadh,Promo Chocolate Bar,PRM-CHC-06,Snacks,1,6.0,6.0,3.0,mada
2026-07-28,TX-B2_poor_baqala-d00-003605,Riyadh - Souq,Riyadh,Promo Chocolate Bar,PRM-CHC-06,Snacks,1,6.0,6.0,3.0,card
2026-07-28,TX-B2_poor_baqala-d00-003606,Riyadh - Souq,Riyadh,Promo Chocolate Bar,PRM-CHC-06,Snacks,1,6.0,6.0,3.0,mada
2026-07-28,TX-B2_poor_baqala-d00-003607,Riyadh - Souq,Riyadh,Promo Chocolate Bar,PRM-CHC-06,Snacks,1,6.0,6.0,3.0,mada
2026-07-28,TX-B2_poor_baqala-d00-003608,Riyadh - Souq,Riyadh,Promo Chocolate Bar,PRM-CHC-06,Snacks,1,6.0,6.0,3.0,card
2026-07-28,TX-B2_poor_baqala-d00-003609,Riyadh - Souq,Riyadh,Promo Chocolate Bar,PRM-CHC-06,Snacks,1,6.0,6.0,3.0,card
2026-07-28,TX-B2_poor_baqala-d00-003610,Riyadh - Souq,Riyadh,Promo Chocolate Bar,PRM-CHC-06,Snacks,1,6.0,6.0,3.0,mada
2026-07-29,TX-B2_poor_baqala-d00-003611,Riyadh - Souq,Riyadh,Promo Chocolate Bar,PRM-CHC-06,Snacks,1,6.0,6.0,3.0,card
2026-07-29,TX-B2_poor_baqala-d00-003612,Riyadh - Souq,Riyadh,Promo Chocolate Bar,PRM-CHC-06,Snacks,1,6.0,6.0,3.0,mada
2026-07-29,TX-B2_poor_baqala-d00-003613,Riyadh - Souq,Riyadh,Promo Chocolate Bar,PRM-CHC-06,Snacks,1,6.0,6.0,3.0,card
2026-07-29,TX-B2_poor_baqala-d00-003614,Riyadh - Souq,Riyadh,Promo Chocolate Bar,PRM-CHC-06,Snacks,1,6.0,6.0,3.0,mada
2026-07-29,TX-B2_poor_baqala-d00-003615,Riyadh - Souq,Riyadh,Promo Chocolate Bar,PRM-CHC-06,Snacks,1,6.0,6.0,3.0,card
2026-07-29,TX-B2_poor_baqala-d00-003616,Riyadh - Souq,Riyadh,Promo Chocolate Bar,PRM-CHC-06,Snacks,1,6.0,6.0,3.0,mada
2026-07-29,TX-B2_poor_baqala-d00-003617,Riyadh - Souq,Riyadh,Promo Chocolate Bar,PRM-CHC-06,Snacks,1,6.0,6.0,3.0,cash
2026-07-29,TX-B2_poor_baqala-d00-003618,Riyadh - Souq,Riyadh,Promo Chocolate Bar,PRM-CHC-06,Snacks,1,6.0,6.0,3.0,card
2026-07-30,TX-B2_poor_baqala-d00-003619,Riyadh - Souq,Riyadh,Promo Chocolate Bar,PRM-CHC-06,Snacks,1,6.0,6.0,3.0,cash
2026-07-30,TX-B2_poor_baqala-d00-003620,Riyadh - Souq,Riyadh,Promo Chocolate Bar,PRM-CHC-06,Snacks,1,6.0,6.0,3.0,cash
2026-07-30,TX-B2_poor_baqala-d00-003621,Riyadh - Souq,Riyadh,Promo Chocolate Bar,PRM-CHC-06,Snacks,1,6.0,6.0,3.0,card
2026-07-30,TX-B2_poor_baqala-d00-003622,Riyadh - Souq,Riyadh,Promo Chocolate Bar,PRM-CHC-06,Snacks,1,6.0,6.0,3.0,mada
2026-07-30,TX-B2_poor_baqala-d00-003623,Riyadh - Souq,Riyadh,Promo Chocolate Bar,PRM-CHC-06,Snacks,1,6.0,6.0,3.0,mada
2026-07-30,TX-B2_poor_baqala-d00-003624,Riyadh - Souq,Riyadh,Promo Chocolate Bar,PRM-CHC-06,Snacks,1,6.0,6.0,3.0,mada
2026-07-30,TX-B2_poor_baqala-d00-003625,Riyadh - Souq,Riyadh,Promo Chocolate Bar,PRM-CHC-06,Snacks,1,6.0,6.0,3.0,card
2026-07-30,TX-B2_poor_baqala-d00-003626,Riyadh - Souq,Riyadh,Promo Chocolate Bar,PRM-CHC-06,Snacks,1,6.0,6.0,3.0,mada
2026-07-31,TX-B2_poor_baqala-d00-003627,Riyadh - Souq,Riyadh,Promo Chocolate Bar,PRM-CHC-06,Snacks,1,6.0,6.0,3.0,card
2026-07-31,TX-B2_poor_baqala-d00-003628,Riyadh - Souq,Riyadh,Promo Chocolate Bar,PRM-CHC-06,Snacks,1,6.0,6.0,3.0,cash
2026-07-31,TX-B2_poor_baqala-d00-003629,Riyadh - Souq,Riyadh,Promo Chocolate Bar,PRM-CHC-06,Snacks,1,6.0,6.0,3.0,mada
2026-07-31,TX-B2_poor_baqala-d00-003630,Riyadh - Souq,Riyadh,Promo Chocolate Bar,PRM-CHC-06,Snacks,1,6.0,6.0,3.0,card
2026-07-31,TX-B2_poor_baqala-d00-003631,Riyadh - Souq,Riyadh,Promo Chocolate Bar,PRM-CHC-06,Snacks,1,6.0,6.0,3.0,mada
2026-07-31,TX-B2_poor_baqala-d00-003632,Riyadh - Souq,Riyadh,Promo Chocolate Bar,PRM-CHC-06,Snacks,1,6.0,6.0,3.0,cash
2026-07-31,TX-B2_poor_baqala-d00-003633,Riyadh - Souq,Riyadh,Promo Chocolate Bar,PRM-CHC-06,Snacks,1,6.0,6.0,3.0,card
2026-07-31,TX-B2_poor_baqala-d00-003634,Riyadh - Souq,Riyadh,Promo Chocolate Bar,PRM-CHC-06,Snacks,1,6.0,6.0,3.0,mada
2026-07-31,TX-B2_poor_baqala-d00-003635,Riyadh - Souq,Riyadh,Promo Chocolate Bar,PRM-CHC-06,Snacks,1,6.0,6.0,3.0,card
2026-07-31,TX-B2_poor_baqala-d00-003636,Riyadh - Souq,Riyadh,Promo Chocolate Bar,PRM-CHC-06,Snacks,1,6.0,6.0,3.0,mada
2026-07-31,TX-B2_poor_baqala-d00-003637,Riyadh - Souq,Riyadh,Promo Chocolate Bar,PRM-CHC-06,Snacks,1,6.0,6.0,3.0,card
2026-08-01,TX-B2_poor_baqala-d00-003638,Riyadh - Souq,Riyadh,Promo Chocolate Bar,PRM-CHC-06,Snacks,1,6.0,6.0,3.0,mada
2026-08-01,TX-B2_poor_baqala-d00-003639,Riyadh - Souq,Riyadh,Promo Chocolate Bar,PRM-CHC-06,Snacks,1,6.0,6.0,3.0,cash
2026-08-01,TX-B2_poor_baqala-d00-003640,Riyadh - Souq,Riyadh,Promo Chocolate Bar,PRM-CHC-06,Snacks,1,6.0,6.0,3.0,cash
2026-08-01,TX-B2_poor_baqala-d00-003641,Riyadh - Souq,Riyadh,Promo Chocolate Bar,PRM-CHC-06,Snacks,1,6.0,6.0,3.0,mada
2026-08-01,TX-B2_poor_baqala-d00-003642,Riyadh - Souq,Riyadh,Promo Chocolate Bar,PRM-CHC-06,Snacks,1,6.0,6.0,3.0,mada
2026-08-01,TX-B2_poor_baqala-d00-003643,Riyadh - Souq,Riyadh,Promo Chocolate Bar,PRM-CHC-06,Snacks,1,6.0,6.0,3.0,card
2026-08-01,TX-B2_poor_baqala-d00-003644,Riyadh - Souq,Riyadh,Promo Chocolate Bar,PRM-CHC-06,Snacks,1,6.0,6.0,3.0,card
2026-08-01,TX-B2_poor_baqala-d00-003645,Riyadh - Souq,Riyadh,Promo Chocolate Bar,PRM-CHC-06,Snacks,1,6.0,6.0,3.0,cash
2026-08-01,TX-B2_poor_baqala-d00-003646,Riyadh - Souq,Riyadh,Promo Chocolate Bar,PRM-CHC-06,Snacks,1,6.0,6.0,3.0,cash
2026-08-01,TX-B2_poor_baqala-d00-003647,Riyadh - Souq,Riyadh,Promo Chocolate Bar,PRM-CHC-06,Snacks,1,6.0,6.0,3.0,cash
2026-08-01,TX-B2_poor_baqala-d00-003648,Riyadh - Souq,Riyadh,Promo Chocolate Bar,PRM-CHC-06,Snacks,1,6.0,6.0,3.0,mada
2026-08-02,TX-B2_poor_baqala-d00-003649,Riyadh - Souq,Riyadh,Promo Chocolate Bar,PRM-CHC-06,Snacks,1,6.0,6.0,3.0,mada
2026-08-02,TX-B2_poor_baqala-d00-003650,Riyadh - Souq,Riyadh,Promo Chocolate Bar,PRM-CHC-06,Snacks,1,6.0,6.0,3.0,card
2026-08-02,TX-B2_poor_baqala-d00-003651,Riyadh - Souq,Riyadh,Promo Chocolate Bar,PRM-CHC-06,Snacks,1,6.0,6.0,3.0,card
2026-08-02,TX-B2_poor_baqala-d00-003652,Riyadh - Souq,Riyadh,Promo Chocolate Bar,PRM-CHC-06,Snacks,1,6.0,6.0,3.0,cash
2026-08-02,TX-B2_poor_baqala-d00-003653,Riyadh - Souq,Riyadh,Promo Chocolate Bar,PRM-CHC-06,Snacks,1,6.0,6.0,3.0,cash
2026-08-02,TX-B2_poor_baqala-d00-003654,Riyadh - Souq,Riyadh,Promo Chocolate Bar,PRM-CHC-06,Snacks,1,6.0,6.0,3.0,mada
2026-08-02,TX-B2_poor_baqala-d00-003655,Riyadh - Souq,Riyadh,Promo Chocolate Bar,PRM-CHC-06,Snacks,1,6.0,6.0,3.0,cash
2026-08-03,TX-B2_poor_baqala-d00-003656,Riyadh - Souq,Riyadh,Promo Chocolate Bar,PRM-CHC-06,Snacks,1,6.0,6.0,3.0,card
2026-08-03,TX-B2_poor_baqala-d00-003657,Riyadh - Souq,Riyadh,Promo Chocolate Bar,PRM-CHC-06,Snacks,1,6.0,6.0,3.0,card
2026-08-03,TX-B2_poor_baqala-d00-003658,Riyadh - Souq,Riyadh,Promo Chocolate Bar,PRM-CHC-06,Snacks,1,6.0,6.0,3.0,card
2026-08-03,TX-B2_poor_baqala-d00-003659,Riyadh - Souq,Riyadh,Promo Chocolate Bar,PRM-CHC-06,Snacks,1,6.0,6.0,3.0,mada
2026-08-03,TX-B2_poor_baqala-d00-003660,Riyadh - Souq,Riyadh,Promo Chocolate Bar,PRM-CHC-06,Snacks,1,6.0,6.0,3.0,card
2026-08-03,TX-B2_poor_baqala-d00-003661,Riyadh - Souq,Riyadh,Promo Chocolate Bar,PRM-CHC-06,Snacks,1,6.0,6.0,3.0,mada
2026-08-03,TX-B2_poor_baqala-d00-003662,Riyadh - Souq,Riyadh,Promo Chocolate Bar,PRM-CHC-06,Snacks,1,6.0,6.0,3.0,card
2026-08-03,TX-B2_poor_baqala-d00-003663,Riyadh - Souq,Riyadh,Promo Chocolate Bar,PRM-CHC-06,Snacks,1,6.0,6.0,3.0,mada
2026-08-03,TX-B2_poor_baqala-d00-003664,Riyadh - Souq,Riyadh,Promo Chocolate Bar,PRM-CHC-06,Snacks,1,6.0,6.0,3.0,card
2026-08-03,TX-B2_poor_baqala-d00-003665,Riyadh - Souq,Riyadh,Promo Chocolate Bar,PRM-CHC-06,Snacks,1,6.0,6.0,3.0,mada
2026-08-03,TX-B2_poor_baqala-d00-003666,Riyadh - Souq,Riyadh,Promo Chocolate Bar,PRM-CHC-06,Snacks,1,6.0,6.0,3.0,card
2026-08-04,TX-B2_poor_baqala-d00-003667,Riyadh - Souq,Riyadh,Promo Chocolate Bar,PRM-CHC-06,Snacks,1,6.0,6.0,3.0,card
2026-08-04,TX-B2_poor_baqala-d00-003668,Riyadh - Souq,Riyadh,Promo Chocolate Bar,PRM-CHC-06,Snacks,1,6.0,6.0,3.0,card
2026-08-04,TX-B2_poor_baqala-d00-003669,Riyadh - Souq,Riyadh,Promo Chocolate Bar,PRM-CHC-06,Snacks,1,6.0,6.0,3.0,mada
2026-08-04,TX-B2_poor_baqala-d00-003670,Riyadh - Souq,Riyadh,Promo Chocolate Bar,PRM-CHC-06,Snacks,1,6.0,6.0,3.0,mada
2026-08-04,TX-B2_poor_baqala-d00-003671,Riyadh - Souq,Riyadh,Promo Chocolate Bar,PRM-CHC-06,Snacks,1,6.0,6.0,3.0,card
2026-08-05,TX-B2_poor_baqala-d00-003672,Riyadh - Souq,Riyadh,Promo Chocolate Bar,PRM-CHC-06,Snacks,1,6.0,6.0,3.0,cash
2026-08-05,TX-B2_poor_baqala-d00-003673,Riyadh - Souq,Riyadh,Promo Chocolate Bar,PRM-CHC-06,Snacks,1,6.0,6.0,3.0,mada
2026-08-05,TX-B2_poor_baqala-d00-003674,Riyadh - Souq,Riyadh,Promo Chocolate Bar,PRM-CHC-06,Snacks,1,6.0,6.0,3.0,mada
2026-08-05,TX-B2_poor_baqala-d00-003675,Riyadh - Souq,Riyadh,Promo Chocolate Bar,PRM-CHC-06,Snacks,1,6.0,6.0,3.0,mada
2026-08-05,TX-B2_poor_baqala-d00-003676,Riyadh - Souq,Riyadh,Promo Chocolate Bar,PRM-CHC-06,Snacks,1,6.0,6.0,3.0,card
2026-08-05,TX-B2_poor_baqala-d00-003677,Riyadh - Souq,Riyadh,Promo Chocolate Bar,PRM-CHC-06,Snacks,1,6.0,6.0,3.0,mada
2026-08-05,TX-B2_poor_baqala-d00-003678,Riyadh - Souq,Riyadh,Promo Chocolate Bar,PRM-CHC-06,Snacks,1,6.0,6.0,3.0,card
2026-08-05,TX-B2_poor_baqala-d00-003679,Riyadh - Souq,Riyadh,Promo Chocolate Bar,PRM-CHC-06,Snacks,1,6.0,6.0,3.0,cash
2026-08-06,TX-B2_poor_baqala-d00-003680,Riyadh - Souq,Riyadh,Promo Chocolate Bar,PRM-CHC-06,Snacks,1,6.0,6.0,3.0,cash
2026-08-06,TX-B2_poor_baqala-d00-003681,Riyadh - Souq,Riyadh,Promo Chocolate Bar,PRM-CHC-06,Snacks,1,6.0,6.0,3.0,mada
2026-08-06,TX-B2_poor_baqala-d00-003682,Riyadh - Souq,Riyadh,Promo Chocolate Bar,PRM-CHC-06,Snacks,1,6.0,6.0,3.0,mada
2026-08-06,TX-B2_poor_baqala-d00-003683,Riyadh - Souq,Riyadh,Promo Chocolate Bar,PRM-CHC-06,Snacks,1,6.0,6.0,3.0,mada
2026-08-06,TX-B2_poor_baqala-d00-003684,Riyadh - Souq,Riyadh,Promo Chocolate Bar,PRM-CHC-06,Snacks,1,6.0,6.0,3.0,mada
2026-08-06,TX-B2_poor_baqala-d00-003685,Riyadh - Souq,Riyadh,Promo Chocolate Bar,PRM-CHC-06,Snacks,1,6.0,6.0,3.0,card
2026-08-06,TX-B2_poor_baqala-d00-003686,Riyadh - Souq,Riyadh,Promo Chocolate Bar,PRM-CHC-06,Snacks,1,6.0,6.0,3.0,mada
2026-08-06,TX-B2_poor_baqala-d00-003687,Riyadh - Souq,Riyadh,Promo Chocolate Bar,PRM-CHC-06,Snacks,1,6.0,6.0,3.0,card
2026-08-06,TX-B2_poor_baqala-d00-003688,Riyadh - Souq,Riyadh,Promo Chocolate Bar,PRM-CHC-06,Snacks,1,6.0,6.0,3.0,mada
2026-08-06,TX-B2_poor_baqala-d00-003689,Riyadh - Souq,Riyadh,Promo Chocolate Bar,PRM-CHC-06,Snacks,1,6.0,6.0,3.0,card
2026-08-07,TX-B2_poor_baqala-d00-003690,Riyadh - Souq,Riyadh,Promo Chocolate Bar,PRM-CHC-06,Snacks,1,6.0,6.0,3.0,cash
2026-08-07,TX-B2_poor_baqala-d00-003691,Riyadh - Souq,Riyadh,Promo Chocolate Bar,PRM-CHC-06,Snacks,1,6.0,6.0,3.0,cash
2026-08-07,TX-B2_poor_baqala-d00-003692,Riyadh - Souq,Riyadh,Promo Chocolate Bar,PRM-CHC-06,Snacks,1,6.0,6.0,3.0,card
2026-08-07,TX-B2_poor_baqala-d00-003693,Riyadh - Souq,Riyadh,Promo Chocolate Bar,PRM-CHC-06,Snacks,1,6.0,6.0,3.0,card
2026-08-07,TX-B2_poor_baqala-d00-003694,Riyadh - Souq,Riyadh,Promo Chocolate Bar,PRM-CHC-06,Snacks,1,6.0,6.0,3.0,card
2026-08-07,TX-B2_poor_baqala-d00-003695,Riyadh - Souq,Riyadh,Promo Chocolate Bar,PRM-CHC-06,Snacks,1,6.0,6.0,3.0,card
2026-08-08,TX-B2_poor_baqala-d00-003696,Riyadh - Souq,Riyadh,Promo Chocolate Bar,PRM-CHC-06,Snacks,1,6.0,6.0,3.0,cash
2026-08-08,TX-B2_poor_baqala-d00-003697,Riyadh - Souq,Riyadh,Promo Chocolate Bar,PRM-CHC-06,Snacks,1,6.0,6.0,3.0,mada
2026-08-08,TX-B2_poor_baqala-d00-003698,Riyadh - Souq,Riyadh,Promo Chocolate Bar,PRM-CHC-06,Snacks,1,6.0,6.0,3.0,cash
2026-08-08,TX-B2_poor_baqala-d00-003699,Riyadh - Souq,Riyadh,Promo Chocolate Bar,PRM-CHC-06,Snacks,1,6.0,6.0,3.0,cash
2026-08-08,TX-B2_poor_baqala-d00-003700,Riyadh - Souq,Riyadh,Promo Chocolate Bar,PRM-CHC-06,Snacks,1,6.0,6.0,3.0,cash
2026-08-08,TX-B2_poor_baqala-d00-003701,Riyadh - Souq,Riyadh,Promo Chocolate Bar,PRM-CHC-06,Snacks,1,6.0,6.0,3.0,mada
2026-08-08,TX-B2_poor_baqala-d00-003702,Riyadh - Souq,Riyadh,Promo Chocolate Bar,PRM-CHC-06,Snacks,1,6.0,6.0,3.0,mada
2026-08-08,TX-B2_poor_baqala-d00-003703,Riyadh - Souq,Riyadh,Promo Chocolate Bar,PRM-CHC-06,Snacks,1,6.0,6.0,3.0,card
2026-08-08,TX-B2_poor_baqala-d00-003704,Riyadh - Souq,Riyadh,Promo Chocolate Bar,PRM-CHC-06,Snacks,1,6.0,6.0,3.0,cash
2026-08-08,TX-B2_poor_baqala-d00-003705,Riyadh - Souq,Riyadh,Promo Chocolate Bar,PRM-CHC-06,Snacks,1,6.0,6.0,3.0,card
2026-08-09,TX-B2_poor_baqala-d00-003706,Riyadh - Souq,Riyadh,Promo Chocolate Bar,PRM-CHC-06,Snacks,1,6.0,6.0,3.0,cash
2026-08-09,TX-B2_poor_baqala-d00-003707,Riyadh - Souq,Riyadh,Promo Chocolate Bar,PRM-CHC-06,Snacks,1,6.0,6.0,3.0,card
2026-08-09,TX-B2_poor_baqala-d00-003708,Riyadh - Souq,Riyadh,Promo Chocolate Bar,PRM-CHC-06,Snacks,1,6.0,6.0,3.0,cash
2026-08-09,TX-B2_poor_baqala-d00-003709,Riyadh - Souq,Riyadh,Promo Chocolate Bar,PRM-CHC-06,Snacks,1,6.0,6.0,3.0,mada
2026-08-09,TX-B2_poor_baqala-d00-003710,Riyadh - Souq,Riyadh,Promo Chocolate Bar,PRM-CHC-06,Snacks,1,6.0,6.0,3.0,mada
2026-08-09,TX-B2_poor_baqala-d00-003711,Riyadh - Souq,Riyadh,Promo Chocolate Bar,PRM-CHC-06,Snacks,1,6.0,6.0,3.0,mada
2026-08-09,TX-B2_poor_baqala-d00-003712,Riyadh - Souq,Riyadh,Promo Chocolate Bar,PRM-CHC-06,Snacks,1,6.0,6.0,3.0,mada
2026-08-09,TX-B2_poor_baqala-d00-003713,Riyadh - Souq,Riyadh,Promo Chocolate Bar,PRM-CHC-06,Snacks,1,6.0,6.0,3.0,cash
2026-08-10,TX-B2_poor_baqala-d00-003714,Riyadh - Souq,Riyadh,Promo Chocolate Bar,PRM-CHC-06,Snacks,1,6.0,6.0,3.0,cash
2026-08-10,TX-B2_poor_baqala-d00-003715,Riyadh - Souq,Riyadh,Promo Chocolate Bar,PRM-CHC-06,Snacks,1,6.0,6.0,3.0,card
2026-08-10,TX-B2_poor_baqala-d00-003716,Riyadh - Souq,Riyadh,Promo Chocolate Bar,PRM-CHC-06,Snacks,1,6.0,6.0,3.0,card
2026-08-10,TX-B2_poor_baqala-d00-003717,Riyadh - Souq,Riyadh,Promo Chocolate Bar,PRM-CHC-06,Snacks,1,6.0,6.0,3.0,cash
2026-08-10,TX-B2_poor_baqala-d00-003718,Riyadh - Souq,Riyadh,Promo Chocolate Bar,PRM-CHC-06,Snacks,1,6.0,6.0,3.0,card
2026-08-10,TX-B2_poor_baqala-d00-003719,Riyadh - Souq,Riyadh,Promo Chocolate Bar,PRM-CHC-06,Snacks,1,6.0,6.0,3.0,cash
2026-08-10,TX-B2_poor_baqala-d00-003720,Riyadh - Souq,Riyadh,Promo Chocolate Bar,PRM-CHC-06,Snacks,1,6.0,6.0,3.0,cash
2026-08-10,TX-B2_poor_baqala-d00-003721,Riyadh - Souq,Riyadh,Promo Chocolate Bar,PRM-CHC-06,Snacks,1,6.0,6.0,3.0,cash
2026-08-10,TX-B2_poor_baqala-d00-003722,Riyadh - Souq,Riyadh,Promo Chocolate Bar,PRM-CHC-06,Snacks,1,6.0,6.0,3.0,cash
2026-08-11,TX-B2_poor_baqala-d00-003723,Riyadh - Souq,Riyadh,Promo Chocolate Bar,PRM-CHC-06,Snacks,1,6.0,6.0,3.0,card
2026-08-11,TX-B2_poor_baqala-d00-003724,Riyadh - Souq,Riyadh,Promo Chocolate Bar,PRM-CHC-06,Snacks,1,6.0,6.0,3.0,mada
2026-08-11,TX-B2_poor_baqala-d00-003725,Riyadh - Souq,Riyadh,Promo Chocolate Bar,PRM-CHC-06,Snacks,1,6.0,6.0,3.0,card
2026-08-11,TX-B2_poor_baqala-d00-003726,Riyadh - Souq,Riyadh,Promo Chocolate Bar,PRM-CHC-06,Snacks,1,6.0,6.0,3.0,card
2026-08-11,TX-B2_poor_baqala-d00-003727,Riyadh - Souq,Riyadh,Promo Chocolate Bar,PRM-CHC-06,Snacks,1,6.0,6.0,3.0,cash
2026-08-11,TX-B2_poor_baqala-d00-003728,Riyadh - Souq,Riyadh,Promo Chocolate Bar,PRM-CHC-06,Snacks,1,6.0,6.0,3.0,cash
2026-08-11,TX-B2_poor_baqala-d00-003729,Riyadh - Souq,Riyadh,Promo Chocolate Bar,PRM-CHC-06,Snacks,1,6.0,6.0,3.0,cash
2026-08-11,TX-B2_poor_baqala-d00-003730,Riyadh - Souq,Riyadh,Promo Chocolate Bar,PRM-CHC-06,Snacks,1,6.0,6.0,3.0,cash
2026-08-12,TX-B2_poor_baqala-d00-003731,Riyadh - Souq,Riyadh,Promo Chocolate Bar,PRM-CHC-06,Snacks,1,4.5,4.5,3.0,cash
2026-08-12,TX-B2_poor_baqala-d00-003732,Riyadh - Souq,Riyadh,Promo Chocolate Bar,PRM-CHC-06,Snacks,1,4.5,4.5,3.0,mada
2026-08-12,TX-B2_poor_baqala-d00-003733,Riyadh - Souq,Riyadh,Promo Chocolate Bar,PRM-CHC-06,Snacks,1,4.5,4.5,3.0,mada
2026-08-12,TX-B2_poor_baqala-d00-003734,Riyadh - Souq,Riyadh,Promo Chocolate Bar,PRM-CHC-06,Snacks,1,4.5,4.5,3.0,cash
2026-08-12,TX-B2_poor_baqala-d00-003735,Riyadh - Souq,Riyadh,Promo Chocolate Bar,PRM-CHC-06,Snacks,1,4.5,4.5,3.0,mada
2026-08-12,TX-B2_poor_baqala-d00-003736,Riyadh - Souq,Riyadh,Promo Chocolate Bar,PRM-CHC-06,Snacks,1,4.5,4.5,3.0,cash
2026-08-12,TX-B2_poor_baqala-d00-003737,Riyadh - Souq,Riyadh,Promo Chocolate Bar,PRM-CHC-06,Snacks,1,4.5,4.5,3.0,cash
2026-08-12,TX-B2_poor_baqala-d00-003738,Riyadh - Souq,Riyadh,Promo Chocolate Bar,PRM-CHC-06,Snacks,1,4.5,4.5,3.0,card
2026-08-12,TX-B2_poor_baqala-d00-003739,Riyadh - Souq,Riyadh,Promo Chocolate Bar,PRM-CHC-06,Snacks,1,4.5,4.5,3.0,cash
2026-08-12,TX-B2_poor_baqala-d00-003740,Riyadh - Souq,Riyadh,Promo Chocolate Bar,PRM-CHC-06,Snacks,1,4.5,4.5,3.0,card
2026-08-13,TX-B2_poor_baqala-d00-003741,Riyadh - Souq,Riyadh,Promo Chocolate Bar,PRM-CHC-06,Snacks,1,4.5,4.5,3.0,cash
2026-08-13,TX-B2_poor_baqala-d00-003742,Riyadh - Souq,Riyadh,Promo Chocolate Bar,PRM-CHC-06,Snacks,1,4.5,4.5,3.0,mada
2026-08-13,TX-B2_poor_baqala-d00-003743,Riyadh - Souq,Riyadh,Promo Chocolate Bar,PRM-CHC-06,Snacks,1,4.5,4.5,3.0,card
2026-08-13,TX-B2_poor_baqala-d00-003744,Riyadh - Souq,Riyadh,Promo Chocolate Bar,PRM-CHC-06,Snacks,1,4.5,4.5,3.0,card
2026-08-13,TX-B2_poor_baqala-d00-003745,Riyadh - Souq,Riyadh,Promo Chocolate Bar,PRM-CHC-06,Snacks,1,4.5,4.5,3.0,cash
2026-08-13,TX-B2_poor_baqala-d00-003746,Riyadh - Souq,Riyadh,Promo Chocolate Bar,PRM-CHC-06,Snacks,1,4.5,4.5,3.0,mada
2026-08-13,TX-B2_poor_baqala-d00-003747,Riyadh - Souq,Riyadh,Promo Chocolate Bar,PRM-CHC-06,Snacks,1,4.5,4.5,3.0,cash
2026-08-13,TX-B2_poor_baqala-d00-003748,Riyadh - Souq,Riyadh,Promo Chocolate Bar,PRM-CHC-06,Snacks,1,4.5,4.5,3.0,mada
2026-08-13,TX-B2_poor_baqala-d00-003749,Riyadh - Souq,Riyadh,Promo Chocolate Bar,PRM-CHC-06,Snacks,1,4.5,4.5,3.0,mada
2026-08-13,TX-B2_poor_baqala-d00-003750,Riyadh - Souq,Riyadh,Promo Chocolate Bar,PRM-CHC-06,Snacks,1,4.5,4.5,3.0,mada
2026-08-13,TX-B2_poor_baqala-d00-003751,Riyadh - Souq,Riyadh,Promo Chocolate Bar,PRM-CHC-06,Snacks,1,4.5,4.5,3.0,cash
2026-08-13,TX-B2_poor_baqala-d00-003752,Riyadh - Souq,Riyadh,Promo Chocolate Bar,PRM-CHC-06,Snacks,1,4.5,4.5,3.0,card
2026-08-13,TX-B2_poor_baqala-d00-003753,Riyadh - Souq,Riyadh,Promo Chocolate Bar,PRM-CHC-06,Snacks,1,4.5,4.5,3.0,mada
2026-08-13,TX-B2_poor_baqala-d00-003754,Riyadh - Souq,Riyadh,Promo Chocolate Bar,PRM-CHC-06,Snacks,1,4.5,4.5,3.0,cash
2026-08-14,TX-B2_poor_baqala-d00-003755,Riyadh - Souq,Riyadh,Promo Chocolate Bar,PRM-CHC-06,Snacks,1,4.5,4.5,3.0,cash
2026-08-14,TX-B2_poor_baqala-d00-003756,Riyadh - Souq,Riyadh,Promo Chocolate Bar,PRM-CHC-06,Snacks,1,4.5,4.5,3.0,card
2026-08-14,TX-B2_poor_baqala-d00-003757,Riyadh - Souq,Riyadh,Promo Chocolate Bar,PRM-CHC-06,Snacks,1,4.5,4.5,3.0,card
2026-08-14,TX-B2_poor_baqala-d00-003758,Riyadh - Souq,Riyadh,Promo Chocolate Bar,PRM-CHC-06,Snacks,1,4.5,4.5,3.0,cash
2026-08-14,TX-B2_poor_baqala-d00-003759,Riyadh - Souq,Riyadh,Promo Chocolate Bar,PRM-CHC-06,Snacks,1,4.5,4.5,3.0,card
2026-08-14,TX-B2_poor_baqala-d00-003760,Riyadh - Souq,Riyadh,Promo Chocolate Bar,PRM-CHC-06,Snacks,1,4.5,4.5,3.0,cash
2026-08-14,TX-B2_poor_baqala-d00-003761,Riyadh - Souq,Riyadh,Promo Chocolate Bar,PRM-CHC-06,Snacks,1,4.5,4.5,3.0,mada
2026-08-14,TX-B2_poor_baqala-d00-003762,Riyadh - Souq,Riyadh,Promo Chocolate Bar,PRM-CHC-06,Snacks,1,4.5,4.5,3.0,card
2026-08-14,TX-B2_poor_baqala-d00-003763,Riyadh - Souq,Riyadh,Promo Chocolate Bar,PRM-CHC-06,Snacks,1,4.5,4.5,3.0,cash
2026-08-14,TX-B2_poor_baqala-d00-003764,Riyadh - Souq,Riyadh,Promo Chocolate Bar,PRM-CHC-06,Snacks,1,4.5,4.5,3.0,card
2026-08-14,TX-B2_poor_baqala-d00-003765,Riyadh - Souq,Riyadh,Promo Chocolate Bar,PRM-CHC-06,Snacks,1,4.5,4.5,3.0,card
2026-08-14,TX-B2_poor_baqala-d00-003766,Riyadh - Souq,Riyadh,Promo Chocolate Bar,PRM-CHC-06,Snacks,1,4.5,4.5,3.0,cash
2026-08-15,TX-B2_poor_baqala-d00-003767,Riyadh - Souq,Riyadh,Promo Chocolate Bar,PRM-CHC-06,Snacks,1,4.5,4.5,3.0,mada
2026-08-15,TX-B2_poor_baqala-d00-003768,Riyadh - Souq,Riyadh,Promo Chocolate Bar,PRM-CHC-06,Snacks,1,4.5,4.5,3.0,mada
2026-08-15,TX-B2_poor_baqala-d00-003769,Riyadh - Souq,Riyadh,Promo Chocolate Bar,PRM-CHC-06,Snacks,1,4.5,4.5,3.0,cash
2026-08-15,TX-B2_poor_baqala-d00-003770,Riyadh - Souq,Riyadh,Promo Chocolate Bar,PRM-CHC-06,Snacks,1,4.5,4.5,3.0,card
2026-08-15,TX-B2_poor_baqala-d00-003771,Riyadh - Souq,Riyadh,Promo Chocolate Bar,PRM-CHC-06,Snacks,1,4.5,4.5,3.0,cash
2026-08-15,TX-B2_poor_baqala-d00-003772,Riyadh - Souq,Riyadh,Promo Chocolate Bar,PRM-CHC-06,Snacks,1,4.5,4.5,3.0,card
2026-08-15,TX-B2_poor_baqala-d00-003773,Riyadh - Souq,Riyadh,Promo Chocolate Bar,PRM-CHC-06,Snacks,1,4.5,4.5,3.0,mada
2026-08-15,TX-B2_poor_baqala-d00-003774,Riyadh - Souq,Riyadh,Promo Chocolate Bar,PRM-CHC-06,Snacks,1,4.5,4.5,3.0,mada
2026-08-15,TX-B2_poor_baqala-d00-003775,Riyadh - Souq,Riyadh,Promo Chocolate Bar,PRM-CHC-06,Snacks,1,4.5,4.5,3.0,card
2026-08-15,TX-B2_poor_baqala-d00-003776,Riyadh - Souq,Riyadh,Promo Chocolate Bar,PRM-CHC-06,Snacks,1,4.5,4.5,3.0,cash
2026-08-15,TX-B2_poor_baqala-d00-003777,Riyadh - Souq,Riyadh,Promo Chocolate Bar,PRM-CHC-06,Snacks,1,4.5,4.5,3.0,cash
2026-08-15,TX-B2_poor_baqala-d00-003778,Riyadh - Souq,Riyadh,Promo Chocolate Bar,PRM-CHC-06,Snacks,1,4.5,4.5,3.0,mada
2026-08-16,TX-B2_poor_baqala-d00-003779,Riyadh - Souq,Riyadh,Promo Chocolate Bar,PRM-CHC-06,Snacks,1,4.5,4.5,3.0,mada
2026-08-16,TX-B2_poor_baqala-d00-003780,Riyadh - Souq,Riyadh,Promo Chocolate Bar,PRM-CHC-06,Snacks,1,4.5,4.5,3.0,card
2026-08-16,TX-B2_poor_baqala-d00-003781,Riyadh - Souq,Riyadh,Promo Chocolate Bar,PRM-CHC-06,Snacks,1,4.5,4.5,3.0,cash
2026-08-16,TX-B2_poor_baqala-d00-003782,Riyadh - Souq,Riyadh,Promo Chocolate Bar,PRM-CHC-06,Snacks,1,4.5,4.5,3.0,mada
2026-08-16,TX-B2_poor_baqala-d00-003783,Riyadh - Souq,Riyadh,Promo Chocolate Bar,PRM-CHC-06,Snacks,1,4.5,4.5,3.0,card
2026-08-16,TX-B2_poor_baqala-d00-003784,Riyadh - Souq,Riyadh,Promo Chocolate Bar,PRM-CHC-06,Snacks,1,4.5,4.5,3.0,mada
2026-08-16,TX-B2_poor_baqala-d00-003785,Riyadh - Souq,Riyadh,Promo Chocolate Bar,PRM-CHC-06,Snacks,1,4.5,4.5,3.0,cash
2026-08-16,TX-B2_poor_baqala-d00-003786,Riyadh - Souq,Riyadh,Promo Chocolate Bar,PRM-CHC-06,Snacks,1,4.5,4.5,3.0,mada
2026-08-16,TX-B2_poor_baqala-d00-003787,Riyadh - Souq,Riyadh,Promo Chocolate Bar,PRM-CHC-06,Snacks,1,4.5,4.5,3.0,card
2026-08-16,TX-B2_poor_baqala-d00-003788,Riyadh - Souq,Riyadh,Promo Chocolate Bar,PRM-CHC-06,Snacks,1,4.5,4.5,3.0,card
2026-08-16,TX-B2_poor_baqala-d00-003789,Riyadh - Souq,Riyadh,Promo Chocolate Bar,PRM-CHC-06,Snacks,1,4.5,4.5,3.0,cash
2026-08-16,TX-B2_poor_baqala-d00-003790,Riyadh - Souq,Riyadh,Promo Chocolate Bar,PRM-CHC-06,Snacks,1,4.5,4.5,3.0,card
2026-08-16,TX-B2_poor_baqala-d00-003791,Riyadh - Souq,Riyadh,Promo Chocolate Bar,PRM-CHC-06,Snacks,1,4.5,4.5,3.0,card
2026-08-16,TX-B2_poor_baqala-d00-003792,Riyadh - Souq,Riyadh,Promo Chocolate Bar,PRM-CHC-06,Snacks,1,4.5,4.5,3.0,cash
2026-08-16,TX-B2_poor_baqala-d00-003793,Riyadh - Souq,Riyadh,Promo Chocolate Bar,PRM-CHC-06,Snacks,1,4.5,4.5,3.0,card
2026-08-16,TX-B2_poor_baqala-d00-003794,Riyadh - Souq,Riyadh,Promo Chocolate Bar,PRM-CHC-06,Snacks,1,4.5,4.5,3.0,cash
2026-08-16,TX-B2_poor_baqala-d00-003795,Riyadh - Souq,Riyadh,Promo Chocolate Bar,PRM-CHC-06,Snacks,1,4.5,4.5,3.0,cash
2026-08-16,TX-B2_poor_baqala-d00-003796,Riyadh - Souq,Riyadh,Promo Chocolate Bar,PRM-CHC-06,Snacks,1,4.5,4.5,3.0,mada
2026-08-17,TX-B2_poor_baqala-d00-003797,Riyadh - Souq,Riyadh,Promo Chocolate Bar,PRM-CHC-06,Snacks,1,4.5,4.5,3.0,cash
2026-08-17,TX-B2_poor_baqala-d00-003798,Riyadh - Souq,Riyadh,Promo Chocolate Bar,PRM-CHC-06,Snacks,1,4.5,4.5,3.0,cash
2026-08-17,TX-B2_poor_baqala-d00-003799,Riyadh - Souq,Riyadh,Promo Chocolate Bar,PRM-CHC-06,Snacks,1,4.5,4.5,3.0,mada
2026-08-17,TX-B2_poor_baqala-d00-003800,Riyadh - Souq,Riyadh,Promo Chocolate Bar,PRM-CHC-06,Snacks,1,4.5,4.5,3.0,cash
2026-08-17,TX-B2_poor_baqala-d00-003801,Riyadh - Souq,Riyadh,Promo Chocolate Bar,PRM-CHC-06,Snacks,1,4.5,4.5,3.0,mada
2026-08-17,TX-B2_poor_baqala-d00-003802,Riyadh - Souq,Riyadh,Promo Chocolate Bar,PRM-CHC-06,Snacks,1,4.5,4.5,3.0,card
2026-08-17,TX-B2_poor_baqala-d00-003803,Riyadh - Souq,Riyadh,Promo Chocolate Bar,PRM-CHC-06,Snacks,1,4.5,4.5,3.0,cash
2026-08-17,TX-B2_poor_baqala-d00-003804,Riyadh - Souq,Riyadh,Promo Chocolate Bar,PRM-CHC-06,Snacks,1,4.5,4.5,3.0,cash
2026-08-17,TX-B2_poor_baqala-d00-003805,Riyadh - Souq,Riyadh,Promo Chocolate Bar,PRM-CHC-06,Snacks,1,4.5,4.5,3.0,mada
2026-08-17,TX-B2_poor_baqala-d00-003806,Riyadh - Souq,Riyadh,Promo Chocolate Bar,PRM-CHC-06,Snacks,1,4.5,4.5,3.0,cash
2026-08-17,TX-B2_poor_baqala-d00-003807,Riyadh - Souq,Riyadh,Promo Chocolate Bar,PRM-CHC-06,Snacks,1,4.5,4.5,3.0,mada
2026-08-17,TX-B2_poor_baqala-d00-003808,Riyadh - Souq,Riyadh,Promo Chocolate Bar,PRM-CHC-06,Snacks,1,4.5,4.5,3.0,card
2026-08-18,TX-B2_poor_baqala-d00-003809,Riyadh - Souq,Riyadh,Promo Chocolate Bar,PRM-CHC-06,Snacks,1,4.5,4.5,3.0,card
2026-08-18,TX-B2_poor_baqala-d00-003810,Riyadh - Souq,Riyadh,Promo Chocolate Bar,PRM-CHC-06,Snacks,1,4.5,4.5,3.0,mada
2026-08-18,TX-B2_poor_baqala-d00-003811,Riyadh - Souq,Riyadh,Promo Chocolate Bar,PRM-CHC-06,Snacks,1,4.5,4.5,3.0,mada
2026-08-18,TX-B2_poor_baqala-d00-003812,Riyadh - Souq,Riyadh,Promo Chocolate Bar,PRM-CHC-06,Snacks,1,4.5,4.5,3.0,cash
2026-08-18,TX-B2_poor_baqala-d00-003813,Riyadh - Souq,Riyadh,Promo Chocolate Bar,PRM-CHC-06,Snacks,1,4.5,4.5,3.0,cash
2026-08-19,TX-B2_poor_baqala-d00-003814,Riyadh - Souq,Riyadh,Promo Chocolate Bar,PRM-CHC-06,Snacks,1,4.5,4.5,3.0,cash
2026-08-19,TX-B2_poor_baqala-d00-003815,Riyadh - Souq,Riyadh,Promo Chocolate Bar,PRM-CHC-06,Snacks,1,4.5,4.5,3.0,mada
2026-08-19,TX-B2_poor_baqala-d00-003816,Riyadh - Souq,Riyadh,Promo Chocolate Bar,PRM-CHC-06,Snacks,1,4.5,4.5,3.0,card
2026-08-19,TX-B2_poor_baqala-d00-003817,Riyadh - Souq,Riyadh,Promo Chocolate Bar,PRM-CHC-06,Snacks,1,4.5,4.5,3.0,mada
2026-08-19,TX-B2_poor_baqala-d00-003818,Riyadh - Souq,Riyadh,Promo Chocolate Bar,PRM-CHC-06,Snacks,1,4.5,4.5,3.0,mada
2026-08-19,TX-B2_poor_baqala-d00-003819,Riyadh - Souq,Riyadh,Promo Chocolate Bar,PRM-CHC-06,Snacks,1,4.5,4.5,3.0,cash
2026-08-19,TX-B2_poor_baqala-d00-003820,Riyadh - Souq,Riyadh,Promo Chocolate Bar,PRM-CHC-06,Snacks,1,4.5,4.5,3.0,card
2026-08-19,TX-B2_poor_baqala-d00-003821,Riyadh - Souq,Riyadh,Promo Chocolate Bar,PRM-CHC-06,Snacks,1,4.5,4.5,3.0,card
2026-08-19,TX-B2_poor_baqala-d00-003822,Riyadh - Souq,Riyadh,Promo Chocolate Bar,PRM-CHC-06,Snacks,1,4.5,4.5,3.0,cash
2026-08-19,TX-B2_poor_baqala-d00-003823,Riyadh - Souq,Riyadh,Promo Chocolate Bar,PRM-CHC-06,Snacks,1,4.5,4.5,3.0,cash
2026-08-19,TX-B2_poor_baqala-d00-003824,Riyadh - Souq,Riyadh,Promo Chocolate Bar,PRM-CHC-06,Snacks,1,4.5,4.5,3.0,cash
2026-08-19,TX-B2_poor_baqala-d00-003825,Riyadh - Souq,Riyadh,Promo Chocolate Bar,PRM-CHC-06,Snacks,1,4.5,4.5,3.0,card
2026-08-19,TX-B2_poor_baqala-d00-003826,Riyadh - Souq,Riyadh,Promo Chocolate Bar,PRM-CHC-06,Snacks,1,4.5,4.5,3.0,mada
2026-08-19,TX-B2_poor_baqala-d00-003827,Riyadh - Souq,Riyadh,Promo Chocolate Bar,PRM-CHC-06,Snacks,1,4.5,4.5,3.0,mada
2026-08-20,TX-B2_poor_baqala-d00-003828,Riyadh - Souq,Riyadh,Promo Chocolate Bar,PRM-CHC-06,Snacks,1,4.5,4.5,3.0,mada
2026-08-20,TX-B2_poor_baqala-d00-003829,Riyadh - Souq,Riyadh,Promo Chocolate Bar,PRM-CHC-06,Snacks,1,4.5,4.5,3.0,card
2026-08-20,TX-B2_poor_baqala-d00-003830,Riyadh - Souq,Riyadh,Promo Chocolate Bar,PRM-CHC-06,Snacks,1,4.5,4.5,3.0,card
2026-08-20,TX-B2_poor_baqala-d00-003831,Riyadh - Souq,Riyadh,Promo Chocolate Bar,PRM-CHC-06,Snacks,1,4.5,4.5,3.0,mada
2026-08-20,TX-B2_poor_baqala-d00-003832,Riyadh - Souq,Riyadh,Promo Chocolate Bar,PRM-CHC-06,Snacks,1,4.5,4.5,3.0,card
2026-08-20,TX-B2_poor_baqala-d00-003833,Riyadh - Souq,Riyadh,Promo Chocolate Bar,PRM-CHC-06,Snacks,1,4.5,4.5,3.0,card
2026-08-20,TX-B2_poor_baqala-d00-003834,Riyadh - Souq,Riyadh,Promo Chocolate Bar,PRM-CHC-06,Snacks,1,4.5,4.5,3.0,card
2026-08-20,TX-B2_poor_baqala-d00-003835,Riyadh - Souq,Riyadh,Promo Chocolate Bar,PRM-CHC-06,Snacks,1,4.5,4.5,3.0,cash
2026-08-20,TX-B2_poor_baqala-d00-003836,Riyadh - Souq,Riyadh,Promo Chocolate Bar,PRM-CHC-06,Snacks,1,4.5,4.5,3.0,mada
2026-08-20,TX-B2_poor_baqala-d00-003837,Riyadh - Souq,Riyadh,Promo Chocolate Bar,PRM-CHC-06,Snacks,1,4.5,4.5,3.0,mada
2026-08-20,TX-B2_poor_baqala-d00-003838,Riyadh - Souq,Riyadh,Promo Chocolate Bar,PRM-CHC-06,Snacks,1,4.5,4.5,3.0,mada
2026-08-20,TX-B2_poor_baqala-d00-003839,Riyadh - Souq,Riyadh,Promo Chocolate Bar,PRM-CHC-06,Snacks,1,4.5,4.5,3.0,mada
2026-08-20,TX-B2_poor_baqala-d00-003840,Riyadh - Souq,Riyadh,Promo Chocolate Bar,PRM-CHC-06,Snacks,1,4.5,4.5,3.0,mada
2026-08-20,TX-B2_poor_baqala-d00-003841,Riyadh - Souq,Riyadh,Promo Chocolate Bar,PRM-CHC-06,Snacks,1,4.5,4.5,3.0,cash
2026-08-21,TX-B2_poor_baqala-d00-003842,Riyadh - Souq,Riyadh,Promo Chocolate Bar,PRM-CHC-06,Snacks,1,4.5,4.5,3.0,card
2026-08-21,TX-B2_poor_baqala-d00-003843,Riyadh - Souq,Riyadh,Promo Chocolate Bar,PRM-CHC-06,Snacks,1,4.5,4.5,3.0,card
2026-08-21,TX-B2_poor_baqala-d00-003844,Riyadh - Souq,Riyadh,Promo Chocolate Bar,PRM-CHC-06,Snacks,1,4.5,4.5,3.0,mada
2026-08-21,TX-B2_poor_baqala-d00-003845,Riyadh - Souq,Riyadh,Promo Chocolate Bar,PRM-CHC-06,Snacks,1,4.5,4.5,3.0,card
2026-08-21,TX-B2_poor_baqala-d00-003846,Riyadh - Souq,Riyadh,Promo Chocolate Bar,PRM-CHC-06,Snacks,1,4.5,4.5,3.0,card
2026-08-21,TX-B2_poor_baqala-d00-003847,Riyadh - Souq,Riyadh,Promo Chocolate Bar,PRM-CHC-06,Snacks,1,4.5,4.5,3.0,cash
2026-08-21,TX-B2_poor_baqala-d00-003848,Riyadh - Souq,Riyadh,Promo Chocolate Bar,PRM-CHC-06,Snacks,1,4.5,4.5,3.0,mada
2026-08-21,TX-B2_poor_baqala-d00-003849,Riyadh - Souq,Riyadh,Promo Chocolate Bar,PRM-CHC-06,Snacks,1,4.5,4.5,3.0,mada
2026-08-21,TX-B2_poor_baqala-d00-003850,Riyadh - Souq,Riyadh,Promo Chocolate Bar,PRM-CHC-06,Snacks,1,4.5,4.5,3.0,cash
2026-08-21,TX-B2_poor_baqala-d00-003851,Riyadh - Souq,Riyadh,Promo Chocolate Bar,PRM-CHC-06,Snacks,1,4.5,4.5,3.0,cash
2026-08-21,TX-B2_poor_baqala-d00-003852,Riyadh - Souq,Riyadh,Promo Chocolate Bar,PRM-CHC-06,Snacks,1,4.5,4.5,3.0,cash
2026-08-21,TX-B2_poor_baqala-d00-003853,Riyadh - Souq,Riyadh,Promo Chocolate Bar,PRM-CHC-06,Snacks,1,4.5,4.5,3.0,cash
2026-08-21,TX-B2_poor_baqala-d00-003854,Riyadh - Souq,Riyadh,Promo Chocolate Bar,PRM-CHC-06,Snacks,1,4.5,4.5,3.0,mada
2026-08-22,TX-B2_poor_baqala-d00-003855,Riyadh - Souq,Riyadh,Promo Chocolate Bar,PRM-CHC-06,Snacks,1,4.5,4.5,3.0,mada
2026-08-22,TX-B2_poor_baqala-d00-003856,Riyadh - Souq,Riyadh,Promo Chocolate Bar,PRM-CHC-06,Snacks,1,4.5,4.5,3.0,card
2026-08-22,TX-B2_poor_baqala-d00-003857,Riyadh - Souq,Riyadh,Promo Chocolate Bar,PRM-CHC-06,Snacks,1,4.5,4.5,3.0,mada
2026-08-22,TX-B2_poor_baqala-d00-003858,Riyadh - Souq,Riyadh,Promo Chocolate Bar,PRM-CHC-06,Snacks,1,4.5,4.5,3.0,cash
2026-08-22,TX-B2_poor_baqala-d00-003859,Riyadh - Souq,Riyadh,Promo Chocolate Bar,PRM-CHC-06,Snacks,1,4.5,4.5,3.0,card
2026-08-22,TX-B2_poor_baqala-d00-003860,Riyadh - Souq,Riyadh,Promo Chocolate Bar,PRM-CHC-06,Snacks,1,4.5,4.5,3.0,cash
2026-08-22,TX-B2_poor_baqala-d00-003861,Riyadh - Souq,Riyadh,Promo Chocolate Bar,PRM-CHC-06,Snacks,1,4.5,4.5,3.0,cash
2026-08-22,TX-B2_poor_baqala-d00-003862,Riyadh - Souq,Riyadh,Promo Chocolate Bar,PRM-CHC-06,Snacks,1,4.5,4.5,3.0,card
2026-08-22,TX-B2_poor_baqala-d00-003863,Riyadh - Souq,Riyadh,Promo Chocolate Bar,PRM-CHC-06,Snacks,1,4.5,4.5,3.0,mada
2026-08-22,TX-B2_poor_baqala-d00-003864,Riyadh - Souq,Riyadh,Promo Chocolate Bar,PRM-CHC-06,Snacks,1,4.5,4.5,3.0,card
2026-08-22,TX-B2_poor_baqala-d00-003865,Riyadh - Souq,Riyadh,Promo Chocolate Bar,PRM-CHC-06,Snacks,1,4.5,4.5,3.0,card
2026-08-23,TX-B2_poor_baqala-d00-003866,Riyadh - Souq,Riyadh,Promo Chocolate Bar,PRM-CHC-06,Snacks,1,4.5,4.5,3.0,mada
2026-08-23,TX-B2_poor_baqala-d00-003867,Riyadh - Souq,Riyadh,Promo Chocolate Bar,PRM-CHC-06,Snacks,1,4.5,4.5,3.0,mada
2026-08-23,TX-B2_poor_baqala-d00-003868,Riyadh - Souq,Riyadh,Promo Chocolate Bar,PRM-CHC-06,Snacks,1,4.5,4.5,3.0,card
2026-08-23,TX-B2_poor_baqala-d00-003869,Riyadh - Souq,Riyadh,Promo Chocolate Bar,PRM-CHC-06,Snacks,1,4.5,4.5,3.0,card
2026-08-23,TX-B2_poor_baqala-d00-003870,Riyadh - Souq,Riyadh,Promo Chocolate Bar,PRM-CHC-06,Snacks,1,4.5,4.5,3.0,cash
2026-08-23,TX-B2_poor_baqala-d00-003871,Riyadh - Souq,Riyadh,Promo Chocolate Bar,PRM-CHC-06,Snacks,1,4.5,4.5,3.0,mada
2026-08-23,TX-B2_poor_baqala-d00-003872,Riyadh - Souq,Riyadh,Promo Chocolate Bar,PRM-CHC-06,Snacks,1,4.5,4.5,3.0,card
2026-08-23,TX-B2_poor_baqala-d00-003873,Riyadh - Souq,Riyadh,Promo Chocolate Bar,PRM-CHC-06,Snacks,1,4.5,4.5,3.0,mada
2026-08-23,TX-B2_poor_baqala-d00-003874,Riyadh - Souq,Riyadh,Promo Chocolate Bar,PRM-CHC-06,Snacks,1,4.5,4.5,3.0,mada
2026-08-23,TX-B2_poor_baqala-d00-003875,Riyadh - Souq,Riyadh,Promo Chocolate Bar,PRM-CHC-06,Snacks,1,4.5,4.5,3.0,card
2026-08-23,TX-B2_poor_baqala-d00-003876,Riyadh - Souq,Riyadh,Promo Chocolate Bar,PRM-CHC-06,Snacks,1,4.5,4.5,3.0,cash
2026-08-23,TX-B2_poor_baqala-d00-003877,Riyadh - Souq,Riyadh,Promo Chocolate Bar,PRM-CHC-06,Snacks,1,4.5,4.5,3.0,card
2026-08-23,TX-B2_poor_baqala-d00-003878,Riyadh - Souq,Riyadh,Promo Chocolate Bar,PRM-CHC-06,Snacks,1,4.5,4.5,3.0,cash
2026-08-23,TX-B2_poor_baqala-d00-003879,Riyadh - Souq,Riyadh,Promo Chocolate Bar,PRM-CHC-06,Snacks,1,4.5,4.5,3.0,card
2026-08-23,TX-B2_poor_baqala-d00-003880,Riyadh - Souq,Riyadh,Promo Chocolate Bar,PRM-CHC-06,Snacks,1,4.5,4.5,3.0,cash
2026-08-24,TX-B2_poor_baqala-d00-003881,Riyadh - Souq,Riyadh,Promo Chocolate Bar,PRM-CHC-06,Snacks,1,4.5,4.5,3.0,card
2026-08-24,TX-B2_poor_baqala-d00-003882,Riyadh - Souq,Riyadh,Promo Chocolate Bar,PRM-CHC-06,Snacks,1,4.5,4.5,3.0,cash
2026-08-24,TX-B2_poor_baqala-d00-003883,Riyadh - Souq,Riyadh,Promo Chocolate Bar,PRM-CHC-06,Snacks,1,4.5,4.5,3.0,mada
2026-08-24,TX-B2_poor_baqala-d00-003884,Riyadh - Souq,Riyadh,Promo Chocolate Bar,PRM-CHC-06,Snacks,1,4.5,4.5,3.0,card
2026-08-24,TX-B2_poor_baqala-d00-003885,Riyadh - Souq,Riyadh,Promo Chocolate Bar,PRM-CHC-06,Snacks,1,4.5,4.5,3.0,mada
2026-08-24,TX-B2_poor_baqala-d00-003886,Riyadh - Souq,Riyadh,Promo Chocolate Bar,PRM-CHC-06,Snacks,1,4.5,4.5,3.0,card
2026-08-24,TX-B2_poor_baqala-d00-003887,Riyadh - Souq,Riyadh,Promo Chocolate Bar,PRM-CHC-06,Snacks,1,4.5,4.5,3.0,card
2026-08-24,TX-B2_poor_baqala-d00-003888,Riyadh - Souq,Riyadh,Promo Chocolate Bar,PRM-CHC-06,Snacks,1,4.5,4.5,3.0,mada
2026-08-24,TX-B2_poor_baqala-d00-003889,Riyadh - Souq,Riyadh,Promo Chocolate Bar,PRM-CHC-06,Snacks,1,4.5,4.5,3.0,mada
2026-08-24,TX-B2_poor_baqala-d00-003890,Riyadh - Souq,Riyadh,Promo Chocolate Bar,PRM-CHC-06,Snacks,1,4.5,4.5,3.0,cash
2026-08-24,TX-B2_poor_baqala-d00-003891,Riyadh - Souq,Riyadh,Promo Chocolate Bar,PRM-CHC-06,Snacks,1,4.5,4.5,3.0,card
2026-08-24,TX-B2_poor_baqala-d00-003892,Riyadh - Souq,Riyadh,Promo Chocolate Bar,PRM-CHC-06,Snacks,1,4.5,4.5,3.0,mada
2026-08-24,TX-B2_poor_baqala-d00-003893,Riyadh - Souq,Riyadh,Promo Chocolate Bar,PRM-CHC-06,Snacks,1,4.5,4.5,3.0,mada
2026-08-24,TX-B2_poor_baqala-d00-003894,Riyadh - Souq,Riyadh,Promo Chocolate Bar,PRM-CHC-06,Snacks,1,4.5,4.5,3.0,cash
2026-08-24,TX-B2_poor_baqala-d00-003895,Riyadh - Souq,Riyadh,Promo Chocolate Bar,PRM-CHC-06,Snacks,1,4.5,4.5,3.0,card
2026-08-25,TX-B2_poor_baqala-d00-003896,Riyadh - Souq,Riyadh,Promo Chocolate Bar,PRM-CHC-06,Snacks,1,4.5,4.5,3.0,card
2026-08-25,TX-B2_poor_baqala-d00-003897,Riyadh - Souq,Riyadh,Promo Chocolate Bar,PRM-CHC-06,Snacks,1,4.5,4.5,3.0,mada
2026-08-25,TX-B2_poor_baqala-d00-003898,Riyadh - Souq,Riyadh,Promo Chocolate Bar,PRM-CHC-06,Snacks,1,4.5,4.5,3.0,cash
2026-08-25,TX-B2_poor_baqala-d00-003899,Riyadh - Souq,Riyadh,Promo Chocolate Bar,PRM-CHC-06,Snacks,1,4.5,4.5,3.0,cash
2026-08-25,TX-B2_poor_baqala-d00-003900,Riyadh - Souq,Riyadh,Promo Chocolate Bar,PRM-CHC-06,Snacks,1,4.5,4.5,3.0,card
2026-08-25,TX-B2_poor_baqala-d00-003901,Riyadh - Souq,Riyadh,Promo Chocolate Bar,PRM-CHC-06,Snacks,1,4.5,4.5,3.0,mada
2026-08-25,TX-B2_poor_baqala-d00-003902,Riyadh - Souq,Riyadh,Promo Chocolate Bar,PRM-CHC-06,Snacks,1,4.5,4.5,3.0,mada
2026-08-25,TX-B2_poor_baqala-d00-003903,Riyadh - Souq,Riyadh,Promo Chocolate Bar,PRM-CHC-06,Snacks,1,4.5,4.5,3.0,mada
2026-08-25,TX-B2_poor_baqala-d00-003904,Riyadh - Souq,Riyadh,Promo Chocolate Bar,PRM-CHC-06,Snacks,1,4.5,4.5,3.0,cash
2026-08-25,TX-B2_poor_baqala-d00-003905,Riyadh - Souq,Riyadh,Promo Chocolate Bar,PRM-CHC-06,Snacks,1,4.5,4.5,3.0,cash
2026-08-25,TX-B2_poor_baqala-d00-003906,Riyadh - Souq,Riyadh,Promo Chocolate Bar,PRM-CHC-06,Snacks,1,4.5,4.5,3.0,card
2026-08-25,TX-B2_poor_baqala-d00-003907,Riyadh - Souq,Riyadh,Promo Chocolate Bar,PRM-CHC-06,Snacks,1,4.5,4.5,3.0,cash
2026-08-25,TX-B2_poor_baqala-d00-003908,Riyadh - Souq,Riyadh,Promo Chocolate Bar,PRM-CHC-06,Snacks,1,4.5,4.5,3.0,cash
2026-08-25,TX-B2_poor_baqala-d00-003909,Riyadh - Souq,Riyadh,Promo Chocolate Bar,PRM-CHC-06,Snacks,1,4.5,4.5,3.0,cash
2026-08-25,TX-B2_poor_baqala-d00-003910,Riyadh - Souq,Riyadh,Promo Chocolate Bar,PRM-CHC-06,Snacks,1,4.5,4.5,3.0,mada
2026-08-26,TX-B2_poor_baqala-d00-003911,Riyadh - Souq,Riyadh,Promo Chocolate Bar,PRM-CHC-06,Snacks,1,4.5,4.5,3.0,card
2026-08-26,TX-B2_poor_baqala-d00-003912,Riyadh - Souq,Riyadh,Promo Chocolate Bar,PRM-CHC-06,Snacks,1,4.5,4.5,3.0,cash
2026-08-26,TX-B2_poor_baqala-d00-003913,Riyadh - Souq,Riyadh,Promo Chocolate Bar,PRM-CHC-06,Snacks,1,4.5,4.5,3.0,card
2026-08-26,TX-B2_poor_baqala-d00-003914,Riyadh - Souq,Riyadh,Promo Chocolate Bar,PRM-CHC-06,Snacks,1,4.5,4.5,3.0,cash
2026-08-26,TX-B2_poor_baqala-d00-003915,Riyadh - Souq,Riyadh,Promo Chocolate Bar,PRM-CHC-06,Snacks,1,4.5,4.5,3.0,cash
2026-08-26,TX-B2_poor_baqala-d00-003916,Riyadh - Souq,Riyadh,Promo Chocolate Bar,PRM-CHC-06,Snacks,1,4.5,4.5,3.0,mada
2026-08-26,TX-B2_poor_baqala-d00-003917,Riyadh - Souq,Riyadh,Promo Chocolate Bar,PRM-CHC-06,Snacks,1,4.5,4.5,3.0,cash
2026-08-26,TX-B2_poor_baqala-d00-003918,Riyadh - Souq,Riyadh,Promo Chocolate Bar,PRM-CHC-06,Snacks,1,4.5,4.5,3.0,card
2026-08-26,TX-B2_poor_baqala-d00-003919,Riyadh - Souq,Riyadh,Promo Chocolate Bar,PRM-CHC-06,Snacks,1,4.5,4.5,3.0,mada
2026-08-26,TX-B2_poor_baqala-d00-003920,Riyadh - Souq,Riyadh,Promo Chocolate Bar,PRM-CHC-06,Snacks,1,4.5,4.5,3.0,card
2026-08-26,TX-B2_poor_baqala-d00-003921,Riyadh - Souq,Riyadh,Promo Chocolate Bar,PRM-CHC-06,Snacks,1,4.5,4.5,3.0,card
2026-08-26,TX-B2_poor_baqala-d00-003922,Riyadh - Souq,Riyadh,Promo Chocolate Bar,PRM-CHC-06,Snacks,1,4.5,4.5,3.0,card
2026-08-26,TX-B2_poor_baqala-d00-003923,Riyadh - Souq,Riyadh,Promo Chocolate Bar,PRM-CHC-06,Snacks,1,4.5,4.5,3.0,mada
2026-01-05,TX-B2_poor_baqala-d00-003924,Riyadh - Souq,Riyadh,Mineral Water Crate,FST-WTR-07,Beverages,1,15.0,15.0,9.0,card
2026-01-05,TX-B2_poor_baqala-d00-003925,Riyadh - Souq,Riyadh,Mineral Water Crate,FST-WTR-07,Beverages,1,15.0,15.0,9.0,cash
2026-01-05,TX-B2_poor_baqala-d00-003926,Riyadh - Souq,Riyadh,Mineral Water Crate,FST-WTR-07,Beverages,1,15.0,15.0,9.0,cash
2026-01-05,TX-B2_poor_baqala-d00-003927,Riyadh - Souq,Riyadh,Mineral Water Crate,FST-WTR-07,Beverages,1,15.0,15.0,9.0,mada
2026-01-05,TX-B2_poor_baqala-d00-003928,Riyadh - Souq,Riyadh,Mineral Water Crate,FST-WTR-07,Beverages,1,15.0,15.0,9.0,card
2026-01-05,TX-B2_poor_baqala-d00-003929,Riyadh - Souq,Riyadh,Mineral Water Crate,FST-WTR-07,Beverages,1,15.0,15.0,9.0,card
2026-01-06,TX-B2_poor_baqala-d00-003930,Riyadh - Souq,Riyadh,Mineral Water Crate,FST-WTR-07,Beverages,1,15.0,15.0,9.0,card
2026-01-06,TX-B2_poor_baqala-d00-003931,Riyadh - Souq,Riyadh,Mineral Water Crate,FST-WTR-07,Beverages,1,15.0,15.0,9.0,cash
2026-01-06,TX-B2_poor_baqala-d00-003932,Riyadh - Souq,Riyadh,Mineral Water Crate,FST-WTR-07,Beverages,1,15.0,15.0,9.0,mada
2026-01-06,TX-B2_poor_baqala-d00-003933,Riyadh - Souq,Riyadh,Mineral Water Crate,FST-WTR-07,Beverages,1,15.0,15.0,9.0,cash
2026-01-06,TX-B2_poor_baqala-d00-003934,Riyadh - Souq,Riyadh,Mineral Water Crate,FST-WTR-07,Beverages,1,15.0,15.0,9.0,mada
2026-01-06,TX-B2_poor_baqala-d00-003935,Riyadh - Souq,Riyadh,Mineral Water Crate,FST-WTR-07,Beverages,1,15.0,15.0,9.0,cash
2026-01-07,TX-B2_poor_baqala-d00-003936,Riyadh - Souq,Riyadh,Mineral Water Crate,FST-WTR-07,Beverages,1,15.0,15.0,9.0,cash
2026-01-07,TX-B2_poor_baqala-d00-003937,Riyadh - Souq,Riyadh,Mineral Water Crate,FST-WTR-07,Beverages,1,15.0,15.0,9.0,cash
2026-01-07,TX-B2_poor_baqala-d00-003938,Riyadh - Souq,Riyadh,Mineral Water Crate,FST-WTR-07,Beverages,1,15.0,15.0,9.0,mada
2026-01-07,TX-B2_poor_baqala-d00-003939,Riyadh - Souq,Riyadh,Mineral Water Crate,FST-WTR-07,Beverages,1,15.0,15.0,9.0,card
2026-01-07,TX-B2_poor_baqala-d00-003940,Riyadh - Souq,Riyadh,Mineral Water Crate,FST-WTR-07,Beverages,1,15.0,15.0,9.0,cash
2026-01-07,TX-B2_poor_baqala-d00-003941,Riyadh - Souq,Riyadh,Mineral Water Crate,FST-WTR-07,Beverages,1,15.0,15.0,9.0,mada
2026-01-07,TX-B2_poor_baqala-d00-003942,Riyadh - Souq,Riyadh,Mineral Water Crate,FST-WTR-07,Beverages,1,15.0,15.0,9.0,mada
2026-01-07,TX-B2_poor_baqala-d00-003943,Riyadh - Souq,Riyadh,Mineral Water Crate,FST-WTR-07,Beverages,1,15.0,15.0,9.0,card
2026-01-08,TX-B2_poor_baqala-d00-003944,Riyadh - Souq,Riyadh,Mineral Water Crate,FST-WTR-07,Beverages,1,15.0,15.0,9.0,mada
2026-01-08,TX-B2_poor_baqala-d00-003945,Riyadh - Souq,Riyadh,Mineral Water Crate,FST-WTR-07,Beverages,1,15.0,15.0,9.0,cash
2026-01-08,TX-B2_poor_baqala-d00-003946,Riyadh - Souq,Riyadh,Mineral Water Crate,FST-WTR-07,Beverages,1,15.0,15.0,9.0,cash
2026-01-08,TX-B2_poor_baqala-d00-003947,Riyadh - Souq,Riyadh,Mineral Water Crate,FST-WTR-07,Beverages,1,15.0,15.0,9.0,mada
2026-01-08,TX-B2_poor_baqala-d00-003948,Riyadh - Souq,Riyadh,Mineral Water Crate,FST-WTR-07,Beverages,1,15.0,15.0,9.0,mada
2026-01-08,TX-B2_poor_baqala-d00-003949,Riyadh - Souq,Riyadh,Mineral Water Crate,FST-WTR-07,Beverages,1,15.0,15.0,9.0,card
2026-01-08,TX-B2_poor_baqala-d00-003950,Riyadh - Souq,Riyadh,Mineral Water Crate,FST-WTR-07,Beverages,1,15.0,15.0,9.0,card
2026-01-08,TX-B2_poor_baqala-d00-003951,Riyadh - Souq,Riyadh,Mineral Water Crate,FST-WTR-07,Beverages,1,15.0,15.0,9.0,mada
2026-01-08,TX-B2_poor_baqala-d00-003952,Riyadh - Souq,Riyadh,Mineral Water Crate,FST-WTR-07,Beverages,1,15.0,15.0,9.0,card
2026-01-08,TX-B2_poor_baqala-d00-003953,Riyadh - Souq,Riyadh,Mineral Water Crate,FST-WTR-07,Beverages,1,15.0,15.0,9.0,mada
2026-01-08,TX-B2_poor_baqala-d00-003954,Riyadh - Souq,Riyadh,Mineral Water Crate,FST-WTR-07,Beverages,1,15.0,15.0,9.0,mada
2026-01-09,TX-B2_poor_baqala-d00-003955,Riyadh - Souq,Riyadh,Mineral Water Crate,FST-WTR-07,Beverages,1,15.0,15.0,9.0,mada
2026-01-09,TX-B2_poor_baqala-d00-003956,Riyadh - Souq,Riyadh,Mineral Water Crate,FST-WTR-07,Beverages,1,15.0,15.0,9.0,cash
2026-01-09,TX-B2_poor_baqala-d00-003957,Riyadh - Souq,Riyadh,Mineral Water Crate,FST-WTR-07,Beverages,1,15.0,15.0,9.0,card
2026-01-09,TX-B2_poor_baqala-d00-003958,Riyadh - Souq,Riyadh,Mineral Water Crate,FST-WTR-07,Beverages,1,15.0,15.0,9.0,cash
2026-01-09,TX-B2_poor_baqala-d00-003959,Riyadh - Souq,Riyadh,Mineral Water Crate,FST-WTR-07,Beverages,1,15.0,15.0,9.0,mada
2026-01-09,TX-B2_poor_baqala-d00-003960,Riyadh - Souq,Riyadh,Mineral Water Crate,FST-WTR-07,Beverages,1,15.0,15.0,9.0,cash
2026-01-09,TX-B2_poor_baqala-d00-003961,Riyadh - Souq,Riyadh,Mineral Water Crate,FST-WTR-07,Beverages,1,15.0,15.0,9.0,mada
2026-01-09,TX-B2_poor_baqala-d00-003962,Riyadh - Souq,Riyadh,Mineral Water Crate,FST-WTR-07,Beverages,1,15.0,15.0,9.0,cash
2026-01-09,TX-B2_poor_baqala-d00-003963,Riyadh - Souq,Riyadh,Mineral Water Crate,FST-WTR-07,Beverages,1,15.0,15.0,9.0,cash
2026-01-10,TX-B2_poor_baqala-d00-003964,Riyadh - Souq,Riyadh,Mineral Water Crate,FST-WTR-07,Beverages,1,15.0,15.0,9.0,mada
2026-01-10,TX-B2_poor_baqala-d00-003965,Riyadh - Souq,Riyadh,Mineral Water Crate,FST-WTR-07,Beverages,1,15.0,15.0,9.0,cash
2026-01-10,TX-B2_poor_baqala-d00-003966,Riyadh - Souq,Riyadh,Mineral Water Crate,FST-WTR-07,Beverages,1,15.0,15.0,9.0,cash
2026-01-10,TX-B2_poor_baqala-d00-003967,Riyadh - Souq,Riyadh,Mineral Water Crate,FST-WTR-07,Beverages,1,15.0,15.0,9.0,card
2026-01-10,TX-B2_poor_baqala-d00-003968,Riyadh - Souq,Riyadh,Mineral Water Crate,FST-WTR-07,Beverages,1,15.0,15.0,9.0,mada
2026-01-10,TX-B2_poor_baqala-d00-003969,Riyadh - Souq,Riyadh,Mineral Water Crate,FST-WTR-07,Beverages,1,15.0,15.0,9.0,card
2026-01-10,TX-B2_poor_baqala-d00-003970,Riyadh - Souq,Riyadh,Mineral Water Crate,FST-WTR-07,Beverages,1,15.0,15.0,9.0,mada
2026-01-10,TX-B2_poor_baqala-d00-003971,Riyadh - Souq,Riyadh,Mineral Water Crate,FST-WTR-07,Beverages,1,15.0,15.0,9.0,mada
2026-01-10,TX-B2_poor_baqala-d00-003972,Riyadh - Souq,Riyadh,Mineral Water Crate,FST-WTR-07,Beverages,1,15.0,15.0,9.0,cash
2026-01-10,TX-B2_poor_baqala-d00-003973,Riyadh - Souq,Riyadh,Mineral Water Crate,FST-WTR-07,Beverages,1,15.0,15.0,9.0,mada
2026-01-10,TX-B2_poor_baqala-d00-003974,Riyadh - Souq,Riyadh,Mineral Water Crate,FST-WTR-07,Beverages,1,15.0,15.0,9.0,card
2026-01-10,TX-B2_poor_baqala-d00-003975,Riyadh - Souq,Riyadh,Mineral Water Crate,FST-WTR-07,Beverages,1,15.0,15.0,9.0,cash
2026-01-10,TX-B2_poor_baqala-d00-003976,Riyadh - Souq,Riyadh,Mineral Water Crate,FST-WTR-07,Beverages,1,15.0,15.0,9.0,card
2026-01-10,TX-B2_poor_baqala-d00-003977,Riyadh - Souq,Riyadh,Mineral Water Crate,FST-WTR-07,Beverages,1,15.0,15.0,9.0,cash
2026-01-11,TX-B2_poor_baqala-d00-003978,Riyadh - Souq,Riyadh,Mineral Water Crate,FST-WTR-07,Beverages,1,15.0,15.0,9.0,mada
2026-01-11,TX-B2_poor_baqala-d00-003979,Riyadh - Souq,Riyadh,Mineral Water Crate,FST-WTR-07,Beverages,1,15.0,15.0,9.0,mada
2026-01-11,TX-B2_poor_baqala-d00-003980,Riyadh - Souq,Riyadh,Mineral Water Crate,FST-WTR-07,Beverages,1,15.0,15.0,9.0,cash
2026-01-11,TX-B2_poor_baqala-d00-003981,Riyadh - Souq,Riyadh,Mineral Water Crate,FST-WTR-07,Beverages,1,15.0,15.0,9.0,card
2026-01-11,TX-B2_poor_baqala-d00-003982,Riyadh - Souq,Riyadh,Mineral Water Crate,FST-WTR-07,Beverages,1,15.0,15.0,9.0,cash
2026-01-11,TX-B2_poor_baqala-d00-003983,Riyadh - Souq,Riyadh,Mineral Water Crate,FST-WTR-07,Beverages,1,15.0,15.0,9.0,card
2026-01-11,TX-B2_poor_baqala-d00-003984,Riyadh - Souq,Riyadh,Mineral Water Crate,FST-WTR-07,Beverages,1,15.0,15.0,9.0,cash
2026-01-11,TX-B2_poor_baqala-d00-003985,Riyadh - Souq,Riyadh,Mineral Water Crate,FST-WTR-07,Beverages,1,15.0,15.0,9.0,mada
2026-01-11,TX-B2_poor_baqala-d00-003986,Riyadh - Souq,Riyadh,Mineral Water Crate,FST-WTR-07,Beverages,1,15.0,15.0,9.0,mada
2026-01-11,TX-B2_poor_baqala-d00-003987,Riyadh - Souq,Riyadh,Mineral Water Crate,FST-WTR-07,Beverages,1,15.0,15.0,9.0,mada
2026-01-12,TX-B2_poor_baqala-d00-003988,Riyadh - Souq,Riyadh,Mineral Water Crate,FST-WTR-07,Beverages,1,15.0,15.0,9.0,cash
2026-01-12,TX-B2_poor_baqala-d00-003989,Riyadh - Souq,Riyadh,Mineral Water Crate,FST-WTR-07,Beverages,1,15.0,15.0,9.0,mada
2026-01-12,TX-B2_poor_baqala-d00-003990,Riyadh - Souq,Riyadh,Mineral Water Crate,FST-WTR-07,Beverages,1,15.0,15.0,9.0,cash
2026-01-12,TX-B2_poor_baqala-d00-003991,Riyadh - Souq,Riyadh,Mineral Water Crate,FST-WTR-07,Beverages,1,15.0,15.0,9.0,card
2026-01-12,TX-B2_poor_baqala-d00-003992,Riyadh - Souq,Riyadh,Mineral Water Crate,FST-WTR-07,Beverages,1,15.0,15.0,9.0,card
2026-01-12,TX-B2_poor_baqala-d00-003993,Riyadh - Souq,Riyadh,Mineral Water Crate,FST-WTR-07,Beverages,1,15.0,15.0,9.0,mada
2026-01-12,TX-B2_poor_baqala-d00-003994,Riyadh - Souq,Riyadh,Mineral Water Crate,FST-WTR-07,Beverages,1,15.0,15.0,9.0,mada
2026-01-12,TX-B2_poor_baqala-d00-003995,Riyadh - Souq,Riyadh,Mineral Water Crate,FST-WTR-07,Beverages,1,15.0,15.0,9.0,card
2026-01-12,TX-B2_poor_baqala-d00-003996,Riyadh - Souq,Riyadh,Mineral Water Crate,FST-WTR-07,Beverages,1,15.0,15.0,9.0,cash
2026-01-12,TX-B2_poor_baqala-d00-003997,Riyadh - Souq,Riyadh,Mineral Water Crate,FST-WTR-07,Beverages,1,15.0,15.0,9.0,cash
2026-01-12,TX-B2_poor_baqala-d00-003998,Riyadh - Souq,Riyadh,Mineral Water Crate,FST-WTR-07,Beverages,1,15.0,15.0,9.0,mada
2026-01-13,TX-B2_poor_baqala-d00-003999,Riyadh - Souq,Riyadh,Mineral Water Crate,FST-WTR-07,Beverages,1,15.0,15.0,9.0,card
2026-01-13,TX-B2_poor_baqala-d00-004000,Riyadh - Souq,Riyadh,Mineral Water Crate,FST-WTR-07,Beverages,1,15.0,15.0,9.0,cash
2026-01-13,TX-B2_poor_baqala-d00-004001,Riyadh - Souq,Riyadh,Mineral Water Crate,FST-WTR-07,Beverages,1,15.0,15.0,9.0,mada
2026-01-13,TX-B2_poor_baqala-d00-004002,Riyadh - Souq,Riyadh,Mineral Water Crate,FST-WTR-07,Beverages,1,15.0,15.0,9.0,mada
2026-01-13,TX-B2_poor_baqala-d00-004003,Riyadh - Souq,Riyadh,Mineral Water Crate,FST-WTR-07,Beverages,1,15.0,15.0,9.0,cash
2026-01-13,TX-B2_poor_baqala-d00-004004,Riyadh - Souq,Riyadh,Mineral Water Crate,FST-WTR-07,Beverages,1,15.0,15.0,9.0,mada
2026-01-13,TX-B2_poor_baqala-d00-004005,Riyadh - Souq,Riyadh,Mineral Water Crate,FST-WTR-07,Beverages,1,15.0,15.0,9.0,cash
2026-01-14,TX-B2_poor_baqala-d00-004006,Riyadh - Souq,Riyadh,Mineral Water Crate,FST-WTR-07,Beverages,1,15.0,15.0,9.0,mada
2026-01-14,TX-B2_poor_baqala-d00-004007,Riyadh - Souq,Riyadh,Mineral Water Crate,FST-WTR-07,Beverages,1,15.0,15.0,9.0,mada
2026-01-14,TX-B2_poor_baqala-d00-004008,Riyadh - Souq,Riyadh,Mineral Water Crate,FST-WTR-07,Beverages,1,15.0,15.0,9.0,card
2026-01-14,TX-B2_poor_baqala-d00-004009,Riyadh - Souq,Riyadh,Mineral Water Crate,FST-WTR-07,Beverages,1,15.0,15.0,9.0,mada
2026-01-14,TX-B2_poor_baqala-d00-004010,Riyadh - Souq,Riyadh,Mineral Water Crate,FST-WTR-07,Beverages,1,15.0,15.0,9.0,cash
2026-01-14,TX-B2_poor_baqala-d00-004011,Riyadh - Souq,Riyadh,Mineral Water Crate,FST-WTR-07,Beverages,1,15.0,15.0,9.0,mada
2026-01-15,TX-B2_poor_baqala-d00-004012,Riyadh - Souq,Riyadh,Mineral Water Crate,FST-WTR-07,Beverages,1,15.0,15.0,9.0,card
2026-01-15,TX-B2_poor_baqala-d00-004013,Riyadh - Souq,Riyadh,Mineral Water Crate,FST-WTR-07,Beverages,1,15.0,15.0,9.0,mada
2026-01-15,TX-B2_poor_baqala-d00-004014,Riyadh - Souq,Riyadh,Mineral Water Crate,FST-WTR-07,Beverages,1,15.0,15.0,9.0,mada
2026-01-15,TX-B2_poor_baqala-d00-004015,Riyadh - Souq,Riyadh,Mineral Water Crate,FST-WTR-07,Beverages,1,15.0,15.0,9.0,mada
2026-01-15,TX-B2_poor_baqala-d00-004016,Riyadh - Souq,Riyadh,Mineral Water Crate,FST-WTR-07,Beverages,1,15.0,15.0,9.0,mada
2026-01-15,TX-B2_poor_baqala-d00-004017,Riyadh - Souq,Riyadh,Mineral Water Crate,FST-WTR-07,Beverages,1,15.0,15.0,9.0,mada
2026-01-15,TX-B2_poor_baqala-d00-004018,Riyadh - Souq,Riyadh,Mineral Water Crate,FST-WTR-07,Beverages,1,15.0,15.0,9.0,cash
2026-01-15,TX-B2_poor_baqala-d00-004019,Riyadh - Souq,Riyadh,Mineral Water Crate,FST-WTR-07,Beverages,1,15.0,15.0,9.0,card
2026-01-15,TX-B2_poor_baqala-d00-004020,Riyadh - Souq,Riyadh,Mineral Water Crate,FST-WTR-07,Beverages,1,15.0,15.0,9.0,mada
2026-01-15,TX-B2_poor_baqala-d00-004021,Riyadh - Souq,Riyadh,Mineral Water Crate,FST-WTR-07,Beverages,1,15.0,15.0,9.0,mada
2026-01-15,TX-B2_poor_baqala-d00-004022,Riyadh - Souq,Riyadh,Mineral Water Crate,FST-WTR-07,Beverages,1,15.0,15.0,9.0,mada
2026-01-16,TX-B2_poor_baqala-d00-004023,Riyadh - Souq,Riyadh,Mineral Water Crate,FST-WTR-07,Beverages,1,15.0,15.0,9.0,cash
2026-01-16,TX-B2_poor_baqala-d00-004024,Riyadh - Souq,Riyadh,Mineral Water Crate,FST-WTR-07,Beverages,1,15.0,15.0,9.0,mada
2026-01-16,TX-B2_poor_baqala-d00-004025,Riyadh - Souq,Riyadh,Mineral Water Crate,FST-WTR-07,Beverages,1,15.0,15.0,9.0,card
2026-01-16,TX-B2_poor_baqala-d00-004026,Riyadh - Souq,Riyadh,Mineral Water Crate,FST-WTR-07,Beverages,1,15.0,15.0,9.0,card
2026-01-16,TX-B2_poor_baqala-d00-004027,Riyadh - Souq,Riyadh,Mineral Water Crate,FST-WTR-07,Beverages,1,15.0,15.0,9.0,mada
2026-01-16,TX-B2_poor_baqala-d00-004028,Riyadh - Souq,Riyadh,Mineral Water Crate,FST-WTR-07,Beverages,1,15.0,15.0,9.0,mada
2026-01-16,TX-B2_poor_baqala-d00-004029,Riyadh - Souq,Riyadh,Mineral Water Crate,FST-WTR-07,Beverages,1,15.0,15.0,9.0,cash
2026-01-16,TX-B2_poor_baqala-d00-004030,Riyadh - Souq,Riyadh,Mineral Water Crate,FST-WTR-07,Beverages,1,15.0,15.0,9.0,card
2026-01-16,TX-B2_poor_baqala-d00-004031,Riyadh - Souq,Riyadh,Mineral Water Crate,FST-WTR-07,Beverages,1,15.0,15.0,9.0,mada
2026-01-17,TX-B2_poor_baqala-d00-004032,Riyadh - Souq,Riyadh,Mineral Water Crate,FST-WTR-07,Beverages,1,15.0,15.0,9.0,cash
2026-01-17,TX-B2_poor_baqala-d00-004033,Riyadh - Souq,Riyadh,Mineral Water Crate,FST-WTR-07,Beverages,1,15.0,15.0,9.0,card
2026-01-17,TX-B2_poor_baqala-d00-004034,Riyadh - Souq,Riyadh,Mineral Water Crate,FST-WTR-07,Beverages,1,15.0,15.0,9.0,mada
2026-01-17,TX-B2_poor_baqala-d00-004035,Riyadh - Souq,Riyadh,Mineral Water Crate,FST-WTR-07,Beverages,1,15.0,15.0,9.0,cash
2026-01-17,TX-B2_poor_baqala-d00-004036,Riyadh - Souq,Riyadh,Mineral Water Crate,FST-WTR-07,Beverages,1,15.0,15.0,9.0,cash
2026-01-17,TX-B2_poor_baqala-d00-004037,Riyadh - Souq,Riyadh,Mineral Water Crate,FST-WTR-07,Beverages,1,15.0,15.0,9.0,mada
2026-01-17,TX-B2_poor_baqala-d00-004038,Riyadh - Souq,Riyadh,Mineral Water Crate,FST-WTR-07,Beverages,1,15.0,15.0,9.0,mada
2026-01-17,TX-B2_poor_baqala-d00-004039,Riyadh - Souq,Riyadh,Mineral Water Crate,FST-WTR-07,Beverages,1,15.0,15.0,9.0,mada
2026-01-18,TX-B2_poor_baqala-d00-004040,Riyadh - Souq,Riyadh,Mineral Water Crate,FST-WTR-07,Beverages,1,15.0,15.0,9.0,cash
2026-01-18,TX-B2_poor_baqala-d00-004041,Riyadh - Souq,Riyadh,Mineral Water Crate,FST-WTR-07,Beverages,1,15.0,15.0,9.0,card
2026-01-18,TX-B2_poor_baqala-d00-004042,Riyadh - Souq,Riyadh,Mineral Water Crate,FST-WTR-07,Beverages,1,15.0,15.0,9.0,mada
2026-01-18,TX-B2_poor_baqala-d00-004043,Riyadh - Souq,Riyadh,Mineral Water Crate,FST-WTR-07,Beverages,1,15.0,15.0,9.0,mada
2026-01-18,TX-B2_poor_baqala-d00-004044,Riyadh - Souq,Riyadh,Mineral Water Crate,FST-WTR-07,Beverages,1,15.0,15.0,9.0,cash
2026-01-18,TX-B2_poor_baqala-d00-004045,Riyadh - Souq,Riyadh,Mineral Water Crate,FST-WTR-07,Beverages,1,15.0,15.0,9.0,card
2026-01-18,TX-B2_poor_baqala-d00-004046,Riyadh - Souq,Riyadh,Mineral Water Crate,FST-WTR-07,Beverages,1,15.0,15.0,9.0,cash
2026-01-18,TX-B2_poor_baqala-d00-004047,Riyadh - Souq,Riyadh,Mineral Water Crate,FST-WTR-07,Beverages,1,15.0,15.0,9.0,card
2026-01-18,TX-B2_poor_baqala-d00-004048,Riyadh - Souq,Riyadh,Mineral Water Crate,FST-WTR-07,Beverages,1,15.0,15.0,9.0,cash
2026-01-19,TX-B2_poor_baqala-d00-004049,Riyadh - Souq,Riyadh,Mineral Water Crate,FST-WTR-07,Beverages,1,15.0,15.0,9.0,cash
2026-01-19,TX-B2_poor_baqala-d00-004050,Riyadh - Souq,Riyadh,Mineral Water Crate,FST-WTR-07,Beverages,1,15.0,15.0,9.0,card
2026-01-19,TX-B2_poor_baqala-d00-004051,Riyadh - Souq,Riyadh,Mineral Water Crate,FST-WTR-07,Beverages,1,15.0,15.0,9.0,card
2026-01-19,TX-B2_poor_baqala-d00-004052,Riyadh - Souq,Riyadh,Mineral Water Crate,FST-WTR-07,Beverages,1,15.0,15.0,9.0,cash
2026-01-19,TX-B2_poor_baqala-d00-004053,Riyadh - Souq,Riyadh,Mineral Water Crate,FST-WTR-07,Beverages,1,15.0,15.0,9.0,mada
2026-01-20,TX-B2_poor_baqala-d00-004054,Riyadh - Souq,Riyadh,Mineral Water Crate,FST-WTR-07,Beverages,1,15.0,15.0,9.0,card
2026-01-20,TX-B2_poor_baqala-d00-004055,Riyadh - Souq,Riyadh,Mineral Water Crate,FST-WTR-07,Beverages,1,15.0,15.0,9.0,cash
2026-01-20,TX-B2_poor_baqala-d00-004056,Riyadh - Souq,Riyadh,Mineral Water Crate,FST-WTR-07,Beverages,1,15.0,15.0,9.0,card
2026-01-20,TX-B2_poor_baqala-d00-004057,Riyadh - Souq,Riyadh,Mineral Water Crate,FST-WTR-07,Beverages,1,15.0,15.0,9.0,card
2026-01-20,TX-B2_poor_baqala-d00-004058,Riyadh - Souq,Riyadh,Mineral Water Crate,FST-WTR-07,Beverages,1,15.0,15.0,9.0,mada
2026-01-20,TX-B2_poor_baqala-d00-004059,Riyadh - Souq,Riyadh,Mineral Water Crate,FST-WTR-07,Beverages,1,15.0,15.0,9.0,mada
2026-01-20,TX-B2_poor_baqala-d00-004060,Riyadh - Souq,Riyadh,Mineral Water Crate,FST-WTR-07,Beverages,1,15.0,15.0,9.0,card
2026-01-20,TX-B2_poor_baqala-d00-004061,Riyadh - Souq,Riyadh,Mineral Water Crate,FST-WTR-07,Beverages,1,15.0,15.0,9.0,mada
2026-01-20,TX-B2_poor_baqala-d00-004062,Riyadh - Souq,Riyadh,Mineral Water Crate,FST-WTR-07,Beverages,1,15.0,15.0,9.0,mada
2026-01-20,TX-B2_poor_baqala-d00-004063,Riyadh - Souq,Riyadh,Mineral Water Crate,FST-WTR-07,Beverages,1,15.0,15.0,9.0,card
2026-01-20,TX-B2_poor_baqala-d00-004064,Riyadh - Souq,Riyadh,Mineral Water Crate,FST-WTR-07,Beverages,1,15.0,15.0,9.0,mada
2026-01-20,TX-B2_poor_baqala-d00-004065,Riyadh - Souq,Riyadh,Mineral Water Crate,FST-WTR-07,Beverages,1,15.0,15.0,9.0,cash
2026-01-21,TX-B2_poor_baqala-d00-004066,Riyadh - Souq,Riyadh,Mineral Water Crate,FST-WTR-07,Beverages,1,15.0,15.0,9.0,mada
2026-01-21,TX-B2_poor_baqala-d00-004067,Riyadh - Souq,Riyadh,Mineral Water Crate,FST-WTR-07,Beverages,1,15.0,15.0,9.0,mada
2026-01-21,TX-B2_poor_baqala-d00-004068,Riyadh - Souq,Riyadh,Mineral Water Crate,FST-WTR-07,Beverages,1,15.0,15.0,9.0,cash
2026-01-21,TX-B2_poor_baqala-d00-004069,Riyadh - Souq,Riyadh,Mineral Water Crate,FST-WTR-07,Beverages,1,15.0,15.0,9.0,cash
2026-01-21,TX-B2_poor_baqala-d00-004070,Riyadh - Souq,Riyadh,Mineral Water Crate,FST-WTR-07,Beverages,1,15.0,15.0,9.0,cash
2026-01-21,TX-B2_poor_baqala-d00-004071,Riyadh - Souq,Riyadh,Mineral Water Crate,FST-WTR-07,Beverages,1,15.0,15.0,9.0,card
2026-01-21,TX-B2_poor_baqala-d00-004072,Riyadh - Souq,Riyadh,Mineral Water Crate,FST-WTR-07,Beverages,1,15.0,15.0,9.0,mada
2026-01-22,TX-B2_poor_baqala-d00-004073,Riyadh - Souq,Riyadh,Mineral Water Crate,FST-WTR-07,Beverages,1,15.0,15.0,9.0,cash
2026-01-22,TX-B2_poor_baqala-d00-004074,Riyadh - Souq,Riyadh,Mineral Water Crate,FST-WTR-07,Beverages,1,15.0,15.0,9.0,mada
2026-01-22,TX-B2_poor_baqala-d00-004075,Riyadh - Souq,Riyadh,Mineral Water Crate,FST-WTR-07,Beverages,1,15.0,15.0,9.0,cash
2026-01-22,TX-B2_poor_baqala-d00-004076,Riyadh - Souq,Riyadh,Mineral Water Crate,FST-WTR-07,Beverages,1,15.0,15.0,9.0,cash
2026-01-22,TX-B2_poor_baqala-d00-004077,Riyadh - Souq,Riyadh,Mineral Water Crate,FST-WTR-07,Beverages,1,15.0,15.0,9.0,cash
2026-01-22,TX-B2_poor_baqala-d00-004078,Riyadh - Souq,Riyadh,Mineral Water Crate,FST-WTR-07,Beverages,1,15.0,15.0,9.0,mada
2026-01-22,TX-B2_poor_baqala-d00-004079,Riyadh - Souq,Riyadh,Mineral Water Crate,FST-WTR-07,Beverages,1,15.0,15.0,9.0,mada
2026-01-22,TX-B2_poor_baqala-d00-004080,Riyadh - Souq,Riyadh,Mineral Water Crate,FST-WTR-07,Beverages,1,15.0,15.0,9.0,cash
2026-01-22,TX-B2_poor_baqala-d00-004081,Riyadh - Souq,Riyadh,Mineral Water Crate,FST-WTR-07,Beverages,1,15.0,15.0,9.0,mada
2026-01-22,TX-B2_poor_baqala-d00-004082,Riyadh - Souq,Riyadh,Mineral Water Crate,FST-WTR-07,Beverages,1,15.0,15.0,9.0,card
2026-01-22,TX-B2_poor_baqala-d00-004083,Riyadh - Souq,Riyadh,Mineral Water Crate,FST-WTR-07,Beverages,1,15.0,15.0,9.0,mada
2026-01-23,TX-B2_poor_baqala-d00-004084,Riyadh - Souq,Riyadh,Mineral Water Crate,FST-WTR-07,Beverages,1,15.0,15.0,9.0,cash
2026-01-23,TX-B2_poor_baqala-d00-004085,Riyadh - Souq,Riyadh,Mineral Water Crate,FST-WTR-07,Beverages,1,15.0,15.0,9.0,mada
2026-01-23,TX-B2_poor_baqala-d00-004086,Riyadh - Souq,Riyadh,Mineral Water Crate,FST-WTR-07,Beverages,1,15.0,15.0,9.0,mada
2026-01-23,TX-B2_poor_baqala-d00-004087,Riyadh - Souq,Riyadh,Mineral Water Crate,FST-WTR-07,Beverages,1,15.0,15.0,9.0,cash
2026-01-23,TX-B2_poor_baqala-d00-004088,Riyadh - Souq,Riyadh,Mineral Water Crate,FST-WTR-07,Beverages,1,15.0,15.0,9.0,card
2026-01-23,TX-B2_poor_baqala-d00-004089,Riyadh - Souq,Riyadh,Mineral Water Crate,FST-WTR-07,Beverages,1,15.0,15.0,9.0,card
2026-01-23,TX-B2_poor_baqala-d00-004090,Riyadh - Souq,Riyadh,Mineral Water Crate,FST-WTR-07,Beverages,1,15.0,15.0,9.0,cash
2026-01-23,TX-B2_poor_baqala-d00-004091,Riyadh - Souq,Riyadh,Mineral Water Crate,FST-WTR-07,Beverages,1,15.0,15.0,9.0,cash
2026-01-23,TX-B2_poor_baqala-d00-004092,Riyadh - Souq,Riyadh,Mineral Water Crate,FST-WTR-07,Beverages,1,15.0,15.0,9.0,cash
2026-01-23,TX-B2_poor_baqala-d00-004093,Riyadh - Souq,Riyadh,Mineral Water Crate,FST-WTR-07,Beverages,1,15.0,15.0,9.0,mada
2026-01-24,TX-B2_poor_baqala-d00-004094,Riyadh - Souq,Riyadh,Mineral Water Crate,FST-WTR-07,Beverages,1,15.0,15.0,9.0,mada
2026-01-24,TX-B2_poor_baqala-d00-004095,Riyadh - Souq,Riyadh,Mineral Water Crate,FST-WTR-07,Beverages,1,15.0,15.0,9.0,mada
2026-01-24,TX-B2_poor_baqala-d00-004096,Riyadh - Souq,Riyadh,Mineral Water Crate,FST-WTR-07,Beverages,1,15.0,15.0,9.0,mada
2026-01-24,TX-B2_poor_baqala-d00-004097,Riyadh - Souq,Riyadh,Mineral Water Crate,FST-WTR-07,Beverages,1,15.0,15.0,9.0,cash
2026-01-24,TX-B2_poor_baqala-d00-004098,Riyadh - Souq,Riyadh,Mineral Water Crate,FST-WTR-07,Beverages,1,15.0,15.0,9.0,mada
2026-01-24,TX-B2_poor_baqala-d00-004099,Riyadh - Souq,Riyadh,Mineral Water Crate,FST-WTR-07,Beverages,1,15.0,15.0,9.0,mada
2026-01-24,TX-B2_poor_baqala-d00-004100,Riyadh - Souq,Riyadh,Mineral Water Crate,FST-WTR-07,Beverages,1,15.0,15.0,9.0,mada
2026-01-24,TX-B2_poor_baqala-d00-004101,Riyadh - Souq,Riyadh,Mineral Water Crate,FST-WTR-07,Beverages,1,15.0,15.0,9.0,card
2026-01-24,TX-B2_poor_baqala-d00-004102,Riyadh - Souq,Riyadh,Mineral Water Crate,FST-WTR-07,Beverages,1,15.0,15.0,9.0,card
2026-01-24,TX-B2_poor_baqala-d00-004103,Riyadh - Souq,Riyadh,Mineral Water Crate,FST-WTR-07,Beverages,1,15.0,15.0,9.0,cash
2026-01-24,TX-B2_poor_baqala-d00-004104,Riyadh - Souq,Riyadh,Mineral Water Crate,FST-WTR-07,Beverages,1,15.0,15.0,9.0,card
2026-01-25,TX-B2_poor_baqala-d00-004105,Riyadh - Souq,Riyadh,Mineral Water Crate,FST-WTR-07,Beverages,1,15.0,15.0,9.0,cash
2026-01-25,TX-B2_poor_baqala-d00-004106,Riyadh - Souq,Riyadh,Mineral Water Crate,FST-WTR-07,Beverages,1,15.0,15.0,9.0,cash
2026-01-25,TX-B2_poor_baqala-d00-004107,Riyadh - Souq,Riyadh,Mineral Water Crate,FST-WTR-07,Beverages,1,15.0,15.0,9.0,mada
2026-01-25,TX-B2_poor_baqala-d00-004108,Riyadh - Souq,Riyadh,Mineral Water Crate,FST-WTR-07,Beverages,1,15.0,15.0,9.0,mada
2026-01-25,TX-B2_poor_baqala-d00-004109,Riyadh - Souq,Riyadh,Mineral Water Crate,FST-WTR-07,Beverages,1,15.0,15.0,9.0,card
2026-01-25,TX-B2_poor_baqala-d00-004110,Riyadh - Souq,Riyadh,Mineral Water Crate,FST-WTR-07,Beverages,1,15.0,15.0,9.0,card
2026-01-25,TX-B2_poor_baqala-d00-004111,Riyadh - Souq,Riyadh,Mineral Water Crate,FST-WTR-07,Beverages,1,15.0,15.0,9.0,cash
2026-01-25,TX-B2_poor_baqala-d00-004112,Riyadh - Souq,Riyadh,Mineral Water Crate,FST-WTR-07,Beverages,1,15.0,15.0,9.0,mada
2026-01-25,TX-B2_poor_baqala-d00-004113,Riyadh - Souq,Riyadh,Mineral Water Crate,FST-WTR-07,Beverages,1,15.0,15.0,9.0,cash
2026-01-25,TX-B2_poor_baqala-d00-004114,Riyadh - Souq,Riyadh,Mineral Water Crate,FST-WTR-07,Beverages,1,15.0,15.0,9.0,cash
2026-01-25,TX-B2_poor_baqala-d00-004115,Riyadh - Souq,Riyadh,Mineral Water Crate,FST-WTR-07,Beverages,1,15.0,15.0,9.0,mada
2026-01-25,TX-B2_poor_baqala-d00-004116,Riyadh - Souq,Riyadh,Mineral Water Crate,FST-WTR-07,Beverages,1,15.0,15.0,9.0,cash
2026-01-26,TX-B2_poor_baqala-d00-004117,Riyadh - Souq,Riyadh,Mineral Water Crate,FST-WTR-07,Beverages,1,15.0,15.0,9.0,cash
2026-01-26,TX-B2_poor_baqala-d00-004118,Riyadh - Souq,Riyadh,Mineral Water Crate,FST-WTR-07,Beverages,1,15.0,15.0,9.0,mada
2026-01-26,TX-B2_poor_baqala-d00-004119,Riyadh - Souq,Riyadh,Mineral Water Crate,FST-WTR-07,Beverages,1,15.0,15.0,9.0,mada
2026-01-26,TX-B2_poor_baqala-d00-004120,Riyadh - Souq,Riyadh,Mineral Water Crate,FST-WTR-07,Beverages,1,15.0,15.0,9.0,cash
2026-01-26,TX-B2_poor_baqala-d00-004121,Riyadh - Souq,Riyadh,Mineral Water Crate,FST-WTR-07,Beverages,1,15.0,15.0,9.0,card
2026-01-26,TX-B2_poor_baqala-d00-004122,Riyadh - Souq,Riyadh,Mineral Water Crate,FST-WTR-07,Beverages,1,15.0,15.0,9.0,cash
2026-01-26,TX-B2_poor_baqala-d00-004123,Riyadh - Souq,Riyadh,Mineral Water Crate,FST-WTR-07,Beverages,1,15.0,15.0,9.0,card
2026-01-26,TX-B2_poor_baqala-d00-004124,Riyadh - Souq,Riyadh,Mineral Water Crate,FST-WTR-07,Beverages,1,15.0,15.0,9.0,mada
2026-01-26,TX-B2_poor_baqala-d00-004125,Riyadh - Souq,Riyadh,Mineral Water Crate,FST-WTR-07,Beverages,1,15.0,15.0,9.0,cash
2026-01-26,TX-B2_poor_baqala-d00-004126,Riyadh - Souq,Riyadh,Mineral Water Crate,FST-WTR-07,Beverages,1,15.0,15.0,9.0,card
2026-01-26,TX-B2_poor_baqala-d00-004127,Riyadh - Souq,Riyadh,Mineral Water Crate,FST-WTR-07,Beverages,1,15.0,15.0,9.0,cash
2026-01-26,TX-B2_poor_baqala-d00-004128,Riyadh - Souq,Riyadh,Mineral Water Crate,FST-WTR-07,Beverages,1,15.0,15.0,9.0,cash
2026-01-26,TX-B2_poor_baqala-d00-004129,Riyadh - Souq,Riyadh,Mineral Water Crate,FST-WTR-07,Beverages,1,15.0,15.0,9.0,mada
2026-01-26,TX-B2_poor_baqala-d00-004130,Riyadh - Souq,Riyadh,Mineral Water Crate,FST-WTR-07,Beverages,1,15.0,15.0,9.0,mada
2026-01-26,TX-B2_poor_baqala-d00-004131,Riyadh - Souq,Riyadh,Mineral Water Crate,FST-WTR-07,Beverages,1,15.0,15.0,9.0,cash
2026-01-27,TX-B2_poor_baqala-d00-004132,Riyadh - Souq,Riyadh,Mineral Water Crate,FST-WTR-07,Beverages,1,15.0,15.0,9.0,card
2026-01-27,TX-B2_poor_baqala-d00-004133,Riyadh - Souq,Riyadh,Mineral Water Crate,FST-WTR-07,Beverages,1,15.0,15.0,9.0,card
2026-01-27,TX-B2_poor_baqala-d00-004134,Riyadh - Souq,Riyadh,Mineral Water Crate,FST-WTR-07,Beverages,1,15.0,15.0,9.0,cash
2026-01-27,TX-B2_poor_baqala-d00-004135,Riyadh - Souq,Riyadh,Mineral Water Crate,FST-WTR-07,Beverages,1,15.0,15.0,9.0,card
2026-01-27,TX-B2_poor_baqala-d00-004136,Riyadh - Souq,Riyadh,Mineral Water Crate,FST-WTR-07,Beverages,1,15.0,15.0,9.0,cash
2026-01-27,TX-B2_poor_baqala-d00-004137,Riyadh - Souq,Riyadh,Mineral Water Crate,FST-WTR-07,Beverages,1,15.0,15.0,9.0,cash
2026-01-27,TX-B2_poor_baqala-d00-004138,Riyadh - Souq,Riyadh,Mineral Water Crate,FST-WTR-07,Beverages,1,15.0,15.0,9.0,cash
2026-01-27,TX-B2_poor_baqala-d00-004139,Riyadh - Souq,Riyadh,Mineral Water Crate,FST-WTR-07,Beverages,1,15.0,15.0,9.0,mada
2026-01-27,TX-B2_poor_baqala-d00-004140,Riyadh - Souq,Riyadh,Mineral Water Crate,FST-WTR-07,Beverages,1,15.0,15.0,9.0,cash
2026-01-27,TX-B2_poor_baqala-d00-004141,Riyadh - Souq,Riyadh,Mineral Water Crate,FST-WTR-07,Beverages,1,15.0,15.0,9.0,mada
2026-01-28,TX-B2_poor_baqala-d00-004142,Riyadh - Souq,Riyadh,Mineral Water Crate,FST-WTR-07,Beverages,1,15.0,15.0,9.0,cash
2026-01-28,TX-B2_poor_baqala-d00-004143,Riyadh - Souq,Riyadh,Mineral Water Crate,FST-WTR-07,Beverages,1,15.0,15.0,9.0,card
2026-01-28,TX-B2_poor_baqala-d00-004144,Riyadh - Souq,Riyadh,Mineral Water Crate,FST-WTR-07,Beverages,1,15.0,15.0,9.0,cash
2026-01-28,TX-B2_poor_baqala-d00-004145,Riyadh - Souq,Riyadh,Mineral Water Crate,FST-WTR-07,Beverages,1,15.0,15.0,9.0,mada
2026-01-28,TX-B2_poor_baqala-d00-004146,Riyadh - Souq,Riyadh,Mineral Water Crate,FST-WTR-07,Beverages,1,15.0,15.0,9.0,cash
2026-01-28,TX-B2_poor_baqala-d00-004147,Riyadh - Souq,Riyadh,Mineral Water Crate,FST-WTR-07,Beverages,1,15.0,15.0,9.0,mada
2026-01-28,TX-B2_poor_baqala-d00-004148,Riyadh - Souq,Riyadh,Mineral Water Crate,FST-WTR-07,Beverages,1,15.0,15.0,9.0,cash
2026-01-28,TX-B2_poor_baqala-d00-004149,Riyadh - Souq,Riyadh,Mineral Water Crate,FST-WTR-07,Beverages,1,15.0,15.0,9.0,mada
2026-01-29,TX-B2_poor_baqala-d00-004150,Riyadh - Souq,Riyadh,Mineral Water Crate,FST-WTR-07,Beverages,1,15.0,15.0,9.0,card
2026-01-29,TX-B2_poor_baqala-d00-004151,Riyadh - Souq,Riyadh,Mineral Water Crate,FST-WTR-07,Beverages,1,15.0,15.0,9.0,card
2026-01-29,TX-B2_poor_baqala-d00-004152,Riyadh - Souq,Riyadh,Mineral Water Crate,FST-WTR-07,Beverages,1,15.0,15.0,9.0,mada
2026-01-29,TX-B2_poor_baqala-d00-004153,Riyadh - Souq,Riyadh,Mineral Water Crate,FST-WTR-07,Beverages,1,15.0,15.0,9.0,cash
2026-01-29,TX-B2_poor_baqala-d00-004154,Riyadh - Souq,Riyadh,Mineral Water Crate,FST-WTR-07,Beverages,1,15.0,15.0,9.0,mada
2026-01-29,TX-B2_poor_baqala-d00-004155,Riyadh - Souq,Riyadh,Mineral Water Crate,FST-WTR-07,Beverages,1,15.0,15.0,9.0,card
2026-01-29,TX-B2_poor_baqala-d00-004156,Riyadh - Souq,Riyadh,Mineral Water Crate,FST-WTR-07,Beverages,1,15.0,15.0,9.0,card
2026-01-29,TX-B2_poor_baqala-d00-004157,Riyadh - Souq,Riyadh,Mineral Water Crate,FST-WTR-07,Beverages,1,15.0,15.0,9.0,mada
2026-01-29,TX-B2_poor_baqala-d00-004158,Riyadh - Souq,Riyadh,Mineral Water Crate,FST-WTR-07,Beverages,1,15.0,15.0,9.0,cash
2026-01-29,TX-B2_poor_baqala-d00-004159,Riyadh - Souq,Riyadh,Mineral Water Crate,FST-WTR-07,Beverages,1,15.0,15.0,9.0,cash
2026-01-30,TX-B2_poor_baqala-d00-004160,Riyadh - Souq,Riyadh,Mineral Water Crate,FST-WTR-07,Beverages,1,15.0,15.0,9.0,cash
2026-01-30,TX-B2_poor_baqala-d00-004161,Riyadh - Souq,Riyadh,Mineral Water Crate,FST-WTR-07,Beverages,1,15.0,15.0,9.0,cash
2026-01-30,TX-B2_poor_baqala-d00-004162,Riyadh - Souq,Riyadh,Mineral Water Crate,FST-WTR-07,Beverages,1,15.0,15.0,9.0,cash
2026-01-30,TX-B2_poor_baqala-d00-004163,Riyadh - Souq,Riyadh,Mineral Water Crate,FST-WTR-07,Beverages,1,15.0,15.0,9.0,mada
2026-01-30,TX-B2_poor_baqala-d00-004164,Riyadh - Souq,Riyadh,Mineral Water Crate,FST-WTR-07,Beverages,1,15.0,15.0,9.0,mada
2026-01-30,TX-B2_poor_baqala-d00-004165,Riyadh - Souq,Riyadh,Mineral Water Crate,FST-WTR-07,Beverages,1,15.0,15.0,9.0,mada
2026-01-30,TX-B2_poor_baqala-d00-004166,Riyadh - Souq,Riyadh,Mineral Water Crate,FST-WTR-07,Beverages,1,15.0,15.0,9.0,card
2026-01-30,TX-B2_poor_baqala-d00-004167,Riyadh - Souq,Riyadh,Mineral Water Crate,FST-WTR-07,Beverages,1,15.0,15.0,9.0,card
2026-01-30,TX-B2_poor_baqala-d00-004168,Riyadh - Souq,Riyadh,Mineral Water Crate,FST-WTR-07,Beverages,1,15.0,15.0,9.0,card
2026-01-30,TX-B2_poor_baqala-d00-004169,Riyadh - Souq,Riyadh,Mineral Water Crate,FST-WTR-07,Beverages,1,15.0,15.0,9.0,mada
2026-01-31,TX-B2_poor_baqala-d00-004170,Riyadh - Souq,Riyadh,Mineral Water Crate,FST-WTR-07,Beverages,1,15.0,15.0,9.0,card
2026-01-31,TX-B2_poor_baqala-d00-004171,Riyadh - Souq,Riyadh,Mineral Water Crate,FST-WTR-07,Beverages,1,15.0,15.0,9.0,cash
2026-01-31,TX-B2_poor_baqala-d00-004172,Riyadh - Souq,Riyadh,Mineral Water Crate,FST-WTR-07,Beverages,1,15.0,15.0,9.0,mada
2026-01-31,TX-B2_poor_baqala-d00-004173,Riyadh - Souq,Riyadh,Mineral Water Crate,FST-WTR-07,Beverages,1,15.0,15.0,9.0,card
2026-01-31,TX-B2_poor_baqala-d00-004174,Riyadh - Souq,Riyadh,Mineral Water Crate,FST-WTR-07,Beverages,1,15.0,15.0,9.0,card
2026-01-31,TX-B2_poor_baqala-d00-004175,Riyadh - Souq,Riyadh,Mineral Water Crate,FST-WTR-07,Beverages,1,15.0,15.0,9.0,cash
2026-01-31,TX-B2_poor_baqala-d00-004176,Riyadh - Souq,Riyadh,Mineral Water Crate,FST-WTR-07,Beverages,1,15.0,15.0,9.0,mada
2026-01-31,TX-B2_poor_baqala-d00-004177,Riyadh - Souq,Riyadh,Mineral Water Crate,FST-WTR-07,Beverages,1,15.0,15.0,9.0,cash
2026-01-31,TX-B2_poor_baqala-d00-004178,Riyadh - Souq,Riyadh,Mineral Water Crate,FST-WTR-07,Beverages,1,15.0,15.0,9.0,cash
2026-01-31,TX-B2_poor_baqala-d00-004179,Riyadh - Souq,Riyadh,Mineral Water Crate,FST-WTR-07,Beverages,1,15.0,15.0,9.0,mada
2026-02-01,TX-B2_poor_baqala-d00-004180,Riyadh - Souq,Riyadh,Mineral Water Crate,FST-WTR-07,Beverages,1,15.0,15.0,9.0,card
2026-02-01,TX-B2_poor_baqala-d00-004181,Riyadh - Souq,Riyadh,Mineral Water Crate,FST-WTR-07,Beverages,1,15.0,15.0,9.0,card
2026-02-01,TX-B2_poor_baqala-d00-004182,Riyadh - Souq,Riyadh,Mineral Water Crate,FST-WTR-07,Beverages,1,15.0,15.0,9.0,card
2026-02-01,TX-B2_poor_baqala-d00-004183,Riyadh - Souq,Riyadh,Mineral Water Crate,FST-WTR-07,Beverages,1,15.0,15.0,9.0,mada
2026-02-01,TX-B2_poor_baqala-d00-004184,Riyadh - Souq,Riyadh,Mineral Water Crate,FST-WTR-07,Beverages,1,15.0,15.0,9.0,cash
2026-02-01,TX-B2_poor_baqala-d00-004185,Riyadh - Souq,Riyadh,Mineral Water Crate,FST-WTR-07,Beverages,1,15.0,15.0,9.0,cash
2026-02-01,TX-B2_poor_baqala-d00-004186,Riyadh - Souq,Riyadh,Mineral Water Crate,FST-WTR-07,Beverages,1,15.0,15.0,9.0,mada
2026-02-01,TX-B2_poor_baqala-d00-004187,Riyadh - Souq,Riyadh,Mineral Water Crate,FST-WTR-07,Beverages,1,15.0,15.0,9.0,card
2026-02-01,TX-B2_poor_baqala-d00-004188,Riyadh - Souq,Riyadh,Mineral Water Crate,FST-WTR-07,Beverages,1,15.0,15.0,9.0,cash
2026-02-01,TX-B2_poor_baqala-d00-004189,Riyadh - Souq,Riyadh,Mineral Water Crate,FST-WTR-07,Beverages,1,15.0,15.0,9.0,mada
2026-02-01,TX-B2_poor_baqala-d00-004190,Riyadh - Souq,Riyadh,Mineral Water Crate,FST-WTR-07,Beverages,1,15.0,15.0,9.0,card
2026-02-02,TX-B2_poor_baqala-d00-004191,Riyadh - Souq,Riyadh,Mineral Water Crate,FST-WTR-07,Beverages,1,15.0,15.0,9.0,card
2026-02-02,TX-B2_poor_baqala-d00-004192,Riyadh - Souq,Riyadh,Mineral Water Crate,FST-WTR-07,Beverages,1,15.0,15.0,9.0,mada
2026-02-02,TX-B2_poor_baqala-d00-004193,Riyadh - Souq,Riyadh,Mineral Water Crate,FST-WTR-07,Beverages,1,15.0,15.0,9.0,cash
2026-02-02,TX-B2_poor_baqala-d00-004194,Riyadh - Souq,Riyadh,Mineral Water Crate,FST-WTR-07,Beverages,1,15.0,15.0,9.0,cash
2026-02-02,TX-B2_poor_baqala-d00-004195,Riyadh - Souq,Riyadh,Mineral Water Crate,FST-WTR-07,Beverages,1,15.0,15.0,9.0,mada
2026-02-02,TX-B2_poor_baqala-d00-004196,Riyadh - Souq,Riyadh,Mineral Water Crate,FST-WTR-07,Beverages,1,15.0,15.0,9.0,card
2026-02-02,TX-B2_poor_baqala-d00-004197,Riyadh - Souq,Riyadh,Mineral Water Crate,FST-WTR-07,Beverages,1,15.0,15.0,9.0,card
2026-02-02,TX-B2_poor_baqala-d00-004198,Riyadh - Souq,Riyadh,Mineral Water Crate,FST-WTR-07,Beverages,1,15.0,15.0,9.0,mada
2026-02-02,TX-B2_poor_baqala-d00-004199,Riyadh - Souq,Riyadh,Mineral Water Crate,FST-WTR-07,Beverages,1,15.0,15.0,9.0,cash
2026-02-02,TX-B2_poor_baqala-d00-004200,Riyadh - Souq,Riyadh,Mineral Water Crate,FST-WTR-07,Beverages,1,15.0,15.0,9.0,cash
2026-02-02,TX-B2_poor_baqala-d00-004201,Riyadh - Souq,Riyadh,Mineral Water Crate,FST-WTR-07,Beverages,1,15.0,15.0,9.0,mada
2026-02-03,TX-B2_poor_baqala-d00-004202,Riyadh - Souq,Riyadh,Mineral Water Crate,FST-WTR-07,Beverages,1,15.0,15.0,9.0,card
2026-02-03,TX-B2_poor_baqala-d00-004203,Riyadh - Souq,Riyadh,Mineral Water Crate,FST-WTR-07,Beverages,1,15.0,15.0,9.0,cash
2026-02-03,TX-B2_poor_baqala-d00-004204,Riyadh - Souq,Riyadh,Mineral Water Crate,FST-WTR-07,Beverages,1,15.0,15.0,9.0,card
2026-02-03,TX-B2_poor_baqala-d00-004205,Riyadh - Souq,Riyadh,Mineral Water Crate,FST-WTR-07,Beverages,1,15.0,15.0,9.0,cash
2026-02-03,TX-B2_poor_baqala-d00-004206,Riyadh - Souq,Riyadh,Mineral Water Crate,FST-WTR-07,Beverages,1,15.0,15.0,9.0,card
2026-02-03,TX-B2_poor_baqala-d00-004207,Riyadh - Souq,Riyadh,Mineral Water Crate,FST-WTR-07,Beverages,1,15.0,15.0,9.0,mada
2026-02-03,TX-B2_poor_baqala-d00-004208,Riyadh - Souq,Riyadh,Mineral Water Crate,FST-WTR-07,Beverages,1,15.0,15.0,9.0,card
2026-02-03,TX-B2_poor_baqala-d00-004209,Riyadh - Souq,Riyadh,Mineral Water Crate,FST-WTR-07,Beverages,1,15.0,15.0,9.0,mada
2026-02-04,TX-B2_poor_baqala-d00-004210,Riyadh - Souq,Riyadh,Mineral Water Crate,FST-WTR-07,Beverages,1,15.0,15.0,9.0,mada
2026-02-04,TX-B2_poor_baqala-d00-004211,Riyadh - Souq,Riyadh,Mineral Water Crate,FST-WTR-07,Beverages,1,15.0,15.0,9.0,mada
2026-02-04,TX-B2_poor_baqala-d00-004212,Riyadh - Souq,Riyadh,Mineral Water Crate,FST-WTR-07,Beverages,1,15.0,15.0,9.0,mada
2026-02-04,TX-B2_poor_baqala-d00-004213,Riyadh - Souq,Riyadh,Mineral Water Crate,FST-WTR-07,Beverages,1,15.0,15.0,9.0,card
2026-02-04,TX-B2_poor_baqala-d00-004214,Riyadh - Souq,Riyadh,Mineral Water Crate,FST-WTR-07,Beverages,1,15.0,15.0,9.0,mada
2026-02-04,TX-B2_poor_baqala-d00-004215,Riyadh - Souq,Riyadh,Mineral Water Crate,FST-WTR-07,Beverages,1,15.0,15.0,9.0,mada
2026-02-04,TX-B2_poor_baqala-d00-004216,Riyadh - Souq,Riyadh,Mineral Water Crate,FST-WTR-07,Beverages,1,15.0,15.0,9.0,card
2026-02-05,TX-B2_poor_baqala-d00-004217,Riyadh - Souq,Riyadh,Mineral Water Crate,FST-WTR-07,Beverages,1,15.0,15.0,9.0,card
2026-02-05,TX-B2_poor_baqala-d00-004218,Riyadh - Souq,Riyadh,Mineral Water Crate,FST-WTR-07,Beverages,1,15.0,15.0,9.0,mada
2026-02-05,TX-B2_poor_baqala-d00-004219,Riyadh - Souq,Riyadh,Mineral Water Crate,FST-WTR-07,Beverages,1,15.0,15.0,9.0,card
2026-02-05,TX-B2_poor_baqala-d00-004220,Riyadh - Souq,Riyadh,Mineral Water Crate,FST-WTR-07,Beverages,1,15.0,15.0,9.0,mada
2026-02-05,TX-B2_poor_baqala-d00-004221,Riyadh - Souq,Riyadh,Mineral Water Crate,FST-WTR-07,Beverages,1,15.0,15.0,9.0,mada
2026-02-05,TX-B2_poor_baqala-d00-004222,Riyadh - Souq,Riyadh,Mineral Water Crate,FST-WTR-07,Beverages,1,15.0,15.0,9.0,card
2026-02-05,TX-B2_poor_baqala-d00-004223,Riyadh - Souq,Riyadh,Mineral Water Crate,FST-WTR-07,Beverages,1,15.0,15.0,9.0,cash
2026-02-05,TX-B2_poor_baqala-d00-004224,Riyadh - Souq,Riyadh,Mineral Water Crate,FST-WTR-07,Beverages,1,15.0,15.0,9.0,card
2026-02-06,TX-B2_poor_baqala-d00-004225,Riyadh - Souq,Riyadh,Mineral Water Crate,FST-WTR-07,Beverages,1,15.0,15.0,9.0,cash
2026-02-06,TX-B2_poor_baqala-d00-004226,Riyadh - Souq,Riyadh,Mineral Water Crate,FST-WTR-07,Beverages,1,15.0,15.0,9.0,card
2026-02-06,TX-B2_poor_baqala-d00-004227,Riyadh - Souq,Riyadh,Mineral Water Crate,FST-WTR-07,Beverages,1,15.0,15.0,9.0,card
2026-02-06,TX-B2_poor_baqala-d00-004228,Riyadh - Souq,Riyadh,Mineral Water Crate,FST-WTR-07,Beverages,1,15.0,15.0,9.0,mada
2026-02-06,TX-B2_poor_baqala-d00-004229,Riyadh - Souq,Riyadh,Mineral Water Crate,FST-WTR-07,Beverages,1,15.0,15.0,9.0,mada
2026-02-06,TX-B2_poor_baqala-d00-004230,Riyadh - Souq,Riyadh,Mineral Water Crate,FST-WTR-07,Beverages,1,15.0,15.0,9.0,mada
2026-02-06,TX-B2_poor_baqala-d00-004231,Riyadh - Souq,Riyadh,Mineral Water Crate,FST-WTR-07,Beverages,1,15.0,15.0,9.0,cash
2026-02-06,TX-B2_poor_baqala-d00-004232,Riyadh - Souq,Riyadh,Mineral Water Crate,FST-WTR-07,Beverages,1,15.0,15.0,9.0,cash
2026-02-06,TX-B2_poor_baqala-d00-004233,Riyadh - Souq,Riyadh,Mineral Water Crate,FST-WTR-07,Beverages,1,15.0,15.0,9.0,cash
2026-02-06,TX-B2_poor_baqala-d00-004234,Riyadh - Souq,Riyadh,Mineral Water Crate,FST-WTR-07,Beverages,1,15.0,15.0,9.0,card
2026-02-06,TX-B2_poor_baqala-d00-004235,Riyadh - Souq,Riyadh,Mineral Water Crate,FST-WTR-07,Beverages,1,15.0,15.0,9.0,card
2026-02-06,TX-B2_poor_baqala-d00-004236,Riyadh - Souq,Riyadh,Mineral Water Crate,FST-WTR-07,Beverages,1,15.0,15.0,9.0,card
2026-02-07,TX-B2_poor_baqala-d00-004237,Riyadh - Souq,Riyadh,Mineral Water Crate,FST-WTR-07,Beverages,1,15.0,15.0,9.0,cash
2026-02-07,TX-B2_poor_baqala-d00-004238,Riyadh - Souq,Riyadh,Mineral Water Crate,FST-WTR-07,Beverages,1,15.0,15.0,9.0,mada
2026-02-07,TX-B2_poor_baqala-d00-004239,Riyadh - Souq,Riyadh,Mineral Water Crate,FST-WTR-07,Beverages,1,15.0,15.0,9.0,card
2026-02-07,TX-B2_poor_baqala-d00-004240,Riyadh - Souq,Riyadh,Mineral Water Crate,FST-WTR-07,Beverages,1,15.0,15.0,9.0,cash
2026-02-07,TX-B2_poor_baqala-d00-004241,Riyadh - Souq,Riyadh,Mineral Water Crate,FST-WTR-07,Beverages,1,15.0,15.0,9.0,card
2026-02-07,TX-B2_poor_baqala-d00-004242,Riyadh - Souq,Riyadh,Mineral Water Crate,FST-WTR-07,Beverages,1,15.0,15.0,9.0,mada
2026-02-07,TX-B2_poor_baqala-d00-004243,Riyadh - Souq,Riyadh,Mineral Water Crate,FST-WTR-07,Beverages,1,15.0,15.0,9.0,card
2026-02-07,TX-B2_poor_baqala-d00-004244,Riyadh - Souq,Riyadh,Mineral Water Crate,FST-WTR-07,Beverages,1,15.0,15.0,9.0,mada
2026-02-07,TX-B2_poor_baqala-d00-004245,Riyadh - Souq,Riyadh,Mineral Water Crate,FST-WTR-07,Beverages,1,15.0,15.0,9.0,card
2026-02-08,TX-B2_poor_baqala-d00-004246,Riyadh - Souq,Riyadh,Mineral Water Crate,FST-WTR-07,Beverages,1,15.0,15.0,9.0,mada
2026-02-08,TX-B2_poor_baqala-d00-004247,Riyadh - Souq,Riyadh,Mineral Water Crate,FST-WTR-07,Beverages,1,15.0,15.0,9.0,cash
2026-02-08,TX-B2_poor_baqala-d00-004248,Riyadh - Souq,Riyadh,Mineral Water Crate,FST-WTR-07,Beverages,1,15.0,15.0,9.0,cash
2026-02-08,TX-B2_poor_baqala-d00-004249,Riyadh - Souq,Riyadh,Mineral Water Crate,FST-WTR-07,Beverages,1,15.0,15.0,9.0,cash
2026-02-08,TX-B2_poor_baqala-d00-004250,Riyadh - Souq,Riyadh,Mineral Water Crate,FST-WTR-07,Beverages,1,15.0,15.0,9.0,mada
2026-02-08,TX-B2_poor_baqala-d00-004251,Riyadh - Souq,Riyadh,Mineral Water Crate,FST-WTR-07,Beverages,1,15.0,15.0,9.0,mada
2026-02-08,TX-B2_poor_baqala-d00-004252,Riyadh - Souq,Riyadh,Mineral Water Crate,FST-WTR-07,Beverages,1,15.0,15.0,9.0,mada
2026-02-08,TX-B2_poor_baqala-d00-004253,Riyadh - Souq,Riyadh,Mineral Water Crate,FST-WTR-07,Beverages,1,15.0,15.0,9.0,cash
2026-02-08,TX-B2_poor_baqala-d00-004254,Riyadh - Souq,Riyadh,Mineral Water Crate,FST-WTR-07,Beverages,1,15.0,15.0,9.0,card
2026-02-08,TX-B2_poor_baqala-d00-004255,Riyadh - Souq,Riyadh,Mineral Water Crate,FST-WTR-07,Beverages,1,15.0,15.0,9.0,cash
2026-02-09,TX-B2_poor_baqala-d00-004256,Riyadh - Souq,Riyadh,Mineral Water Crate,FST-WTR-07,Beverages,1,15.0,15.0,9.0,cash
2026-02-09,TX-B2_poor_baqala-d00-004257,Riyadh - Souq,Riyadh,Mineral Water Crate,FST-WTR-07,Beverages,1,15.0,15.0,9.0,mada
2026-02-09,TX-B2_poor_baqala-d00-004258,Riyadh - Souq,Riyadh,Mineral Water Crate,FST-WTR-07,Beverages,1,15.0,15.0,9.0,mada
2026-02-09,TX-B2_poor_baqala-d00-004259,Riyadh - Souq,Riyadh,Mineral Water Crate,FST-WTR-07,Beverages,1,15.0,15.0,9.0,mada
2026-02-09,TX-B2_poor_baqala-d00-004260,Riyadh - Souq,Riyadh,Mineral Water Crate,FST-WTR-07,Beverages,1,15.0,15.0,9.0,mada
2026-02-09,TX-B2_poor_baqala-d00-004261,Riyadh - Souq,Riyadh,Mineral Water Crate,FST-WTR-07,Beverages,1,15.0,15.0,9.0,cash
2026-02-09,TX-B2_poor_baqala-d00-004262,Riyadh - Souq,Riyadh,Mineral Water Crate,FST-WTR-07,Beverages,1,15.0,15.0,9.0,mada
2026-02-09,TX-B2_poor_baqala-d00-004263,Riyadh - Souq,Riyadh,Mineral Water Crate,FST-WTR-07,Beverages,1,15.0,15.0,9.0,cash
2026-02-10,TX-B2_poor_baqala-d00-004264,Riyadh - Souq,Riyadh,Mineral Water Crate,FST-WTR-07,Beverages,1,15.0,15.0,9.0,mada
2026-02-10,TX-B2_poor_baqala-d00-004265,Riyadh - Souq,Riyadh,Mineral Water Crate,FST-WTR-07,Beverages,1,15.0,15.0,9.0,mada
2026-02-10,TX-B2_poor_baqala-d00-004266,Riyadh - Souq,Riyadh,Mineral Water Crate,FST-WTR-07,Beverages,1,15.0,15.0,9.0,card
2026-02-10,TX-B2_poor_baqala-d00-004267,Riyadh - Souq,Riyadh,Mineral Water Crate,FST-WTR-07,Beverages,1,15.0,15.0,9.0,card
2026-02-10,TX-B2_poor_baqala-d00-004268,Riyadh - Souq,Riyadh,Mineral Water Crate,FST-WTR-07,Beverages,1,15.0,15.0,9.0,cash
2026-02-10,TX-B2_poor_baqala-d00-004269,Riyadh - Souq,Riyadh,Mineral Water Crate,FST-WTR-07,Beverages,1,15.0,15.0,9.0,mada
2026-02-10,TX-B2_poor_baqala-d00-004270,Riyadh - Souq,Riyadh,Mineral Water Crate,FST-WTR-07,Beverages,1,15.0,15.0,9.0,mada
2026-02-10,TX-B2_poor_baqala-d00-004271,Riyadh - Souq,Riyadh,Mineral Water Crate,FST-WTR-07,Beverages,1,15.0,15.0,9.0,cash
2026-02-11,TX-B2_poor_baqala-d00-004272,Riyadh - Souq,Riyadh,Mineral Water Crate,FST-WTR-07,Beverages,1,15.0,15.0,9.0,mada
2026-02-11,TX-B2_poor_baqala-d00-004273,Riyadh - Souq,Riyadh,Mineral Water Crate,FST-WTR-07,Beverages,1,15.0,15.0,9.0,mada
2026-02-11,TX-B2_poor_baqala-d00-004274,Riyadh - Souq,Riyadh,Mineral Water Crate,FST-WTR-07,Beverages,1,15.0,15.0,9.0,cash
2026-02-11,TX-B2_poor_baqala-d00-004275,Riyadh - Souq,Riyadh,Mineral Water Crate,FST-WTR-07,Beverages,1,15.0,15.0,9.0,card
2026-02-11,TX-B2_poor_baqala-d00-004276,Riyadh - Souq,Riyadh,Mineral Water Crate,FST-WTR-07,Beverages,1,15.0,15.0,9.0,cash
2026-02-11,TX-B2_poor_baqala-d00-004277,Riyadh - Souq,Riyadh,Mineral Water Crate,FST-WTR-07,Beverages,1,15.0,15.0,9.0,cash
2026-02-11,TX-B2_poor_baqala-d00-004278,Riyadh - Souq,Riyadh,Mineral Water Crate,FST-WTR-07,Beverages,1,15.0,15.0,9.0,mada
2026-02-11,TX-B2_poor_baqala-d00-004279,Riyadh - Souq,Riyadh,Mineral Water Crate,FST-WTR-07,Beverages,1,15.0,15.0,9.0,mada
2026-02-11,TX-B2_poor_baqala-d00-004280,Riyadh - Souq,Riyadh,Mineral Water Crate,FST-WTR-07,Beverages,1,15.0,15.0,9.0,cash
2026-02-11,TX-B2_poor_baqala-d00-004281,Riyadh - Souq,Riyadh,Mineral Water Crate,FST-WTR-07,Beverages,1,15.0,15.0,9.0,mada
2026-02-11,TX-B2_poor_baqala-d00-004282,Riyadh - Souq,Riyadh,Mineral Water Crate,FST-WTR-07,Beverages,1,15.0,15.0,9.0,card
2026-02-11,TX-B2_poor_baqala-d00-004283,Riyadh - Souq,Riyadh,Mineral Water Crate,FST-WTR-07,Beverages,1,15.0,15.0,9.0,mada
2026-02-12,TX-B2_poor_baqala-d00-004284,Riyadh - Souq,Riyadh,Mineral Water Crate,FST-WTR-07,Beverages,1,15.0,15.0,9.0,mada
2026-02-12,TX-B2_poor_baqala-d00-004285,Riyadh - Souq,Riyadh,Mineral Water Crate,FST-WTR-07,Beverages,1,15.0,15.0,9.0,card
2026-02-12,TX-B2_poor_baqala-d00-004286,Riyadh - Souq,Riyadh,Mineral Water Crate,FST-WTR-07,Beverages,1,15.0,15.0,9.0,mada
2026-02-12,TX-B2_poor_baqala-d00-004287,Riyadh - Souq,Riyadh,Mineral Water Crate,FST-WTR-07,Beverages,1,15.0,15.0,9.0,card
2026-02-12,TX-B2_poor_baqala-d00-004288,Riyadh - Souq,Riyadh,Mineral Water Crate,FST-WTR-07,Beverages,1,15.0,15.0,9.0,cash
2026-02-12,TX-B2_poor_baqala-d00-004289,Riyadh - Souq,Riyadh,Mineral Water Crate,FST-WTR-07,Beverages,1,15.0,15.0,9.0,card
2026-02-12,TX-B2_poor_baqala-d00-004290,Riyadh - Souq,Riyadh,Mineral Water Crate,FST-WTR-07,Beverages,1,15.0,15.0,9.0,card
2026-02-12,TX-B2_poor_baqala-d00-004291,Riyadh - Souq,Riyadh,Mineral Water Crate,FST-WTR-07,Beverages,1,15.0,15.0,9.0,mada
2026-02-12,TX-B2_poor_baqala-d00-004292,Riyadh - Souq,Riyadh,Mineral Water Crate,FST-WTR-07,Beverages,1,15.0,15.0,9.0,mada
2026-02-13,TX-B2_poor_baqala-d00-004293,Riyadh - Souq,Riyadh,Mineral Water Crate,FST-WTR-07,Beverages,1,15.0,15.0,9.0,cash
2026-02-13,TX-B2_poor_baqala-d00-004294,Riyadh - Souq,Riyadh,Mineral Water Crate,FST-WTR-07,Beverages,1,15.0,15.0,9.0,cash
2026-02-13,TX-B2_poor_baqala-d00-004295,Riyadh - Souq,Riyadh,Mineral Water Crate,FST-WTR-07,Beverages,1,15.0,15.0,9.0,cash
2026-02-13,TX-B2_poor_baqala-d00-004296,Riyadh - Souq,Riyadh,Mineral Water Crate,FST-WTR-07,Beverages,1,15.0,15.0,9.0,card
2026-02-13,TX-B2_poor_baqala-d00-004297,Riyadh - Souq,Riyadh,Mineral Water Crate,FST-WTR-07,Beverages,1,15.0,15.0,9.0,cash
2026-02-13,TX-B2_poor_baqala-d00-004298,Riyadh - Souq,Riyadh,Mineral Water Crate,FST-WTR-07,Beverages,1,15.0,15.0,9.0,card
2026-02-13,TX-B2_poor_baqala-d00-004299,Riyadh - Souq,Riyadh,Mineral Water Crate,FST-WTR-07,Beverages,1,15.0,15.0,9.0,card
2026-02-14,TX-B2_poor_baqala-d00-004300,Riyadh - Souq,Riyadh,Mineral Water Crate,FST-WTR-07,Beverages,1,15.0,15.0,9.0,card
2026-02-14,TX-B2_poor_baqala-d00-004301,Riyadh - Souq,Riyadh,Mineral Water Crate,FST-WTR-07,Beverages,1,15.0,15.0,9.0,mada
2026-02-14,TX-B2_poor_baqala-d00-004302,Riyadh - Souq,Riyadh,Mineral Water Crate,FST-WTR-07,Beverages,1,15.0,15.0,9.0,mada
2026-02-14,TX-B2_poor_baqala-d00-004303,Riyadh - Souq,Riyadh,Mineral Water Crate,FST-WTR-07,Beverages,1,15.0,15.0,9.0,card
2026-02-14,TX-B2_poor_baqala-d00-004304,Riyadh - Souq,Riyadh,Mineral Water Crate,FST-WTR-07,Beverages,1,15.0,15.0,9.0,mada
2026-02-14,TX-B2_poor_baqala-d00-004305,Riyadh - Souq,Riyadh,Mineral Water Crate,FST-WTR-07,Beverages,1,15.0,15.0,9.0,cash
2026-02-14,TX-B2_poor_baqala-d00-004306,Riyadh - Souq,Riyadh,Mineral Water Crate,FST-WTR-07,Beverages,1,15.0,15.0,9.0,card
2026-02-14,TX-B2_poor_baqala-d00-004307,Riyadh - Souq,Riyadh,Mineral Water Crate,FST-WTR-07,Beverages,1,15.0,15.0,9.0,mada
2026-02-14,TX-B2_poor_baqala-d00-004308,Riyadh - Souq,Riyadh,Mineral Water Crate,FST-WTR-07,Beverages,1,15.0,15.0,9.0,cash
2026-02-14,TX-B2_poor_baqala-d00-004309,Riyadh - Souq,Riyadh,Mineral Water Crate,FST-WTR-07,Beverages,1,15.0,15.0,9.0,cash
2026-02-15,TX-B2_poor_baqala-d00-004310,Riyadh - Souq,Riyadh,Mineral Water Crate,FST-WTR-07,Beverages,1,15.0,15.0,9.0,cash
2026-02-15,TX-B2_poor_baqala-d00-004311,Riyadh - Souq,Riyadh,Mineral Water Crate,FST-WTR-07,Beverages,1,15.0,15.0,9.0,mada
2026-02-15,TX-B2_poor_baqala-d00-004312,Riyadh - Souq,Riyadh,Mineral Water Crate,FST-WTR-07,Beverages,1,15.0,15.0,9.0,cash
2026-02-15,TX-B2_poor_baqala-d00-004313,Riyadh - Souq,Riyadh,Mineral Water Crate,FST-WTR-07,Beverages,1,15.0,15.0,9.0,mada
2026-02-15,TX-B2_poor_baqala-d00-004314,Riyadh - Souq,Riyadh,Mineral Water Crate,FST-WTR-07,Beverages,1,15.0,15.0,9.0,cash
2026-02-15,TX-B2_poor_baqala-d00-004315,Riyadh - Souq,Riyadh,Mineral Water Crate,FST-WTR-07,Beverages,1,15.0,15.0,9.0,cash
2026-02-15,TX-B2_poor_baqala-d00-004316,Riyadh - Souq,Riyadh,Mineral Water Crate,FST-WTR-07,Beverages,1,15.0,15.0,9.0,mada
2026-02-15,TX-B2_poor_baqala-d00-004317,Riyadh - Souq,Riyadh,Mineral Water Crate,FST-WTR-07,Beverages,1,15.0,15.0,9.0,card
2026-02-15,TX-B2_poor_baqala-d00-004318,Riyadh - Souq,Riyadh,Mineral Water Crate,FST-WTR-07,Beverages,1,15.0,15.0,9.0,card
2026-02-15,TX-B2_poor_baqala-d00-004319,Riyadh - Souq,Riyadh,Mineral Water Crate,FST-WTR-07,Beverages,1,15.0,15.0,9.0,mada
2026-02-15,TX-B2_poor_baqala-d00-004320,Riyadh - Souq,Riyadh,Mineral Water Crate,FST-WTR-07,Beverages,1,15.0,15.0,9.0,cash
2026-02-16,TX-B2_poor_baqala-d00-004321,Riyadh - Souq,Riyadh,Mineral Water Crate,FST-WTR-07,Beverages,1,15.0,15.0,9.0,mada
2026-02-16,TX-B2_poor_baqala-d00-004322,Riyadh - Souq,Riyadh,Mineral Water Crate,FST-WTR-07,Beverages,1,15.0,15.0,9.0,card
2026-02-16,TX-B2_poor_baqala-d00-004323,Riyadh - Souq,Riyadh,Mineral Water Crate,FST-WTR-07,Beverages,1,15.0,15.0,9.0,cash
2026-02-16,TX-B2_poor_baqala-d00-004324,Riyadh - Souq,Riyadh,Mineral Water Crate,FST-WTR-07,Beverages,1,15.0,15.0,9.0,mada
2026-02-16,TX-B2_poor_baqala-d00-004325,Riyadh - Souq,Riyadh,Mineral Water Crate,FST-WTR-07,Beverages,1,15.0,15.0,9.0,mada
2026-02-16,TX-B2_poor_baqala-d00-004326,Riyadh - Souq,Riyadh,Mineral Water Crate,FST-WTR-07,Beverages,1,15.0,15.0,9.0,mada
2026-02-16,TX-B2_poor_baqala-d00-004327,Riyadh - Souq,Riyadh,Mineral Water Crate,FST-WTR-07,Beverages,1,15.0,15.0,9.0,card
2026-02-16,TX-B2_poor_baqala-d00-004328,Riyadh - Souq,Riyadh,Mineral Water Crate,FST-WTR-07,Beverages,1,15.0,15.0,9.0,mada
2026-02-16,TX-B2_poor_baqala-d00-004329,Riyadh - Souq,Riyadh,Mineral Water Crate,FST-WTR-07,Beverages,1,15.0,15.0,9.0,mada
2026-02-16,TX-B2_poor_baqala-d00-004330,Riyadh - Souq,Riyadh,Mineral Water Crate,FST-WTR-07,Beverages,1,15.0,15.0,9.0,mada
2026-02-16,TX-B2_poor_baqala-d00-004331,Riyadh - Souq,Riyadh,Mineral Water Crate,FST-WTR-07,Beverages,1,15.0,15.0,9.0,mada
2026-02-17,TX-B2_poor_baqala-d00-004332,Riyadh - Souq,Riyadh,Mineral Water Crate,FST-WTR-07,Beverages,1,15.0,15.0,9.0,mada
2026-02-17,TX-B2_poor_baqala-d00-004333,Riyadh - Souq,Riyadh,Mineral Water Crate,FST-WTR-07,Beverages,1,15.0,15.0,9.0,card
2026-02-17,TX-B2_poor_baqala-d00-004334,Riyadh - Souq,Riyadh,Mineral Water Crate,FST-WTR-07,Beverages,1,15.0,15.0,9.0,cash
2026-02-17,TX-B2_poor_baqala-d00-004335,Riyadh - Souq,Riyadh,Mineral Water Crate,FST-WTR-07,Beverages,1,15.0,15.0,9.0,mada
2026-02-17,TX-B2_poor_baqala-d00-004336,Riyadh - Souq,Riyadh,Mineral Water Crate,FST-WTR-07,Beverages,1,15.0,15.0,9.0,mada
2026-02-17,TX-B2_poor_baqala-d00-004337,Riyadh - Souq,Riyadh,Mineral Water Crate,FST-WTR-07,Beverages,1,15.0,15.0,9.0,cash
2026-02-17,TX-B2_poor_baqala-d00-004338,Riyadh - Souq,Riyadh,Mineral Water Crate,FST-WTR-07,Beverages,1,15.0,15.0,9.0,mada
2026-02-17,TX-B2_poor_baqala-d00-004339,Riyadh - Souq,Riyadh,Mineral Water Crate,FST-WTR-07,Beverages,1,15.0,15.0,9.0,card
2026-02-17,TX-B2_poor_baqala-d00-004340,Riyadh - Souq,Riyadh,Mineral Water Crate,FST-WTR-07,Beverages,1,15.0,15.0,9.0,card
2026-02-17,TX-B2_poor_baqala-d00-004341,Riyadh - Souq,Riyadh,Mineral Water Crate,FST-WTR-07,Beverages,1,15.0,15.0,9.0,card
2026-02-17,TX-B2_poor_baqala-d00-004342,Riyadh - Souq,Riyadh,Mineral Water Crate,FST-WTR-07,Beverages,1,15.0,15.0,9.0,cash
2026-02-18,TX-B2_poor_baqala-d00-004343,Riyadh - Souq,Riyadh,Mineral Water Crate,FST-WTR-07,Beverages,1,15.0,15.0,9.0,cash
2026-02-18,TX-B2_poor_baqala-d00-004344,Riyadh - Souq,Riyadh,Mineral Water Crate,FST-WTR-07,Beverages,1,15.0,15.0,9.0,cash
2026-02-18,TX-B2_poor_baqala-d00-004345,Riyadh - Souq,Riyadh,Mineral Water Crate,FST-WTR-07,Beverages,1,15.0,15.0,9.0,mada
2026-02-18,TX-B2_poor_baqala-d00-004346,Riyadh - Souq,Riyadh,Mineral Water Crate,FST-WTR-07,Beverages,1,15.0,15.0,9.0,card
2026-02-18,TX-B2_poor_baqala-d00-004347,Riyadh - Souq,Riyadh,Mineral Water Crate,FST-WTR-07,Beverages,1,15.0,15.0,9.0,cash
2026-02-18,TX-B2_poor_baqala-d00-004348,Riyadh - Souq,Riyadh,Mineral Water Crate,FST-WTR-07,Beverages,1,15.0,15.0,9.0,cash
2026-02-18,TX-B2_poor_baqala-d00-004349,Riyadh - Souq,Riyadh,Mineral Water Crate,FST-WTR-07,Beverages,1,15.0,15.0,9.0,mada
2026-02-18,TX-B2_poor_baqala-d00-004350,Riyadh - Souq,Riyadh,Mineral Water Crate,FST-WTR-07,Beverages,1,15.0,15.0,9.0,mada
2026-02-18,TX-B2_poor_baqala-d00-004351,Riyadh - Souq,Riyadh,Mineral Water Crate,FST-WTR-07,Beverages,1,15.0,15.0,9.0,cash
2026-02-18,TX-B2_poor_baqala-d00-004352,Riyadh - Souq,Riyadh,Mineral Water Crate,FST-WTR-07,Beverages,1,15.0,15.0,9.0,mada
2026-02-18,TX-B2_poor_baqala-d00-004353,Riyadh - Souq,Riyadh,Mineral Water Crate,FST-WTR-07,Beverages,1,15.0,15.0,9.0,cash
2026-02-18,TX-B2_poor_baqala-d00-004354,Riyadh - Souq,Riyadh,Mineral Water Crate,FST-WTR-07,Beverages,1,15.0,15.0,9.0,cash
2026-02-19,TX-B2_poor_baqala-d00-004355,Riyadh - Souq,Riyadh,Mineral Water Crate,FST-WTR-07,Beverages,1,15.0,15.0,9.0,mada
2026-02-19,TX-B2_poor_baqala-d00-004356,Riyadh - Souq,Riyadh,Mineral Water Crate,FST-WTR-07,Beverages,1,15.0,15.0,9.0,cash
2026-02-19,TX-B2_poor_baqala-d00-004357,Riyadh - Souq,Riyadh,Mineral Water Crate,FST-WTR-07,Beverages,1,15.0,15.0,9.0,card
2026-02-19,TX-B2_poor_baqala-d00-004358,Riyadh - Souq,Riyadh,Mineral Water Crate,FST-WTR-07,Beverages,1,15.0,15.0,9.0,cash
2026-02-19,TX-B2_poor_baqala-d00-004359,Riyadh - Souq,Riyadh,Mineral Water Crate,FST-WTR-07,Beverages,1,15.0,15.0,9.0,card
2026-02-19,TX-B2_poor_baqala-d00-004360,Riyadh - Souq,Riyadh,Mineral Water Crate,FST-WTR-07,Beverages,1,15.0,15.0,9.0,card
2026-02-19,TX-B2_poor_baqala-d00-004361,Riyadh - Souq,Riyadh,Mineral Water Crate,FST-WTR-07,Beverages,1,15.0,15.0,9.0,cash
2026-02-19,TX-B2_poor_baqala-d00-004362,Riyadh - Souq,Riyadh,Mineral Water Crate,FST-WTR-07,Beverages,1,15.0,15.0,9.0,cash
2026-02-19,TX-B2_poor_baqala-d00-004363,Riyadh - Souq,Riyadh,Mineral Water Crate,FST-WTR-07,Beverages,1,15.0,15.0,9.0,card
2026-02-20,TX-B2_poor_baqala-d00-004364,Riyadh - Souq,Riyadh,Mineral Water Crate,FST-WTR-07,Beverages,1,15.0,15.0,9.0,cash
2026-02-20,TX-B2_poor_baqala-d00-004365,Riyadh - Souq,Riyadh,Mineral Water Crate,FST-WTR-07,Beverages,1,15.0,15.0,9.0,card
2026-02-20,TX-B2_poor_baqala-d00-004366,Riyadh - Souq,Riyadh,Mineral Water Crate,FST-WTR-07,Beverages,1,15.0,15.0,9.0,card
2026-02-20,TX-B2_poor_baqala-d00-004367,Riyadh - Souq,Riyadh,Mineral Water Crate,FST-WTR-07,Beverages,1,15.0,15.0,9.0,mada
2026-02-20,TX-B2_poor_baqala-d00-004368,Riyadh - Souq,Riyadh,Mineral Water Crate,FST-WTR-07,Beverages,1,15.0,15.0,9.0,card
2026-02-20,TX-B2_poor_baqala-d00-004369,Riyadh - Souq,Riyadh,Mineral Water Crate,FST-WTR-07,Beverages,1,15.0,15.0,9.0,mada
2026-02-20,TX-B2_poor_baqala-d00-004370,Riyadh - Souq,Riyadh,Mineral Water Crate,FST-WTR-07,Beverages,1,15.0,15.0,9.0,cash
2026-02-20,TX-B2_poor_baqala-d00-004371,Riyadh - Souq,Riyadh,Mineral Water Crate,FST-WTR-07,Beverages,1,15.0,15.0,9.0,cash
2026-02-20,TX-B2_poor_baqala-d00-004372,Riyadh - Souq,Riyadh,Mineral Water Crate,FST-WTR-07,Beverages,1,15.0,15.0,9.0,card
2026-02-20,TX-B2_poor_baqala-d00-004373,Riyadh - Souq,Riyadh,Mineral Water Crate,FST-WTR-07,Beverages,1,15.0,15.0,9.0,mada
2026-02-21,TX-B2_poor_baqala-d00-004374,Riyadh - Souq,Riyadh,Mineral Water Crate,FST-WTR-07,Beverages,1,15.0,15.0,9.0,card
2026-02-21,TX-B2_poor_baqala-d00-004375,Riyadh - Souq,Riyadh,Mineral Water Crate,FST-WTR-07,Beverages,1,15.0,15.0,9.0,cash
2026-02-21,TX-B2_poor_baqala-d00-004376,Riyadh - Souq,Riyadh,Mineral Water Crate,FST-WTR-07,Beverages,1,15.0,15.0,9.0,card
2026-02-21,TX-B2_poor_baqala-d00-004377,Riyadh - Souq,Riyadh,Mineral Water Crate,FST-WTR-07,Beverages,1,15.0,15.0,9.0,card
2026-02-21,TX-B2_poor_baqala-d00-004378,Riyadh - Souq,Riyadh,Mineral Water Crate,FST-WTR-07,Beverages,1,15.0,15.0,9.0,mada
2026-02-21,TX-B2_poor_baqala-d00-004379,Riyadh - Souq,Riyadh,Mineral Water Crate,FST-WTR-07,Beverages,1,15.0,15.0,9.0,mada
2026-02-21,TX-B2_poor_baqala-d00-004380,Riyadh - Souq,Riyadh,Mineral Water Crate,FST-WTR-07,Beverages,1,15.0,15.0,9.0,cash
2026-02-21,TX-B2_poor_baqala-d00-004381,Riyadh - Souq,Riyadh,Mineral Water Crate,FST-WTR-07,Beverages,1,15.0,15.0,9.0,cash
2026-02-21,TX-B2_poor_baqala-d00-004382,Riyadh - Souq,Riyadh,Mineral Water Crate,FST-WTR-07,Beverages,1,15.0,15.0,9.0,cash
2026-02-21,TX-B2_poor_baqala-d00-004383,Riyadh - Souq,Riyadh,Mineral Water Crate,FST-WTR-07,Beverages,1,15.0,15.0,9.0,mada
2026-02-21,TX-B2_poor_baqala-d00-004384,Riyadh - Souq,Riyadh,Mineral Water Crate,FST-WTR-07,Beverages,1,15.0,15.0,9.0,card
2026-02-21,TX-B2_poor_baqala-d00-004385,Riyadh - Souq,Riyadh,Mineral Water Crate,FST-WTR-07,Beverages,1,15.0,15.0,9.0,mada
2026-02-22,TX-B2_poor_baqala-d00-004386,Riyadh - Souq,Riyadh,Mineral Water Crate,FST-WTR-07,Beverages,1,15.0,15.0,9.0,card
2026-02-22,TX-B2_poor_baqala-d00-004387,Riyadh - Souq,Riyadh,Mineral Water Crate,FST-WTR-07,Beverages,1,15.0,15.0,9.0,card
2026-02-22,TX-B2_poor_baqala-d00-004388,Riyadh - Souq,Riyadh,Mineral Water Crate,FST-WTR-07,Beverages,1,15.0,15.0,9.0,mada
2026-02-22,TX-B2_poor_baqala-d00-004389,Riyadh - Souq,Riyadh,Mineral Water Crate,FST-WTR-07,Beverages,1,15.0,15.0,9.0,mada
2026-02-22,TX-B2_poor_baqala-d00-004390,Riyadh - Souq,Riyadh,Mineral Water Crate,FST-WTR-07,Beverages,1,15.0,15.0,9.0,cash
2026-02-22,TX-B2_poor_baqala-d00-004391,Riyadh - Souq,Riyadh,Mineral Water Crate,FST-WTR-07,Beverages,1,15.0,15.0,9.0,card
2026-02-22,TX-B2_poor_baqala-d00-004392,Riyadh - Souq,Riyadh,Mineral Water Crate,FST-WTR-07,Beverages,1,15.0,15.0,9.0,card
2026-02-22,TX-B2_poor_baqala-d00-004393,Riyadh - Souq,Riyadh,Mineral Water Crate,FST-WTR-07,Beverages,1,15.0,15.0,9.0,cash
2026-02-22,TX-B2_poor_baqala-d00-004394,Riyadh - Souq,Riyadh,Mineral Water Crate,FST-WTR-07,Beverages,1,15.0,15.0,9.0,mada
2026-02-22,TX-B2_poor_baqala-d00-004395,Riyadh - Souq,Riyadh,Mineral Water Crate,FST-WTR-07,Beverages,1,15.0,15.0,9.0,cash
2026-02-22,TX-B2_poor_baqala-d00-004396,Riyadh - Souq,Riyadh,Mineral Water Crate,FST-WTR-07,Beverages,1,15.0,15.0,9.0,mada
2026-02-22,TX-B2_poor_baqala-d00-004397,Riyadh - Souq,Riyadh,Mineral Water Crate,FST-WTR-07,Beverages,1,15.0,15.0,9.0,mada
2026-02-23,TX-B2_poor_baqala-d00-004398,Riyadh - Souq,Riyadh,Mineral Water Crate,FST-WTR-07,Beverages,1,15.0,15.0,9.0,cash
2026-02-23,TX-B2_poor_baqala-d00-004399,Riyadh - Souq,Riyadh,Mineral Water Crate,FST-WTR-07,Beverages,1,15.0,15.0,9.0,card
2026-02-23,TX-B2_poor_baqala-d00-004400,Riyadh - Souq,Riyadh,Mineral Water Crate,FST-WTR-07,Beverages,1,15.0,15.0,9.0,card
2026-02-23,TX-B2_poor_baqala-d00-004401,Riyadh - Souq,Riyadh,Mineral Water Crate,FST-WTR-07,Beverages,1,15.0,15.0,9.0,cash
2026-02-23,TX-B2_poor_baqala-d00-004402,Riyadh - Souq,Riyadh,Mineral Water Crate,FST-WTR-07,Beverages,1,15.0,15.0,9.0,card
2026-02-24,TX-B2_poor_baqala-d00-004403,Riyadh - Souq,Riyadh,Mineral Water Crate,FST-WTR-07,Beverages,1,15.0,15.0,9.0,mada
2026-02-24,TX-B2_poor_baqala-d00-004404,Riyadh - Souq,Riyadh,Mineral Water Crate,FST-WTR-07,Beverages,1,15.0,15.0,9.0,cash
2026-02-24,TX-B2_poor_baqala-d00-004405,Riyadh - Souq,Riyadh,Mineral Water Crate,FST-WTR-07,Beverages,1,15.0,15.0,9.0,cash
2026-02-24,TX-B2_poor_baqala-d00-004406,Riyadh - Souq,Riyadh,Mineral Water Crate,FST-WTR-07,Beverages,1,15.0,15.0,9.0,card
2026-02-24,TX-B2_poor_baqala-d00-004407,Riyadh - Souq,Riyadh,Mineral Water Crate,FST-WTR-07,Beverages,1,15.0,15.0,9.0,card
2026-02-24,TX-B2_poor_baqala-d00-004408,Riyadh - Souq,Riyadh,Mineral Water Crate,FST-WTR-07,Beverages,1,15.0,15.0,9.0,mada
2026-02-24,TX-B2_poor_baqala-d00-004409,Riyadh - Souq,Riyadh,Mineral Water Crate,FST-WTR-07,Beverages,1,15.0,15.0,9.0,cash
2026-02-24,TX-B2_poor_baqala-d00-004410,Riyadh - Souq,Riyadh,Mineral Water Crate,FST-WTR-07,Beverages,1,15.0,15.0,9.0,card
2026-02-24,TX-B2_poor_baqala-d00-004411,Riyadh - Souq,Riyadh,Mineral Water Crate,FST-WTR-07,Beverages,1,15.0,15.0,9.0,mada
2026-02-24,TX-B2_poor_baqala-d00-004412,Riyadh - Souq,Riyadh,Mineral Water Crate,FST-WTR-07,Beverages,1,15.0,15.0,9.0,cash
2026-02-25,TX-B2_poor_baqala-d00-004413,Riyadh - Souq,Riyadh,Mineral Water Crate,FST-WTR-07,Beverages,1,15.0,15.0,9.0,card
2026-02-25,TX-B2_poor_baqala-d00-004414,Riyadh - Souq,Riyadh,Mineral Water Crate,FST-WTR-07,Beverages,1,15.0,15.0,9.0,cash
2026-02-25,TX-B2_poor_baqala-d00-004415,Riyadh - Souq,Riyadh,Mineral Water Crate,FST-WTR-07,Beverages,1,15.0,15.0,9.0,card
2026-02-25,TX-B2_poor_baqala-d00-004416,Riyadh - Souq,Riyadh,Mineral Water Crate,FST-WTR-07,Beverages,1,15.0,15.0,9.0,cash
2026-02-25,TX-B2_poor_baqala-d00-004417,Riyadh - Souq,Riyadh,Mineral Water Crate,FST-WTR-07,Beverages,1,15.0,15.0,9.0,card
2026-02-25,TX-B2_poor_baqala-d00-004418,Riyadh - Souq,Riyadh,Mineral Water Crate,FST-WTR-07,Beverages,1,15.0,15.0,9.0,card
2026-02-25,TX-B2_poor_baqala-d00-004419,Riyadh - Souq,Riyadh,Mineral Water Crate,FST-WTR-07,Beverages,1,15.0,15.0,9.0,mada
2026-02-25,TX-B2_poor_baqala-d00-004420,Riyadh - Souq,Riyadh,Mineral Water Crate,FST-WTR-07,Beverages,1,15.0,15.0,9.0,mada
2026-02-25,TX-B2_poor_baqala-d00-004421,Riyadh - Souq,Riyadh,Mineral Water Crate,FST-WTR-07,Beverages,1,15.0,15.0,9.0,card
2026-02-26,TX-B2_poor_baqala-d00-004422,Riyadh - Souq,Riyadh,Mineral Water Crate,FST-WTR-07,Beverages,1,15.0,15.0,9.0,mada
2026-02-26,TX-B2_poor_baqala-d00-004423,Riyadh - Souq,Riyadh,Mineral Water Crate,FST-WTR-07,Beverages,1,15.0,15.0,9.0,mada
2026-02-26,TX-B2_poor_baqala-d00-004424,Riyadh - Souq,Riyadh,Mineral Water Crate,FST-WTR-07,Beverages,1,15.0,15.0,9.0,card
2026-02-26,TX-B2_poor_baqala-d00-004425,Riyadh - Souq,Riyadh,Mineral Water Crate,FST-WTR-07,Beverages,1,15.0,15.0,9.0,cash
2026-02-26,TX-B2_poor_baqala-d00-004426,Riyadh - Souq,Riyadh,Mineral Water Crate,FST-WTR-07,Beverages,1,15.0,15.0,9.0,card
2026-02-26,TX-B2_poor_baqala-d00-004427,Riyadh - Souq,Riyadh,Mineral Water Crate,FST-WTR-07,Beverages,1,15.0,15.0,9.0,mada
2026-02-26,TX-B2_poor_baqala-d00-004428,Riyadh - Souq,Riyadh,Mineral Water Crate,FST-WTR-07,Beverages,1,15.0,15.0,9.0,cash
2026-02-26,TX-B2_poor_baqala-d00-004429,Riyadh - Souq,Riyadh,Mineral Water Crate,FST-WTR-07,Beverages,1,15.0,15.0,9.0,card
2026-02-26,TX-B2_poor_baqala-d00-004430,Riyadh - Souq,Riyadh,Mineral Water Crate,FST-WTR-07,Beverages,1,15.0,15.0,9.0,cash
2026-02-26,TX-B2_poor_baqala-d00-004431,Riyadh - Souq,Riyadh,Mineral Water Crate,FST-WTR-07,Beverages,1,15.0,15.0,9.0,mada
2026-02-26,TX-B2_poor_baqala-d00-004432,Riyadh - Souq,Riyadh,Mineral Water Crate,FST-WTR-07,Beverages,1,15.0,15.0,9.0,mada
2026-02-26,TX-B2_poor_baqala-d00-004433,Riyadh - Souq,Riyadh,Mineral Water Crate,FST-WTR-07,Beverages,1,15.0,15.0,9.0,mada
2026-02-26,TX-B2_poor_baqala-d00-004434,Riyadh - Souq,Riyadh,Mineral Water Crate,FST-WTR-07,Beverages,1,15.0,15.0,9.0,mada
2026-02-26,TX-B2_poor_baqala-d00-004435,Riyadh - Souq,Riyadh,Mineral Water Crate,FST-WTR-07,Beverages,1,15.0,15.0,9.0,mada
2026-02-26,TX-B2_poor_baqala-d00-004436,Riyadh - Souq,Riyadh,Mineral Water Crate,FST-WTR-07,Beverages,1,15.0,15.0,9.0,card
2026-02-26,TX-B2_poor_baqala-d00-004437,Riyadh - Souq,Riyadh,Mineral Water Crate,FST-WTR-07,Beverages,1,15.0,15.0,9.0,card
2026-02-27,TX-B2_poor_baqala-d00-004438,Riyadh - Souq,Riyadh,Mineral Water Crate,FST-WTR-07,Beverages,1,15.0,15.0,9.0,cash
2026-02-27,TX-B2_poor_baqala-d00-004439,Riyadh - Souq,Riyadh,Mineral Water Crate,FST-WTR-07,Beverages,1,15.0,15.0,9.0,cash
2026-02-27,TX-B2_poor_baqala-d00-004440,Riyadh - Souq,Riyadh,Mineral Water Crate,FST-WTR-07,Beverages,1,15.0,15.0,9.0,card
2026-02-27,TX-B2_poor_baqala-d00-004441,Riyadh - Souq,Riyadh,Mineral Water Crate,FST-WTR-07,Beverages,1,15.0,15.0,9.0,mada
2026-02-27,TX-B2_poor_baqala-d00-004442,Riyadh - Souq,Riyadh,Mineral Water Crate,FST-WTR-07,Beverages,1,15.0,15.0,9.0,cash
2026-02-27,TX-B2_poor_baqala-d00-004443,Riyadh - Souq,Riyadh,Mineral Water Crate,FST-WTR-07,Beverages,1,15.0,15.0,9.0,mada
2026-02-27,TX-B2_poor_baqala-d00-004444,Riyadh - Souq,Riyadh,Mineral Water Crate,FST-WTR-07,Beverages,1,15.0,15.0,9.0,mada
2026-02-27,TX-B2_poor_baqala-d00-004445,Riyadh - Souq,Riyadh,Mineral Water Crate,FST-WTR-07,Beverages,1,15.0,15.0,9.0,mada
2026-02-27,TX-B2_poor_baqala-d00-004446,Riyadh - Souq,Riyadh,Mineral Water Crate,FST-WTR-07,Beverages,1,15.0,15.0,9.0,mada
2026-02-27,TX-B2_poor_baqala-d00-004447,Riyadh - Souq,Riyadh,Mineral Water Crate,FST-WTR-07,Beverages,1,15.0,15.0,9.0,card
2026-02-27,TX-B2_poor_baqala-d00-004448,Riyadh - Souq,Riyadh,Mineral Water Crate,FST-WTR-07,Beverages,1,15.0,15.0,9.0,cash
2026-02-28,TX-B2_poor_baqala-d00-004449,Riyadh - Souq,Riyadh,Mineral Water Crate,FST-WTR-07,Beverages,1,15.0,15.0,9.0,card
2026-02-28,TX-B2_poor_baqala-d00-004450,Riyadh - Souq,Riyadh,Mineral Water Crate,FST-WTR-07,Beverages,1,15.0,15.0,9.0,card
2026-02-28,TX-B2_poor_baqala-d00-004451,Riyadh - Souq,Riyadh,Mineral Water Crate,FST-WTR-07,Beverages,1,15.0,15.0,9.0,card
2026-02-28,TX-B2_poor_baqala-d00-004452,Riyadh - Souq,Riyadh,Mineral Water Crate,FST-WTR-07,Beverages,1,15.0,15.0,9.0,card
2026-02-28,TX-B2_poor_baqala-d00-004453,Riyadh - Souq,Riyadh,Mineral Water Crate,FST-WTR-07,Beverages,1,15.0,15.0,9.0,card
2026-02-28,TX-B2_poor_baqala-d00-004454,Riyadh - Souq,Riyadh,Mineral Water Crate,FST-WTR-07,Beverages,1,15.0,15.0,9.0,card
2026-02-28,TX-B2_poor_baqala-d00-004455,Riyadh - Souq,Riyadh,Mineral Water Crate,FST-WTR-07,Beverages,1,15.0,15.0,9.0,card
2026-02-28,TX-B2_poor_baqala-d00-004456,Riyadh - Souq,Riyadh,Mineral Water Crate,FST-WTR-07,Beverages,1,15.0,15.0,9.0,mada
2026-02-28,TX-B2_poor_baqala-d00-004457,Riyadh - Souq,Riyadh,Mineral Water Crate,FST-WTR-07,Beverages,1,15.0,15.0,9.0,mada
2026-02-28,TX-B2_poor_baqala-d00-004458,Riyadh - Souq,Riyadh,Mineral Water Crate,FST-WTR-07,Beverages,1,15.0,15.0,9.0,card
2026-03-01,TX-B2_poor_baqala-d00-004459,Riyadh - Souq,Riyadh,Mineral Water Crate,FST-WTR-07,Beverages,1,15.0,15.0,9.0,mada
2026-03-01,TX-B2_poor_baqala-d00-004460,Riyadh - Souq,Riyadh,Mineral Water Crate,FST-WTR-07,Beverages,1,15.0,15.0,9.0,cash
2026-03-01,TX-B2_poor_baqala-d00-004461,Riyadh - Souq,Riyadh,Mineral Water Crate,FST-WTR-07,Beverages,1,15.0,15.0,9.0,mada
2026-03-01,TX-B2_poor_baqala-d00-004462,Riyadh - Souq,Riyadh,Mineral Water Crate,FST-WTR-07,Beverages,1,15.0,15.0,9.0,cash
2026-03-01,TX-B2_poor_baqala-d00-004463,Riyadh - Souq,Riyadh,Mineral Water Crate,FST-WTR-07,Beverages,1,15.0,15.0,9.0,cash
2026-03-01,TX-B2_poor_baqala-d00-004464,Riyadh - Souq,Riyadh,Mineral Water Crate,FST-WTR-07,Beverages,1,15.0,15.0,9.0,cash
2026-03-01,TX-B2_poor_baqala-d00-004465,Riyadh - Souq,Riyadh,Mineral Water Crate,FST-WTR-07,Beverages,1,15.0,15.0,9.0,mada
2026-03-01,TX-B2_poor_baqala-d00-004466,Riyadh - Souq,Riyadh,Mineral Water Crate,FST-WTR-07,Beverages,1,15.0,15.0,9.0,cash
2026-03-01,TX-B2_poor_baqala-d00-004467,Riyadh - Souq,Riyadh,Mineral Water Crate,FST-WTR-07,Beverages,1,15.0,15.0,9.0,cash
2026-03-01,TX-B2_poor_baqala-d00-004468,Riyadh - Souq,Riyadh,Mineral Water Crate,FST-WTR-07,Beverages,1,15.0,15.0,9.0,mada
2026-03-02,TX-B2_poor_baqala-d00-004469,Riyadh - Souq,Riyadh,Mineral Water Crate,FST-WTR-07,Beverages,1,15.0,15.0,9.0,mada
2026-03-02,TX-B2_poor_baqala-d00-004470,Riyadh - Souq,Riyadh,Mineral Water Crate,FST-WTR-07,Beverages,1,15.0,15.0,9.0,mada
2026-03-02,TX-B2_poor_baqala-d00-004471,Riyadh - Souq,Riyadh,Mineral Water Crate,FST-WTR-07,Beverages,1,15.0,15.0,9.0,mada
2026-03-02,TX-B2_poor_baqala-d00-004472,Riyadh - Souq,Riyadh,Mineral Water Crate,FST-WTR-07,Beverages,1,15.0,15.0,9.0,mada
2026-03-02,TX-B2_poor_baqala-d00-004473,Riyadh - Souq,Riyadh,Mineral Water Crate,FST-WTR-07,Beverages,1,15.0,15.0,9.0,cash
2026-03-02,TX-B2_poor_baqala-d00-004474,Riyadh - Souq,Riyadh,Mineral Water Crate,FST-WTR-07,Beverages,1,15.0,15.0,9.0,cash
2026-03-02,TX-B2_poor_baqala-d00-004475,Riyadh - Souq,Riyadh,Mineral Water Crate,FST-WTR-07,Beverages,1,15.0,15.0,9.0,cash
2026-03-02,TX-B2_poor_baqala-d00-004476,Riyadh - Souq,Riyadh,Mineral Water Crate,FST-WTR-07,Beverages,1,15.0,15.0,9.0,mada
2026-03-02,TX-B2_poor_baqala-d00-004477,Riyadh - Souq,Riyadh,Mineral Water Crate,FST-WTR-07,Beverages,1,15.0,15.0,9.0,card
2026-03-03,TX-B2_poor_baqala-d00-004478,Riyadh - Souq,Riyadh,Mineral Water Crate,FST-WTR-07,Beverages,1,15.0,15.0,9.0,cash
2026-03-03,TX-B2_poor_baqala-d00-004479,Riyadh - Souq,Riyadh,Mineral Water Crate,FST-WTR-07,Beverages,1,15.0,15.0,9.0,cash
2026-03-03,TX-B2_poor_baqala-d00-004480,Riyadh - Souq,Riyadh,Mineral Water Crate,FST-WTR-07,Beverages,1,15.0,15.0,9.0,mada
2026-03-03,TX-B2_poor_baqala-d00-004481,Riyadh - Souq,Riyadh,Mineral Water Crate,FST-WTR-07,Beverages,1,15.0,15.0,9.0,cash
2026-03-03,TX-B2_poor_baqala-d00-004482,Riyadh - Souq,Riyadh,Mineral Water Crate,FST-WTR-07,Beverages,1,15.0,15.0,9.0,mada
2026-03-03,TX-B2_poor_baqala-d00-004483,Riyadh - Souq,Riyadh,Mineral Water Crate,FST-WTR-07,Beverages,1,15.0,15.0,9.0,cash
2026-03-03,TX-B2_poor_baqala-d00-004484,Riyadh - Souq,Riyadh,Mineral Water Crate,FST-WTR-07,Beverages,1,15.0,15.0,9.0,card
2026-03-03,TX-B2_poor_baqala-d00-004485,Riyadh - Souq,Riyadh,Mineral Water Crate,FST-WTR-07,Beverages,1,15.0,15.0,9.0,cash
2026-03-03,TX-B2_poor_baqala-d00-004486,Riyadh - Souq,Riyadh,Mineral Water Crate,FST-WTR-07,Beverages,1,15.0,15.0,9.0,card
2026-03-03,TX-B2_poor_baqala-d00-004487,Riyadh - Souq,Riyadh,Mineral Water Crate,FST-WTR-07,Beverages,1,15.0,15.0,9.0,cash
2026-03-03,TX-B2_poor_baqala-d00-004488,Riyadh - Souq,Riyadh,Mineral Water Crate,FST-WTR-07,Beverages,1,15.0,15.0,9.0,mada
2026-03-04,TX-B2_poor_baqala-d00-004489,Riyadh - Souq,Riyadh,Mineral Water Crate,FST-WTR-07,Beverages,1,15.0,15.0,9.0,card
2026-03-04,TX-B2_poor_baqala-d00-004490,Riyadh - Souq,Riyadh,Mineral Water Crate,FST-WTR-07,Beverages,1,15.0,15.0,9.0,cash
2026-03-04,TX-B2_poor_baqala-d00-004491,Riyadh - Souq,Riyadh,Mineral Water Crate,FST-WTR-07,Beverages,1,15.0,15.0,9.0,cash
2026-03-04,TX-B2_poor_baqala-d00-004492,Riyadh - Souq,Riyadh,Mineral Water Crate,FST-WTR-07,Beverages,1,15.0,15.0,9.0,cash
2026-03-04,TX-B2_poor_baqala-d00-004493,Riyadh - Souq,Riyadh,Mineral Water Crate,FST-WTR-07,Beverages,1,15.0,15.0,9.0,mada
2026-03-04,TX-B2_poor_baqala-d00-004494,Riyadh - Souq,Riyadh,Mineral Water Crate,FST-WTR-07,Beverages,1,15.0,15.0,9.0,card
2026-03-04,TX-B2_poor_baqala-d00-004495,Riyadh - Souq,Riyadh,Mineral Water Crate,FST-WTR-07,Beverages,1,15.0,15.0,9.0,cash
2026-03-04,TX-B2_poor_baqala-d00-004496,Riyadh - Souq,Riyadh,Mineral Water Crate,FST-WTR-07,Beverages,1,15.0,15.0,9.0,mada
2026-03-04,TX-B2_poor_baqala-d00-004497,Riyadh - Souq,Riyadh,Mineral Water Crate,FST-WTR-07,Beverages,1,15.0,15.0,9.0,card
2026-03-04,TX-B2_poor_baqala-d00-004498,Riyadh - Souq,Riyadh,Mineral Water Crate,FST-WTR-07,Beverages,1,15.0,15.0,9.0,cash
2026-03-04,TX-B2_poor_baqala-d00-004499,Riyadh - Souq,Riyadh,Mineral Water Crate,FST-WTR-07,Beverages,1,15.0,15.0,9.0,cash
2026-03-05,TX-B2_poor_baqala-d00-004500,Riyadh - Souq,Riyadh,Mineral Water Crate,FST-WTR-07,Beverages,1,15.0,15.0,9.0,card
2026-03-05,TX-B2_poor_baqala-d00-004501,Riyadh - Souq,Riyadh,Mineral Water Crate,FST-WTR-07,Beverages,1,15.0,15.0,9.0,card
2026-03-05,TX-B2_poor_baqala-d00-004502,Riyadh - Souq,Riyadh,Mineral Water Crate,FST-WTR-07,Beverages,1,15.0,15.0,9.0,mada
2026-03-05,TX-B2_poor_baqala-d00-004503,Riyadh - Souq,Riyadh,Mineral Water Crate,FST-WTR-07,Beverages,1,15.0,15.0,9.0,mada
2026-03-05,TX-B2_poor_baqala-d00-004504,Riyadh - Souq,Riyadh,Mineral Water Crate,FST-WTR-07,Beverages,1,15.0,15.0,9.0,mada
2026-03-05,TX-B2_poor_baqala-d00-004505,Riyadh - Souq,Riyadh,Mineral Water Crate,FST-WTR-07,Beverages,1,15.0,15.0,9.0,card
2026-03-05,TX-B2_poor_baqala-d00-004506,Riyadh - Souq,Riyadh,Mineral Water Crate,FST-WTR-07,Beverages,1,15.0,15.0,9.0,cash
2026-03-05,TX-B2_poor_baqala-d00-004507,Riyadh - Souq,Riyadh,Mineral Water Crate,FST-WTR-07,Beverages,1,15.0,15.0,9.0,mada
2026-03-05,TX-B2_poor_baqala-d00-004508,Riyadh - Souq,Riyadh,Mineral Water Crate,FST-WTR-07,Beverages,1,15.0,15.0,9.0,mada
2026-03-05,TX-B2_poor_baqala-d00-004509,Riyadh - Souq,Riyadh,Mineral Water Crate,FST-WTR-07,Beverages,1,15.0,15.0,9.0,card
2026-03-05,TX-B2_poor_baqala-d00-004510,Riyadh - Souq,Riyadh,Mineral Water Crate,FST-WTR-07,Beverages,1,15.0,15.0,9.0,card
2026-03-05,TX-B2_poor_baqala-d00-004511,Riyadh - Souq,Riyadh,Mineral Water Crate,FST-WTR-07,Beverages,1,15.0,15.0,9.0,cash
2026-03-06,TX-B2_poor_baqala-d00-004512,Riyadh - Souq,Riyadh,Mineral Water Crate,FST-WTR-07,Beverages,1,15.0,15.0,9.0,cash
2026-03-06,TX-B2_poor_baqala-d00-004513,Riyadh - Souq,Riyadh,Mineral Water Crate,FST-WTR-07,Beverages,1,15.0,15.0,9.0,mada
2026-03-06,TX-B2_poor_baqala-d00-004514,Riyadh - Souq,Riyadh,Mineral Water Crate,FST-WTR-07,Beverages,1,15.0,15.0,9.0,cash
2026-03-06,TX-B2_poor_baqala-d00-004515,Riyadh - Souq,Riyadh,Mineral Water Crate,FST-WTR-07,Beverages,1,15.0,15.0,9.0,cash
2026-03-06,TX-B2_poor_baqala-d00-004516,Riyadh - Souq,Riyadh,Mineral Water Crate,FST-WTR-07,Beverages,1,15.0,15.0,9.0,card
2026-03-06,TX-B2_poor_baqala-d00-004517,Riyadh - Souq,Riyadh,Mineral Water Crate,FST-WTR-07,Beverages,1,15.0,15.0,9.0,cash
2026-03-06,TX-B2_poor_baqala-d00-004518,Riyadh - Souq,Riyadh,Mineral Water Crate,FST-WTR-07,Beverages,1,15.0,15.0,9.0,card
2026-03-06,TX-B2_poor_baqala-d00-004519,Riyadh - Souq,Riyadh,Mineral Water Crate,FST-WTR-07,Beverages,1,15.0,15.0,9.0,cash
2026-03-06,TX-B2_poor_baqala-d00-004520,Riyadh - Souq,Riyadh,Mineral Water Crate,FST-WTR-07,Beverages,1,15.0,15.0,9.0,card
2026-03-06,TX-B2_poor_baqala-d00-004521,Riyadh - Souq,Riyadh,Mineral Water Crate,FST-WTR-07,Beverages,1,15.0,15.0,9.0,mada
2026-03-06,TX-B2_poor_baqala-d00-004522,Riyadh - Souq,Riyadh,Mineral Water Crate,FST-WTR-07,Beverages,1,15.0,15.0,9.0,cash
2026-03-06,TX-B2_poor_baqala-d00-004523,Riyadh - Souq,Riyadh,Mineral Water Crate,FST-WTR-07,Beverages,1,15.0,15.0,9.0,cash
2026-03-07,TX-B2_poor_baqala-d00-004524,Riyadh - Souq,Riyadh,Mineral Water Crate,FST-WTR-07,Beverages,1,15.0,15.0,9.0,card
2026-03-07,TX-B2_poor_baqala-d00-004525,Riyadh - Souq,Riyadh,Mineral Water Crate,FST-WTR-07,Beverages,1,15.0,15.0,9.0,cash
2026-03-07,TX-B2_poor_baqala-d00-004526,Riyadh - Souq,Riyadh,Mineral Water Crate,FST-WTR-07,Beverages,1,15.0,15.0,9.0,cash
2026-03-07,TX-B2_poor_baqala-d00-004527,Riyadh - Souq,Riyadh,Mineral Water Crate,FST-WTR-07,Beverages,1,15.0,15.0,9.0,cash
2026-03-07,TX-B2_poor_baqala-d00-004528,Riyadh - Souq,Riyadh,Mineral Water Crate,FST-WTR-07,Beverages,1,15.0,15.0,9.0,card
2026-03-07,TX-B2_poor_baqala-d00-004529,Riyadh - Souq,Riyadh,Mineral Water Crate,FST-WTR-07,Beverages,1,15.0,15.0,9.0,card
2026-03-07,TX-B2_poor_baqala-d00-004530,Riyadh - Souq,Riyadh,Mineral Water Crate,FST-WTR-07,Beverages,1,15.0,15.0,9.0,cash
2026-03-07,TX-B2_poor_baqala-d00-004531,Riyadh - Souq,Riyadh,Mineral Water Crate,FST-WTR-07,Beverages,1,15.0,15.0,9.0,card
2026-03-08,TX-B2_poor_baqala-d00-004532,Riyadh - Souq,Riyadh,Mineral Water Crate,FST-WTR-07,Beverages,1,15.0,15.0,9.0,cash
2026-03-08,TX-B2_poor_baqala-d00-004533,Riyadh - Souq,Riyadh,Mineral Water Crate,FST-WTR-07,Beverages,1,15.0,15.0,9.0,card
2026-03-08,TX-B2_poor_baqala-d00-004534,Riyadh - Souq,Riyadh,Mineral Water Crate,FST-WTR-07,Beverages,1,15.0,15.0,9.0,card
2026-03-08,TX-B2_poor_baqala-d00-004535,Riyadh - Souq,Riyadh,Mineral Water Crate,FST-WTR-07,Beverages,1,15.0,15.0,9.0,cash
2026-03-08,TX-B2_poor_baqala-d00-004536,Riyadh - Souq,Riyadh,Mineral Water Crate,FST-WTR-07,Beverages,1,15.0,15.0,9.0,mada
2026-03-08,TX-B2_poor_baqala-d00-004537,Riyadh - Souq,Riyadh,Mineral Water Crate,FST-WTR-07,Beverages,1,15.0,15.0,9.0,cash
2026-03-08,TX-B2_poor_baqala-d00-004538,Riyadh - Souq,Riyadh,Mineral Water Crate,FST-WTR-07,Beverages,1,15.0,15.0,9.0,cash
2026-03-08,TX-B2_poor_baqala-d00-004539,Riyadh - Souq,Riyadh,Mineral Water Crate,FST-WTR-07,Beverages,1,15.0,15.0,9.0,mada
2026-03-09,TX-B2_poor_baqala-d00-004540,Riyadh - Souq,Riyadh,Mineral Water Crate,FST-WTR-07,Beverages,1,15.0,15.0,9.0,cash
2026-03-09,TX-B2_poor_baqala-d00-004541,Riyadh - Souq,Riyadh,Mineral Water Crate,FST-WTR-07,Beverages,1,15.0,15.0,9.0,mada
2026-03-09,TX-B2_poor_baqala-d00-004542,Riyadh - Souq,Riyadh,Mineral Water Crate,FST-WTR-07,Beverages,1,15.0,15.0,9.0,mada
2026-03-09,TX-B2_poor_baqala-d00-004543,Riyadh - Souq,Riyadh,Mineral Water Crate,FST-WTR-07,Beverages,1,15.0,15.0,9.0,mada
2026-03-09,TX-B2_poor_baqala-d00-004544,Riyadh - Souq,Riyadh,Mineral Water Crate,FST-WTR-07,Beverages,1,15.0,15.0,9.0,card
2026-03-09,TX-B2_poor_baqala-d00-004545,Riyadh - Souq,Riyadh,Mineral Water Crate,FST-WTR-07,Beverages,1,15.0,15.0,9.0,cash
2026-03-09,TX-B2_poor_baqala-d00-004546,Riyadh - Souq,Riyadh,Mineral Water Crate,FST-WTR-07,Beverages,1,15.0,15.0,9.0,mada
2026-03-09,TX-B2_poor_baqala-d00-004547,Riyadh - Souq,Riyadh,Mineral Water Crate,FST-WTR-07,Beverages,1,15.0,15.0,9.0,card
2026-03-09,TX-B2_poor_baqala-d00-004548,Riyadh - Souq,Riyadh,Mineral Water Crate,FST-WTR-07,Beverages,1,15.0,15.0,9.0,mada
2026-03-09,TX-B2_poor_baqala-d00-004549,Riyadh - Souq,Riyadh,Mineral Water Crate,FST-WTR-07,Beverages,1,15.0,15.0,9.0,mada
2026-03-09,TX-B2_poor_baqala-d00-004550,Riyadh - Souq,Riyadh,Mineral Water Crate,FST-WTR-07,Beverages,1,15.0,15.0,9.0,cash
2026-03-10,TX-B2_poor_baqala-d00-004551,Riyadh - Souq,Riyadh,Mineral Water Crate,FST-WTR-07,Beverages,1,15.0,15.0,9.0,mada
2026-03-10,TX-B2_poor_baqala-d00-004552,Riyadh - Souq,Riyadh,Mineral Water Crate,FST-WTR-07,Beverages,1,15.0,15.0,9.0,mada
2026-03-10,TX-B2_poor_baqala-d00-004553,Riyadh - Souq,Riyadh,Mineral Water Crate,FST-WTR-07,Beverages,1,15.0,15.0,9.0,card
2026-03-10,TX-B2_poor_baqala-d00-004554,Riyadh - Souq,Riyadh,Mineral Water Crate,FST-WTR-07,Beverages,1,15.0,15.0,9.0,cash
2026-03-10,TX-B2_poor_baqala-d00-004555,Riyadh - Souq,Riyadh,Mineral Water Crate,FST-WTR-07,Beverages,1,15.0,15.0,9.0,card
2026-03-10,TX-B2_poor_baqala-d00-004556,Riyadh - Souq,Riyadh,Mineral Water Crate,FST-WTR-07,Beverages,1,15.0,15.0,9.0,cash
2026-03-10,TX-B2_poor_baqala-d00-004557,Riyadh - Souq,Riyadh,Mineral Water Crate,FST-WTR-07,Beverages,1,15.0,15.0,9.0,cash
2026-03-10,TX-B2_poor_baqala-d00-004558,Riyadh - Souq,Riyadh,Mineral Water Crate,FST-WTR-07,Beverages,1,15.0,15.0,9.0,cash
2026-03-10,TX-B2_poor_baqala-d00-004559,Riyadh - Souq,Riyadh,Mineral Water Crate,FST-WTR-07,Beverages,1,15.0,15.0,9.0,mada
2026-03-10,TX-B2_poor_baqala-d00-004560,Riyadh - Souq,Riyadh,Mineral Water Crate,FST-WTR-07,Beverages,1,15.0,15.0,9.0,mada
2026-03-11,TX-B2_poor_baqala-d00-004561,Riyadh - Souq,Riyadh,Mineral Water Crate,FST-WTR-07,Beverages,1,15.0,15.0,9.0,card
2026-03-11,TX-B2_poor_baqala-d00-004562,Riyadh - Souq,Riyadh,Mineral Water Crate,FST-WTR-07,Beverages,1,15.0,15.0,9.0,card
2026-03-11,TX-B2_poor_baqala-d00-004563,Riyadh - Souq,Riyadh,Mineral Water Crate,FST-WTR-07,Beverages,1,15.0,15.0,9.0,cash
2026-03-11,TX-B2_poor_baqala-d00-004564,Riyadh - Souq,Riyadh,Mineral Water Crate,FST-WTR-07,Beverages,1,15.0,15.0,9.0,cash
2026-03-11,TX-B2_poor_baqala-d00-004565,Riyadh - Souq,Riyadh,Mineral Water Crate,FST-WTR-07,Beverages,1,15.0,15.0,9.0,card
2026-03-11,TX-B2_poor_baqala-d00-004566,Riyadh - Souq,Riyadh,Mineral Water Crate,FST-WTR-07,Beverages,1,15.0,15.0,9.0,card
2026-03-11,TX-B2_poor_baqala-d00-004567,Riyadh - Souq,Riyadh,Mineral Water Crate,FST-WTR-07,Beverages,1,15.0,15.0,9.0,card
2026-03-11,TX-B2_poor_baqala-d00-004568,Riyadh - Souq,Riyadh,Mineral Water Crate,FST-WTR-07,Beverages,1,15.0,15.0,9.0,mada
2026-03-11,TX-B2_poor_baqala-d00-004569,Riyadh - Souq,Riyadh,Mineral Water Crate,FST-WTR-07,Beverages,1,15.0,15.0,9.0,cash
2026-03-11,TX-B2_poor_baqala-d00-004570,Riyadh - Souq,Riyadh,Mineral Water Crate,FST-WTR-07,Beverages,1,15.0,15.0,9.0,cash
2026-03-12,TX-B2_poor_baqala-d00-004571,Riyadh - Souq,Riyadh,Mineral Water Crate,FST-WTR-07,Beverages,1,15.0,15.0,9.0,cash
2026-03-12,TX-B2_poor_baqala-d00-004572,Riyadh - Souq,Riyadh,Mineral Water Crate,FST-WTR-07,Beverages,1,15.0,15.0,9.0,mada
2026-03-12,TX-B2_poor_baqala-d00-004573,Riyadh - Souq,Riyadh,Mineral Water Crate,FST-WTR-07,Beverages,1,15.0,15.0,9.0,cash
2026-03-12,TX-B2_poor_baqala-d00-004574,Riyadh - Souq,Riyadh,Mineral Water Crate,FST-WTR-07,Beverages,1,15.0,15.0,9.0,mada
2026-03-12,TX-B2_poor_baqala-d00-004575,Riyadh - Souq,Riyadh,Mineral Water Crate,FST-WTR-07,Beverages,1,15.0,15.0,9.0,mada
2026-03-12,TX-B2_poor_baqala-d00-004576,Riyadh - Souq,Riyadh,Mineral Water Crate,FST-WTR-07,Beverages,1,15.0,15.0,9.0,cash
2026-03-12,TX-B2_poor_baqala-d00-004577,Riyadh - Souq,Riyadh,Mineral Water Crate,FST-WTR-07,Beverages,1,15.0,15.0,9.0,cash
2026-03-12,TX-B2_poor_baqala-d00-004578,Riyadh - Souq,Riyadh,Mineral Water Crate,FST-WTR-07,Beverages,1,15.0,15.0,9.0,cash
2026-03-12,TX-B2_poor_baqala-d00-004579,Riyadh - Souq,Riyadh,Mineral Water Crate,FST-WTR-07,Beverages,1,15.0,15.0,9.0,cash
2026-03-12,TX-B2_poor_baqala-d00-004580,Riyadh - Souq,Riyadh,Mineral Water Crate,FST-WTR-07,Beverages,1,15.0,15.0,9.0,mada
2026-03-12,TX-B2_poor_baqala-d00-004581,Riyadh - Souq,Riyadh,Mineral Water Crate,FST-WTR-07,Beverages,1,15.0,15.0,9.0,card
2026-03-12,TX-B2_poor_baqala-d00-004582,Riyadh - Souq,Riyadh,Mineral Water Crate,FST-WTR-07,Beverages,1,15.0,15.0,9.0,card
2026-03-13,TX-B2_poor_baqala-d00-004583,Riyadh - Souq,Riyadh,Mineral Water Crate,FST-WTR-07,Beverages,1,15.0,15.0,9.0,mada
2026-03-13,TX-B2_poor_baqala-d00-004584,Riyadh - Souq,Riyadh,Mineral Water Crate,FST-WTR-07,Beverages,1,15.0,15.0,9.0,cash
2026-03-13,TX-B2_poor_baqala-d00-004585,Riyadh - Souq,Riyadh,Mineral Water Crate,FST-WTR-07,Beverages,1,15.0,15.0,9.0,mada
2026-03-13,TX-B2_poor_baqala-d00-004586,Riyadh - Souq,Riyadh,Mineral Water Crate,FST-WTR-07,Beverages,1,15.0,15.0,9.0,card
2026-03-13,TX-B2_poor_baqala-d00-004587,Riyadh - Souq,Riyadh,Mineral Water Crate,FST-WTR-07,Beverages,1,15.0,15.0,9.0,card
2026-03-13,TX-B2_poor_baqala-d00-004588,Riyadh - Souq,Riyadh,Mineral Water Crate,FST-WTR-07,Beverages,1,15.0,15.0,9.0,card
2026-03-13,TX-B2_poor_baqala-d00-004589,Riyadh - Souq,Riyadh,Mineral Water Crate,FST-WTR-07,Beverages,1,15.0,15.0,9.0,mada
2026-03-13,TX-B2_poor_baqala-d00-004590,Riyadh - Souq,Riyadh,Mineral Water Crate,FST-WTR-07,Beverages,1,15.0,15.0,9.0,card
2026-03-14,TX-B2_poor_baqala-d00-004591,Riyadh - Souq,Riyadh,Mineral Water Crate,FST-WTR-07,Beverages,1,15.0,15.0,9.0,mada
2026-03-14,TX-B2_poor_baqala-d00-004592,Riyadh - Souq,Riyadh,Mineral Water Crate,FST-WTR-07,Beverages,1,15.0,15.0,9.0,card
2026-03-14,TX-B2_poor_baqala-d00-004593,Riyadh - Souq,Riyadh,Mineral Water Crate,FST-WTR-07,Beverages,1,15.0,15.0,9.0,card
2026-03-14,TX-B2_poor_baqala-d00-004594,Riyadh - Souq,Riyadh,Mineral Water Crate,FST-WTR-07,Beverages,1,15.0,15.0,9.0,cash
2026-03-14,TX-B2_poor_baqala-d00-004595,Riyadh - Souq,Riyadh,Mineral Water Crate,FST-WTR-07,Beverages,1,15.0,15.0,9.0,card
2026-03-14,TX-B2_poor_baqala-d00-004596,Riyadh - Souq,Riyadh,Mineral Water Crate,FST-WTR-07,Beverages,1,15.0,15.0,9.0,mada
2026-03-14,TX-B2_poor_baqala-d00-004597,Riyadh - Souq,Riyadh,Mineral Water Crate,FST-WTR-07,Beverages,1,15.0,15.0,9.0,mada
2026-03-15,TX-B2_poor_baqala-d00-004598,Riyadh - Souq,Riyadh,Mineral Water Crate,FST-WTR-07,Beverages,1,15.0,15.0,9.0,cash
2026-03-15,TX-B2_poor_baqala-d00-004599,Riyadh - Souq,Riyadh,Mineral Water Crate,FST-WTR-07,Beverages,1,15.0,15.0,9.0,cash
2026-03-15,TX-B2_poor_baqala-d00-004600,Riyadh - Souq,Riyadh,Mineral Water Crate,FST-WTR-07,Beverages,1,15.0,15.0,9.0,mada
2026-03-15,TX-B2_poor_baqala-d00-004601,Riyadh - Souq,Riyadh,Mineral Water Crate,FST-WTR-07,Beverages,1,15.0,15.0,9.0,card
2026-03-15,TX-B2_poor_baqala-d00-004602,Riyadh - Souq,Riyadh,Mineral Water Crate,FST-WTR-07,Beverages,1,15.0,15.0,9.0,card
2026-03-15,TX-B2_poor_baqala-d00-004603,Riyadh - Souq,Riyadh,Mineral Water Crate,FST-WTR-07,Beverages,1,15.0,15.0,9.0,mada
2026-03-16,TX-B2_poor_baqala-d00-004604,Riyadh - Souq,Riyadh,Mineral Water Crate,FST-WTR-07,Beverages,1,15.0,15.0,9.0,mada
2026-03-16,TX-B2_poor_baqala-d00-004605,Riyadh - Souq,Riyadh,Mineral Water Crate,FST-WTR-07,Beverages,1,15.0,15.0,9.0,card
2026-03-16,TX-B2_poor_baqala-d00-004606,Riyadh - Souq,Riyadh,Mineral Water Crate,FST-WTR-07,Beverages,1,15.0,15.0,9.0,card
2026-03-16,TX-B2_poor_baqala-d00-004607,Riyadh - Souq,Riyadh,Mineral Water Crate,FST-WTR-07,Beverages,1,15.0,15.0,9.0,cash
2026-03-16,TX-B2_poor_baqala-d00-004608,Riyadh - Souq,Riyadh,Mineral Water Crate,FST-WTR-07,Beverages,1,15.0,15.0,9.0,cash
2026-03-16,TX-B2_poor_baqala-d00-004609,Riyadh - Souq,Riyadh,Mineral Water Crate,FST-WTR-07,Beverages,1,15.0,15.0,9.0,cash
2026-03-16,TX-B2_poor_baqala-d00-004610,Riyadh - Souq,Riyadh,Mineral Water Crate,FST-WTR-07,Beverages,1,15.0,15.0,9.0,cash
2026-03-16,TX-B2_poor_baqala-d00-004611,Riyadh - Souq,Riyadh,Mineral Water Crate,FST-WTR-07,Beverages,1,15.0,15.0,9.0,mada
2026-03-16,TX-B2_poor_baqala-d00-004612,Riyadh - Souq,Riyadh,Mineral Water Crate,FST-WTR-07,Beverages,1,15.0,15.0,9.0,card
2026-03-16,TX-B2_poor_baqala-d00-004613,Riyadh - Souq,Riyadh,Mineral Water Crate,FST-WTR-07,Beverages,1,15.0,15.0,9.0,card
2026-03-16,TX-B2_poor_baqala-d00-004614,Riyadh - Souq,Riyadh,Mineral Water Crate,FST-WTR-07,Beverages,1,15.0,15.0,9.0,card
2026-03-16,TX-B2_poor_baqala-d00-004615,Riyadh - Souq,Riyadh,Mineral Water Crate,FST-WTR-07,Beverages,1,15.0,15.0,9.0,mada
2026-03-17,TX-B2_poor_baqala-d00-004616,Riyadh - Souq,Riyadh,Mineral Water Crate,FST-WTR-07,Beverages,1,15.0,15.0,9.0,mada
2026-03-17,TX-B2_poor_baqala-d00-004617,Riyadh - Souq,Riyadh,Mineral Water Crate,FST-WTR-07,Beverages,1,15.0,15.0,9.0,card
2026-03-17,TX-B2_poor_baqala-d00-004618,Riyadh - Souq,Riyadh,Mineral Water Crate,FST-WTR-07,Beverages,1,15.0,15.0,9.0,card
2026-03-17,TX-B2_poor_baqala-d00-004619,Riyadh - Souq,Riyadh,Mineral Water Crate,FST-WTR-07,Beverages,1,15.0,15.0,9.0,mada
2026-03-17,TX-B2_poor_baqala-d00-004620,Riyadh - Souq,Riyadh,Mineral Water Crate,FST-WTR-07,Beverages,1,15.0,15.0,9.0,cash
2026-03-17,TX-B2_poor_baqala-d00-004621,Riyadh - Souq,Riyadh,Mineral Water Crate,FST-WTR-07,Beverages,1,15.0,15.0,9.0,cash
2026-03-17,TX-B2_poor_baqala-d00-004622,Riyadh - Souq,Riyadh,Mineral Water Crate,FST-WTR-07,Beverages,1,15.0,15.0,9.0,mada
2026-03-17,TX-B2_poor_baqala-d00-004623,Riyadh - Souq,Riyadh,Mineral Water Crate,FST-WTR-07,Beverages,1,15.0,15.0,9.0,cash
2026-03-18,TX-B2_poor_baqala-d00-004624,Riyadh - Souq,Riyadh,Mineral Water Crate,FST-WTR-07,Beverages,1,15.0,15.0,9.0,card
2026-03-18,TX-B2_poor_baqala-d00-004625,Riyadh - Souq,Riyadh,Mineral Water Crate,FST-WTR-07,Beverages,1,15.0,15.0,9.0,card
2026-03-18,TX-B2_poor_baqala-d00-004626,Riyadh - Souq,Riyadh,Mineral Water Crate,FST-WTR-07,Beverages,1,15.0,15.0,9.0,cash
2026-03-18,TX-B2_poor_baqala-d00-004627,Riyadh - Souq,Riyadh,Mineral Water Crate,FST-WTR-07,Beverages,1,15.0,15.0,9.0,card
2026-03-18,TX-B2_poor_baqala-d00-004628,Riyadh - Souq,Riyadh,Mineral Water Crate,FST-WTR-07,Beverages,1,15.0,15.0,9.0,mada
2026-03-18,TX-B2_poor_baqala-d00-004629,Riyadh - Souq,Riyadh,Mineral Water Crate,FST-WTR-07,Beverages,1,15.0,15.0,9.0,card
2026-03-18,TX-B2_poor_baqala-d00-004630,Riyadh - Souq,Riyadh,Mineral Water Crate,FST-WTR-07,Beverages,1,15.0,15.0,9.0,mada
2026-03-19,TX-B2_poor_baqala-d00-004631,Riyadh - Souq,Riyadh,Mineral Water Crate,FST-WTR-07,Beverages,1,15.0,15.0,9.0,cash
2026-03-19,TX-B2_poor_baqala-d00-004632,Riyadh - Souq,Riyadh,Mineral Water Crate,FST-WTR-07,Beverages,1,15.0,15.0,9.0,cash
2026-03-19,TX-B2_poor_baqala-d00-004633,Riyadh - Souq,Riyadh,Mineral Water Crate,FST-WTR-07,Beverages,1,15.0,15.0,9.0,card
2026-03-19,TX-B2_poor_baqala-d00-004634,Riyadh - Souq,Riyadh,Mineral Water Crate,FST-WTR-07,Beverages,1,15.0,15.0,9.0,mada
2026-03-19,TX-B2_poor_baqala-d00-004635,Riyadh - Souq,Riyadh,Mineral Water Crate,FST-WTR-07,Beverages,1,15.0,15.0,9.0,cash
2026-03-19,TX-B2_poor_baqala-d00-004636,Riyadh - Souq,Riyadh,Mineral Water Crate,FST-WTR-07,Beverages,1,15.0,15.0,9.0,card
2026-03-19,TX-B2_poor_baqala-d00-004637,Riyadh - Souq,Riyadh,Mineral Water Crate,FST-WTR-07,Beverages,1,15.0,15.0,9.0,card
2026-03-19,TX-B2_poor_baqala-d00-004638,Riyadh - Souq,Riyadh,Mineral Water Crate,FST-WTR-07,Beverages,1,15.0,15.0,9.0,card
2026-03-19,TX-B2_poor_baqala-d00-004639,Riyadh - Souq,Riyadh,Mineral Water Crate,FST-WTR-07,Beverages,1,15.0,15.0,9.0,mada
2026-03-19,TX-B2_poor_baqala-d00-004640,Riyadh - Souq,Riyadh,Mineral Water Crate,FST-WTR-07,Beverages,1,15.0,15.0,9.0,card
2026-03-19,TX-B2_poor_baqala-d00-004641,Riyadh - Souq,Riyadh,Mineral Water Crate,FST-WTR-07,Beverages,1,15.0,15.0,9.0,mada
2026-03-19,TX-B2_poor_baqala-d00-004642,Riyadh - Souq,Riyadh,Mineral Water Crate,FST-WTR-07,Beverages,1,15.0,15.0,9.0,cash
2026-03-19,TX-B2_poor_baqala-d00-004643,Riyadh - Souq,Riyadh,Mineral Water Crate,FST-WTR-07,Beverages,1,15.0,15.0,9.0,cash
2026-03-19,TX-B2_poor_baqala-d00-004644,Riyadh - Souq,Riyadh,Mineral Water Crate,FST-WTR-07,Beverages,1,15.0,15.0,9.0,card
2026-03-20,TX-B2_poor_baqala-d00-004645,Riyadh - Souq,Riyadh,Mineral Water Crate,FST-WTR-07,Beverages,1,15.0,15.0,9.0,mada
2026-03-20,TX-B2_poor_baqala-d00-004646,Riyadh - Souq,Riyadh,Mineral Water Crate,FST-WTR-07,Beverages,1,15.0,15.0,9.0,cash
2026-03-20,TX-B2_poor_baqala-d00-004647,Riyadh - Souq,Riyadh,Mineral Water Crate,FST-WTR-07,Beverages,1,15.0,15.0,9.0,card
2026-03-20,TX-B2_poor_baqala-d00-004648,Riyadh - Souq,Riyadh,Mineral Water Crate,FST-WTR-07,Beverages,1,15.0,15.0,9.0,cash
2026-03-20,TX-B2_poor_baqala-d00-004649,Riyadh - Souq,Riyadh,Mineral Water Crate,FST-WTR-07,Beverages,1,15.0,15.0,9.0,card
2026-03-20,TX-B2_poor_baqala-d00-004650,Riyadh - Souq,Riyadh,Mineral Water Crate,FST-WTR-07,Beverages,1,15.0,15.0,9.0,card
2026-03-20,TX-B2_poor_baqala-d00-004651,Riyadh - Souq,Riyadh,Mineral Water Crate,FST-WTR-07,Beverages,1,15.0,15.0,9.0,cash
2026-03-20,TX-B2_poor_baqala-d00-004652,Riyadh - Souq,Riyadh,Mineral Water Crate,FST-WTR-07,Beverages,1,15.0,15.0,9.0,card
2026-03-20,TX-B2_poor_baqala-d00-004653,Riyadh - Souq,Riyadh,Mineral Water Crate,FST-WTR-07,Beverages,1,15.0,15.0,9.0,cash
2026-03-20,TX-B2_poor_baqala-d00-004654,Riyadh - Souq,Riyadh,Mineral Water Crate,FST-WTR-07,Beverages,1,15.0,15.0,9.0,cash
2026-03-20,TX-B2_poor_baqala-d00-004655,Riyadh - Souq,Riyadh,Mineral Water Crate,FST-WTR-07,Beverages,1,15.0,15.0,9.0,cash
2026-03-21,TX-B2_poor_baqala-d00-004656,Riyadh - Souq,Riyadh,Mineral Water Crate,FST-WTR-07,Beverages,1,15.0,15.0,9.0,card
2026-03-21,TX-B2_poor_baqala-d00-004657,Riyadh - Souq,Riyadh,Mineral Water Crate,FST-WTR-07,Beverages,1,15.0,15.0,9.0,mada
2026-03-21,TX-B2_poor_baqala-d00-004658,Riyadh - Souq,Riyadh,Mineral Water Crate,FST-WTR-07,Beverages,1,15.0,15.0,9.0,card
2026-03-21,TX-B2_poor_baqala-d00-004659,Riyadh - Souq,Riyadh,Mineral Water Crate,FST-WTR-07,Beverages,1,15.0,15.0,9.0,mada
2026-03-21,TX-B2_poor_baqala-d00-004660,Riyadh - Souq,Riyadh,Mineral Water Crate,FST-WTR-07,Beverages,1,15.0,15.0,9.0,cash
2026-03-21,TX-B2_poor_baqala-d00-004661,Riyadh - Souq,Riyadh,Mineral Water Crate,FST-WTR-07,Beverages,1,15.0,15.0,9.0,cash
2026-03-22,TX-B2_poor_baqala-d00-004662,Riyadh - Souq,Riyadh,Mineral Water Crate,FST-WTR-07,Beverages,1,15.0,15.0,9.0,mada
2026-03-22,TX-B2_poor_baqala-d00-004663,Riyadh - Souq,Riyadh,Mineral Water Crate,FST-WTR-07,Beverages,1,15.0,15.0,9.0,cash
2026-03-22,TX-B2_poor_baqala-d00-004664,Riyadh - Souq,Riyadh,Mineral Water Crate,FST-WTR-07,Beverages,1,15.0,15.0,9.0,card
2026-03-22,TX-B2_poor_baqala-d00-004665,Riyadh - Souq,Riyadh,Mineral Water Crate,FST-WTR-07,Beverages,1,15.0,15.0,9.0,card
2026-03-22,TX-B2_poor_baqala-d00-004666,Riyadh - Souq,Riyadh,Mineral Water Crate,FST-WTR-07,Beverages,1,15.0,15.0,9.0,card
2026-03-22,TX-B2_poor_baqala-d00-004667,Riyadh - Souq,Riyadh,Mineral Water Crate,FST-WTR-07,Beverages,1,15.0,15.0,9.0,cash
2026-03-22,TX-B2_poor_baqala-d00-004668,Riyadh - Souq,Riyadh,Mineral Water Crate,FST-WTR-07,Beverages,1,15.0,15.0,9.0,card
2026-03-22,TX-B2_poor_baqala-d00-004669,Riyadh - Souq,Riyadh,Mineral Water Crate,FST-WTR-07,Beverages,1,15.0,15.0,9.0,mada
2026-03-22,TX-B2_poor_baqala-d00-004670,Riyadh - Souq,Riyadh,Mineral Water Crate,FST-WTR-07,Beverages,1,15.0,15.0,9.0,cash
2026-03-22,TX-B2_poor_baqala-d00-004671,Riyadh - Souq,Riyadh,Mineral Water Crate,FST-WTR-07,Beverages,1,15.0,15.0,9.0,card
2026-03-22,TX-B2_poor_baqala-d00-004672,Riyadh - Souq,Riyadh,Mineral Water Crate,FST-WTR-07,Beverages,1,15.0,15.0,9.0,mada
2026-03-23,TX-B2_poor_baqala-d00-004673,Riyadh - Souq,Riyadh,Mineral Water Crate,FST-WTR-07,Beverages,1,15.0,15.0,9.0,card
2026-03-23,TX-B2_poor_baqala-d00-004674,Riyadh - Souq,Riyadh,Mineral Water Crate,FST-WTR-07,Beverages,1,15.0,15.0,9.0,card
2026-03-23,TX-B2_poor_baqala-d00-004675,Riyadh - Souq,Riyadh,Mineral Water Crate,FST-WTR-07,Beverages,1,15.0,15.0,9.0,mada
2026-03-23,TX-B2_poor_baqala-d00-004676,Riyadh - Souq,Riyadh,Mineral Water Crate,FST-WTR-07,Beverages,1,15.0,15.0,9.0,mada
2026-03-23,TX-B2_poor_baqala-d00-004677,Riyadh - Souq,Riyadh,Mineral Water Crate,FST-WTR-07,Beverages,1,15.0,15.0,9.0,mada
2026-03-23,TX-B2_poor_baqala-d00-004678,Riyadh - Souq,Riyadh,Mineral Water Crate,FST-WTR-07,Beverages,1,15.0,15.0,9.0,mada
2026-03-23,TX-B2_poor_baqala-d00-004679,Riyadh - Souq,Riyadh,Mineral Water Crate,FST-WTR-07,Beverages,1,15.0,15.0,9.0,cash
2026-03-23,TX-B2_poor_baqala-d00-004680,Riyadh - Souq,Riyadh,Mineral Water Crate,FST-WTR-07,Beverages,1,15.0,15.0,9.0,cash
2026-03-24,TX-B2_poor_baqala-d00-004681,Riyadh - Souq,Riyadh,Mineral Water Crate,FST-WTR-07,Beverages,1,15.0,15.0,9.0,cash
2026-03-24,TX-B2_poor_baqala-d00-004682,Riyadh - Souq,Riyadh,Mineral Water Crate,FST-WTR-07,Beverages,1,15.0,15.0,9.0,mada
2026-03-24,TX-B2_poor_baqala-d00-004683,Riyadh - Souq,Riyadh,Mineral Water Crate,FST-WTR-07,Beverages,1,15.0,15.0,9.0,cash
2026-03-24,TX-B2_poor_baqala-d00-004684,Riyadh - Souq,Riyadh,Mineral Water Crate,FST-WTR-07,Beverages,1,15.0,15.0,9.0,mada
2026-03-24,TX-B2_poor_baqala-d00-004685,Riyadh - Souq,Riyadh,Mineral Water Crate,FST-WTR-07,Beverages,1,15.0,15.0,9.0,card
2026-03-24,TX-B2_poor_baqala-d00-004686,Riyadh - Souq,Riyadh,Mineral Water Crate,FST-WTR-07,Beverages,1,15.0,15.0,9.0,mada
2026-03-24,TX-B2_poor_baqala-d00-004687,Riyadh - Souq,Riyadh,Mineral Water Crate,FST-WTR-07,Beverages,1,15.0,15.0,9.0,card
2026-03-24,TX-B2_poor_baqala-d00-004688,Riyadh - Souq,Riyadh,Mineral Water Crate,FST-WTR-07,Beverages,1,15.0,15.0,9.0,mada
2026-03-24,TX-B2_poor_baqala-d00-004689,Riyadh - Souq,Riyadh,Mineral Water Crate,FST-WTR-07,Beverages,1,15.0,15.0,9.0,cash
2026-03-24,TX-B2_poor_baqala-d00-004690,Riyadh - Souq,Riyadh,Mineral Water Crate,FST-WTR-07,Beverages,1,15.0,15.0,9.0,cash
2026-03-25,TX-B2_poor_baqala-d00-004691,Riyadh - Souq,Riyadh,Mineral Water Crate,FST-WTR-07,Beverages,1,15.0,15.0,9.0,cash
2026-03-25,TX-B2_poor_baqala-d00-004692,Riyadh - Souq,Riyadh,Mineral Water Crate,FST-WTR-07,Beverages,1,15.0,15.0,9.0,cash
2026-03-25,TX-B2_poor_baqala-d00-004693,Riyadh - Souq,Riyadh,Mineral Water Crate,FST-WTR-07,Beverages,1,15.0,15.0,9.0,card
2026-03-25,TX-B2_poor_baqala-d00-004694,Riyadh - Souq,Riyadh,Mineral Water Crate,FST-WTR-07,Beverages,1,15.0,15.0,9.0,card
2026-03-26,TX-B2_poor_baqala-d00-004695,Riyadh - Souq,Riyadh,Mineral Water Crate,FST-WTR-07,Beverages,1,15.0,15.0,9.0,cash
2026-03-26,TX-B2_poor_baqala-d00-004696,Riyadh - Souq,Riyadh,Mineral Water Crate,FST-WTR-07,Beverages,1,15.0,15.0,9.0,card
2026-03-26,TX-B2_poor_baqala-d00-004697,Riyadh - Souq,Riyadh,Mineral Water Crate,FST-WTR-07,Beverages,1,15.0,15.0,9.0,mada
2026-03-26,TX-B2_poor_baqala-d00-004698,Riyadh - Souq,Riyadh,Mineral Water Crate,FST-WTR-07,Beverages,1,15.0,15.0,9.0,card
2026-03-26,TX-B2_poor_baqala-d00-004699,Riyadh - Souq,Riyadh,Mineral Water Crate,FST-WTR-07,Beverages,1,15.0,15.0,9.0,mada
2026-03-26,TX-B2_poor_baqala-d00-004700,Riyadh - Souq,Riyadh,Mineral Water Crate,FST-WTR-07,Beverages,1,15.0,15.0,9.0,card
2026-03-26,TX-B2_poor_baqala-d00-004701,Riyadh - Souq,Riyadh,Mineral Water Crate,FST-WTR-07,Beverages,1,15.0,15.0,9.0,cash
2026-03-26,TX-B2_poor_baqala-d00-004702,Riyadh - Souq,Riyadh,Mineral Water Crate,FST-WTR-07,Beverages,1,15.0,15.0,9.0,card
2026-03-26,TX-B2_poor_baqala-d00-004703,Riyadh - Souq,Riyadh,Mineral Water Crate,FST-WTR-07,Beverages,1,15.0,15.0,9.0,cash
2026-03-27,TX-B2_poor_baqala-d00-004704,Riyadh - Souq,Riyadh,Mineral Water Crate,FST-WTR-07,Beverages,1,15.0,15.0,9.0,card
2026-03-27,TX-B2_poor_baqala-d00-004705,Riyadh - Souq,Riyadh,Mineral Water Crate,FST-WTR-07,Beverages,1,15.0,15.0,9.0,mada
2026-03-27,TX-B2_poor_baqala-d00-004706,Riyadh - Souq,Riyadh,Mineral Water Crate,FST-WTR-07,Beverages,1,15.0,15.0,9.0,card
2026-03-27,TX-B2_poor_baqala-d00-004707,Riyadh - Souq,Riyadh,Mineral Water Crate,FST-WTR-07,Beverages,1,15.0,15.0,9.0,cash
2026-03-27,TX-B2_poor_baqala-d00-004708,Riyadh - Souq,Riyadh,Mineral Water Crate,FST-WTR-07,Beverages,1,15.0,15.0,9.0,card
2026-03-27,TX-B2_poor_baqala-d00-004709,Riyadh - Souq,Riyadh,Mineral Water Crate,FST-WTR-07,Beverages,1,15.0,15.0,9.0,mada
2026-03-27,TX-B2_poor_baqala-d00-004710,Riyadh - Souq,Riyadh,Mineral Water Crate,FST-WTR-07,Beverages,1,15.0,15.0,9.0,mada
2026-03-27,TX-B2_poor_baqala-d00-004711,Riyadh - Souq,Riyadh,Mineral Water Crate,FST-WTR-07,Beverages,1,15.0,15.0,9.0,cash
2026-03-27,TX-B2_poor_baqala-d00-004712,Riyadh - Souq,Riyadh,Mineral Water Crate,FST-WTR-07,Beverages,1,15.0,15.0,9.0,card
2026-03-27,TX-B2_poor_baqala-d00-004713,Riyadh - Souq,Riyadh,Mineral Water Crate,FST-WTR-07,Beverages,1,15.0,15.0,9.0,mada
2026-03-27,TX-B2_poor_baqala-d00-004714,Riyadh - Souq,Riyadh,Mineral Water Crate,FST-WTR-07,Beverages,1,15.0,15.0,9.0,mada
2026-03-27,TX-B2_poor_baqala-d00-004715,Riyadh - Souq,Riyadh,Mineral Water Crate,FST-WTR-07,Beverages,1,15.0,15.0,9.0,card
2026-03-27,TX-B2_poor_baqala-d00-004716,Riyadh - Souq,Riyadh,Mineral Water Crate,FST-WTR-07,Beverages,1,15.0,15.0,9.0,card
2026-03-27,TX-B2_poor_baqala-d00-004717,Riyadh - Souq,Riyadh,Mineral Water Crate,FST-WTR-07,Beverages,1,15.0,15.0,9.0,cash
2026-03-27,TX-B2_poor_baqala-d00-004718,Riyadh - Souq,Riyadh,Mineral Water Crate,FST-WTR-07,Beverages,1,15.0,15.0,9.0,card
2026-03-28,TX-B2_poor_baqala-d00-004719,Riyadh - Souq,Riyadh,Mineral Water Crate,FST-WTR-07,Beverages,1,15.0,15.0,9.0,mada
2026-03-28,TX-B2_poor_baqala-d00-004720,Riyadh - Souq,Riyadh,Mineral Water Crate,FST-WTR-07,Beverages,1,15.0,15.0,9.0,card
2026-03-28,TX-B2_poor_baqala-d00-004721,Riyadh - Souq,Riyadh,Mineral Water Crate,FST-WTR-07,Beverages,1,15.0,15.0,9.0,cash
2026-03-28,TX-B2_poor_baqala-d00-004722,Riyadh - Souq,Riyadh,Mineral Water Crate,FST-WTR-07,Beverages,1,15.0,15.0,9.0,mada
2026-03-28,TX-B2_poor_baqala-d00-004723,Riyadh - Souq,Riyadh,Mineral Water Crate,FST-WTR-07,Beverages,1,15.0,15.0,9.0,cash
2026-03-28,TX-B2_poor_baqala-d00-004724,Riyadh - Souq,Riyadh,Mineral Water Crate,FST-WTR-07,Beverages,1,15.0,15.0,9.0,mada
2026-03-29,TX-B2_poor_baqala-d00-004725,Riyadh - Souq,Riyadh,Mineral Water Crate,FST-WTR-07,Beverages,1,15.0,15.0,9.0,cash
2026-03-29,TX-B2_poor_baqala-d00-004726,Riyadh - Souq,Riyadh,Mineral Water Crate,FST-WTR-07,Beverages,1,15.0,15.0,9.0,cash
2026-03-29,TX-B2_poor_baqala-d00-004727,Riyadh - Souq,Riyadh,Mineral Water Crate,FST-WTR-07,Beverages,1,15.0,15.0,9.0,mada
2026-03-29,TX-B2_poor_baqala-d00-004728,Riyadh - Souq,Riyadh,Mineral Water Crate,FST-WTR-07,Beverages,1,15.0,15.0,9.0,mada
2026-03-29,TX-B2_poor_baqala-d00-004729,Riyadh - Souq,Riyadh,Mineral Water Crate,FST-WTR-07,Beverages,1,15.0,15.0,9.0,cash
2026-03-29,TX-B2_poor_baqala-d00-004730,Riyadh - Souq,Riyadh,Mineral Water Crate,FST-WTR-07,Beverages,1,15.0,15.0,9.0,mada
2026-03-29,TX-B2_poor_baqala-d00-004731,Riyadh - Souq,Riyadh,Mineral Water Crate,FST-WTR-07,Beverages,1,15.0,15.0,9.0,mada
2026-03-29,TX-B2_poor_baqala-d00-004732,Riyadh - Souq,Riyadh,Mineral Water Crate,FST-WTR-07,Beverages,1,15.0,15.0,9.0,mada
2026-03-29,TX-B2_poor_baqala-d00-004733,Riyadh - Souq,Riyadh,Mineral Water Crate,FST-WTR-07,Beverages,1,15.0,15.0,9.0,card
2026-03-29,TX-B2_poor_baqala-d00-004734,Riyadh - Souq,Riyadh,Mineral Water Crate,FST-WTR-07,Beverages,1,15.0,15.0,9.0,card
2026-03-29,TX-B2_poor_baqala-d00-004735,Riyadh - Souq,Riyadh,Mineral Water Crate,FST-WTR-07,Beverages,1,15.0,15.0,9.0,card
2026-03-30,TX-B2_poor_baqala-d00-004736,Riyadh - Souq,Riyadh,Mineral Water Crate,FST-WTR-07,Beverages,1,15.0,15.0,9.0,cash
2026-03-30,TX-B2_poor_baqala-d00-004737,Riyadh - Souq,Riyadh,Mineral Water Crate,FST-WTR-07,Beverages,1,15.0,15.0,9.0,card
2026-03-30,TX-B2_poor_baqala-d00-004738,Riyadh - Souq,Riyadh,Mineral Water Crate,FST-WTR-07,Beverages,1,15.0,15.0,9.0,card
2026-03-30,TX-B2_poor_baqala-d00-004739,Riyadh - Souq,Riyadh,Mineral Water Crate,FST-WTR-07,Beverages,1,15.0,15.0,9.0,mada
2026-03-30,TX-B2_poor_baqala-d00-004740,Riyadh - Souq,Riyadh,Mineral Water Crate,FST-WTR-07,Beverages,1,15.0,15.0,9.0,card
2026-03-30,TX-B2_poor_baqala-d00-004741,Riyadh - Souq,Riyadh,Mineral Water Crate,FST-WTR-07,Beverages,1,15.0,15.0,9.0,card
2026-03-30,TX-B2_poor_baqala-d00-004742,Riyadh - Souq,Riyadh,Mineral Water Crate,FST-WTR-07,Beverages,1,15.0,15.0,9.0,mada
2026-03-30,TX-B2_poor_baqala-d00-004743,Riyadh - Souq,Riyadh,Mineral Water Crate,FST-WTR-07,Beverages,1,15.0,15.0,9.0,card
2026-03-30,TX-B2_poor_baqala-d00-004744,Riyadh - Souq,Riyadh,Mineral Water Crate,FST-WTR-07,Beverages,1,15.0,15.0,9.0,mada
2026-03-30,TX-B2_poor_baqala-d00-004745,Riyadh - Souq,Riyadh,Mineral Water Crate,FST-WTR-07,Beverages,1,15.0,15.0,9.0,cash
2026-03-30,TX-B2_poor_baqala-d00-004746,Riyadh - Souq,Riyadh,Mineral Water Crate,FST-WTR-07,Beverages,1,15.0,15.0,9.0,card
2026-03-30,TX-B2_poor_baqala-d00-004747,Riyadh - Souq,Riyadh,Mineral Water Crate,FST-WTR-07,Beverages,1,15.0,15.0,9.0,mada
2026-03-31,TX-B2_poor_baqala-d00-004748,Riyadh - Souq,Riyadh,Mineral Water Crate,FST-WTR-07,Beverages,1,15.0,15.0,9.0,card
2026-03-31,TX-B2_poor_baqala-d00-004749,Riyadh - Souq,Riyadh,Mineral Water Crate,FST-WTR-07,Beverages,1,15.0,15.0,9.0,card
2026-03-31,TX-B2_poor_baqala-d00-004750,Riyadh - Souq,Riyadh,Mineral Water Crate,FST-WTR-07,Beverages,1,15.0,15.0,9.0,cash
2026-03-31,TX-B2_poor_baqala-d00-004751,Riyadh - Souq,Riyadh,Mineral Water Crate,FST-WTR-07,Beverages,1,15.0,15.0,9.0,card
2026-03-31,TX-B2_poor_baqala-d00-004752,Riyadh - Souq,Riyadh,Mineral Water Crate,FST-WTR-07,Beverages,1,15.0,15.0,9.0,card
2026-03-31,TX-B2_poor_baqala-d00-004753,Riyadh - Souq,Riyadh,Mineral Water Crate,FST-WTR-07,Beverages,1,15.0,15.0,9.0,mada
2026-03-31,TX-B2_poor_baqala-d00-004754,Riyadh - Souq,Riyadh,Mineral Water Crate,FST-WTR-07,Beverages,1,15.0,15.0,9.0,cash
2026-03-31,TX-B2_poor_baqala-d00-004755,Riyadh - Souq,Riyadh,Mineral Water Crate,FST-WTR-07,Beverages,1,15.0,15.0,9.0,mada
2026-03-31,TX-B2_poor_baqala-d00-004756,Riyadh - Souq,Riyadh,Mineral Water Crate,FST-WTR-07,Beverages,1,15.0,15.0,9.0,card
2026-04-01,TX-B2_poor_baqala-d00-004757,Riyadh - Souq,Riyadh,Mineral Water Crate,FST-WTR-07,Beverages,1,15.0,15.0,9.0,card
2026-04-01,TX-B2_poor_baqala-d00-004758,Riyadh - Souq,Riyadh,Mineral Water Crate,FST-WTR-07,Beverages,1,15.0,15.0,9.0,mada
2026-04-01,TX-B2_poor_baqala-d00-004759,Riyadh - Souq,Riyadh,Mineral Water Crate,FST-WTR-07,Beverages,1,15.0,15.0,9.0,mada
2026-04-01,TX-B2_poor_baqala-d00-004760,Riyadh - Souq,Riyadh,Mineral Water Crate,FST-WTR-07,Beverages,1,15.0,15.0,9.0,card
2026-04-01,TX-B2_poor_baqala-d00-004761,Riyadh - Souq,Riyadh,Mineral Water Crate,FST-WTR-07,Beverages,1,15.0,15.0,9.0,card
2026-04-01,TX-B2_poor_baqala-d00-004762,Riyadh - Souq,Riyadh,Mineral Water Crate,FST-WTR-07,Beverages,1,15.0,15.0,9.0,cash
2026-04-01,TX-B2_poor_baqala-d00-004763,Riyadh - Souq,Riyadh,Mineral Water Crate,FST-WTR-07,Beverages,1,15.0,15.0,9.0,mada
2026-04-01,TX-B2_poor_baqala-d00-004764,Riyadh - Souq,Riyadh,Mineral Water Crate,FST-WTR-07,Beverages,1,15.0,15.0,9.0,cash
2026-04-01,TX-B2_poor_baqala-d00-004765,Riyadh - Souq,Riyadh,Mineral Water Crate,FST-WTR-07,Beverages,1,15.0,15.0,9.0,mada
2026-04-01,TX-B2_poor_baqala-d00-004766,Riyadh - Souq,Riyadh,Mineral Water Crate,FST-WTR-07,Beverages,1,15.0,15.0,9.0,cash
2026-04-01,TX-B2_poor_baqala-d00-004767,Riyadh - Souq,Riyadh,Mineral Water Crate,FST-WTR-07,Beverages,1,15.0,15.0,9.0,card
2026-04-01,TX-B2_poor_baqala-d00-004768,Riyadh - Souq,Riyadh,Mineral Water Crate,FST-WTR-07,Beverages,1,15.0,15.0,9.0,card
2026-04-02,TX-B2_poor_baqala-d00-004769,Riyadh - Souq,Riyadh,Mineral Water Crate,FST-WTR-07,Beverages,1,15.0,15.0,9.0,card
2026-04-02,TX-B2_poor_baqala-d00-004770,Riyadh - Souq,Riyadh,Mineral Water Crate,FST-WTR-07,Beverages,1,15.0,15.0,9.0,mada
2026-04-02,TX-B2_poor_baqala-d00-004771,Riyadh - Souq,Riyadh,Mineral Water Crate,FST-WTR-07,Beverages,1,15.0,15.0,9.0,cash
2026-04-02,TX-B2_poor_baqala-d00-004772,Riyadh - Souq,Riyadh,Mineral Water Crate,FST-WTR-07,Beverages,1,15.0,15.0,9.0,mada
2026-04-02,TX-B2_poor_baqala-d00-004773,Riyadh - Souq,Riyadh,Mineral Water Crate,FST-WTR-07,Beverages,1,15.0,15.0,9.0,card
2026-04-02,TX-B2_poor_baqala-d00-004774,Riyadh - Souq,Riyadh,Mineral Water Crate,FST-WTR-07,Beverages,1,15.0,15.0,9.0,mada
2026-04-02,TX-B2_poor_baqala-d00-004775,Riyadh - Souq,Riyadh,Mineral Water Crate,FST-WTR-07,Beverages,1,15.0,15.0,9.0,mada
2026-04-02,TX-B2_poor_baqala-d00-004776,Riyadh - Souq,Riyadh,Mineral Water Crate,FST-WTR-07,Beverages,1,15.0,15.0,9.0,card
2026-04-03,TX-B2_poor_baqala-d00-004777,Riyadh - Souq,Riyadh,Mineral Water Crate,FST-WTR-07,Beverages,1,15.0,15.0,9.0,cash
2026-04-03,TX-B2_poor_baqala-d00-004778,Riyadh - Souq,Riyadh,Mineral Water Crate,FST-WTR-07,Beverages,1,15.0,15.0,9.0,cash
2026-04-03,TX-B2_poor_baqala-d00-004779,Riyadh - Souq,Riyadh,Mineral Water Crate,FST-WTR-07,Beverages,1,15.0,15.0,9.0,card
2026-04-03,TX-B2_poor_baqala-d00-004780,Riyadh - Souq,Riyadh,Mineral Water Crate,FST-WTR-07,Beverages,1,15.0,15.0,9.0,card
2026-04-03,TX-B2_poor_baqala-d00-004781,Riyadh - Souq,Riyadh,Mineral Water Crate,FST-WTR-07,Beverages,1,15.0,15.0,9.0,card
2026-04-03,TX-B2_poor_baqala-d00-004782,Riyadh - Souq,Riyadh,Mineral Water Crate,FST-WTR-07,Beverages,1,15.0,15.0,9.0,mada
2026-04-03,TX-B2_poor_baqala-d00-004783,Riyadh - Souq,Riyadh,Mineral Water Crate,FST-WTR-07,Beverages,1,15.0,15.0,9.0,mada
2026-04-03,TX-B2_poor_baqala-d00-004784,Riyadh - Souq,Riyadh,Mineral Water Crate,FST-WTR-07,Beverages,1,15.0,15.0,9.0,mada
2026-04-03,TX-B2_poor_baqala-d00-004785,Riyadh - Souq,Riyadh,Mineral Water Crate,FST-WTR-07,Beverages,1,15.0,15.0,9.0,cash
2026-04-04,TX-B2_poor_baqala-d00-004786,Riyadh - Souq,Riyadh,Mineral Water Crate,FST-WTR-07,Beverages,1,15.0,15.0,9.0,cash
2026-04-04,TX-B2_poor_baqala-d00-004787,Riyadh - Souq,Riyadh,Mineral Water Crate,FST-WTR-07,Beverages,1,15.0,15.0,9.0,cash
2026-04-04,TX-B2_poor_baqala-d00-004788,Riyadh - Souq,Riyadh,Mineral Water Crate,FST-WTR-07,Beverages,1,15.0,15.0,9.0,cash
2026-04-04,TX-B2_poor_baqala-d00-004789,Riyadh - Souq,Riyadh,Mineral Water Crate,FST-WTR-07,Beverages,1,15.0,15.0,9.0,mada
2026-04-04,TX-B2_poor_baqala-d00-004790,Riyadh - Souq,Riyadh,Mineral Water Crate,FST-WTR-07,Beverages,1,15.0,15.0,9.0,mada
2026-04-04,TX-B2_poor_baqala-d00-004791,Riyadh - Souq,Riyadh,Mineral Water Crate,FST-WTR-07,Beverages,1,15.0,15.0,9.0,cash
2026-04-04,TX-B2_poor_baqala-d00-004792,Riyadh - Souq,Riyadh,Mineral Water Crate,FST-WTR-07,Beverages,1,15.0,15.0,9.0,card
2026-04-04,TX-B2_poor_baqala-d00-004793,Riyadh - Souq,Riyadh,Mineral Water Crate,FST-WTR-07,Beverages,1,15.0,15.0,9.0,card
2026-04-04,TX-B2_poor_baqala-d00-004794,Riyadh - Souq,Riyadh,Mineral Water Crate,FST-WTR-07,Beverages,1,15.0,15.0,9.0,card
2026-04-04,TX-B2_poor_baqala-d00-004795,Riyadh - Souq,Riyadh,Mineral Water Crate,FST-WTR-07,Beverages,1,15.0,15.0,9.0,card
2026-04-04,TX-B2_poor_baqala-d00-004796,Riyadh - Souq,Riyadh,Mineral Water Crate,FST-WTR-07,Beverages,1,15.0,15.0,9.0,card
2026-04-04,TX-B2_poor_baqala-d00-004797,Riyadh - Souq,Riyadh,Mineral Water Crate,FST-WTR-07,Beverages,1,15.0,15.0,9.0,mada
2026-04-05,TX-B2_poor_baqala-d00-004798,Riyadh - Souq,Riyadh,Mineral Water Crate,FST-WTR-07,Beverages,1,15.0,15.0,9.0,card
2026-04-05,TX-B2_poor_baqala-d00-004799,Riyadh - Souq,Riyadh,Mineral Water Crate,FST-WTR-07,Beverages,1,15.0,15.0,9.0,mada
2026-04-05,TX-B2_poor_baqala-d00-004800,Riyadh - Souq,Riyadh,Mineral Water Crate,FST-WTR-07,Beverages,1,15.0,15.0,9.0,mada
2026-04-05,TX-B2_poor_baqala-d00-004801,Riyadh - Souq,Riyadh,Mineral Water Crate,FST-WTR-07,Beverages,1,15.0,15.0,9.0,mada
2026-04-05,TX-B2_poor_baqala-d00-004802,Riyadh - Souq,Riyadh,Mineral Water Crate,FST-WTR-07,Beverages,1,15.0,15.0,9.0,mada
2026-04-05,TX-B2_poor_baqala-d00-004803,Riyadh - Souq,Riyadh,Mineral Water Crate,FST-WTR-07,Beverages,1,15.0,15.0,9.0,card
2026-04-05,TX-B2_poor_baqala-d00-004804,Riyadh - Souq,Riyadh,Mineral Water Crate,FST-WTR-07,Beverages,1,15.0,15.0,9.0,cash
2026-04-05,TX-B2_poor_baqala-d00-004805,Riyadh - Souq,Riyadh,Mineral Water Crate,FST-WTR-07,Beverages,1,15.0,15.0,9.0,card
2026-04-05,TX-B2_poor_baqala-d00-004806,Riyadh - Souq,Riyadh,Mineral Water Crate,FST-WTR-07,Beverages,1,15.0,15.0,9.0,mada
2026-04-05,TX-B2_poor_baqala-d00-004807,Riyadh - Souq,Riyadh,Mineral Water Crate,FST-WTR-07,Beverages,1,15.0,15.0,9.0,card
2026-04-06,TX-B2_poor_baqala-d00-004808,Riyadh - Souq,Riyadh,Mineral Water Crate,FST-WTR-07,Beverages,1,15.0,15.0,9.0,card
2026-04-06,TX-B2_poor_baqala-d00-004809,Riyadh - Souq,Riyadh,Mineral Water Crate,FST-WTR-07,Beverages,1,15.0,15.0,9.0,mada
2026-04-06,TX-B2_poor_baqala-d00-004810,Riyadh - Souq,Riyadh,Mineral Water Crate,FST-WTR-07,Beverages,1,15.0,15.0,9.0,mada
2026-04-06,TX-B2_poor_baqala-d00-004811,Riyadh - Souq,Riyadh,Mineral Water Crate,FST-WTR-07,Beverages,1,15.0,15.0,9.0,card
2026-04-06,TX-B2_poor_baqala-d00-004812,Riyadh - Souq,Riyadh,Mineral Water Crate,FST-WTR-07,Beverages,1,15.0,15.0,9.0,card
2026-04-06,TX-B2_poor_baqala-d00-004813,Riyadh - Souq,Riyadh,Mineral Water Crate,FST-WTR-07,Beverages,1,15.0,15.0,9.0,cash
2026-04-06,TX-B2_poor_baqala-d00-004814,Riyadh - Souq,Riyadh,Mineral Water Crate,FST-WTR-07,Beverages,1,15.0,15.0,9.0,mada
2026-04-06,TX-B2_poor_baqala-d00-004815,Riyadh - Souq,Riyadh,Mineral Water Crate,FST-WTR-07,Beverages,1,15.0,15.0,9.0,card
2026-04-06,TX-B2_poor_baqala-d00-004816,Riyadh - Souq,Riyadh,Mineral Water Crate,FST-WTR-07,Beverages,1,15.0,15.0,9.0,cash
2026-04-06,TX-B2_poor_baqala-d00-004817,Riyadh - Souq,Riyadh,Mineral Water Crate,FST-WTR-07,Beverages,1,15.0,15.0,9.0,mada
2026-04-07,TX-B2_poor_baqala-d00-004818,Riyadh - Souq,Riyadh,Mineral Water Crate,FST-WTR-07,Beverages,1,15.0,15.0,9.0,cash
2026-04-07,TX-B2_poor_baqala-d00-004819,Riyadh - Souq,Riyadh,Mineral Water Crate,FST-WTR-07,Beverages,1,15.0,15.0,9.0,cash
2026-04-07,TX-B2_poor_baqala-d00-004820,Riyadh - Souq,Riyadh,Mineral Water Crate,FST-WTR-07,Beverages,1,15.0,15.0,9.0,mada
2026-04-07,TX-B2_poor_baqala-d00-004821,Riyadh - Souq,Riyadh,Mineral Water Crate,FST-WTR-07,Beverages,1,15.0,15.0,9.0,mada
2026-04-07,TX-B2_poor_baqala-d00-004822,Riyadh - Souq,Riyadh,Mineral Water Crate,FST-WTR-07,Beverages,1,15.0,15.0,9.0,card
2026-04-07,TX-B2_poor_baqala-d00-004823,Riyadh - Souq,Riyadh,Mineral Water Crate,FST-WTR-07,Beverages,1,15.0,15.0,9.0,cash
2026-04-07,TX-B2_poor_baqala-d00-004824,Riyadh - Souq,Riyadh,Mineral Water Crate,FST-WTR-07,Beverages,1,15.0,15.0,9.0,mada
2026-04-07,TX-B2_poor_baqala-d00-004825,Riyadh - Souq,Riyadh,Mineral Water Crate,FST-WTR-07,Beverages,1,15.0,15.0,9.0,card
2026-04-08,TX-B2_poor_baqala-d00-004826,Riyadh - Souq,Riyadh,Mineral Water Crate,FST-WTR-07,Beverages,1,15.0,15.0,9.0,mada
2026-04-08,TX-B2_poor_baqala-d00-004827,Riyadh - Souq,Riyadh,Mineral Water Crate,FST-WTR-07,Beverages,1,15.0,15.0,9.0,card
2026-04-08,TX-B2_poor_baqala-d00-004828,Riyadh - Souq,Riyadh,Mineral Water Crate,FST-WTR-07,Beverages,1,15.0,15.0,9.0,card
2026-04-08,TX-B2_poor_baqala-d00-004829,Riyadh - Souq,Riyadh,Mineral Water Crate,FST-WTR-07,Beverages,1,15.0,15.0,9.0,cash
2026-04-08,TX-B2_poor_baqala-d00-004830,Riyadh - Souq,Riyadh,Mineral Water Crate,FST-WTR-07,Beverages,1,15.0,15.0,9.0,mada
2026-04-08,TX-B2_poor_baqala-d00-004831,Riyadh - Souq,Riyadh,Mineral Water Crate,FST-WTR-07,Beverages,1,15.0,15.0,9.0,card
2026-04-08,TX-B2_poor_baqala-d00-004832,Riyadh - Souq,Riyadh,Mineral Water Crate,FST-WTR-07,Beverages,1,15.0,15.0,9.0,cash
2026-04-08,TX-B2_poor_baqala-d00-004833,Riyadh - Souq,Riyadh,Mineral Water Crate,FST-WTR-07,Beverages,1,15.0,15.0,9.0,mada
2026-04-08,TX-B2_poor_baqala-d00-004834,Riyadh - Souq,Riyadh,Mineral Water Crate,FST-WTR-07,Beverages,1,15.0,15.0,9.0,mada
2026-04-08,TX-B2_poor_baqala-d00-004835,Riyadh - Souq,Riyadh,Mineral Water Crate,FST-WTR-07,Beverages,1,15.0,15.0,9.0,mada
2026-04-08,TX-B2_poor_baqala-d00-004836,Riyadh - Souq,Riyadh,Mineral Water Crate,FST-WTR-07,Beverages,1,15.0,15.0,9.0,cash
2026-04-09,TX-B2_poor_baqala-d00-004837,Riyadh - Souq,Riyadh,Mineral Water Crate,FST-WTR-07,Beverages,1,15.0,15.0,9.0,mada
2026-04-09,TX-B2_poor_baqala-d00-004838,Riyadh - Souq,Riyadh,Mineral Water Crate,FST-WTR-07,Beverages,1,15.0,15.0,9.0,cash
2026-04-09,TX-B2_poor_baqala-d00-004839,Riyadh - Souq,Riyadh,Mineral Water Crate,FST-WTR-07,Beverages,1,15.0,15.0,9.0,card
2026-04-09,TX-B2_poor_baqala-d00-004840,Riyadh - Souq,Riyadh,Mineral Water Crate,FST-WTR-07,Beverages,1,15.0,15.0,9.0,card
2026-04-09,TX-B2_poor_baqala-d00-004841,Riyadh - Souq,Riyadh,Mineral Water Crate,FST-WTR-07,Beverages,1,15.0,15.0,9.0,mada
2026-04-09,TX-B2_poor_baqala-d00-004842,Riyadh - Souq,Riyadh,Mineral Water Crate,FST-WTR-07,Beverages,1,15.0,15.0,9.0,card
2026-04-09,TX-B2_poor_baqala-d00-004843,Riyadh - Souq,Riyadh,Mineral Water Crate,FST-WTR-07,Beverages,1,15.0,15.0,9.0,cash
2026-04-09,TX-B2_poor_baqala-d00-004844,Riyadh - Souq,Riyadh,Mineral Water Crate,FST-WTR-07,Beverages,1,15.0,15.0,9.0,mada
2026-04-09,TX-B2_poor_baqala-d00-004845,Riyadh - Souq,Riyadh,Mineral Water Crate,FST-WTR-07,Beverages,1,15.0,15.0,9.0,card
2026-04-10,TX-B2_poor_baqala-d00-004846,Riyadh - Souq,Riyadh,Mineral Water Crate,FST-WTR-07,Beverages,1,15.0,15.0,9.0,card
2026-04-10,TX-B2_poor_baqala-d00-004847,Riyadh - Souq,Riyadh,Mineral Water Crate,FST-WTR-07,Beverages,1,15.0,15.0,9.0,mada
2026-04-10,TX-B2_poor_baqala-d00-004848,Riyadh - Souq,Riyadh,Mineral Water Crate,FST-WTR-07,Beverages,1,15.0,15.0,9.0,card
2026-04-10,TX-B2_poor_baqala-d00-004849,Riyadh - Souq,Riyadh,Mineral Water Crate,FST-WTR-07,Beverages,1,15.0,15.0,9.0,cash
2026-04-10,TX-B2_poor_baqala-d00-004850,Riyadh - Souq,Riyadh,Mineral Water Crate,FST-WTR-07,Beverages,1,15.0,15.0,9.0,cash
2026-04-10,TX-B2_poor_baqala-d00-004851,Riyadh - Souq,Riyadh,Mineral Water Crate,FST-WTR-07,Beverages,1,15.0,15.0,9.0,mada
2026-04-10,TX-B2_poor_baqala-d00-004852,Riyadh - Souq,Riyadh,Mineral Water Crate,FST-WTR-07,Beverages,1,15.0,15.0,9.0,card
2026-04-10,TX-B2_poor_baqala-d00-004853,Riyadh - Souq,Riyadh,Mineral Water Crate,FST-WTR-07,Beverages,1,15.0,15.0,9.0,cash
2026-04-10,TX-B2_poor_baqala-d00-004854,Riyadh - Souq,Riyadh,Mineral Water Crate,FST-WTR-07,Beverages,1,15.0,15.0,9.0,cash
2026-04-10,TX-B2_poor_baqala-d00-004855,Riyadh - Souq,Riyadh,Mineral Water Crate,FST-WTR-07,Beverages,1,15.0,15.0,9.0,cash
2026-04-10,TX-B2_poor_baqala-d00-004856,Riyadh - Souq,Riyadh,Mineral Water Crate,FST-WTR-07,Beverages,1,15.0,15.0,9.0,card
2026-04-10,TX-B2_poor_baqala-d00-004857,Riyadh - Souq,Riyadh,Mineral Water Crate,FST-WTR-07,Beverages,1,15.0,15.0,9.0,cash
2026-04-10,TX-B2_poor_baqala-d00-004858,Riyadh - Souq,Riyadh,Mineral Water Crate,FST-WTR-07,Beverages,1,15.0,15.0,9.0,mada
2026-04-11,TX-B2_poor_baqala-d00-004859,Riyadh - Souq,Riyadh,Mineral Water Crate,FST-WTR-07,Beverages,1,15.0,15.0,9.0,card
2026-04-11,TX-B2_poor_baqala-d00-004860,Riyadh - Souq,Riyadh,Mineral Water Crate,FST-WTR-07,Beverages,1,15.0,15.0,9.0,cash
2026-04-11,TX-B2_poor_baqala-d00-004861,Riyadh - Souq,Riyadh,Mineral Water Crate,FST-WTR-07,Beverages,1,15.0,15.0,9.0,card
2026-04-11,TX-B2_poor_baqala-d00-004862,Riyadh - Souq,Riyadh,Mineral Water Crate,FST-WTR-07,Beverages,1,15.0,15.0,9.0,mada
2026-04-11,TX-B2_poor_baqala-d00-004863,Riyadh - Souq,Riyadh,Mineral Water Crate,FST-WTR-07,Beverages,1,15.0,15.0,9.0,mada
2026-04-11,TX-B2_poor_baqala-d00-004864,Riyadh - Souq,Riyadh,Mineral Water Crate,FST-WTR-07,Beverages,1,15.0,15.0,9.0,mada
2026-04-11,TX-B2_poor_baqala-d00-004865,Riyadh - Souq,Riyadh,Mineral Water Crate,FST-WTR-07,Beverages,1,15.0,15.0,9.0,mada
2026-04-11,TX-B2_poor_baqala-d00-004866,Riyadh - Souq,Riyadh,Mineral Water Crate,FST-WTR-07,Beverages,1,15.0,15.0,9.0,cash
2026-04-11,TX-B2_poor_baqala-d00-004867,Riyadh - Souq,Riyadh,Mineral Water Crate,FST-WTR-07,Beverages,1,15.0,15.0,9.0,mada
2026-04-11,TX-B2_poor_baqala-d00-004868,Riyadh - Souq,Riyadh,Mineral Water Crate,FST-WTR-07,Beverages,1,15.0,15.0,9.0,cash
2026-04-11,TX-B2_poor_baqala-d00-004869,Riyadh - Souq,Riyadh,Mineral Water Crate,FST-WTR-07,Beverages,1,15.0,15.0,9.0,cash
2026-04-12,TX-B2_poor_baqala-d00-004870,Riyadh - Souq,Riyadh,Mineral Water Crate,FST-WTR-07,Beverages,1,15.0,15.0,9.0,card
2026-04-12,TX-B2_poor_baqala-d00-004871,Riyadh - Souq,Riyadh,Mineral Water Crate,FST-WTR-07,Beverages,1,15.0,15.0,9.0,card
2026-04-12,TX-B2_poor_baqala-d00-004872,Riyadh - Souq,Riyadh,Mineral Water Crate,FST-WTR-07,Beverages,1,15.0,15.0,9.0,mada
2026-04-12,TX-B2_poor_baqala-d00-004873,Riyadh - Souq,Riyadh,Mineral Water Crate,FST-WTR-07,Beverages,1,15.0,15.0,9.0,mada
2026-04-12,TX-B2_poor_baqala-d00-004874,Riyadh - Souq,Riyadh,Mineral Water Crate,FST-WTR-07,Beverages,1,15.0,15.0,9.0,cash
2026-04-12,TX-B2_poor_baqala-d00-004875,Riyadh - Souq,Riyadh,Mineral Water Crate,FST-WTR-07,Beverages,1,15.0,15.0,9.0,mada
2026-04-12,TX-B2_poor_baqala-d00-004876,Riyadh - Souq,Riyadh,Mineral Water Crate,FST-WTR-07,Beverages,1,15.0,15.0,9.0,cash
2026-04-12,TX-B2_poor_baqala-d00-004877,Riyadh - Souq,Riyadh,Mineral Water Crate,FST-WTR-07,Beverages,1,15.0,15.0,9.0,mada
2026-04-12,TX-B2_poor_baqala-d00-004878,Riyadh - Souq,Riyadh,Mineral Water Crate,FST-WTR-07,Beverages,1,15.0,15.0,9.0,card
2026-04-12,TX-B2_poor_baqala-d00-004879,Riyadh - Souq,Riyadh,Mineral Water Crate,FST-WTR-07,Beverages,1,15.0,15.0,9.0,mada
2026-04-13,TX-B2_poor_baqala-d00-004880,Riyadh - Souq,Riyadh,Mineral Water Crate,FST-WTR-07,Beverages,1,15.0,15.0,9.0,card
2026-04-13,TX-B2_poor_baqala-d00-004881,Riyadh - Souq,Riyadh,Mineral Water Crate,FST-WTR-07,Beverages,1,15.0,15.0,9.0,cash
2026-04-13,TX-B2_poor_baqala-d00-004882,Riyadh - Souq,Riyadh,Mineral Water Crate,FST-WTR-07,Beverages,1,15.0,15.0,9.0,card
2026-04-13,TX-B2_poor_baqala-d00-004883,Riyadh - Souq,Riyadh,Mineral Water Crate,FST-WTR-07,Beverages,1,15.0,15.0,9.0,cash
2026-04-13,TX-B2_poor_baqala-d00-004884,Riyadh - Souq,Riyadh,Mineral Water Crate,FST-WTR-07,Beverages,1,15.0,15.0,9.0,card
2026-04-13,TX-B2_poor_baqala-d00-004885,Riyadh - Souq,Riyadh,Mineral Water Crate,FST-WTR-07,Beverages,1,15.0,15.0,9.0,card
2026-04-13,TX-B2_poor_baqala-d00-004886,Riyadh - Souq,Riyadh,Mineral Water Crate,FST-WTR-07,Beverages,1,15.0,15.0,9.0,mada
2026-04-13,TX-B2_poor_baqala-d00-004887,Riyadh - Souq,Riyadh,Mineral Water Crate,FST-WTR-07,Beverages,1,15.0,15.0,9.0,card
2026-04-13,TX-B2_poor_baqala-d00-004888,Riyadh - Souq,Riyadh,Mineral Water Crate,FST-WTR-07,Beverages,1,15.0,15.0,9.0,cash
2026-04-13,TX-B2_poor_baqala-d00-004889,Riyadh - Souq,Riyadh,Mineral Water Crate,FST-WTR-07,Beverages,1,15.0,15.0,9.0,card
2026-04-13,TX-B2_poor_baqala-d00-004890,Riyadh - Souq,Riyadh,Mineral Water Crate,FST-WTR-07,Beverages,1,15.0,15.0,9.0,card
2026-04-14,TX-B2_poor_baqala-d00-004891,Riyadh - Souq,Riyadh,Mineral Water Crate,FST-WTR-07,Beverages,1,15.0,15.0,9.0,card
2026-04-14,TX-B2_poor_baqala-d00-004892,Riyadh - Souq,Riyadh,Mineral Water Crate,FST-WTR-07,Beverages,1,15.0,15.0,9.0,cash
2026-04-14,TX-B2_poor_baqala-d00-004893,Riyadh - Souq,Riyadh,Mineral Water Crate,FST-WTR-07,Beverages,1,15.0,15.0,9.0,cash
2026-04-14,TX-B2_poor_baqala-d00-004894,Riyadh - Souq,Riyadh,Mineral Water Crate,FST-WTR-07,Beverages,1,15.0,15.0,9.0,card
2026-04-14,TX-B2_poor_baqala-d00-004895,Riyadh - Souq,Riyadh,Mineral Water Crate,FST-WTR-07,Beverages,1,15.0,15.0,9.0,mada
2026-04-14,TX-B2_poor_baqala-d00-004896,Riyadh - Souq,Riyadh,Mineral Water Crate,FST-WTR-07,Beverages,1,15.0,15.0,9.0,card
2026-04-14,TX-B2_poor_baqala-d00-004897,Riyadh - Souq,Riyadh,Mineral Water Crate,FST-WTR-07,Beverages,1,15.0,15.0,9.0,card
2026-04-14,TX-B2_poor_baqala-d00-004898,Riyadh - Souq,Riyadh,Mineral Water Crate,FST-WTR-07,Beverages,1,15.0,15.0,9.0,mada
2026-04-14,TX-B2_poor_baqala-d00-004899,Riyadh - Souq,Riyadh,Mineral Water Crate,FST-WTR-07,Beverages,1,15.0,15.0,9.0,mada
2026-04-14,TX-B2_poor_baqala-d00-004900,Riyadh - Souq,Riyadh,Mineral Water Crate,FST-WTR-07,Beverages,1,15.0,15.0,9.0,mada
2026-04-15,TX-B2_poor_baqala-d00-004901,Riyadh - Souq,Riyadh,Mineral Water Crate,FST-WTR-07,Beverages,1,15.0,15.0,9.0,card
2026-04-15,TX-B2_poor_baqala-d00-004902,Riyadh - Souq,Riyadh,Mineral Water Crate,FST-WTR-07,Beverages,1,15.0,15.0,9.0,mada
2026-04-15,TX-B2_poor_baqala-d00-004903,Riyadh - Souq,Riyadh,Mineral Water Crate,FST-WTR-07,Beverages,1,15.0,15.0,9.0,mada
2026-04-15,TX-B2_poor_baqala-d00-004904,Riyadh - Souq,Riyadh,Mineral Water Crate,FST-WTR-07,Beverages,1,15.0,15.0,9.0,cash
2026-04-15,TX-B2_poor_baqala-d00-004905,Riyadh - Souq,Riyadh,Mineral Water Crate,FST-WTR-07,Beverages,1,15.0,15.0,9.0,card
2026-04-15,TX-B2_poor_baqala-d00-004906,Riyadh - Souq,Riyadh,Mineral Water Crate,FST-WTR-07,Beverages,1,15.0,15.0,9.0,mada
2026-04-15,TX-B2_poor_baqala-d00-004907,Riyadh - Souq,Riyadh,Mineral Water Crate,FST-WTR-07,Beverages,1,15.0,15.0,9.0,cash
2026-04-15,TX-B2_poor_baqala-d00-004908,Riyadh - Souq,Riyadh,Mineral Water Crate,FST-WTR-07,Beverages,1,15.0,15.0,9.0,cash
2026-04-16,TX-B2_poor_baqala-d00-004909,Riyadh - Souq,Riyadh,Mineral Water Crate,FST-WTR-07,Beverages,1,15.0,15.0,9.0,card
2026-04-16,TX-B2_poor_baqala-d00-004910,Riyadh - Souq,Riyadh,Mineral Water Crate,FST-WTR-07,Beverages,1,15.0,15.0,9.0,cash
2026-04-16,TX-B2_poor_baqala-d00-004911,Riyadh - Souq,Riyadh,Mineral Water Crate,FST-WTR-07,Beverages,1,15.0,15.0,9.0,cash
2026-04-16,TX-B2_poor_baqala-d00-004912,Riyadh - Souq,Riyadh,Mineral Water Crate,FST-WTR-07,Beverages,1,15.0,15.0,9.0,cash
2026-04-16,TX-B2_poor_baqala-d00-004913,Riyadh - Souq,Riyadh,Mineral Water Crate,FST-WTR-07,Beverages,1,15.0,15.0,9.0,cash
2026-04-16,TX-B2_poor_baqala-d00-004914,Riyadh - Souq,Riyadh,Mineral Water Crate,FST-WTR-07,Beverages,1,15.0,15.0,9.0,card
2026-04-16,TX-B2_poor_baqala-d00-004915,Riyadh - Souq,Riyadh,Mineral Water Crate,FST-WTR-07,Beverages,1,15.0,15.0,9.0,card
2026-04-17,TX-B2_poor_baqala-d00-004916,Riyadh - Souq,Riyadh,Mineral Water Crate,FST-WTR-07,Beverages,1,15.0,15.0,9.0,card
2026-04-17,TX-B2_poor_baqala-d00-004917,Riyadh - Souq,Riyadh,Mineral Water Crate,FST-WTR-07,Beverages,1,15.0,15.0,9.0,cash
2026-04-17,TX-B2_poor_baqala-d00-004918,Riyadh - Souq,Riyadh,Mineral Water Crate,FST-WTR-07,Beverages,1,15.0,15.0,9.0,cash
2026-04-17,TX-B2_poor_baqala-d00-004919,Riyadh - Souq,Riyadh,Mineral Water Crate,FST-WTR-07,Beverages,1,15.0,15.0,9.0,mada
2026-04-17,TX-B2_poor_baqala-d00-004920,Riyadh - Souq,Riyadh,Mineral Water Crate,FST-WTR-07,Beverages,1,15.0,15.0,9.0,card
2026-04-17,TX-B2_poor_baqala-d00-004921,Riyadh - Souq,Riyadh,Mineral Water Crate,FST-WTR-07,Beverages,1,15.0,15.0,9.0,mada
2026-04-17,TX-B2_poor_baqala-d00-004922,Riyadh - Souq,Riyadh,Mineral Water Crate,FST-WTR-07,Beverages,1,15.0,15.0,9.0,card
2026-04-17,TX-B2_poor_baqala-d00-004923,Riyadh - Souq,Riyadh,Mineral Water Crate,FST-WTR-07,Beverages,1,15.0,15.0,9.0,mada
2026-04-17,TX-B2_poor_baqala-d00-004924,Riyadh - Souq,Riyadh,Mineral Water Crate,FST-WTR-07,Beverages,1,15.0,15.0,9.0,cash
2026-04-17,TX-B2_poor_baqala-d00-004925,Riyadh - Souq,Riyadh,Mineral Water Crate,FST-WTR-07,Beverages,1,15.0,15.0,9.0,card
2026-04-18,TX-B2_poor_baqala-d00-004926,Riyadh - Souq,Riyadh,Mineral Water Crate,FST-WTR-07,Beverages,1,15.0,15.0,9.0,cash
2026-04-18,TX-B2_poor_baqala-d00-004927,Riyadh - Souq,Riyadh,Mineral Water Crate,FST-WTR-07,Beverages,1,15.0,15.0,9.0,mada
2026-04-18,TX-B2_poor_baqala-d00-004928,Riyadh - Souq,Riyadh,Mineral Water Crate,FST-WTR-07,Beverages,1,15.0,15.0,9.0,mada
2026-04-18,TX-B2_poor_baqala-d00-004929,Riyadh - Souq,Riyadh,Mineral Water Crate,FST-WTR-07,Beverages,1,15.0,15.0,9.0,card
2026-04-18,TX-B2_poor_baqala-d00-004930,Riyadh - Souq,Riyadh,Mineral Water Crate,FST-WTR-07,Beverages,1,15.0,15.0,9.0,cash
2026-04-18,TX-B2_poor_baqala-d00-004931,Riyadh - Souq,Riyadh,Mineral Water Crate,FST-WTR-07,Beverages,1,15.0,15.0,9.0,card
2026-04-19,TX-B2_poor_baqala-d00-004932,Riyadh - Souq,Riyadh,Mineral Water Crate,FST-WTR-07,Beverages,1,15.0,15.0,9.0,card
2026-04-19,TX-B2_poor_baqala-d00-004933,Riyadh - Souq,Riyadh,Mineral Water Crate,FST-WTR-07,Beverages,1,15.0,15.0,9.0,cash
2026-04-19,TX-B2_poor_baqala-d00-004934,Riyadh - Souq,Riyadh,Mineral Water Crate,FST-WTR-07,Beverages,1,15.0,15.0,9.0,card
2026-04-19,TX-B2_poor_baqala-d00-004935,Riyadh - Souq,Riyadh,Mineral Water Crate,FST-WTR-07,Beverages,1,15.0,15.0,9.0,cash
2026-04-19,TX-B2_poor_baqala-d00-004936,Riyadh - Souq,Riyadh,Mineral Water Crate,FST-WTR-07,Beverages,1,15.0,15.0,9.0,cash
2026-04-19,TX-B2_poor_baqala-d00-004937,Riyadh - Souq,Riyadh,Mineral Water Crate,FST-WTR-07,Beverages,1,15.0,15.0,9.0,cash
2026-04-19,TX-B2_poor_baqala-d00-004938,Riyadh - Souq,Riyadh,Mineral Water Crate,FST-WTR-07,Beverages,1,15.0,15.0,9.0,mada
2026-04-19,TX-B2_poor_baqala-d00-004939,Riyadh - Souq,Riyadh,Mineral Water Crate,FST-WTR-07,Beverages,1,15.0,15.0,9.0,cash
2026-04-19,TX-B2_poor_baqala-d00-004940,Riyadh - Souq,Riyadh,Mineral Water Crate,FST-WTR-07,Beverages,1,15.0,15.0,9.0,cash
2026-04-19,TX-B2_poor_baqala-d00-004941,Riyadh - Souq,Riyadh,Mineral Water Crate,FST-WTR-07,Beverages,1,15.0,15.0,9.0,mada
2026-04-19,TX-B2_poor_baqala-d00-004942,Riyadh - Souq,Riyadh,Mineral Water Crate,FST-WTR-07,Beverages,1,15.0,15.0,9.0,card
2026-04-19,TX-B2_poor_baqala-d00-004943,Riyadh - Souq,Riyadh,Mineral Water Crate,FST-WTR-07,Beverages,1,15.0,15.0,9.0,cash
2026-04-19,TX-B2_poor_baqala-d00-004944,Riyadh - Souq,Riyadh,Mineral Water Crate,FST-WTR-07,Beverages,1,15.0,15.0,9.0,mada
2026-04-19,TX-B2_poor_baqala-d00-004945,Riyadh - Souq,Riyadh,Mineral Water Crate,FST-WTR-07,Beverages,1,15.0,15.0,9.0,card
2026-04-20,TX-B2_poor_baqala-d00-004946,Riyadh - Souq,Riyadh,Mineral Water Crate,FST-WTR-07,Beverages,1,15.0,15.0,9.0,card
2026-04-20,TX-B2_poor_baqala-d00-004947,Riyadh - Souq,Riyadh,Mineral Water Crate,FST-WTR-07,Beverages,1,15.0,15.0,9.0,card
2026-04-20,TX-B2_poor_baqala-d00-004948,Riyadh - Souq,Riyadh,Mineral Water Crate,FST-WTR-07,Beverages,1,15.0,15.0,9.0,cash
2026-04-20,TX-B2_poor_baqala-d00-004949,Riyadh - Souq,Riyadh,Mineral Water Crate,FST-WTR-07,Beverages,1,15.0,15.0,9.0,cash
2026-04-20,TX-B2_poor_baqala-d00-004950,Riyadh - Souq,Riyadh,Mineral Water Crate,FST-WTR-07,Beverages,1,15.0,15.0,9.0,cash
2026-04-20,TX-B2_poor_baqala-d00-004951,Riyadh - Souq,Riyadh,Mineral Water Crate,FST-WTR-07,Beverages,1,15.0,15.0,9.0,card
2026-04-20,TX-B2_poor_baqala-d00-004952,Riyadh - Souq,Riyadh,Mineral Water Crate,FST-WTR-07,Beverages,1,15.0,15.0,9.0,card
2026-04-20,TX-B2_poor_baqala-d00-004953,Riyadh - Souq,Riyadh,Mineral Water Crate,FST-WTR-07,Beverages,1,15.0,15.0,9.0,card
2026-04-20,TX-B2_poor_baqala-d00-004954,Riyadh - Souq,Riyadh,Mineral Water Crate,FST-WTR-07,Beverages,1,15.0,15.0,9.0,cash
2026-04-20,TX-B2_poor_baqala-d00-004955,Riyadh - Souq,Riyadh,Mineral Water Crate,FST-WTR-07,Beverages,1,15.0,15.0,9.0,cash
2026-04-20,TX-B2_poor_baqala-d00-004956,Riyadh - Souq,Riyadh,Mineral Water Crate,FST-WTR-07,Beverages,1,15.0,15.0,9.0,mada
2026-04-21,TX-B2_poor_baqala-d00-004957,Riyadh - Souq,Riyadh,Mineral Water Crate,FST-WTR-07,Beverages,1,15.0,15.0,9.0,mada
2026-04-21,TX-B2_poor_baqala-d00-004958,Riyadh - Souq,Riyadh,Mineral Water Crate,FST-WTR-07,Beverages,1,15.0,15.0,9.0,mada
2026-04-21,TX-B2_poor_baqala-d00-004959,Riyadh - Souq,Riyadh,Mineral Water Crate,FST-WTR-07,Beverages,1,15.0,15.0,9.0,card
2026-04-21,TX-B2_poor_baqala-d00-004960,Riyadh - Souq,Riyadh,Mineral Water Crate,FST-WTR-07,Beverages,1,15.0,15.0,9.0,cash
2026-04-21,TX-B2_poor_baqala-d00-004961,Riyadh - Souq,Riyadh,Mineral Water Crate,FST-WTR-07,Beverages,1,15.0,15.0,9.0,mada
2026-04-21,TX-B2_poor_baqala-d00-004962,Riyadh - Souq,Riyadh,Mineral Water Crate,FST-WTR-07,Beverages,1,15.0,15.0,9.0,card
2026-04-21,TX-B2_poor_baqala-d00-004963,Riyadh - Souq,Riyadh,Mineral Water Crate,FST-WTR-07,Beverages,1,15.0,15.0,9.0,mada
2026-04-21,TX-B2_poor_baqala-d00-004964,Riyadh - Souq,Riyadh,Mineral Water Crate,FST-WTR-07,Beverages,1,15.0,15.0,9.0,mada
2026-04-21,TX-B2_poor_baqala-d00-004965,Riyadh - Souq,Riyadh,Mineral Water Crate,FST-WTR-07,Beverages,1,15.0,15.0,9.0,mada
2026-04-22,TX-B2_poor_baqala-d00-004966,Riyadh - Souq,Riyadh,Mineral Water Crate,FST-WTR-07,Beverages,1,15.0,15.0,9.0,card
2026-04-22,TX-B2_poor_baqala-d00-004967,Riyadh - Souq,Riyadh,Mineral Water Crate,FST-WTR-07,Beverages,1,15.0,15.0,9.0,card
2026-04-22,TX-B2_poor_baqala-d00-004968,Riyadh - Souq,Riyadh,Mineral Water Crate,FST-WTR-07,Beverages,1,15.0,15.0,9.0,card
2026-04-22,TX-B2_poor_baqala-d00-004969,Riyadh - Souq,Riyadh,Mineral Water Crate,FST-WTR-07,Beverages,1,15.0,15.0,9.0,cash
2026-04-22,TX-B2_poor_baqala-d00-004970,Riyadh - Souq,Riyadh,Mineral Water Crate,FST-WTR-07,Beverages,1,15.0,15.0,9.0,mada
2026-04-22,TX-B2_poor_baqala-d00-004971,Riyadh - Souq,Riyadh,Mineral Water Crate,FST-WTR-07,Beverages,1,15.0,15.0,9.0,card
2026-04-22,TX-B2_poor_baqala-d00-004972,Riyadh - Souq,Riyadh,Mineral Water Crate,FST-WTR-07,Beverages,1,15.0,15.0,9.0,mada
2026-04-22,TX-B2_poor_baqala-d00-004973,Riyadh - Souq,Riyadh,Mineral Water Crate,FST-WTR-07,Beverages,1,15.0,15.0,9.0,mada
2026-04-22,TX-B2_poor_baqala-d00-004974,Riyadh - Souq,Riyadh,Mineral Water Crate,FST-WTR-07,Beverages,1,15.0,15.0,9.0,card
2026-04-22,TX-B2_poor_baqala-d00-004975,Riyadh - Souq,Riyadh,Mineral Water Crate,FST-WTR-07,Beverages,1,15.0,15.0,9.0,card
2026-04-22,TX-B2_poor_baqala-d00-004976,Riyadh - Souq,Riyadh,Mineral Water Crate,FST-WTR-07,Beverages,1,15.0,15.0,9.0,card
2026-04-23,TX-B2_poor_baqala-d00-004977,Riyadh - Souq,Riyadh,Mineral Water Crate,FST-WTR-07,Beverages,1,15.0,15.0,9.0,card
2026-04-23,TX-B2_poor_baqala-d00-004978,Riyadh - Souq,Riyadh,Mineral Water Crate,FST-WTR-07,Beverages,1,15.0,15.0,9.0,mada
2026-04-23,TX-B2_poor_baqala-d00-004979,Riyadh - Souq,Riyadh,Mineral Water Crate,FST-WTR-07,Beverages,1,15.0,15.0,9.0,mada
2026-04-23,TX-B2_poor_baqala-d00-004980,Riyadh - Souq,Riyadh,Mineral Water Crate,FST-WTR-07,Beverages,1,15.0,15.0,9.0,mada
2026-04-23,TX-B2_poor_baqala-d00-004981,Riyadh - Souq,Riyadh,Mineral Water Crate,FST-WTR-07,Beverages,1,15.0,15.0,9.0,mada
2026-04-23,TX-B2_poor_baqala-d00-004982,Riyadh - Souq,Riyadh,Mineral Water Crate,FST-WTR-07,Beverages,1,15.0,15.0,9.0,cash
2026-04-24,TX-B2_poor_baqala-d00-004983,Riyadh - Souq,Riyadh,Mineral Water Crate,FST-WTR-07,Beverages,1,15.0,15.0,9.0,mada
2026-04-24,TX-B2_poor_baqala-d00-004984,Riyadh - Souq,Riyadh,Mineral Water Crate,FST-WTR-07,Beverages,1,15.0,15.0,9.0,card
2026-04-24,TX-B2_poor_baqala-d00-004985,Riyadh - Souq,Riyadh,Mineral Water Crate,FST-WTR-07,Beverages,1,15.0,15.0,9.0,card
2026-04-24,TX-B2_poor_baqala-d00-004986,Riyadh - Souq,Riyadh,Mineral Water Crate,FST-WTR-07,Beverages,1,15.0,15.0,9.0,cash
2026-04-24,TX-B2_poor_baqala-d00-004987,Riyadh - Souq,Riyadh,Mineral Water Crate,FST-WTR-07,Beverages,1,15.0,15.0,9.0,cash
2026-04-24,TX-B2_poor_baqala-d00-004988,Riyadh - Souq,Riyadh,Mineral Water Crate,FST-WTR-07,Beverages,1,15.0,15.0,9.0,card
2026-04-24,TX-B2_poor_baqala-d00-004989,Riyadh - Souq,Riyadh,Mineral Water Crate,FST-WTR-07,Beverages,1,15.0,15.0,9.0,cash
2026-04-25,TX-B2_poor_baqala-d00-004990,Riyadh - Souq,Riyadh,Mineral Water Crate,FST-WTR-07,Beverages,1,15.0,15.0,9.0,mada
2026-04-25,TX-B2_poor_baqala-d00-004991,Riyadh - Souq,Riyadh,Mineral Water Crate,FST-WTR-07,Beverages,1,15.0,15.0,9.0,cash
2026-04-25,TX-B2_poor_baqala-d00-004992,Riyadh - Souq,Riyadh,Mineral Water Crate,FST-WTR-07,Beverages,1,15.0,15.0,9.0,cash
2026-04-25,TX-B2_poor_baqala-d00-004993,Riyadh - Souq,Riyadh,Mineral Water Crate,FST-WTR-07,Beverages,1,15.0,15.0,9.0,mada
2026-04-25,TX-B2_poor_baqala-d00-004994,Riyadh - Souq,Riyadh,Mineral Water Crate,FST-WTR-07,Beverages,1,15.0,15.0,9.0,card
2026-04-25,TX-B2_poor_baqala-d00-004995,Riyadh - Souq,Riyadh,Mineral Water Crate,FST-WTR-07,Beverages,1,15.0,15.0,9.0,card
2026-04-25,TX-B2_poor_baqala-d00-004996,Riyadh - Souq,Riyadh,Mineral Water Crate,FST-WTR-07,Beverages,1,15.0,15.0,9.0,cash
2026-04-25,TX-B2_poor_baqala-d00-004997,Riyadh - Souq,Riyadh,Mineral Water Crate,FST-WTR-07,Beverages,1,15.0,15.0,9.0,cash
2026-04-26,TX-B2_poor_baqala-d00-004998,Riyadh - Souq,Riyadh,Mineral Water Crate,FST-WTR-07,Beverages,1,15.0,15.0,9.0,mada
2026-04-26,TX-B2_poor_baqala-d00-004999,Riyadh - Souq,Riyadh,Mineral Water Crate,FST-WTR-07,Beverages,1,15.0,15.0,9.0,cash
2026-04-26,TX-B2_poor_baqala-d00-005000,Riyadh - Souq,Riyadh,Mineral Water Crate,FST-WTR-07,Beverages,1,15.0,15.0,9.0,cash
2026-04-26,TX-B2_poor_baqala-d00-005001,Riyadh - Souq,Riyadh,Mineral Water Crate,FST-WTR-07,Beverages,1,15.0,15.0,9.0,cash
2026-04-26,TX-B2_poor_baqala-d00-005002,Riyadh - Souq,Riyadh,Mineral Water Crate,FST-WTR-07,Beverages,1,15.0,15.0,9.0,mada
2026-04-26,TX-B2_poor_baqala-d00-005003,Riyadh - Souq,Riyadh,Mineral Water Crate,FST-WTR-07,Beverages,1,15.0,15.0,9.0,card
2026-04-26,TX-B2_poor_baqala-d00-005004,Riyadh - Souq,Riyadh,Mineral Water Crate,FST-WTR-07,Beverages,1,15.0,15.0,9.0,mada
2026-04-26,TX-B2_poor_baqala-d00-005005,Riyadh - Souq,Riyadh,Mineral Water Crate,FST-WTR-07,Beverages,1,15.0,15.0,9.0,mada
2026-04-27,TX-B2_poor_baqala-d00-005006,Riyadh - Souq,Riyadh,Mineral Water Crate,FST-WTR-07,Beverages,1,15.0,15.0,9.0,cash
2026-04-27,TX-B2_poor_baqala-d00-005007,Riyadh - Souq,Riyadh,Mineral Water Crate,FST-WTR-07,Beverages,1,15.0,15.0,9.0,mada
2026-04-27,TX-B2_poor_baqala-d00-005008,Riyadh - Souq,Riyadh,Mineral Water Crate,FST-WTR-07,Beverages,1,15.0,15.0,9.0,mada
2026-04-27,TX-B2_poor_baqala-d00-005009,Riyadh - Souq,Riyadh,Mineral Water Crate,FST-WTR-07,Beverages,1,15.0,15.0,9.0,cash
2026-04-27,TX-B2_poor_baqala-d00-005010,Riyadh - Souq,Riyadh,Mineral Water Crate,FST-WTR-07,Beverages,1,15.0,15.0,9.0,cash
2026-04-27,TX-B2_poor_baqala-d00-005011,Riyadh - Souq,Riyadh,Mineral Water Crate,FST-WTR-07,Beverages,1,15.0,15.0,9.0,cash
2026-04-27,TX-B2_poor_baqala-d00-005012,Riyadh - Souq,Riyadh,Mineral Water Crate,FST-WTR-07,Beverages,1,15.0,15.0,9.0,mada
2026-04-27,TX-B2_poor_baqala-d00-005013,Riyadh - Souq,Riyadh,Mineral Water Crate,FST-WTR-07,Beverages,1,15.0,15.0,9.0,cash
2026-04-27,TX-B2_poor_baqala-d00-005014,Riyadh - Souq,Riyadh,Mineral Water Crate,FST-WTR-07,Beverages,1,15.0,15.0,9.0,cash
2026-04-28,TX-B2_poor_baqala-d00-005015,Riyadh - Souq,Riyadh,Mineral Water Crate,FST-WTR-07,Beverages,1,15.0,15.0,9.0,mada
2026-04-28,TX-B2_poor_baqala-d00-005016,Riyadh - Souq,Riyadh,Mineral Water Crate,FST-WTR-07,Beverages,1,15.0,15.0,9.0,card
2026-04-28,TX-B2_poor_baqala-d00-005017,Riyadh - Souq,Riyadh,Mineral Water Crate,FST-WTR-07,Beverages,1,15.0,15.0,9.0,mada
2026-04-28,TX-B2_poor_baqala-d00-005018,Riyadh - Souq,Riyadh,Mineral Water Crate,FST-WTR-07,Beverages,1,15.0,15.0,9.0,mada
2026-04-28,TX-B2_poor_baqala-d00-005019,Riyadh - Souq,Riyadh,Mineral Water Crate,FST-WTR-07,Beverages,1,15.0,15.0,9.0,card
2026-04-28,TX-B2_poor_baqala-d00-005020,Riyadh - Souq,Riyadh,Mineral Water Crate,FST-WTR-07,Beverages,1,15.0,15.0,9.0,mada
2026-04-28,TX-B2_poor_baqala-d00-005021,Riyadh - Souq,Riyadh,Mineral Water Crate,FST-WTR-07,Beverages,1,15.0,15.0,9.0,card
2026-04-28,TX-B2_poor_baqala-d00-005022,Riyadh - Souq,Riyadh,Mineral Water Crate,FST-WTR-07,Beverages,1,15.0,15.0,9.0,mada
2026-04-28,TX-B2_poor_baqala-d00-005023,Riyadh - Souq,Riyadh,Mineral Water Crate,FST-WTR-07,Beverages,1,15.0,15.0,9.0,card
2026-04-28,TX-B2_poor_baqala-d00-005024,Riyadh - Souq,Riyadh,Mineral Water Crate,FST-WTR-07,Beverages,1,15.0,15.0,9.0,cash
2026-04-29,TX-B2_poor_baqala-d00-005025,Riyadh - Souq,Riyadh,Mineral Water Crate,FST-WTR-07,Beverages,1,15.0,15.0,9.0,card
2026-04-29,TX-B2_poor_baqala-d00-005026,Riyadh - Souq,Riyadh,Mineral Water Crate,FST-WTR-07,Beverages,1,15.0,15.0,9.0,cash
2026-04-29,TX-B2_poor_baqala-d00-005027,Riyadh - Souq,Riyadh,Mineral Water Crate,FST-WTR-07,Beverages,1,15.0,15.0,9.0,cash
2026-04-29,TX-B2_poor_baqala-d00-005028,Riyadh - Souq,Riyadh,Mineral Water Crate,FST-WTR-07,Beverages,1,15.0,15.0,9.0,mada
2026-04-29,TX-B2_poor_baqala-d00-005029,Riyadh - Souq,Riyadh,Mineral Water Crate,FST-WTR-07,Beverages,1,15.0,15.0,9.0,mada
2026-04-29,TX-B2_poor_baqala-d00-005030,Riyadh - Souq,Riyadh,Mineral Water Crate,FST-WTR-07,Beverages,1,15.0,15.0,9.0,card
2026-04-29,TX-B2_poor_baqala-d00-005031,Riyadh - Souq,Riyadh,Mineral Water Crate,FST-WTR-07,Beverages,1,15.0,15.0,9.0,cash
2026-04-29,TX-B2_poor_baqala-d00-005032,Riyadh - Souq,Riyadh,Mineral Water Crate,FST-WTR-07,Beverages,1,15.0,15.0,9.0,card
2026-04-29,TX-B2_poor_baqala-d00-005033,Riyadh - Souq,Riyadh,Mineral Water Crate,FST-WTR-07,Beverages,1,15.0,15.0,9.0,card
2026-04-29,TX-B2_poor_baqala-d00-005034,Riyadh - Souq,Riyadh,Mineral Water Crate,FST-WTR-07,Beverages,1,15.0,15.0,9.0,mada
2026-04-30,TX-B2_poor_baqala-d00-005035,Riyadh - Souq,Riyadh,Mineral Water Crate,FST-WTR-07,Beverages,1,15.0,15.0,9.0,mada
2026-04-30,TX-B2_poor_baqala-d00-005036,Riyadh - Souq,Riyadh,Mineral Water Crate,FST-WTR-07,Beverages,1,15.0,15.0,9.0,mada
2026-04-30,TX-B2_poor_baqala-d00-005037,Riyadh - Souq,Riyadh,Mineral Water Crate,FST-WTR-07,Beverages,1,15.0,15.0,9.0,cash
2026-04-30,TX-B2_poor_baqala-d00-005038,Riyadh - Souq,Riyadh,Mineral Water Crate,FST-WTR-07,Beverages,1,15.0,15.0,9.0,mada
2026-04-30,TX-B2_poor_baqala-d00-005039,Riyadh - Souq,Riyadh,Mineral Water Crate,FST-WTR-07,Beverages,1,15.0,15.0,9.0,card
2026-04-30,TX-B2_poor_baqala-d00-005040,Riyadh - Souq,Riyadh,Mineral Water Crate,FST-WTR-07,Beverages,1,15.0,15.0,9.0,mada
2026-04-30,TX-B2_poor_baqala-d00-005041,Riyadh - Souq,Riyadh,Mineral Water Crate,FST-WTR-07,Beverages,1,15.0,15.0,9.0,mada
2026-04-30,TX-B2_poor_baqala-d00-005042,Riyadh - Souq,Riyadh,Mineral Water Crate,FST-WTR-07,Beverages,1,15.0,15.0,9.0,card
2026-04-30,TX-B2_poor_baqala-d00-005043,Riyadh - Souq,Riyadh,Mineral Water Crate,FST-WTR-07,Beverages,1,15.0,15.0,9.0,card
2026-05-01,TX-B2_poor_baqala-d00-005044,Riyadh - Souq,Riyadh,Mineral Water Crate,FST-WTR-07,Beverages,1,15.0,15.0,9.0,card
2026-05-01,TX-B2_poor_baqala-d00-005045,Riyadh - Souq,Riyadh,Mineral Water Crate,FST-WTR-07,Beverages,1,15.0,15.0,9.0,card
2026-05-01,TX-B2_poor_baqala-d00-005046,Riyadh - Souq,Riyadh,Mineral Water Crate,FST-WTR-07,Beverages,1,15.0,15.0,9.0,mada
2026-05-01,TX-B2_poor_baqala-d00-005047,Riyadh - Souq,Riyadh,Mineral Water Crate,FST-WTR-07,Beverages,1,15.0,15.0,9.0,mada
2026-05-01,TX-B2_poor_baqala-d00-005048,Riyadh - Souq,Riyadh,Mineral Water Crate,FST-WTR-07,Beverages,1,15.0,15.0,9.0,mada
2026-05-01,TX-B2_poor_baqala-d00-005049,Riyadh - Souq,Riyadh,Mineral Water Crate,FST-WTR-07,Beverages,1,15.0,15.0,9.0,mada
2026-05-01,TX-B2_poor_baqala-d00-005050,Riyadh - Souq,Riyadh,Mineral Water Crate,FST-WTR-07,Beverages,1,15.0,15.0,9.0,cash
2026-05-01,TX-B2_poor_baqala-d00-005051,Riyadh - Souq,Riyadh,Mineral Water Crate,FST-WTR-07,Beverages,1,15.0,15.0,9.0,mada
2026-05-01,TX-B2_poor_baqala-d00-005052,Riyadh - Souq,Riyadh,Mineral Water Crate,FST-WTR-07,Beverages,1,15.0,15.0,9.0,card
2026-05-01,TX-B2_poor_baqala-d00-005053,Riyadh - Souq,Riyadh,Mineral Water Crate,FST-WTR-07,Beverages,1,15.0,15.0,9.0,card
2026-05-02,TX-B2_poor_baqala-d00-005054,Riyadh - Souq,Riyadh,Mineral Water Crate,FST-WTR-07,Beverages,1,15.0,15.0,9.0,cash
2026-05-02,TX-B2_poor_baqala-d00-005055,Riyadh - Souq,Riyadh,Mineral Water Crate,FST-WTR-07,Beverages,1,15.0,15.0,9.0,card
2026-05-02,TX-B2_poor_baqala-d00-005056,Riyadh - Souq,Riyadh,Mineral Water Crate,FST-WTR-07,Beverages,1,15.0,15.0,9.0,card
2026-05-02,TX-B2_poor_baqala-d00-005057,Riyadh - Souq,Riyadh,Mineral Water Crate,FST-WTR-07,Beverages,1,15.0,15.0,9.0,cash
2026-05-02,TX-B2_poor_baqala-d00-005058,Riyadh - Souq,Riyadh,Mineral Water Crate,FST-WTR-07,Beverages,1,15.0,15.0,9.0,mada
2026-05-02,TX-B2_poor_baqala-d00-005059,Riyadh - Souq,Riyadh,Mineral Water Crate,FST-WTR-07,Beverages,1,15.0,15.0,9.0,mada
2026-05-02,TX-B2_poor_baqala-d00-005060,Riyadh - Souq,Riyadh,Mineral Water Crate,FST-WTR-07,Beverages,1,15.0,15.0,9.0,card
2026-05-02,TX-B2_poor_baqala-d00-005061,Riyadh - Souq,Riyadh,Mineral Water Crate,FST-WTR-07,Beverages,1,15.0,15.0,9.0,card
2026-05-02,TX-B2_poor_baqala-d00-005062,Riyadh - Souq,Riyadh,Mineral Water Crate,FST-WTR-07,Beverages,1,15.0,15.0,9.0,card
2026-05-03,TX-B2_poor_baqala-d00-005063,Riyadh - Souq,Riyadh,Mineral Water Crate,FST-WTR-07,Beverages,1,15.0,15.0,9.0,cash
2026-05-03,TX-B2_poor_baqala-d00-005064,Riyadh - Souq,Riyadh,Mineral Water Crate,FST-WTR-07,Beverages,1,15.0,15.0,9.0,cash
2026-05-03,TX-B2_poor_baqala-d00-005065,Riyadh - Souq,Riyadh,Mineral Water Crate,FST-WTR-07,Beverages,1,15.0,15.0,9.0,mada
2026-05-03,TX-B2_poor_baqala-d00-005066,Riyadh - Souq,Riyadh,Mineral Water Crate,FST-WTR-07,Beverages,1,15.0,15.0,9.0,mada
2026-05-03,TX-B2_poor_baqala-d00-005067,Riyadh - Souq,Riyadh,Mineral Water Crate,FST-WTR-07,Beverages,1,15.0,15.0,9.0,mada
2026-05-03,TX-B2_poor_baqala-d00-005068,Riyadh - Souq,Riyadh,Mineral Water Crate,FST-WTR-07,Beverages,1,15.0,15.0,9.0,cash
2026-05-03,TX-B2_poor_baqala-d00-005069,Riyadh - Souq,Riyadh,Mineral Water Crate,FST-WTR-07,Beverages,1,15.0,15.0,9.0,card
2026-05-03,TX-B2_poor_baqala-d00-005070,Riyadh - Souq,Riyadh,Mineral Water Crate,FST-WTR-07,Beverages,1,15.0,15.0,9.0,mada
2026-05-03,TX-B2_poor_baqala-d00-005071,Riyadh - Souq,Riyadh,Mineral Water Crate,FST-WTR-07,Beverages,1,15.0,15.0,9.0,cash
2026-05-03,TX-B2_poor_baqala-d00-005072,Riyadh - Souq,Riyadh,Mineral Water Crate,FST-WTR-07,Beverages,1,15.0,15.0,9.0,mada
2026-05-03,TX-B2_poor_baqala-d00-005073,Riyadh - Souq,Riyadh,Mineral Water Crate,FST-WTR-07,Beverages,1,15.0,15.0,9.0,cash
2026-05-03,TX-B2_poor_baqala-d00-005074,Riyadh - Souq,Riyadh,Mineral Water Crate,FST-WTR-07,Beverages,1,15.0,15.0,9.0,cash
2026-05-03,TX-B2_poor_baqala-d00-005075,Riyadh - Souq,Riyadh,Mineral Water Crate,FST-WTR-07,Beverages,1,15.0,15.0,9.0,mada
2026-05-03,TX-B2_poor_baqala-d00-005076,Riyadh - Souq,Riyadh,Mineral Water Crate,FST-WTR-07,Beverages,1,15.0,15.0,9.0,cash
2026-05-04,TX-B2_poor_baqala-d00-005077,Riyadh - Souq,Riyadh,Mineral Water Crate,FST-WTR-07,Beverages,1,15.0,15.0,9.0,cash
2026-05-04,TX-B2_poor_baqala-d00-005078,Riyadh - Souq,Riyadh,Mineral Water Crate,FST-WTR-07,Beverages,1,15.0,15.0,9.0,mada
2026-05-04,TX-B2_poor_baqala-d00-005079,Riyadh - Souq,Riyadh,Mineral Water Crate,FST-WTR-07,Beverages,1,15.0,15.0,9.0,cash
2026-05-04,TX-B2_poor_baqala-d00-005080,Riyadh - Souq,Riyadh,Mineral Water Crate,FST-WTR-07,Beverages,1,15.0,15.0,9.0,mada
2026-05-04,TX-B2_poor_baqala-d00-005081,Riyadh - Souq,Riyadh,Mineral Water Crate,FST-WTR-07,Beverages,1,15.0,15.0,9.0,mada
2026-05-04,TX-B2_poor_baqala-d00-005082,Riyadh - Souq,Riyadh,Mineral Water Crate,FST-WTR-07,Beverages,1,15.0,15.0,9.0,cash
2026-05-04,TX-B2_poor_baqala-d00-005083,Riyadh - Souq,Riyadh,Mineral Water Crate,FST-WTR-07,Beverages,1,15.0,15.0,9.0,card
2026-05-04,TX-B2_poor_baqala-d00-005084,Riyadh - Souq,Riyadh,Mineral Water Crate,FST-WTR-07,Beverages,1,15.0,15.0,9.0,mada
2026-05-04,TX-B2_poor_baqala-d00-005085,Riyadh - Souq,Riyadh,Mineral Water Crate,FST-WTR-07,Beverages,1,15.0,15.0,9.0,mada
2026-05-05,TX-B2_poor_baqala-d00-005086,Riyadh - Souq,Riyadh,Mineral Water Crate,FST-WTR-07,Beverages,1,15.0,15.0,9.0,card
2026-05-05,TX-B2_poor_baqala-d00-005087,Riyadh - Souq,Riyadh,Mineral Water Crate,FST-WTR-07,Beverages,1,15.0,15.0,9.0,cash
2026-05-05,TX-B2_poor_baqala-d00-005088,Riyadh - Souq,Riyadh,Mineral Water Crate,FST-WTR-07,Beverages,1,15.0,15.0,9.0,card
2026-05-05,TX-B2_poor_baqala-d00-005089,Riyadh - Souq,Riyadh,Mineral Water Crate,FST-WTR-07,Beverages,1,15.0,15.0,9.0,cash
2026-05-05,TX-B2_poor_baqala-d00-005090,Riyadh - Souq,Riyadh,Mineral Water Crate,FST-WTR-07,Beverages,1,15.0,15.0,9.0,card
2026-05-05,TX-B2_poor_baqala-d00-005091,Riyadh - Souq,Riyadh,Mineral Water Crate,FST-WTR-07,Beverages,1,15.0,15.0,9.0,card
2026-05-05,TX-B2_poor_baqala-d00-005092,Riyadh - Souq,Riyadh,Mineral Water Crate,FST-WTR-07,Beverages,1,15.0,15.0,9.0,card
2026-05-05,TX-B2_poor_baqala-d00-005093,Riyadh - Souq,Riyadh,Mineral Water Crate,FST-WTR-07,Beverages,1,15.0,15.0,9.0,cash
2026-05-05,TX-B2_poor_baqala-d00-005094,Riyadh - Souq,Riyadh,Mineral Water Crate,FST-WTR-07,Beverages,1,15.0,15.0,9.0,mada
2026-05-05,TX-B2_poor_baqala-d00-005095,Riyadh - Souq,Riyadh,Mineral Water Crate,FST-WTR-07,Beverages,1,15.0,15.0,9.0,mada
2026-05-05,TX-B2_poor_baqala-d00-005096,Riyadh - Souq,Riyadh,Mineral Water Crate,FST-WTR-07,Beverages,1,15.0,15.0,9.0,mada
2026-05-05,TX-B2_poor_baqala-d00-005097,Riyadh - Souq,Riyadh,Mineral Water Crate,FST-WTR-07,Beverages,1,15.0,15.0,9.0,mada
2026-05-06,TX-B2_poor_baqala-d00-005098,Riyadh - Souq,Riyadh,Mineral Water Crate,FST-WTR-07,Beverages,1,15.0,15.0,9.0,cash
2026-05-06,TX-B2_poor_baqala-d00-005099,Riyadh - Souq,Riyadh,Mineral Water Crate,FST-WTR-07,Beverages,1,15.0,15.0,9.0,cash
2026-05-06,TX-B2_poor_baqala-d00-005100,Riyadh - Souq,Riyadh,Mineral Water Crate,FST-WTR-07,Beverages,1,15.0,15.0,9.0,cash
2026-05-06,TX-B2_poor_baqala-d00-005101,Riyadh - Souq,Riyadh,Mineral Water Crate,FST-WTR-07,Beverages,1,15.0,15.0,9.0,mada
2026-05-06,TX-B2_poor_baqala-d00-005102,Riyadh - Souq,Riyadh,Mineral Water Crate,FST-WTR-07,Beverages,1,15.0,15.0,9.0,card
2026-05-06,TX-B2_poor_baqala-d00-005103,Riyadh - Souq,Riyadh,Mineral Water Crate,FST-WTR-07,Beverages,1,15.0,15.0,9.0,cash
2026-05-06,TX-B2_poor_baqala-d00-005104,Riyadh - Souq,Riyadh,Mineral Water Crate,FST-WTR-07,Beverages,1,15.0,15.0,9.0,cash
2026-05-06,TX-B2_poor_baqala-d00-005105,Riyadh - Souq,Riyadh,Mineral Water Crate,FST-WTR-07,Beverages,1,15.0,15.0,9.0,mada
2026-05-06,TX-B2_poor_baqala-d00-005106,Riyadh - Souq,Riyadh,Mineral Water Crate,FST-WTR-07,Beverages,1,15.0,15.0,9.0,cash
2026-05-06,TX-B2_poor_baqala-d00-005107,Riyadh - Souq,Riyadh,Mineral Water Crate,FST-WTR-07,Beverages,1,15.0,15.0,9.0,mada
2026-05-06,TX-B2_poor_baqala-d00-005108,Riyadh - Souq,Riyadh,Mineral Water Crate,FST-WTR-07,Beverages,1,15.0,15.0,9.0,card
2026-05-06,TX-B2_poor_baqala-d00-005109,Riyadh - Souq,Riyadh,Mineral Water Crate,FST-WTR-07,Beverages,1,15.0,15.0,9.0,card
2026-05-07,TX-B2_poor_baqala-d00-005110,Riyadh - Souq,Riyadh,Mineral Water Crate,FST-WTR-07,Beverages,1,15.0,15.0,9.0,cash
2026-05-07,TX-B2_poor_baqala-d00-005111,Riyadh - Souq,Riyadh,Mineral Water Crate,FST-WTR-07,Beverages,1,15.0,15.0,9.0,mada
2026-05-07,TX-B2_poor_baqala-d00-005112,Riyadh - Souq,Riyadh,Mineral Water Crate,FST-WTR-07,Beverages,1,15.0,15.0,9.0,card
2026-05-07,TX-B2_poor_baqala-d00-005113,Riyadh - Souq,Riyadh,Mineral Water Crate,FST-WTR-07,Beverages,1,15.0,15.0,9.0,card
2026-05-07,TX-B2_poor_baqala-d00-005114,Riyadh - Souq,Riyadh,Mineral Water Crate,FST-WTR-07,Beverages,1,15.0,15.0,9.0,mada
2026-05-07,TX-B2_poor_baqala-d00-005115,Riyadh - Souq,Riyadh,Mineral Water Crate,FST-WTR-07,Beverages,1,15.0,15.0,9.0,mada
2026-05-07,TX-B2_poor_baqala-d00-005116,Riyadh - Souq,Riyadh,Mineral Water Crate,FST-WTR-07,Beverages,1,15.0,15.0,9.0,card
2026-05-07,TX-B2_poor_baqala-d00-005117,Riyadh - Souq,Riyadh,Mineral Water Crate,FST-WTR-07,Beverages,1,15.0,15.0,9.0,card
2026-05-07,TX-B2_poor_baqala-d00-005118,Riyadh - Souq,Riyadh,Mineral Water Crate,FST-WTR-07,Beverages,1,15.0,15.0,9.0,card
2026-05-07,TX-B2_poor_baqala-d00-005119,Riyadh - Souq,Riyadh,Mineral Water Crate,FST-WTR-07,Beverages,1,15.0,15.0,9.0,card
2026-05-08,TX-B2_poor_baqala-d00-005120,Riyadh - Souq,Riyadh,Mineral Water Crate,FST-WTR-07,Beverages,1,15.0,15.0,9.0,mada
2026-05-08,TX-B2_poor_baqala-d00-005121,Riyadh - Souq,Riyadh,Mineral Water Crate,FST-WTR-07,Beverages,1,15.0,15.0,9.0,mada
2026-05-08,TX-B2_poor_baqala-d00-005122,Riyadh - Souq,Riyadh,Mineral Water Crate,FST-WTR-07,Beverages,1,15.0,15.0,9.0,mada
2026-05-08,TX-B2_poor_baqala-d00-005123,Riyadh - Souq,Riyadh,Mineral Water Crate,FST-WTR-07,Beverages,1,15.0,15.0,9.0,mada
2026-05-08,TX-B2_poor_baqala-d00-005124,Riyadh - Souq,Riyadh,Mineral Water Crate,FST-WTR-07,Beverages,1,15.0,15.0,9.0,cash
2026-05-08,TX-B2_poor_baqala-d00-005125,Riyadh - Souq,Riyadh,Mineral Water Crate,FST-WTR-07,Beverages,1,15.0,15.0,9.0,mada
2026-05-08,TX-B2_poor_baqala-d00-005126,Riyadh - Souq,Riyadh,Mineral Water Crate,FST-WTR-07,Beverages,1,15.0,15.0,9.0,card
2026-05-09,TX-B2_poor_baqala-d00-005127,Riyadh - Souq,Riyadh,Mineral Water Crate,FST-WTR-07,Beverages,1,15.0,15.0,9.0,mada
2026-05-09,TX-B2_poor_baqala-d00-005128,Riyadh - Souq,Riyadh,Mineral Water Crate,FST-WTR-07,Beverages,1,15.0,15.0,9.0,mada
2026-05-09,TX-B2_poor_baqala-d00-005129,Riyadh - Souq,Riyadh,Mineral Water Crate,FST-WTR-07,Beverages,1,15.0,15.0,9.0,cash
2026-05-09,TX-B2_poor_baqala-d00-005130,Riyadh - Souq,Riyadh,Mineral Water Crate,FST-WTR-07,Beverages,1,15.0,15.0,9.0,card
2026-05-09,TX-B2_poor_baqala-d00-005131,Riyadh - Souq,Riyadh,Mineral Water Crate,FST-WTR-07,Beverages,1,15.0,15.0,9.0,mada
2026-05-09,TX-B2_poor_baqala-d00-005132,Riyadh - Souq,Riyadh,Mineral Water Crate,FST-WTR-07,Beverages,1,15.0,15.0,9.0,mada
2026-05-09,TX-B2_poor_baqala-d00-005133,Riyadh - Souq,Riyadh,Mineral Water Crate,FST-WTR-07,Beverages,1,15.0,15.0,9.0,cash
2026-05-09,TX-B2_poor_baqala-d00-005134,Riyadh - Souq,Riyadh,Mineral Water Crate,FST-WTR-07,Beverages,1,15.0,15.0,9.0,mada
2026-05-09,TX-B2_poor_baqala-d00-005135,Riyadh - Souq,Riyadh,Mineral Water Crate,FST-WTR-07,Beverages,1,15.0,15.0,9.0,cash
2026-05-09,TX-B2_poor_baqala-d00-005136,Riyadh - Souq,Riyadh,Mineral Water Crate,FST-WTR-07,Beverages,1,15.0,15.0,9.0,cash
2026-05-09,TX-B2_poor_baqala-d00-005137,Riyadh - Souq,Riyadh,Mineral Water Crate,FST-WTR-07,Beverages,1,15.0,15.0,9.0,card
2026-05-09,TX-B2_poor_baqala-d00-005138,Riyadh - Souq,Riyadh,Mineral Water Crate,FST-WTR-07,Beverages,1,15.0,15.0,9.0,cash
2026-05-10,TX-B2_poor_baqala-d00-005139,Riyadh - Souq,Riyadh,Mineral Water Crate,FST-WTR-07,Beverages,1,15.0,15.0,9.0,cash
2026-05-10,TX-B2_poor_baqala-d00-005140,Riyadh - Souq,Riyadh,Mineral Water Crate,FST-WTR-07,Beverages,1,15.0,15.0,9.0,card
2026-05-10,TX-B2_poor_baqala-d00-005141,Riyadh - Souq,Riyadh,Mineral Water Crate,FST-WTR-07,Beverages,1,15.0,15.0,9.0,cash
2026-05-10,TX-B2_poor_baqala-d00-005142,Riyadh - Souq,Riyadh,Mineral Water Crate,FST-WTR-07,Beverages,1,15.0,15.0,9.0,mada
2026-05-10,TX-B2_poor_baqala-d00-005143,Riyadh - Souq,Riyadh,Mineral Water Crate,FST-WTR-07,Beverages,1,15.0,15.0,9.0,mada
2026-05-10,TX-B2_poor_baqala-d00-005144,Riyadh - Souq,Riyadh,Mineral Water Crate,FST-WTR-07,Beverages,1,15.0,15.0,9.0,mada
2026-05-10,TX-B2_poor_baqala-d00-005145,Riyadh - Souq,Riyadh,Mineral Water Crate,FST-WTR-07,Beverages,1,15.0,15.0,9.0,cash
2026-05-10,TX-B2_poor_baqala-d00-005146,Riyadh - Souq,Riyadh,Mineral Water Crate,FST-WTR-07,Beverages,1,15.0,15.0,9.0,mada
2026-05-10,TX-B2_poor_baqala-d00-005147,Riyadh - Souq,Riyadh,Mineral Water Crate,FST-WTR-07,Beverages,1,15.0,15.0,9.0,card
2026-05-10,TX-B2_poor_baqala-d00-005148,Riyadh - Souq,Riyadh,Mineral Water Crate,FST-WTR-07,Beverages,1,15.0,15.0,9.0,mada
2026-05-10,TX-B2_poor_baqala-d00-005149,Riyadh - Souq,Riyadh,Mineral Water Crate,FST-WTR-07,Beverages,1,15.0,15.0,9.0,mada
2026-05-10,TX-B2_poor_baqala-d00-005150,Riyadh - Souq,Riyadh,Mineral Water Crate,FST-WTR-07,Beverages,1,15.0,15.0,9.0,cash
2026-05-11,TX-B2_poor_baqala-d00-005151,Riyadh - Souq,Riyadh,Mineral Water Crate,FST-WTR-07,Beverages,1,15.0,15.0,9.0,mada
2026-05-11,TX-B2_poor_baqala-d00-005152,Riyadh - Souq,Riyadh,Mineral Water Crate,FST-WTR-07,Beverages,1,15.0,15.0,9.0,cash
2026-05-11,TX-B2_poor_baqala-d00-005153,Riyadh - Souq,Riyadh,Mineral Water Crate,FST-WTR-07,Beverages,1,15.0,15.0,9.0,card
2026-05-11,TX-B2_poor_baqala-d00-005154,Riyadh - Souq,Riyadh,Mineral Water Crate,FST-WTR-07,Beverages,1,15.0,15.0,9.0,mada
2026-05-11,TX-B2_poor_baqala-d00-005155,Riyadh - Souq,Riyadh,Mineral Water Crate,FST-WTR-07,Beverages,1,15.0,15.0,9.0,cash
2026-05-11,TX-B2_poor_baqala-d00-005156,Riyadh - Souq,Riyadh,Mineral Water Crate,FST-WTR-07,Beverages,1,15.0,15.0,9.0,card
2026-05-11,TX-B2_poor_baqala-d00-005157,Riyadh - Souq,Riyadh,Mineral Water Crate,FST-WTR-07,Beverages,1,15.0,15.0,9.0,cash
2026-05-11,TX-B2_poor_baqala-d00-005158,Riyadh - Souq,Riyadh,Mineral Water Crate,FST-WTR-07,Beverages,1,15.0,15.0,9.0,cash
2026-05-11,TX-B2_poor_baqala-d00-005159,Riyadh - Souq,Riyadh,Mineral Water Crate,FST-WTR-07,Beverages,1,15.0,15.0,9.0,card
2026-05-11,TX-B2_poor_baqala-d00-005160,Riyadh - Souq,Riyadh,Mineral Water Crate,FST-WTR-07,Beverages,1,15.0,15.0,9.0,cash
2026-05-11,TX-B2_poor_baqala-d00-005161,Riyadh - Souq,Riyadh,Mineral Water Crate,FST-WTR-07,Beverages,1,15.0,15.0,9.0,mada
2026-05-12,TX-B2_poor_baqala-d00-005162,Riyadh - Souq,Riyadh,Mineral Water Crate,FST-WTR-07,Beverages,1,15.0,15.0,9.0,cash
2026-05-12,TX-B2_poor_baqala-d00-005163,Riyadh - Souq,Riyadh,Mineral Water Crate,FST-WTR-07,Beverages,1,15.0,15.0,9.0,card
2026-05-12,TX-B2_poor_baqala-d00-005164,Riyadh - Souq,Riyadh,Mineral Water Crate,FST-WTR-07,Beverages,1,15.0,15.0,9.0,mada
2026-05-12,TX-B2_poor_baqala-d00-005165,Riyadh - Souq,Riyadh,Mineral Water Crate,FST-WTR-07,Beverages,1,15.0,15.0,9.0,mada
2026-05-12,TX-B2_poor_baqala-d00-005166,Riyadh - Souq,Riyadh,Mineral Water Crate,FST-WTR-07,Beverages,1,15.0,15.0,9.0,mada
2026-05-12,TX-B2_poor_baqala-d00-005167,Riyadh - Souq,Riyadh,Mineral Water Crate,FST-WTR-07,Beverages,1,15.0,15.0,9.0,cash
2026-05-12,TX-B2_poor_baqala-d00-005168,Riyadh - Souq,Riyadh,Mineral Water Crate,FST-WTR-07,Beverages,1,15.0,15.0,9.0,card
2026-05-12,TX-B2_poor_baqala-d00-005169,Riyadh - Souq,Riyadh,Mineral Water Crate,FST-WTR-07,Beverages,1,15.0,15.0,9.0,cash
2026-05-12,TX-B2_poor_baqala-d00-005170,Riyadh - Souq,Riyadh,Mineral Water Crate,FST-WTR-07,Beverages,1,15.0,15.0,9.0,card
2026-05-12,TX-B2_poor_baqala-d00-005171,Riyadh - Souq,Riyadh,Mineral Water Crate,FST-WTR-07,Beverages,1,15.0,15.0,9.0,cash
2026-05-13,TX-B2_poor_baqala-d00-005172,Riyadh - Souq,Riyadh,Mineral Water Crate,FST-WTR-07,Beverages,1,15.0,15.0,9.0,mada
2026-05-13,TX-B2_poor_baqala-d00-005173,Riyadh - Souq,Riyadh,Mineral Water Crate,FST-WTR-07,Beverages,1,15.0,15.0,9.0,card
2026-05-13,TX-B2_poor_baqala-d00-005174,Riyadh - Souq,Riyadh,Mineral Water Crate,FST-WTR-07,Beverages,1,15.0,15.0,9.0,card
2026-05-13,TX-B2_poor_baqala-d00-005175,Riyadh - Souq,Riyadh,Mineral Water Crate,FST-WTR-07,Beverages,1,15.0,15.0,9.0,mada
2026-05-13,TX-B2_poor_baqala-d00-005176,Riyadh - Souq,Riyadh,Mineral Water Crate,FST-WTR-07,Beverages,1,15.0,15.0,9.0,cash
2026-05-13,TX-B2_poor_baqala-d00-005177,Riyadh - Souq,Riyadh,Mineral Water Crate,FST-WTR-07,Beverages,1,15.0,15.0,9.0,card
2026-05-13,TX-B2_poor_baqala-d00-005178,Riyadh - Souq,Riyadh,Mineral Water Crate,FST-WTR-07,Beverages,1,15.0,15.0,9.0,card
2026-05-13,TX-B2_poor_baqala-d00-005179,Riyadh - Souq,Riyadh,Mineral Water Crate,FST-WTR-07,Beverages,1,15.0,15.0,9.0,mada
2026-05-13,TX-B2_poor_baqala-d00-005180,Riyadh - Souq,Riyadh,Mineral Water Crate,FST-WTR-07,Beverages,1,15.0,15.0,9.0,cash
2026-05-13,TX-B2_poor_baqala-d00-005181,Riyadh - Souq,Riyadh,Mineral Water Crate,FST-WTR-07,Beverages,1,15.0,15.0,9.0,cash
2026-05-13,TX-B2_poor_baqala-d00-005182,Riyadh - Souq,Riyadh,Mineral Water Crate,FST-WTR-07,Beverages,1,15.0,15.0,9.0,card
2026-05-13,TX-B2_poor_baqala-d00-005183,Riyadh - Souq,Riyadh,Mineral Water Crate,FST-WTR-07,Beverages,1,15.0,15.0,9.0,card
2026-05-14,TX-B2_poor_baqala-d00-005184,Riyadh - Souq,Riyadh,Mineral Water Crate,FST-WTR-07,Beverages,1,15.0,15.0,9.0,card
2026-05-14,TX-B2_poor_baqala-d00-005185,Riyadh - Souq,Riyadh,Mineral Water Crate,FST-WTR-07,Beverages,1,15.0,15.0,9.0,mada
2026-05-14,TX-B2_poor_baqala-d00-005186,Riyadh - Souq,Riyadh,Mineral Water Crate,FST-WTR-07,Beverages,1,15.0,15.0,9.0,card
2026-05-14,TX-B2_poor_baqala-d00-005187,Riyadh - Souq,Riyadh,Mineral Water Crate,FST-WTR-07,Beverages,1,15.0,15.0,9.0,cash
2026-05-14,TX-B2_poor_baqala-d00-005188,Riyadh - Souq,Riyadh,Mineral Water Crate,FST-WTR-07,Beverages,1,15.0,15.0,9.0,cash
2026-05-14,TX-B2_poor_baqala-d00-005189,Riyadh - Souq,Riyadh,Mineral Water Crate,FST-WTR-07,Beverages,1,15.0,15.0,9.0,cash
2026-05-14,TX-B2_poor_baqala-d00-005190,Riyadh - Souq,Riyadh,Mineral Water Crate,FST-WTR-07,Beverages,1,15.0,15.0,9.0,cash
2026-05-14,TX-B2_poor_baqala-d00-005191,Riyadh - Souq,Riyadh,Mineral Water Crate,FST-WTR-07,Beverages,1,15.0,15.0,9.0,mada
2026-05-14,TX-B2_poor_baqala-d00-005192,Riyadh - Souq,Riyadh,Mineral Water Crate,FST-WTR-07,Beverages,1,15.0,15.0,9.0,card
2026-05-14,TX-B2_poor_baqala-d00-005193,Riyadh - Souq,Riyadh,Mineral Water Crate,FST-WTR-07,Beverages,1,15.0,15.0,9.0,cash
2026-05-14,TX-B2_poor_baqala-d00-005194,Riyadh - Souq,Riyadh,Mineral Water Crate,FST-WTR-07,Beverages,1,15.0,15.0,9.0,card
2026-05-14,TX-B2_poor_baqala-d00-005195,Riyadh - Souq,Riyadh,Mineral Water Crate,FST-WTR-07,Beverages,1,15.0,15.0,9.0,mada
2026-05-14,TX-B2_poor_baqala-d00-005196,Riyadh - Souq,Riyadh,Mineral Water Crate,FST-WTR-07,Beverages,1,15.0,15.0,9.0,cash
2026-05-14,TX-B2_poor_baqala-d00-005197,Riyadh - Souq,Riyadh,Mineral Water Crate,FST-WTR-07,Beverages,1,15.0,15.0,9.0,card
2026-05-14,TX-B2_poor_baqala-d00-005198,Riyadh - Souq,Riyadh,Mineral Water Crate,FST-WTR-07,Beverages,1,15.0,15.0,9.0,mada
2026-05-15,TX-B2_poor_baqala-d00-005199,Riyadh - Souq,Riyadh,Mineral Water Crate,FST-WTR-07,Beverages,1,15.0,15.0,9.0,card
2026-05-15,TX-B2_poor_baqala-d00-005200,Riyadh - Souq,Riyadh,Mineral Water Crate,FST-WTR-07,Beverages,1,15.0,15.0,9.0,card
2026-05-15,TX-B2_poor_baqala-d00-005201,Riyadh - Souq,Riyadh,Mineral Water Crate,FST-WTR-07,Beverages,1,15.0,15.0,9.0,card
2026-05-15,TX-B2_poor_baqala-d00-005202,Riyadh - Souq,Riyadh,Mineral Water Crate,FST-WTR-07,Beverages,1,15.0,15.0,9.0,mada
2026-05-15,TX-B2_poor_baqala-d00-005203,Riyadh - Souq,Riyadh,Mineral Water Crate,FST-WTR-07,Beverages,1,15.0,15.0,9.0,mada
2026-05-15,TX-B2_poor_baqala-d00-005204,Riyadh - Souq,Riyadh,Mineral Water Crate,FST-WTR-07,Beverages,1,15.0,15.0,9.0,cash
2026-05-15,TX-B2_poor_baqala-d00-005205,Riyadh - Souq,Riyadh,Mineral Water Crate,FST-WTR-07,Beverages,1,15.0,15.0,9.0,card
2026-05-15,TX-B2_poor_baqala-d00-005206,Riyadh - Souq,Riyadh,Mineral Water Crate,FST-WTR-07,Beverages,1,15.0,15.0,9.0,card
2026-05-15,TX-B2_poor_baqala-d00-005207,Riyadh - Souq,Riyadh,Mineral Water Crate,FST-WTR-07,Beverages,1,15.0,15.0,9.0,cash
2026-05-15,TX-B2_poor_baqala-d00-005208,Riyadh - Souq,Riyadh,Mineral Water Crate,FST-WTR-07,Beverages,1,15.0,15.0,9.0,card
2026-05-15,TX-B2_poor_baqala-d00-005209,Riyadh - Souq,Riyadh,Mineral Water Crate,FST-WTR-07,Beverages,1,15.0,15.0,9.0,cash
2026-05-15,TX-B2_poor_baqala-d00-005210,Riyadh - Souq,Riyadh,Mineral Water Crate,FST-WTR-07,Beverages,1,15.0,15.0,9.0,card
2026-05-15,TX-B2_poor_baqala-d00-005211,Riyadh - Souq,Riyadh,Mineral Water Crate,FST-WTR-07,Beverages,1,15.0,15.0,9.0,cash
2026-05-15,TX-B2_poor_baqala-d00-005212,Riyadh - Souq,Riyadh,Mineral Water Crate,FST-WTR-07,Beverages,1,15.0,15.0,9.0,card
2026-05-15,TX-B2_poor_baqala-d00-005213,Riyadh - Souq,Riyadh,Mineral Water Crate,FST-WTR-07,Beverages,1,15.0,15.0,9.0,cash
2026-05-16,TX-B2_poor_baqala-d00-005214,Riyadh - Souq,Riyadh,Mineral Water Crate,FST-WTR-07,Beverages,1,15.0,15.0,9.0,card
2026-05-16,TX-B2_poor_baqala-d00-005215,Riyadh - Souq,Riyadh,Mineral Water Crate,FST-WTR-07,Beverages,1,15.0,15.0,9.0,cash
2026-05-16,TX-B2_poor_baqala-d00-005216,Riyadh - Souq,Riyadh,Mineral Water Crate,FST-WTR-07,Beverages,1,15.0,15.0,9.0,cash
2026-05-16,TX-B2_poor_baqala-d00-005217,Riyadh - Souq,Riyadh,Mineral Water Crate,FST-WTR-07,Beverages,1,15.0,15.0,9.0,mada
2026-05-16,TX-B2_poor_baqala-d00-005218,Riyadh - Souq,Riyadh,Mineral Water Crate,FST-WTR-07,Beverages,1,15.0,15.0,9.0,card
2026-05-16,TX-B2_poor_baqala-d00-005219,Riyadh - Souq,Riyadh,Mineral Water Crate,FST-WTR-07,Beverages,1,15.0,15.0,9.0,card
2026-05-16,TX-B2_poor_baqala-d00-005220,Riyadh - Souq,Riyadh,Mineral Water Crate,FST-WTR-07,Beverages,1,15.0,15.0,9.0,mada
2026-05-16,TX-B2_poor_baqala-d00-005221,Riyadh - Souq,Riyadh,Mineral Water Crate,FST-WTR-07,Beverages,1,15.0,15.0,9.0,mada
2026-05-16,TX-B2_poor_baqala-d00-005222,Riyadh - Souq,Riyadh,Mineral Water Crate,FST-WTR-07,Beverages,1,15.0,15.0,9.0,card
2026-05-16,TX-B2_poor_baqala-d00-005223,Riyadh - Souq,Riyadh,Mineral Water Crate,FST-WTR-07,Beverages,1,15.0,15.0,9.0,cash
2026-05-16,TX-B2_poor_baqala-d00-005224,Riyadh - Souq,Riyadh,Mineral Water Crate,FST-WTR-07,Beverages,1,15.0,15.0,9.0,card
2026-05-16,TX-B2_poor_baqala-d00-005225,Riyadh - Souq,Riyadh,Mineral Water Crate,FST-WTR-07,Beverages,1,15.0,15.0,9.0,card
2026-05-16,TX-B2_poor_baqala-d00-005226,Riyadh - Souq,Riyadh,Mineral Water Crate,FST-WTR-07,Beverages,1,15.0,15.0,9.0,card
2026-05-17,TX-B2_poor_baqala-d00-005227,Riyadh - Souq,Riyadh,Mineral Water Crate,FST-WTR-07,Beverages,1,15.0,15.0,9.0,card
2026-05-17,TX-B2_poor_baqala-d00-005228,Riyadh - Souq,Riyadh,Mineral Water Crate,FST-WTR-07,Beverages,1,15.0,15.0,9.0,card
2026-05-17,TX-B2_poor_baqala-d00-005229,Riyadh - Souq,Riyadh,Mineral Water Crate,FST-WTR-07,Beverages,1,15.0,15.0,9.0,mada
2026-05-17,TX-B2_poor_baqala-d00-005230,Riyadh - Souq,Riyadh,Mineral Water Crate,FST-WTR-07,Beverages,1,15.0,15.0,9.0,card
2026-05-17,TX-B2_poor_baqala-d00-005231,Riyadh - Souq,Riyadh,Mineral Water Crate,FST-WTR-07,Beverages,1,15.0,15.0,9.0,card
2026-05-17,TX-B2_poor_baqala-d00-005232,Riyadh - Souq,Riyadh,Mineral Water Crate,FST-WTR-07,Beverages,1,15.0,15.0,9.0,card
2026-05-17,TX-B2_poor_baqala-d00-005233,Riyadh - Souq,Riyadh,Mineral Water Crate,FST-WTR-07,Beverages,1,15.0,15.0,9.0,mada
2026-05-17,TX-B2_poor_baqala-d00-005234,Riyadh - Souq,Riyadh,Mineral Water Crate,FST-WTR-07,Beverages,1,15.0,15.0,9.0,card
2026-05-17,TX-B2_poor_baqala-d00-005235,Riyadh - Souq,Riyadh,Mineral Water Crate,FST-WTR-07,Beverages,1,15.0,15.0,9.0,mada
2026-05-18,TX-B2_poor_baqala-d00-005236,Riyadh - Souq,Riyadh,Mineral Water Crate,FST-WTR-07,Beverages,1,15.0,15.0,9.0,mada
2026-05-18,TX-B2_poor_baqala-d00-005237,Riyadh - Souq,Riyadh,Mineral Water Crate,FST-WTR-07,Beverages,1,15.0,15.0,9.0,cash
2026-05-18,TX-B2_poor_baqala-d00-005238,Riyadh - Souq,Riyadh,Mineral Water Crate,FST-WTR-07,Beverages,1,15.0,15.0,9.0,mada
2026-05-18,TX-B2_poor_baqala-d00-005239,Riyadh - Souq,Riyadh,Mineral Water Crate,FST-WTR-07,Beverages,1,15.0,15.0,9.0,card
2026-05-18,TX-B2_poor_baqala-d00-005240,Riyadh - Souq,Riyadh,Mineral Water Crate,FST-WTR-07,Beverages,1,15.0,15.0,9.0,mada
2026-05-18,TX-B2_poor_baqala-d00-005241,Riyadh - Souq,Riyadh,Mineral Water Crate,FST-WTR-07,Beverages,1,15.0,15.0,9.0,cash
2026-05-18,TX-B2_poor_baqala-d00-005242,Riyadh - Souq,Riyadh,Mineral Water Crate,FST-WTR-07,Beverages,1,15.0,15.0,9.0,card
2026-05-19,TX-B2_poor_baqala-d00-005243,Riyadh - Souq,Riyadh,Mineral Water Crate,FST-WTR-07,Beverages,1,15.0,15.0,9.0,cash
2026-05-19,TX-B2_poor_baqala-d00-005244,Riyadh - Souq,Riyadh,Mineral Water Crate,FST-WTR-07,Beverages,1,15.0,15.0,9.0,card
2026-05-19,TX-B2_poor_baqala-d00-005245,Riyadh - Souq,Riyadh,Mineral Water Crate,FST-WTR-07,Beverages,1,15.0,15.0,9.0,card
2026-05-19,TX-B2_poor_baqala-d00-005246,Riyadh - Souq,Riyadh,Mineral Water Crate,FST-WTR-07,Beverages,1,15.0,15.0,9.0,mada
2026-05-19,TX-B2_poor_baqala-d00-005247,Riyadh - Souq,Riyadh,Mineral Water Crate,FST-WTR-07,Beverages,1,15.0,15.0,9.0,cash
2026-05-19,TX-B2_poor_baqala-d00-005248,Riyadh - Souq,Riyadh,Mineral Water Crate,FST-WTR-07,Beverages,1,15.0,15.0,9.0,mada
2026-05-20,TX-B2_poor_baqala-d00-005249,Riyadh - Souq,Riyadh,Mineral Water Crate,FST-WTR-07,Beverages,1,15.0,15.0,9.0,mada
2026-05-20,TX-B2_poor_baqala-d00-005250,Riyadh - Souq,Riyadh,Mineral Water Crate,FST-WTR-07,Beverages,1,15.0,15.0,9.0,cash
2026-05-20,TX-B2_poor_baqala-d00-005251,Riyadh - Souq,Riyadh,Mineral Water Crate,FST-WTR-07,Beverages,1,15.0,15.0,9.0,card
2026-05-20,TX-B2_poor_baqala-d00-005252,Riyadh - Souq,Riyadh,Mineral Water Crate,FST-WTR-07,Beverages,1,15.0,15.0,9.0,cash
2026-05-20,TX-B2_poor_baqala-d00-005253,Riyadh - Souq,Riyadh,Mineral Water Crate,FST-WTR-07,Beverages,1,15.0,15.0,9.0,cash
2026-05-20,TX-B2_poor_baqala-d00-005254,Riyadh - Souq,Riyadh,Mineral Water Crate,FST-WTR-07,Beverages,1,15.0,15.0,9.0,card
2026-05-21,TX-B2_poor_baqala-d00-005255,Riyadh - Souq,Riyadh,Mineral Water Crate,FST-WTR-07,Beverages,1,15.0,15.0,9.0,card
2026-05-21,TX-B2_poor_baqala-d00-005256,Riyadh - Souq,Riyadh,Mineral Water Crate,FST-WTR-07,Beverages,1,15.0,15.0,9.0,mada
2026-05-21,TX-B2_poor_baqala-d00-005257,Riyadh - Souq,Riyadh,Mineral Water Crate,FST-WTR-07,Beverages,1,15.0,15.0,9.0,cash
2026-05-21,TX-B2_poor_baqala-d00-005258,Riyadh - Souq,Riyadh,Mineral Water Crate,FST-WTR-07,Beverages,1,15.0,15.0,9.0,card
2026-05-21,TX-B2_poor_baqala-d00-005259,Riyadh - Souq,Riyadh,Mineral Water Crate,FST-WTR-07,Beverages,1,15.0,15.0,9.0,mada
2026-05-21,TX-B2_poor_baqala-d00-005260,Riyadh - Souq,Riyadh,Mineral Water Crate,FST-WTR-07,Beverages,1,15.0,15.0,9.0,cash
2026-05-21,TX-B2_poor_baqala-d00-005261,Riyadh - Souq,Riyadh,Mineral Water Crate,FST-WTR-07,Beverages,1,15.0,15.0,9.0,cash
2026-05-21,TX-B2_poor_baqala-d00-005262,Riyadh - Souq,Riyadh,Mineral Water Crate,FST-WTR-07,Beverages,1,15.0,15.0,9.0,cash
2026-05-22,TX-B2_poor_baqala-d00-005263,Riyadh - Souq,Riyadh,Mineral Water Crate,FST-WTR-07,Beverages,1,15.0,15.0,9.0,card
2026-05-22,TX-B2_poor_baqala-d00-005264,Riyadh - Souq,Riyadh,Mineral Water Crate,FST-WTR-07,Beverages,1,15.0,15.0,9.0,mada
2026-05-22,TX-B2_poor_baqala-d00-005265,Riyadh - Souq,Riyadh,Mineral Water Crate,FST-WTR-07,Beverages,1,15.0,15.0,9.0,cash
2026-05-22,TX-B2_poor_baqala-d00-005266,Riyadh - Souq,Riyadh,Mineral Water Crate,FST-WTR-07,Beverages,1,15.0,15.0,9.0,mada
2026-05-22,TX-B2_poor_baqala-d00-005267,Riyadh - Souq,Riyadh,Mineral Water Crate,FST-WTR-07,Beverages,1,15.0,15.0,9.0,mada
2026-05-22,TX-B2_poor_baqala-d00-005268,Riyadh - Souq,Riyadh,Mineral Water Crate,FST-WTR-07,Beverages,1,15.0,15.0,9.0,cash
2026-05-22,TX-B2_poor_baqala-d00-005269,Riyadh - Souq,Riyadh,Mineral Water Crate,FST-WTR-07,Beverages,1,15.0,15.0,9.0,mada
2026-05-22,TX-B2_poor_baqala-d00-005270,Riyadh - Souq,Riyadh,Mineral Water Crate,FST-WTR-07,Beverages,1,15.0,15.0,9.0,card
2026-05-22,TX-B2_poor_baqala-d00-005271,Riyadh - Souq,Riyadh,Mineral Water Crate,FST-WTR-07,Beverages,1,15.0,15.0,9.0,cash
2026-05-22,TX-B2_poor_baqala-d00-005272,Riyadh - Souq,Riyadh,Mineral Water Crate,FST-WTR-07,Beverages,1,15.0,15.0,9.0,card
2026-05-23,TX-B2_poor_baqala-d00-005273,Riyadh - Souq,Riyadh,Mineral Water Crate,FST-WTR-07,Beverages,1,15.0,15.0,9.0,cash
2026-05-23,TX-B2_poor_baqala-d00-005274,Riyadh - Souq,Riyadh,Mineral Water Crate,FST-WTR-07,Beverages,1,15.0,15.0,9.0,mada
2026-05-23,TX-B2_poor_baqala-d00-005275,Riyadh - Souq,Riyadh,Mineral Water Crate,FST-WTR-07,Beverages,1,15.0,15.0,9.0,mada
2026-05-23,TX-B2_poor_baqala-d00-005276,Riyadh - Souq,Riyadh,Mineral Water Crate,FST-WTR-07,Beverages,1,15.0,15.0,9.0,cash
2026-05-23,TX-B2_poor_baqala-d00-005277,Riyadh - Souq,Riyadh,Mineral Water Crate,FST-WTR-07,Beverages,1,15.0,15.0,9.0,cash
2026-05-23,TX-B2_poor_baqala-d00-005278,Riyadh - Souq,Riyadh,Mineral Water Crate,FST-WTR-07,Beverages,1,15.0,15.0,9.0,cash
2026-05-23,TX-B2_poor_baqala-d00-005279,Riyadh - Souq,Riyadh,Mineral Water Crate,FST-WTR-07,Beverages,1,15.0,15.0,9.0,card
2026-05-24,TX-B2_poor_baqala-d00-005280,Riyadh - Souq,Riyadh,Mineral Water Crate,FST-WTR-07,Beverages,1,15.0,15.0,9.0,mada
2026-05-24,TX-B2_poor_baqala-d00-005281,Riyadh - Souq,Riyadh,Mineral Water Crate,FST-WTR-07,Beverages,1,15.0,15.0,9.0,mada
2026-05-24,TX-B2_poor_baqala-d00-005282,Riyadh - Souq,Riyadh,Mineral Water Crate,FST-WTR-07,Beverages,1,15.0,15.0,9.0,cash
2026-05-24,TX-B2_poor_baqala-d00-005283,Riyadh - Souq,Riyadh,Mineral Water Crate,FST-WTR-07,Beverages,1,15.0,15.0,9.0,cash
2026-05-24,TX-B2_poor_baqala-d00-005284,Riyadh - Souq,Riyadh,Mineral Water Crate,FST-WTR-07,Beverages,1,15.0,15.0,9.0,mada
2026-05-24,TX-B2_poor_baqala-d00-005285,Riyadh - Souq,Riyadh,Mineral Water Crate,FST-WTR-07,Beverages,1,15.0,15.0,9.0,card
2026-05-24,TX-B2_poor_baqala-d00-005286,Riyadh - Souq,Riyadh,Mineral Water Crate,FST-WTR-07,Beverages,1,15.0,15.0,9.0,card
2026-05-24,TX-B2_poor_baqala-d00-005287,Riyadh - Souq,Riyadh,Mineral Water Crate,FST-WTR-07,Beverages,1,15.0,15.0,9.0,card
2026-05-24,TX-B2_poor_baqala-d00-005288,Riyadh - Souq,Riyadh,Mineral Water Crate,FST-WTR-07,Beverages,1,15.0,15.0,9.0,cash
2026-05-25,TX-B2_poor_baqala-d00-005289,Riyadh - Souq,Riyadh,Mineral Water Crate,FST-WTR-07,Beverages,1,15.0,15.0,9.0,card
2026-05-25,TX-B2_poor_baqala-d00-005290,Riyadh - Souq,Riyadh,Mineral Water Crate,FST-WTR-07,Beverages,1,15.0,15.0,9.0,cash
2026-05-25,TX-B2_poor_baqala-d00-005291,Riyadh - Souq,Riyadh,Mineral Water Crate,FST-WTR-07,Beverages,1,15.0,15.0,9.0,card
2026-05-25,TX-B2_poor_baqala-d00-005292,Riyadh - Souq,Riyadh,Mineral Water Crate,FST-WTR-07,Beverages,1,15.0,15.0,9.0,mada
2026-05-25,TX-B2_poor_baqala-d00-005293,Riyadh - Souq,Riyadh,Mineral Water Crate,FST-WTR-07,Beverages,1,15.0,15.0,9.0,card
2026-05-25,TX-B2_poor_baqala-d00-005294,Riyadh - Souq,Riyadh,Mineral Water Crate,FST-WTR-07,Beverages,1,15.0,15.0,9.0,cash
2026-05-25,TX-B2_poor_baqala-d00-005295,Riyadh - Souq,Riyadh,Mineral Water Crate,FST-WTR-07,Beverages,1,15.0,15.0,9.0,mada
2026-05-25,TX-B2_poor_baqala-d00-005296,Riyadh - Souq,Riyadh,Mineral Water Crate,FST-WTR-07,Beverages,1,15.0,15.0,9.0,mada
2026-05-25,TX-B2_poor_baqala-d00-005297,Riyadh - Souq,Riyadh,Mineral Water Crate,FST-WTR-07,Beverages,1,15.0,15.0,9.0,mada
2026-05-26,TX-B2_poor_baqala-d00-005298,Riyadh - Souq,Riyadh,Mineral Water Crate,FST-WTR-07,Beverages,1,15.0,15.0,9.0,card
2026-05-26,TX-B2_poor_baqala-d00-005299,Riyadh - Souq,Riyadh,Mineral Water Crate,FST-WTR-07,Beverages,1,15.0,15.0,9.0,mada
2026-05-26,TX-B2_poor_baqala-d00-005300,Riyadh - Souq,Riyadh,Mineral Water Crate,FST-WTR-07,Beverages,1,15.0,15.0,9.0,cash
2026-05-26,TX-B2_poor_baqala-d00-005301,Riyadh - Souq,Riyadh,Mineral Water Crate,FST-WTR-07,Beverages,1,15.0,15.0,9.0,mada
2026-05-26,TX-B2_poor_baqala-d00-005302,Riyadh - Souq,Riyadh,Mineral Water Crate,FST-WTR-07,Beverages,1,15.0,15.0,9.0,cash
2026-05-26,TX-B2_poor_baqala-d00-005303,Riyadh - Souq,Riyadh,Mineral Water Crate,FST-WTR-07,Beverages,1,15.0,15.0,9.0,cash
2026-05-26,TX-B2_poor_baqala-d00-005304,Riyadh - Souq,Riyadh,Mineral Water Crate,FST-WTR-07,Beverages,1,15.0,15.0,9.0,mada
2026-05-26,TX-B2_poor_baqala-d00-005305,Riyadh - Souq,Riyadh,Mineral Water Crate,FST-WTR-07,Beverages,1,15.0,15.0,9.0,mada
2026-05-26,TX-B2_poor_baqala-d00-005306,Riyadh - Souq,Riyadh,Mineral Water Crate,FST-WTR-07,Beverages,1,15.0,15.0,9.0,mada
2026-05-26,TX-B2_poor_baqala-d00-005307,Riyadh - Souq,Riyadh,Mineral Water Crate,FST-WTR-07,Beverages,1,15.0,15.0,9.0,card
2026-05-27,TX-B2_poor_baqala-d00-005308,Riyadh - Souq,Riyadh,Mineral Water Crate,FST-WTR-07,Beverages,1,15.0,15.0,9.0,cash
2026-05-27,TX-B2_poor_baqala-d00-005309,Riyadh - Souq,Riyadh,Mineral Water Crate,FST-WTR-07,Beverages,1,15.0,15.0,9.0,cash
2026-05-27,TX-B2_poor_baqala-d00-005310,Riyadh - Souq,Riyadh,Mineral Water Crate,FST-WTR-07,Beverages,1,15.0,15.0,9.0,mada
2026-05-27,TX-B2_poor_baqala-d00-005311,Riyadh - Souq,Riyadh,Mineral Water Crate,FST-WTR-07,Beverages,1,15.0,15.0,9.0,card
2026-05-27,TX-B2_poor_baqala-d00-005312,Riyadh - Souq,Riyadh,Mineral Water Crate,FST-WTR-07,Beverages,1,15.0,15.0,9.0,mada
2026-05-27,TX-B2_poor_baqala-d00-005313,Riyadh - Souq,Riyadh,Mineral Water Crate,FST-WTR-07,Beverages,1,15.0,15.0,9.0,card
2026-05-27,TX-B2_poor_baqala-d00-005314,Riyadh - Souq,Riyadh,Mineral Water Crate,FST-WTR-07,Beverages,1,15.0,15.0,9.0,cash
2026-05-27,TX-B2_poor_baqala-d00-005315,Riyadh - Souq,Riyadh,Mineral Water Crate,FST-WTR-07,Beverages,1,15.0,15.0,9.0,cash
2026-05-27,TX-B2_poor_baqala-d00-005316,Riyadh - Souq,Riyadh,Mineral Water Crate,FST-WTR-07,Beverages,1,15.0,15.0,9.0,mada
2026-05-27,TX-B2_poor_baqala-d00-005317,Riyadh - Souq,Riyadh,Mineral Water Crate,FST-WTR-07,Beverages,1,15.0,15.0,9.0,cash
2026-05-27,TX-B2_poor_baqala-d00-005318,Riyadh - Souq,Riyadh,Mineral Water Crate,FST-WTR-07,Beverages,1,15.0,15.0,9.0,cash
2026-05-28,TX-B2_poor_baqala-d00-005319,Riyadh - Souq,Riyadh,Mineral Water Crate,FST-WTR-07,Beverages,1,15.0,15.0,9.0,cash
2026-05-28,TX-B2_poor_baqala-d00-005320,Riyadh - Souq,Riyadh,Mineral Water Crate,FST-WTR-07,Beverages,1,15.0,15.0,9.0,cash
2026-05-28,TX-B2_poor_baqala-d00-005321,Riyadh - Souq,Riyadh,Mineral Water Crate,FST-WTR-07,Beverages,1,15.0,15.0,9.0,mada
2026-05-28,TX-B2_poor_baqala-d00-005322,Riyadh - Souq,Riyadh,Mineral Water Crate,FST-WTR-07,Beverages,1,15.0,15.0,9.0,mada
2026-05-28,TX-B2_poor_baqala-d00-005323,Riyadh - Souq,Riyadh,Mineral Water Crate,FST-WTR-07,Beverages,1,15.0,15.0,9.0,cash
2026-05-28,TX-B2_poor_baqala-d00-005324,Riyadh - Souq,Riyadh,Mineral Water Crate,FST-WTR-07,Beverages,1,15.0,15.0,9.0,card
2026-05-28,TX-B2_poor_baqala-d00-005325,Riyadh - Souq,Riyadh,Mineral Water Crate,FST-WTR-07,Beverages,1,15.0,15.0,9.0,cash
2026-05-28,TX-B2_poor_baqala-d00-005326,Riyadh - Souq,Riyadh,Mineral Water Crate,FST-WTR-07,Beverages,1,15.0,15.0,9.0,card
2026-05-28,TX-B2_poor_baqala-d00-005327,Riyadh - Souq,Riyadh,Mineral Water Crate,FST-WTR-07,Beverages,1,15.0,15.0,9.0,mada
2026-05-28,TX-B2_poor_baqala-d00-005328,Riyadh - Souq,Riyadh,Mineral Water Crate,FST-WTR-07,Beverages,1,15.0,15.0,9.0,card
2026-05-29,TX-B2_poor_baqala-d00-005329,Riyadh - Souq,Riyadh,Mineral Water Crate,FST-WTR-07,Beverages,1,15.0,15.0,9.0,card
2026-05-29,TX-B2_poor_baqala-d00-005330,Riyadh - Souq,Riyadh,Mineral Water Crate,FST-WTR-07,Beverages,1,15.0,15.0,9.0,card
2026-05-29,TX-B2_poor_baqala-d00-005331,Riyadh - Souq,Riyadh,Mineral Water Crate,FST-WTR-07,Beverages,1,15.0,15.0,9.0,card
2026-05-29,TX-B2_poor_baqala-d00-005332,Riyadh - Souq,Riyadh,Mineral Water Crate,FST-WTR-07,Beverages,1,15.0,15.0,9.0,card
2026-05-29,TX-B2_poor_baqala-d00-005333,Riyadh - Souq,Riyadh,Mineral Water Crate,FST-WTR-07,Beverages,1,15.0,15.0,9.0,card
2026-05-29,TX-B2_poor_baqala-d00-005334,Riyadh - Souq,Riyadh,Mineral Water Crate,FST-WTR-07,Beverages,1,15.0,15.0,9.0,card
2026-05-29,TX-B2_poor_baqala-d00-005335,Riyadh - Souq,Riyadh,Mineral Water Crate,FST-WTR-07,Beverages,1,15.0,15.0,9.0,card
2026-05-29,TX-B2_poor_baqala-d00-005336,Riyadh - Souq,Riyadh,Mineral Water Crate,FST-WTR-07,Beverages,1,15.0,15.0,9.0,cash
2026-05-29,TX-B2_poor_baqala-d00-005337,Riyadh - Souq,Riyadh,Mineral Water Crate,FST-WTR-07,Beverages,1,15.0,15.0,9.0,mada
2026-05-29,TX-B2_poor_baqala-d00-005338,Riyadh - Souq,Riyadh,Mineral Water Crate,FST-WTR-07,Beverages,1,15.0,15.0,9.0,cash
2026-05-29,TX-B2_poor_baqala-d00-005339,Riyadh - Souq,Riyadh,Mineral Water Crate,FST-WTR-07,Beverages,1,15.0,15.0,9.0,mada
2026-05-30,TX-B2_poor_baqala-d00-005340,Riyadh - Souq,Riyadh,Mineral Water Crate,FST-WTR-07,Beverages,1,15.0,15.0,9.0,cash
2026-05-30,TX-B2_poor_baqala-d00-005341,Riyadh - Souq,Riyadh,Mineral Water Crate,FST-WTR-07,Beverages,1,15.0,15.0,9.0,cash
2026-05-30,TX-B2_poor_baqala-d00-005342,Riyadh - Souq,Riyadh,Mineral Water Crate,FST-WTR-07,Beverages,1,15.0,15.0,9.0,cash
2026-05-30,TX-B2_poor_baqala-d00-005343,Riyadh - Souq,Riyadh,Mineral Water Crate,FST-WTR-07,Beverages,1,15.0,15.0,9.0,mada
2026-05-30,TX-B2_poor_baqala-d00-005344,Riyadh - Souq,Riyadh,Mineral Water Crate,FST-WTR-07,Beverages,1,15.0,15.0,9.0,cash
2026-05-30,TX-B2_poor_baqala-d00-005345,Riyadh - Souq,Riyadh,Mineral Water Crate,FST-WTR-07,Beverages,1,15.0,15.0,9.0,card
2026-05-30,TX-B2_poor_baqala-d00-005346,Riyadh - Souq,Riyadh,Mineral Water Crate,FST-WTR-07,Beverages,1,15.0,15.0,9.0,card
2026-05-30,TX-B2_poor_baqala-d00-005347,Riyadh - Souq,Riyadh,Mineral Water Crate,FST-WTR-07,Beverages,1,15.0,15.0,9.0,mada
2026-05-30,TX-B2_poor_baqala-d00-005348,Riyadh - Souq,Riyadh,Mineral Water Crate,FST-WTR-07,Beverages,1,15.0,15.0,9.0,mada
2026-05-30,TX-B2_poor_baqala-d00-005349,Riyadh - Souq,Riyadh,Mineral Water Crate,FST-WTR-07,Beverages,1,15.0,15.0,9.0,cash
2026-05-30,TX-B2_poor_baqala-d00-005350,Riyadh - Souq,Riyadh,Mineral Water Crate,FST-WTR-07,Beverages,1,15.0,15.0,9.0,cash
2026-05-30,TX-B2_poor_baqala-d00-005351,Riyadh - Souq,Riyadh,Mineral Water Crate,FST-WTR-07,Beverages,1,15.0,15.0,9.0,cash
2026-05-31,TX-B2_poor_baqala-d00-005352,Riyadh - Souq,Riyadh,Mineral Water Crate,FST-WTR-07,Beverages,1,15.0,15.0,9.0,card
2026-05-31,TX-B2_poor_baqala-d00-005353,Riyadh - Souq,Riyadh,Mineral Water Crate,FST-WTR-07,Beverages,1,15.0,15.0,9.0,card
2026-05-31,TX-B2_poor_baqala-d00-005354,Riyadh - Souq,Riyadh,Mineral Water Crate,FST-WTR-07,Beverages,1,15.0,15.0,9.0,mada
2026-05-31,TX-B2_poor_baqala-d00-005355,Riyadh - Souq,Riyadh,Mineral Water Crate,FST-WTR-07,Beverages,1,15.0,15.0,9.0,cash
2026-05-31,TX-B2_poor_baqala-d00-005356,Riyadh - Souq,Riyadh,Mineral Water Crate,FST-WTR-07,Beverages,1,15.0,15.0,9.0,cash
2026-05-31,TX-B2_poor_baqala-d00-005357,Riyadh - Souq,Riyadh,Mineral Water Crate,FST-WTR-07,Beverages,1,15.0,15.0,9.0,cash
2026-05-31,TX-B2_poor_baqala-d00-005358,Riyadh - Souq,Riyadh,Mineral Water Crate,FST-WTR-07,Beverages,1,15.0,15.0,9.0,card
2026-05-31,TX-B2_poor_baqala-d00-005359,Riyadh - Souq,Riyadh,Mineral Water Crate,FST-WTR-07,Beverages,1,15.0,15.0,9.0,card
2026-05-31,TX-B2_poor_baqala-d00-005360,Riyadh - Souq,Riyadh,Mineral Water Crate,FST-WTR-07,Beverages,1,15.0,15.0,9.0,cash
2026-06-01,TX-B2_poor_baqala-d00-005361,Riyadh - Souq,Riyadh,Mineral Water Crate,FST-WTR-07,Beverages,1,15.0,15.0,9.0,card
2026-06-01,TX-B2_poor_baqala-d00-005362,Riyadh - Souq,Riyadh,Mineral Water Crate,FST-WTR-07,Beverages,1,15.0,15.0,9.0,mada
2026-06-01,TX-B2_poor_baqala-d00-005363,Riyadh - Souq,Riyadh,Mineral Water Crate,FST-WTR-07,Beverages,1,15.0,15.0,9.0,card
2026-06-01,TX-B2_poor_baqala-d00-005364,Riyadh - Souq,Riyadh,Mineral Water Crate,FST-WTR-07,Beverages,1,15.0,15.0,9.0,card
2026-06-01,TX-B2_poor_baqala-d00-005365,Riyadh - Souq,Riyadh,Mineral Water Crate,FST-WTR-07,Beverages,1,15.0,15.0,9.0,cash
2026-06-01,TX-B2_poor_baqala-d00-005366,Riyadh - Souq,Riyadh,Mineral Water Crate,FST-WTR-07,Beverages,1,15.0,15.0,9.0,card
2026-06-01,TX-B2_poor_baqala-d00-005367,Riyadh - Souq,Riyadh,Mineral Water Crate,FST-WTR-07,Beverages,1,15.0,15.0,9.0,mada
2026-06-01,TX-B2_poor_baqala-d00-005368,Riyadh - Souq,Riyadh,Mineral Water Crate,FST-WTR-07,Beverages,1,15.0,15.0,9.0,card
2026-06-01,TX-B2_poor_baqala-d00-005369,Riyadh - Souq,Riyadh,Mineral Water Crate,FST-WTR-07,Beverages,1,15.0,15.0,9.0,cash
2026-06-02,TX-B2_poor_baqala-d00-005370,Riyadh - Souq,Riyadh,Mineral Water Crate,FST-WTR-07,Beverages,1,15.0,15.0,9.0,mada
2026-06-02,TX-B2_poor_baqala-d00-005371,Riyadh - Souq,Riyadh,Mineral Water Crate,FST-WTR-07,Beverages,1,15.0,15.0,9.0,mada
2026-06-02,TX-B2_poor_baqala-d00-005372,Riyadh - Souq,Riyadh,Mineral Water Crate,FST-WTR-07,Beverages,1,15.0,15.0,9.0,cash
2026-06-02,TX-B2_poor_baqala-d00-005373,Riyadh - Souq,Riyadh,Mineral Water Crate,FST-WTR-07,Beverages,1,15.0,15.0,9.0,cash
2026-06-02,TX-B2_poor_baqala-d00-005374,Riyadh - Souq,Riyadh,Mineral Water Crate,FST-WTR-07,Beverages,1,15.0,15.0,9.0,mada
2026-06-02,TX-B2_poor_baqala-d00-005375,Riyadh - Souq,Riyadh,Mineral Water Crate,FST-WTR-07,Beverages,1,15.0,15.0,9.0,mada
2026-06-02,TX-B2_poor_baqala-d00-005376,Riyadh - Souq,Riyadh,Mineral Water Crate,FST-WTR-07,Beverages,1,15.0,15.0,9.0,cash
2026-06-02,TX-B2_poor_baqala-d00-005377,Riyadh - Souq,Riyadh,Mineral Water Crate,FST-WTR-07,Beverages,1,15.0,15.0,9.0,cash
2026-06-02,TX-B2_poor_baqala-d00-005378,Riyadh - Souq,Riyadh,Mineral Water Crate,FST-WTR-07,Beverages,1,15.0,15.0,9.0,mada
2026-06-02,TX-B2_poor_baqala-d00-005379,Riyadh - Souq,Riyadh,Mineral Water Crate,FST-WTR-07,Beverages,1,15.0,15.0,9.0,cash
2026-06-02,TX-B2_poor_baqala-d00-005380,Riyadh - Souq,Riyadh,Mineral Water Crate,FST-WTR-07,Beverages,1,15.0,15.0,9.0,mada
2026-06-02,TX-B2_poor_baqala-d00-005381,Riyadh - Souq,Riyadh,Mineral Water Crate,FST-WTR-07,Beverages,1,15.0,15.0,9.0,card
2026-06-02,TX-B2_poor_baqala-d00-005382,Riyadh - Souq,Riyadh,Mineral Water Crate,FST-WTR-07,Beverages,1,15.0,15.0,9.0,mada
2026-06-02,TX-B2_poor_baqala-d00-005383,Riyadh - Souq,Riyadh,Mineral Water Crate,FST-WTR-07,Beverages,1,15.0,15.0,9.0,card
2026-06-03,TX-B2_poor_baqala-d00-005384,Riyadh - Souq,Riyadh,Mineral Water Crate,FST-WTR-07,Beverages,1,15.0,15.0,9.0,mada
2026-06-03,TX-B2_poor_baqala-d00-005385,Riyadh - Souq,Riyadh,Mineral Water Crate,FST-WTR-07,Beverages,1,15.0,15.0,9.0,mada
2026-06-03,TX-B2_poor_baqala-d00-005386,Riyadh - Souq,Riyadh,Mineral Water Crate,FST-WTR-07,Beverages,1,15.0,15.0,9.0,mada
2026-06-03,TX-B2_poor_baqala-d00-005387,Riyadh - Souq,Riyadh,Mineral Water Crate,FST-WTR-07,Beverages,1,15.0,15.0,9.0,cash
2026-06-03,TX-B2_poor_baqala-d00-005388,Riyadh - Souq,Riyadh,Mineral Water Crate,FST-WTR-07,Beverages,1,15.0,15.0,9.0,card
2026-06-03,TX-B2_poor_baqala-d00-005389,Riyadh - Souq,Riyadh,Mineral Water Crate,FST-WTR-07,Beverages,1,15.0,15.0,9.0,mada
2026-06-03,TX-B2_poor_baqala-d00-005390,Riyadh - Souq,Riyadh,Mineral Water Crate,FST-WTR-07,Beverages,1,15.0,15.0,9.0,mada
2026-06-03,TX-B2_poor_baqala-d00-005391,Riyadh - Souq,Riyadh,Mineral Water Crate,FST-WTR-07,Beverages,1,15.0,15.0,9.0,mada
2026-06-03,TX-B2_poor_baqala-d00-005392,Riyadh - Souq,Riyadh,Mineral Water Crate,FST-WTR-07,Beverages,1,15.0,15.0,9.0,card
2026-06-03,TX-B2_poor_baqala-d00-005393,Riyadh - Souq,Riyadh,Mineral Water Crate,FST-WTR-07,Beverages,1,15.0,15.0,9.0,mada
2026-06-03,TX-B2_poor_baqala-d00-005394,Riyadh - Souq,Riyadh,Mineral Water Crate,FST-WTR-07,Beverages,1,15.0,15.0,9.0,card
2026-06-04,TX-B2_poor_baqala-d00-005395,Riyadh - Souq,Riyadh,Mineral Water Crate,FST-WTR-07,Beverages,1,15.0,15.0,9.0,mada
2026-06-04,TX-B2_poor_baqala-d00-005396,Riyadh - Souq,Riyadh,Mineral Water Crate,FST-WTR-07,Beverages,1,15.0,15.0,9.0,cash
2026-06-04,TX-B2_poor_baqala-d00-005397,Riyadh - Souq,Riyadh,Mineral Water Crate,FST-WTR-07,Beverages,1,15.0,15.0,9.0,cash
2026-06-04,TX-B2_poor_baqala-d00-005398,Riyadh - Souq,Riyadh,Mineral Water Crate,FST-WTR-07,Beverages,1,15.0,15.0,9.0,mada
2026-06-04,TX-B2_poor_baqala-d00-005399,Riyadh - Souq,Riyadh,Mineral Water Crate,FST-WTR-07,Beverages,1,15.0,15.0,9.0,cash
2026-06-04,TX-B2_poor_baqala-d00-005400,Riyadh - Souq,Riyadh,Mineral Water Crate,FST-WTR-07,Beverages,1,15.0,15.0,9.0,card
2026-06-04,TX-B2_poor_baqala-d00-005401,Riyadh - Souq,Riyadh,Mineral Water Crate,FST-WTR-07,Beverages,1,15.0,15.0,9.0,cash
2026-06-04,TX-B2_poor_baqala-d00-005402,Riyadh - Souq,Riyadh,Mineral Water Crate,FST-WTR-07,Beverages,1,15.0,15.0,9.0,card
2026-06-04,TX-B2_poor_baqala-d00-005403,Riyadh - Souq,Riyadh,Mineral Water Crate,FST-WTR-07,Beverages,1,15.0,15.0,9.0,card
2026-06-04,TX-B2_poor_baqala-d00-005404,Riyadh - Souq,Riyadh,Mineral Water Crate,FST-WTR-07,Beverages,1,15.0,15.0,9.0,mada
2026-06-04,TX-B2_poor_baqala-d00-005405,Riyadh - Souq,Riyadh,Mineral Water Crate,FST-WTR-07,Beverages,1,15.0,15.0,9.0,mada
2026-06-04,TX-B2_poor_baqala-d00-005406,Riyadh - Souq,Riyadh,Mineral Water Crate,FST-WTR-07,Beverages,1,15.0,15.0,9.0,cash
2026-06-05,TX-B2_poor_baqala-d00-005407,Riyadh - Souq,Riyadh,Mineral Water Crate,FST-WTR-07,Beverages,1,15.0,15.0,9.0,card
2026-06-05,TX-B2_poor_baqala-d00-005408,Riyadh - Souq,Riyadh,Mineral Water Crate,FST-WTR-07,Beverages,1,15.0,15.0,9.0,cash
2026-06-05,TX-B2_poor_baqala-d00-005409,Riyadh - Souq,Riyadh,Mineral Water Crate,FST-WTR-07,Beverages,1,15.0,15.0,9.0,mada
2026-06-05,TX-B2_poor_baqala-d00-005410,Riyadh - Souq,Riyadh,Mineral Water Crate,FST-WTR-07,Beverages,1,15.0,15.0,9.0,cash
2026-06-05,TX-B2_poor_baqala-d00-005411,Riyadh - Souq,Riyadh,Mineral Water Crate,FST-WTR-07,Beverages,1,15.0,15.0,9.0,mada
2026-06-05,TX-B2_poor_baqala-d00-005412,Riyadh - Souq,Riyadh,Mineral Water Crate,FST-WTR-07,Beverages,1,15.0,15.0,9.0,card
2026-06-05,TX-B2_poor_baqala-d00-005413,Riyadh - Souq,Riyadh,Mineral Water Crate,FST-WTR-07,Beverages,1,15.0,15.0,9.0,card
2026-06-05,TX-B2_poor_baqala-d00-005414,Riyadh - Souq,Riyadh,Mineral Water Crate,FST-WTR-07,Beverages,1,15.0,15.0,9.0,card
2026-06-05,TX-B2_poor_baqala-d00-005415,Riyadh - Souq,Riyadh,Mineral Water Crate,FST-WTR-07,Beverages,1,15.0,15.0,9.0,card
2026-06-05,TX-B2_poor_baqala-d00-005416,Riyadh - Souq,Riyadh,Mineral Water Crate,FST-WTR-07,Beverages,1,15.0,15.0,9.0,cash
2026-06-05,TX-B2_poor_baqala-d00-005417,Riyadh - Souq,Riyadh,Mineral Water Crate,FST-WTR-07,Beverages,1,15.0,15.0,9.0,cash
2026-06-05,TX-B2_poor_baqala-d00-005418,Riyadh - Souq,Riyadh,Mineral Water Crate,FST-WTR-07,Beverages,1,15.0,15.0,9.0,card
2026-06-06,TX-B2_poor_baqala-d00-005419,Riyadh - Souq,Riyadh,Mineral Water Crate,FST-WTR-07,Beverages,1,15.0,15.0,9.0,cash
2026-06-06,TX-B2_poor_baqala-d00-005420,Riyadh - Souq,Riyadh,Mineral Water Crate,FST-WTR-07,Beverages,1,15.0,15.0,9.0,cash
2026-06-06,TX-B2_poor_baqala-d00-005421,Riyadh - Souq,Riyadh,Mineral Water Crate,FST-WTR-07,Beverages,1,15.0,15.0,9.0,cash
2026-06-06,TX-B2_poor_baqala-d00-005422,Riyadh - Souq,Riyadh,Mineral Water Crate,FST-WTR-07,Beverages,1,15.0,15.0,9.0,cash
2026-06-06,TX-B2_poor_baqala-d00-005423,Riyadh - Souq,Riyadh,Mineral Water Crate,FST-WTR-07,Beverages,1,15.0,15.0,9.0,cash
2026-06-06,TX-B2_poor_baqala-d00-005424,Riyadh - Souq,Riyadh,Mineral Water Crate,FST-WTR-07,Beverages,1,15.0,15.0,9.0,cash
2026-06-07,TX-B2_poor_baqala-d00-005425,Riyadh - Souq,Riyadh,Mineral Water Crate,FST-WTR-07,Beverages,1,15.0,15.0,9.0,cash
2026-06-07,TX-B2_poor_baqala-d00-005426,Riyadh - Souq,Riyadh,Mineral Water Crate,FST-WTR-07,Beverages,1,15.0,15.0,9.0,cash
2026-06-07,TX-B2_poor_baqala-d00-005427,Riyadh - Souq,Riyadh,Mineral Water Crate,FST-WTR-07,Beverages,1,15.0,15.0,9.0,cash
2026-06-07,TX-B2_poor_baqala-d00-005428,Riyadh - Souq,Riyadh,Mineral Water Crate,FST-WTR-07,Beverages,1,15.0,15.0,9.0,cash
2026-06-07,TX-B2_poor_baqala-d00-005429,Riyadh - Souq,Riyadh,Mineral Water Crate,FST-WTR-07,Beverages,1,15.0,15.0,9.0,cash
2026-06-07,TX-B2_poor_baqala-d00-005430,Riyadh - Souq,Riyadh,Mineral Water Crate,FST-WTR-07,Beverages,1,15.0,15.0,9.0,card
2026-06-07,TX-B2_poor_baqala-d00-005431,Riyadh - Souq,Riyadh,Mineral Water Crate,FST-WTR-07,Beverages,1,15.0,15.0,9.0,cash
2026-06-08,TX-B2_poor_baqala-d00-005432,Riyadh - Souq,Riyadh,Mineral Water Crate,FST-WTR-07,Beverages,1,15.0,15.0,9.0,cash
2026-06-08,TX-B2_poor_baqala-d00-005433,Riyadh - Souq,Riyadh,Mineral Water Crate,FST-WTR-07,Beverages,1,15.0,15.0,9.0,mada
2026-06-08,TX-B2_poor_baqala-d00-005434,Riyadh - Souq,Riyadh,Mineral Water Crate,FST-WTR-07,Beverages,1,15.0,15.0,9.0,mada
2026-06-08,TX-B2_poor_baqala-d00-005435,Riyadh - Souq,Riyadh,Mineral Water Crate,FST-WTR-07,Beverages,1,15.0,15.0,9.0,cash
2026-06-08,TX-B2_poor_baqala-d00-005436,Riyadh - Souq,Riyadh,Mineral Water Crate,FST-WTR-07,Beverages,1,15.0,15.0,9.0,card
2026-06-08,TX-B2_poor_baqala-d00-005437,Riyadh - Souq,Riyadh,Mineral Water Crate,FST-WTR-07,Beverages,1,15.0,15.0,9.0,cash
2026-06-08,TX-B2_poor_baqala-d00-005438,Riyadh - Souq,Riyadh,Mineral Water Crate,FST-WTR-07,Beverages,1,15.0,15.0,9.0,mada
2026-06-08,TX-B2_poor_baqala-d00-005439,Riyadh - Souq,Riyadh,Mineral Water Crate,FST-WTR-07,Beverages,1,15.0,15.0,9.0,cash
2026-06-08,TX-B2_poor_baqala-d00-005440,Riyadh - Souq,Riyadh,Mineral Water Crate,FST-WTR-07,Beverages,1,15.0,15.0,9.0,mada
2026-06-08,TX-B2_poor_baqala-d00-005441,Riyadh - Souq,Riyadh,Mineral Water Crate,FST-WTR-07,Beverages,1,15.0,15.0,9.0,card
2026-06-08,TX-B2_poor_baqala-d00-005442,Riyadh - Souq,Riyadh,Mineral Water Crate,FST-WTR-07,Beverages,1,15.0,15.0,9.0,cash
2026-06-08,TX-B2_poor_baqala-d00-005443,Riyadh - Souq,Riyadh,Mineral Water Crate,FST-WTR-07,Beverages,1,15.0,15.0,9.0,mada
2026-06-08,TX-B2_poor_baqala-d00-005444,Riyadh - Souq,Riyadh,Mineral Water Crate,FST-WTR-07,Beverages,1,15.0,15.0,9.0,cash
2026-06-08,TX-B2_poor_baqala-d00-005445,Riyadh - Souq,Riyadh,Mineral Water Crate,FST-WTR-07,Beverages,1,15.0,15.0,9.0,cash
2026-06-09,TX-B2_poor_baqala-d00-005446,Riyadh - Souq,Riyadh,Mineral Water Crate,FST-WTR-07,Beverages,1,15.0,15.0,9.0,cash
2026-06-09,TX-B2_poor_baqala-d00-005447,Riyadh - Souq,Riyadh,Mineral Water Crate,FST-WTR-07,Beverages,1,15.0,15.0,9.0,card
2026-06-09,TX-B2_poor_baqala-d00-005448,Riyadh - Souq,Riyadh,Mineral Water Crate,FST-WTR-07,Beverages,1,15.0,15.0,9.0,mada
2026-06-09,TX-B2_poor_baqala-d00-005449,Riyadh - Souq,Riyadh,Mineral Water Crate,FST-WTR-07,Beverages,1,15.0,15.0,9.0,cash
2026-06-09,TX-B2_poor_baqala-d00-005450,Riyadh - Souq,Riyadh,Mineral Water Crate,FST-WTR-07,Beverages,1,15.0,15.0,9.0,cash
2026-06-09,TX-B2_poor_baqala-d00-005451,Riyadh - Souq,Riyadh,Mineral Water Crate,FST-WTR-07,Beverages,1,15.0,15.0,9.0,card
2026-06-09,TX-B2_poor_baqala-d00-005452,Riyadh - Souq,Riyadh,Mineral Water Crate,FST-WTR-07,Beverages,1,15.0,15.0,9.0,card
2026-06-09,TX-B2_poor_baqala-d00-005453,Riyadh - Souq,Riyadh,Mineral Water Crate,FST-WTR-07,Beverages,1,15.0,15.0,9.0,mada
2026-06-09,TX-B2_poor_baqala-d00-005454,Riyadh - Souq,Riyadh,Mineral Water Crate,FST-WTR-07,Beverages,1,15.0,15.0,9.0,cash
2026-06-09,TX-B2_poor_baqala-d00-005455,Riyadh - Souq,Riyadh,Mineral Water Crate,FST-WTR-07,Beverages,1,15.0,15.0,9.0,cash
2026-06-09,TX-B2_poor_baqala-d00-005456,Riyadh - Souq,Riyadh,Mineral Water Crate,FST-WTR-07,Beverages,1,15.0,15.0,9.0,card
2026-06-09,TX-B2_poor_baqala-d00-005457,Riyadh - Souq,Riyadh,Mineral Water Crate,FST-WTR-07,Beverages,1,15.0,15.0,9.0,card
2026-06-10,TX-B2_poor_baqala-d00-005458,Riyadh - Souq,Riyadh,Mineral Water Crate,FST-WTR-07,Beverages,1,15.0,15.0,9.0,card
2026-06-10,TX-B2_poor_baqala-d00-005459,Riyadh - Souq,Riyadh,Mineral Water Crate,FST-WTR-07,Beverages,1,15.0,15.0,9.0,cash
2026-06-10,TX-B2_poor_baqala-d00-005460,Riyadh - Souq,Riyadh,Mineral Water Crate,FST-WTR-07,Beverages,1,15.0,15.0,9.0,cash
2026-06-10,TX-B2_poor_baqala-d00-005461,Riyadh - Souq,Riyadh,Mineral Water Crate,FST-WTR-07,Beverages,1,15.0,15.0,9.0,card
2026-06-10,TX-B2_poor_baqala-d00-005462,Riyadh - Souq,Riyadh,Mineral Water Crate,FST-WTR-07,Beverages,1,15.0,15.0,9.0,cash
2026-06-11,TX-B2_poor_baqala-d00-005463,Riyadh - Souq,Riyadh,Mineral Water Crate,FST-WTR-07,Beverages,1,15.0,15.0,9.0,card
2026-06-11,TX-B2_poor_baqala-d00-005464,Riyadh - Souq,Riyadh,Mineral Water Crate,FST-WTR-07,Beverages,1,15.0,15.0,9.0,mada
2026-06-11,TX-B2_poor_baqala-d00-005465,Riyadh - Souq,Riyadh,Mineral Water Crate,FST-WTR-07,Beverages,1,15.0,15.0,9.0,mada
2026-06-11,TX-B2_poor_baqala-d00-005466,Riyadh - Souq,Riyadh,Mineral Water Crate,FST-WTR-07,Beverages,1,15.0,15.0,9.0,cash
2026-06-11,TX-B2_poor_baqala-d00-005467,Riyadh - Souq,Riyadh,Mineral Water Crate,FST-WTR-07,Beverages,1,15.0,15.0,9.0,mada
2026-06-11,TX-B2_poor_baqala-d00-005468,Riyadh - Souq,Riyadh,Mineral Water Crate,FST-WTR-07,Beverages,1,15.0,15.0,9.0,cash
2026-06-11,TX-B2_poor_baqala-d00-005469,Riyadh - Souq,Riyadh,Mineral Water Crate,FST-WTR-07,Beverages,1,15.0,15.0,9.0,cash
2026-06-11,TX-B2_poor_baqala-d00-005470,Riyadh - Souq,Riyadh,Mineral Water Crate,FST-WTR-07,Beverages,1,15.0,15.0,9.0,cash
2026-06-11,TX-B2_poor_baqala-d00-005471,Riyadh - Souq,Riyadh,Mineral Water Crate,FST-WTR-07,Beverages,1,15.0,15.0,9.0,mada
2026-06-12,TX-B2_poor_baqala-d00-005472,Riyadh - Souq,Riyadh,Mineral Water Crate,FST-WTR-07,Beverages,1,15.0,15.0,9.0,cash
2026-06-12,TX-B2_poor_baqala-d00-005473,Riyadh - Souq,Riyadh,Mineral Water Crate,FST-WTR-07,Beverages,1,15.0,15.0,9.0,card
2026-06-12,TX-B2_poor_baqala-d00-005474,Riyadh - Souq,Riyadh,Mineral Water Crate,FST-WTR-07,Beverages,1,15.0,15.0,9.0,cash
2026-06-12,TX-B2_poor_baqala-d00-005475,Riyadh - Souq,Riyadh,Mineral Water Crate,FST-WTR-07,Beverages,1,15.0,15.0,9.0,card
2026-06-12,TX-B2_poor_baqala-d00-005476,Riyadh - Souq,Riyadh,Mineral Water Crate,FST-WTR-07,Beverages,1,15.0,15.0,9.0,cash
2026-06-12,TX-B2_poor_baqala-d00-005477,Riyadh - Souq,Riyadh,Mineral Water Crate,FST-WTR-07,Beverages,1,15.0,15.0,9.0,mada
2026-06-12,TX-B2_poor_baqala-d00-005478,Riyadh - Souq,Riyadh,Mineral Water Crate,FST-WTR-07,Beverages,1,15.0,15.0,9.0,cash
2026-06-12,TX-B2_poor_baqala-d00-005479,Riyadh - Souq,Riyadh,Mineral Water Crate,FST-WTR-07,Beverages,1,15.0,15.0,9.0,cash
2026-06-12,TX-B2_poor_baqala-d00-005480,Riyadh - Souq,Riyadh,Mineral Water Crate,FST-WTR-07,Beverages,1,15.0,15.0,9.0,mada
2026-06-12,TX-B2_poor_baqala-d00-005481,Riyadh - Souq,Riyadh,Mineral Water Crate,FST-WTR-07,Beverages,1,15.0,15.0,9.0,cash
2026-06-12,TX-B2_poor_baqala-d00-005482,Riyadh - Souq,Riyadh,Mineral Water Crate,FST-WTR-07,Beverages,1,15.0,15.0,9.0,cash
2026-06-12,TX-B2_poor_baqala-d00-005483,Riyadh - Souq,Riyadh,Mineral Water Crate,FST-WTR-07,Beverages,1,15.0,15.0,9.0,cash
2026-06-13,TX-B2_poor_baqala-d00-005484,Riyadh - Souq,Riyadh,Mineral Water Crate,FST-WTR-07,Beverages,1,15.0,15.0,9.0,card
2026-06-13,TX-B2_poor_baqala-d00-005485,Riyadh - Souq,Riyadh,Mineral Water Crate,FST-WTR-07,Beverages,1,15.0,15.0,9.0,mada
2026-06-13,TX-B2_poor_baqala-d00-005486,Riyadh - Souq,Riyadh,Mineral Water Crate,FST-WTR-07,Beverages,1,15.0,15.0,9.0,cash
2026-06-13,TX-B2_poor_baqala-d00-005487,Riyadh - Souq,Riyadh,Mineral Water Crate,FST-WTR-07,Beverages,1,15.0,15.0,9.0,mada
2026-06-13,TX-B2_poor_baqala-d00-005488,Riyadh - Souq,Riyadh,Mineral Water Crate,FST-WTR-07,Beverages,1,15.0,15.0,9.0,card
2026-06-13,TX-B2_poor_baqala-d00-005489,Riyadh - Souq,Riyadh,Mineral Water Crate,FST-WTR-07,Beverages,1,15.0,15.0,9.0,card
2026-06-13,TX-B2_poor_baqala-d00-005490,Riyadh - Souq,Riyadh,Mineral Water Crate,FST-WTR-07,Beverages,1,15.0,15.0,9.0,cash
2026-06-13,TX-B2_poor_baqala-d00-005491,Riyadh - Souq,Riyadh,Mineral Water Crate,FST-WTR-07,Beverages,1,15.0,15.0,9.0,card
2026-06-13,TX-B2_poor_baqala-d00-005492,Riyadh - Souq,Riyadh,Mineral Water Crate,FST-WTR-07,Beverages,1,15.0,15.0,9.0,card
2026-06-13,TX-B2_poor_baqala-d00-005493,Riyadh - Souq,Riyadh,Mineral Water Crate,FST-WTR-07,Beverages,1,15.0,15.0,9.0,card
2026-06-13,TX-B2_poor_baqala-d00-005494,Riyadh - Souq,Riyadh,Mineral Water Crate,FST-WTR-07,Beverages,1,15.0,15.0,9.0,mada
2026-06-13,TX-B2_poor_baqala-d00-005495,Riyadh - Souq,Riyadh,Mineral Water Crate,FST-WTR-07,Beverages,1,15.0,15.0,9.0,cash
2026-06-13,TX-B2_poor_baqala-d00-005496,Riyadh - Souq,Riyadh,Mineral Water Crate,FST-WTR-07,Beverages,1,15.0,15.0,9.0,mada
2026-06-14,TX-B2_poor_baqala-d00-005497,Riyadh - Souq,Riyadh,Mineral Water Crate,FST-WTR-07,Beverages,1,15.0,15.0,9.0,cash
2026-06-14,TX-B2_poor_baqala-d00-005498,Riyadh - Souq,Riyadh,Mineral Water Crate,FST-WTR-07,Beverages,1,15.0,15.0,9.0,cash
2026-06-14,TX-B2_poor_baqala-d00-005499,Riyadh - Souq,Riyadh,Mineral Water Crate,FST-WTR-07,Beverages,1,15.0,15.0,9.0,card
2026-06-14,TX-B2_poor_baqala-d00-005500,Riyadh - Souq,Riyadh,Mineral Water Crate,FST-WTR-07,Beverages,1,15.0,15.0,9.0,mada
2026-06-14,TX-B2_poor_baqala-d00-005501,Riyadh - Souq,Riyadh,Mineral Water Crate,FST-WTR-07,Beverages,1,15.0,15.0,9.0,cash
2026-06-14,TX-B2_poor_baqala-d00-005502,Riyadh - Souq,Riyadh,Mineral Water Crate,FST-WTR-07,Beverages,1,15.0,15.0,9.0,cash
2026-06-14,TX-B2_poor_baqala-d00-005503,Riyadh - Souq,Riyadh,Mineral Water Crate,FST-WTR-07,Beverages,1,15.0,15.0,9.0,card
2026-06-14,TX-B2_poor_baqala-d00-005504,Riyadh - Souq,Riyadh,Mineral Water Crate,FST-WTR-07,Beverages,1,15.0,15.0,9.0,mada
2026-06-15,TX-B2_poor_baqala-d00-005505,Riyadh - Souq,Riyadh,Mineral Water Crate,FST-WTR-07,Beverages,1,15.0,15.0,9.0,mada
2026-06-15,TX-B2_poor_baqala-d00-005506,Riyadh - Souq,Riyadh,Mineral Water Crate,FST-WTR-07,Beverages,1,15.0,15.0,9.0,mada
2026-06-15,TX-B2_poor_baqala-d00-005507,Riyadh - Souq,Riyadh,Mineral Water Crate,FST-WTR-07,Beverages,1,15.0,15.0,9.0,card
2026-06-15,TX-B2_poor_baqala-d00-005508,Riyadh - Souq,Riyadh,Mineral Water Crate,FST-WTR-07,Beverages,1,15.0,15.0,9.0,card
2026-06-15,TX-B2_poor_baqala-d00-005509,Riyadh - Souq,Riyadh,Mineral Water Crate,FST-WTR-07,Beverages,1,15.0,15.0,9.0,mada
2026-06-15,TX-B2_poor_baqala-d00-005510,Riyadh - Souq,Riyadh,Mineral Water Crate,FST-WTR-07,Beverages,1,15.0,15.0,9.0,card
2026-06-15,TX-B2_poor_baqala-d00-005511,Riyadh - Souq,Riyadh,Mineral Water Crate,FST-WTR-07,Beverages,1,15.0,15.0,9.0,card
2026-06-15,TX-B2_poor_baqala-d00-005512,Riyadh - Souq,Riyadh,Mineral Water Crate,FST-WTR-07,Beverages,1,15.0,15.0,9.0,card
2026-06-15,TX-B2_poor_baqala-d00-005513,Riyadh - Souq,Riyadh,Mineral Water Crate,FST-WTR-07,Beverages,1,15.0,15.0,9.0,card
2026-06-15,TX-B2_poor_baqala-d00-005514,Riyadh - Souq,Riyadh,Mineral Water Crate,FST-WTR-07,Beverages,1,15.0,15.0,9.0,cash
2026-06-15,TX-B2_poor_baqala-d00-005515,Riyadh - Souq,Riyadh,Mineral Water Crate,FST-WTR-07,Beverages,1,15.0,15.0,9.0,cash
2026-06-16,TX-B2_poor_baqala-d00-005516,Riyadh - Souq,Riyadh,Mineral Water Crate,FST-WTR-07,Beverages,1,15.0,15.0,9.0,cash
2026-06-16,TX-B2_poor_baqala-d00-005517,Riyadh - Souq,Riyadh,Mineral Water Crate,FST-WTR-07,Beverages,1,15.0,15.0,9.0,cash
2026-06-16,TX-B2_poor_baqala-d00-005518,Riyadh - Souq,Riyadh,Mineral Water Crate,FST-WTR-07,Beverages,1,15.0,15.0,9.0,card
2026-06-16,TX-B2_poor_baqala-d00-005519,Riyadh - Souq,Riyadh,Mineral Water Crate,FST-WTR-07,Beverages,1,15.0,15.0,9.0,card
2026-06-16,TX-B2_poor_baqala-d00-005520,Riyadh - Souq,Riyadh,Mineral Water Crate,FST-WTR-07,Beverages,1,15.0,15.0,9.0,mada
2026-06-16,TX-B2_poor_baqala-d00-005521,Riyadh - Souq,Riyadh,Mineral Water Crate,FST-WTR-07,Beverages,1,15.0,15.0,9.0,cash
2026-06-16,TX-B2_poor_baqala-d00-005522,Riyadh - Souq,Riyadh,Mineral Water Crate,FST-WTR-07,Beverages,1,15.0,15.0,9.0,card
2026-06-16,TX-B2_poor_baqala-d00-005523,Riyadh - Souq,Riyadh,Mineral Water Crate,FST-WTR-07,Beverages,1,15.0,15.0,9.0,mada
2026-06-16,TX-B2_poor_baqala-d00-005524,Riyadh - Souq,Riyadh,Mineral Water Crate,FST-WTR-07,Beverages,1,15.0,15.0,9.0,card
2026-06-16,TX-B2_poor_baqala-d00-005525,Riyadh - Souq,Riyadh,Mineral Water Crate,FST-WTR-07,Beverages,1,15.0,15.0,9.0,mada
2026-06-16,TX-B2_poor_baqala-d00-005526,Riyadh - Souq,Riyadh,Mineral Water Crate,FST-WTR-07,Beverages,1,15.0,15.0,9.0,card
2026-06-17,TX-B2_poor_baqala-d00-005527,Riyadh - Souq,Riyadh,Mineral Water Crate,FST-WTR-07,Beverages,1,15.0,15.0,9.0,card
2026-06-17,TX-B2_poor_baqala-d00-005528,Riyadh - Souq,Riyadh,Mineral Water Crate,FST-WTR-07,Beverages,1,15.0,15.0,9.0,mada
2026-06-17,TX-B2_poor_baqala-d00-005529,Riyadh - Souq,Riyadh,Mineral Water Crate,FST-WTR-07,Beverages,1,15.0,15.0,9.0,card
2026-06-17,TX-B2_poor_baqala-d00-005530,Riyadh - Souq,Riyadh,Mineral Water Crate,FST-WTR-07,Beverages,1,15.0,15.0,9.0,mada
2026-06-17,TX-B2_poor_baqala-d00-005531,Riyadh - Souq,Riyadh,Mineral Water Crate,FST-WTR-07,Beverages,1,15.0,15.0,9.0,card
2026-06-17,TX-B2_poor_baqala-d00-005532,Riyadh - Souq,Riyadh,Mineral Water Crate,FST-WTR-07,Beverages,1,15.0,15.0,9.0,mada
2026-06-17,TX-B2_poor_baqala-d00-005533,Riyadh - Souq,Riyadh,Mineral Water Crate,FST-WTR-07,Beverages,1,15.0,15.0,9.0,mada
2026-06-17,TX-B2_poor_baqala-d00-005534,Riyadh - Souq,Riyadh,Mineral Water Crate,FST-WTR-07,Beverages,1,15.0,15.0,9.0,cash
2026-06-17,TX-B2_poor_baqala-d00-005535,Riyadh - Souq,Riyadh,Mineral Water Crate,FST-WTR-07,Beverages,1,15.0,15.0,9.0,card
2026-06-18,TX-B2_poor_baqala-d00-005536,Riyadh - Souq,Riyadh,Mineral Water Crate,FST-WTR-07,Beverages,1,15.0,15.0,9.0,cash
2026-06-18,TX-B2_poor_baqala-d00-005537,Riyadh - Souq,Riyadh,Mineral Water Crate,FST-WTR-07,Beverages,1,15.0,15.0,9.0,card
2026-06-18,TX-B2_poor_baqala-d00-005538,Riyadh - Souq,Riyadh,Mineral Water Crate,FST-WTR-07,Beverages,1,15.0,15.0,9.0,cash
2026-06-18,TX-B2_poor_baqala-d00-005539,Riyadh - Souq,Riyadh,Mineral Water Crate,FST-WTR-07,Beverages,1,15.0,15.0,9.0,card
2026-06-18,TX-B2_poor_baqala-d00-005540,Riyadh - Souq,Riyadh,Mineral Water Crate,FST-WTR-07,Beverages,1,15.0,15.0,9.0,cash
2026-06-18,TX-B2_poor_baqala-d00-005541,Riyadh - Souq,Riyadh,Mineral Water Crate,FST-WTR-07,Beverages,1,15.0,15.0,9.0,cash
2026-06-18,TX-B2_poor_baqala-d00-005542,Riyadh - Souq,Riyadh,Mineral Water Crate,FST-WTR-07,Beverages,1,15.0,15.0,9.0,mada
2026-06-18,TX-B2_poor_baqala-d00-005543,Riyadh - Souq,Riyadh,Mineral Water Crate,FST-WTR-07,Beverages,1,15.0,15.0,9.0,card
2026-06-18,TX-B2_poor_baqala-d00-005544,Riyadh - Souq,Riyadh,Mineral Water Crate,FST-WTR-07,Beverages,1,15.0,15.0,9.0,mada
2026-06-18,TX-B2_poor_baqala-d00-005545,Riyadh - Souq,Riyadh,Mineral Water Crate,FST-WTR-07,Beverages,1,15.0,15.0,9.0,mada
2026-06-18,TX-B2_poor_baqala-d00-005546,Riyadh - Souq,Riyadh,Mineral Water Crate,FST-WTR-07,Beverages,1,15.0,15.0,9.0,mada
2026-06-18,TX-B2_poor_baqala-d00-005547,Riyadh - Souq,Riyadh,Mineral Water Crate,FST-WTR-07,Beverages,1,15.0,15.0,9.0,card
2026-06-18,TX-B2_poor_baqala-d00-005548,Riyadh - Souq,Riyadh,Mineral Water Crate,FST-WTR-07,Beverages,1,15.0,15.0,9.0,cash
2026-06-19,TX-B2_poor_baqala-d00-005549,Riyadh - Souq,Riyadh,Mineral Water Crate,FST-WTR-07,Beverages,1,15.0,15.0,9.0,mada
2026-06-19,TX-B2_poor_baqala-d00-005550,Riyadh - Souq,Riyadh,Mineral Water Crate,FST-WTR-07,Beverages,1,15.0,15.0,9.0,cash
2026-06-19,TX-B2_poor_baqala-d00-005551,Riyadh - Souq,Riyadh,Mineral Water Crate,FST-WTR-07,Beverages,1,15.0,15.0,9.0,mada
2026-06-19,TX-B2_poor_baqala-d00-005552,Riyadh - Souq,Riyadh,Mineral Water Crate,FST-WTR-07,Beverages,1,15.0,15.0,9.0,card
2026-06-19,TX-B2_poor_baqala-d00-005553,Riyadh - Souq,Riyadh,Mineral Water Crate,FST-WTR-07,Beverages,1,15.0,15.0,9.0,card
2026-06-19,TX-B2_poor_baqala-d00-005554,Riyadh - Souq,Riyadh,Mineral Water Crate,FST-WTR-07,Beverages,1,15.0,15.0,9.0,mada
2026-06-19,TX-B2_poor_baqala-d00-005555,Riyadh - Souq,Riyadh,Mineral Water Crate,FST-WTR-07,Beverages,1,15.0,15.0,9.0,card
2026-06-19,TX-B2_poor_baqala-d00-005556,Riyadh - Souq,Riyadh,Mineral Water Crate,FST-WTR-07,Beverages,1,15.0,15.0,9.0,card
2026-06-19,TX-B2_poor_baqala-d00-005557,Riyadh - Souq,Riyadh,Mineral Water Crate,FST-WTR-07,Beverages,1,15.0,15.0,9.0,cash
2026-06-20,TX-B2_poor_baqala-d00-005558,Riyadh - Souq,Riyadh,Mineral Water Crate,FST-WTR-07,Beverages,1,15.0,15.0,9.0,card
2026-06-20,TX-B2_poor_baqala-d00-005559,Riyadh - Souq,Riyadh,Mineral Water Crate,FST-WTR-07,Beverages,1,15.0,15.0,9.0,card
2026-06-20,TX-B2_poor_baqala-d00-005560,Riyadh - Souq,Riyadh,Mineral Water Crate,FST-WTR-07,Beverages,1,15.0,15.0,9.0,cash
2026-06-20,TX-B2_poor_baqala-d00-005561,Riyadh - Souq,Riyadh,Mineral Water Crate,FST-WTR-07,Beverages,1,15.0,15.0,9.0,card
2026-06-20,TX-B2_poor_baqala-d00-005562,Riyadh - Souq,Riyadh,Mineral Water Crate,FST-WTR-07,Beverages,1,15.0,15.0,9.0,cash
2026-06-20,TX-B2_poor_baqala-d00-005563,Riyadh - Souq,Riyadh,Mineral Water Crate,FST-WTR-07,Beverages,1,15.0,15.0,9.0,mada
2026-06-20,TX-B2_poor_baqala-d00-005564,Riyadh - Souq,Riyadh,Mineral Water Crate,FST-WTR-07,Beverages,1,15.0,15.0,9.0,cash
2026-06-20,TX-B2_poor_baqala-d00-005565,Riyadh - Souq,Riyadh,Mineral Water Crate,FST-WTR-07,Beverages,1,15.0,15.0,9.0,cash
2026-06-20,TX-B2_poor_baqala-d00-005566,Riyadh - Souq,Riyadh,Mineral Water Crate,FST-WTR-07,Beverages,1,15.0,15.0,9.0,cash
2026-06-20,TX-B2_poor_baqala-d00-005567,Riyadh - Souq,Riyadh,Mineral Water Crate,FST-WTR-07,Beverages,1,15.0,15.0,9.0,cash
2026-06-21,TX-B2_poor_baqala-d00-005568,Riyadh - Souq,Riyadh,Mineral Water Crate,FST-WTR-07,Beverages,1,15.0,15.0,9.0,mada
2026-06-21,TX-B2_poor_baqala-d00-005569,Riyadh - Souq,Riyadh,Mineral Water Crate,FST-WTR-07,Beverages,1,15.0,15.0,9.0,cash
2026-06-21,TX-B2_poor_baqala-d00-005570,Riyadh - Souq,Riyadh,Mineral Water Crate,FST-WTR-07,Beverages,1,15.0,15.0,9.0,mada
2026-06-21,TX-B2_poor_baqala-d00-005571,Riyadh - Souq,Riyadh,Mineral Water Crate,FST-WTR-07,Beverages,1,15.0,15.0,9.0,card
2026-06-21,TX-B2_poor_baqala-d00-005572,Riyadh - Souq,Riyadh,Mineral Water Crate,FST-WTR-07,Beverages,1,15.0,15.0,9.0,mada
2026-06-21,TX-B2_poor_baqala-d00-005573,Riyadh - Souq,Riyadh,Mineral Water Crate,FST-WTR-07,Beverages,1,15.0,15.0,9.0,card
2026-06-21,TX-B2_poor_baqala-d00-005574,Riyadh - Souq,Riyadh,Mineral Water Crate,FST-WTR-07,Beverages,1,15.0,15.0,9.0,card
2026-06-21,TX-B2_poor_baqala-d00-005575,Riyadh - Souq,Riyadh,Mineral Water Crate,FST-WTR-07,Beverages,1,15.0,15.0,9.0,card
2026-06-21,TX-B2_poor_baqala-d00-005576,Riyadh - Souq,Riyadh,Mineral Water Crate,FST-WTR-07,Beverages,1,15.0,15.0,9.0,mada
2026-06-21,TX-B2_poor_baqala-d00-005577,Riyadh - Souq,Riyadh,Mineral Water Crate,FST-WTR-07,Beverages,1,15.0,15.0,9.0,cash
2026-06-22,TX-B2_poor_baqala-d00-005578,Riyadh - Souq,Riyadh,Mineral Water Crate,FST-WTR-07,Beverages,1,15.0,15.0,9.0,cash
2026-06-22,TX-B2_poor_baqala-d00-005579,Riyadh - Souq,Riyadh,Mineral Water Crate,FST-WTR-07,Beverages,1,15.0,15.0,9.0,cash
2026-06-22,TX-B2_poor_baqala-d00-005580,Riyadh - Souq,Riyadh,Mineral Water Crate,FST-WTR-07,Beverages,1,15.0,15.0,9.0,cash
2026-06-22,TX-B2_poor_baqala-d00-005581,Riyadh - Souq,Riyadh,Mineral Water Crate,FST-WTR-07,Beverages,1,15.0,15.0,9.0,cash
2026-06-22,TX-B2_poor_baqala-d00-005582,Riyadh - Souq,Riyadh,Mineral Water Crate,FST-WTR-07,Beverages,1,15.0,15.0,9.0,card
2026-06-22,TX-B2_poor_baqala-d00-005583,Riyadh - Souq,Riyadh,Mineral Water Crate,FST-WTR-07,Beverages,1,15.0,15.0,9.0,cash
2026-06-22,TX-B2_poor_baqala-d00-005584,Riyadh - Souq,Riyadh,Mineral Water Crate,FST-WTR-07,Beverages,1,15.0,15.0,9.0,card
2026-06-22,TX-B2_poor_baqala-d00-005585,Riyadh - Souq,Riyadh,Mineral Water Crate,FST-WTR-07,Beverages,1,15.0,15.0,9.0,cash
2026-06-22,TX-B2_poor_baqala-d00-005586,Riyadh - Souq,Riyadh,Mineral Water Crate,FST-WTR-07,Beverages,1,15.0,15.0,9.0,card
2026-06-22,TX-B2_poor_baqala-d00-005587,Riyadh - Souq,Riyadh,Mineral Water Crate,FST-WTR-07,Beverages,1,15.0,15.0,9.0,card
2026-06-22,TX-B2_poor_baqala-d00-005588,Riyadh - Souq,Riyadh,Mineral Water Crate,FST-WTR-07,Beverages,1,15.0,15.0,9.0,cash
2026-06-23,TX-B2_poor_baqala-d00-005589,Riyadh - Souq,Riyadh,Mineral Water Crate,FST-WTR-07,Beverages,1,15.0,15.0,9.0,mada
2026-06-23,TX-B2_poor_baqala-d00-005590,Riyadh - Souq,Riyadh,Mineral Water Crate,FST-WTR-07,Beverages,1,15.0,15.0,9.0,card
2026-06-23,TX-B2_poor_baqala-d00-005591,Riyadh - Souq,Riyadh,Mineral Water Crate,FST-WTR-07,Beverages,1,15.0,15.0,9.0,card
2026-06-23,TX-B2_poor_baqala-d00-005592,Riyadh - Souq,Riyadh,Mineral Water Crate,FST-WTR-07,Beverages,1,15.0,15.0,9.0,card
2026-06-23,TX-B2_poor_baqala-d00-005593,Riyadh - Souq,Riyadh,Mineral Water Crate,FST-WTR-07,Beverages,1,15.0,15.0,9.0,card
2026-06-23,TX-B2_poor_baqala-d00-005594,Riyadh - Souq,Riyadh,Mineral Water Crate,FST-WTR-07,Beverages,1,15.0,15.0,9.0,card
2026-06-23,TX-B2_poor_baqala-d00-005595,Riyadh - Souq,Riyadh,Mineral Water Crate,FST-WTR-07,Beverages,1,15.0,15.0,9.0,cash
2026-06-23,TX-B2_poor_baqala-d00-005596,Riyadh - Souq,Riyadh,Mineral Water Crate,FST-WTR-07,Beverages,1,15.0,15.0,9.0,card
2026-06-23,TX-B2_poor_baqala-d00-005597,Riyadh - Souq,Riyadh,Mineral Water Crate,FST-WTR-07,Beverages,1,15.0,15.0,9.0,card
2026-06-23,TX-B2_poor_baqala-d00-005598,Riyadh - Souq,Riyadh,Mineral Water Crate,FST-WTR-07,Beverages,1,15.0,15.0,9.0,mada
2026-06-23,TX-B2_poor_baqala-d00-005599,Riyadh - Souq,Riyadh,Mineral Water Crate,FST-WTR-07,Beverages,1,15.0,15.0,9.0,cash
2026-06-23,TX-B2_poor_baqala-d00-005600,Riyadh - Souq,Riyadh,Mineral Water Crate,FST-WTR-07,Beverages,1,15.0,15.0,9.0,card
2026-06-24,TX-B2_poor_baqala-d00-005601,Riyadh - Souq,Riyadh,Mineral Water Crate,FST-WTR-07,Beverages,1,15.0,15.0,9.0,mada
2026-06-24,TX-B2_poor_baqala-d00-005602,Riyadh - Souq,Riyadh,Mineral Water Crate,FST-WTR-07,Beverages,1,15.0,15.0,9.0,cash
2026-06-24,TX-B2_poor_baqala-d00-005603,Riyadh - Souq,Riyadh,Mineral Water Crate,FST-WTR-07,Beverages,1,15.0,15.0,9.0,cash
2026-06-24,TX-B2_poor_baqala-d00-005604,Riyadh - Souq,Riyadh,Mineral Water Crate,FST-WTR-07,Beverages,1,15.0,15.0,9.0,card
2026-06-24,TX-B2_poor_baqala-d00-005605,Riyadh - Souq,Riyadh,Mineral Water Crate,FST-WTR-07,Beverages,1,15.0,15.0,9.0,mada
2026-06-24,TX-B2_poor_baqala-d00-005606,Riyadh - Souq,Riyadh,Mineral Water Crate,FST-WTR-07,Beverages,1,15.0,15.0,9.0,cash
2026-06-24,TX-B2_poor_baqala-d00-005607,Riyadh - Souq,Riyadh,Mineral Water Crate,FST-WTR-07,Beverages,1,15.0,15.0,9.0,card
2026-06-24,TX-B2_poor_baqala-d00-005608,Riyadh - Souq,Riyadh,Mineral Water Crate,FST-WTR-07,Beverages,1,15.0,15.0,9.0,card
2026-06-24,TX-B2_poor_baqala-d00-005609,Riyadh - Souq,Riyadh,Mineral Water Crate,FST-WTR-07,Beverages,1,15.0,15.0,9.0,cash
2026-06-24,TX-B2_poor_baqala-d00-005610,Riyadh - Souq,Riyadh,Mineral Water Crate,FST-WTR-07,Beverages,1,15.0,15.0,9.0,mada
2026-06-25,TX-B2_poor_baqala-d00-005611,Riyadh - Souq,Riyadh,Mineral Water Crate,FST-WTR-07,Beverages,1,15.0,15.0,9.0,mada
2026-06-25,TX-B2_poor_baqala-d00-005612,Riyadh - Souq,Riyadh,Mineral Water Crate,FST-WTR-07,Beverages,1,15.0,15.0,9.0,mada
2026-06-25,TX-B2_poor_baqala-d00-005613,Riyadh - Souq,Riyadh,Mineral Water Crate,FST-WTR-07,Beverages,1,15.0,15.0,9.0,cash
2026-06-25,TX-B2_poor_baqala-d00-005614,Riyadh - Souq,Riyadh,Mineral Water Crate,FST-WTR-07,Beverages,1,15.0,15.0,9.0,card
2026-06-25,TX-B2_poor_baqala-d00-005615,Riyadh - Souq,Riyadh,Mineral Water Crate,FST-WTR-07,Beverages,1,15.0,15.0,9.0,mada
2026-06-25,TX-B2_poor_baqala-d00-005616,Riyadh - Souq,Riyadh,Mineral Water Crate,FST-WTR-07,Beverages,1,15.0,15.0,9.0,card
2026-06-26,TX-B2_poor_baqala-d00-005617,Riyadh - Souq,Riyadh,Mineral Water Crate,FST-WTR-07,Beverages,1,15.0,15.0,9.0,cash
2026-06-26,TX-B2_poor_baqala-d00-005618,Riyadh - Souq,Riyadh,Mineral Water Crate,FST-WTR-07,Beverages,1,15.0,15.0,9.0,card
2026-06-26,TX-B2_poor_baqala-d00-005619,Riyadh - Souq,Riyadh,Mineral Water Crate,FST-WTR-07,Beverages,1,15.0,15.0,9.0,card
2026-06-26,TX-B2_poor_baqala-d00-005620,Riyadh - Souq,Riyadh,Mineral Water Crate,FST-WTR-07,Beverages,1,15.0,15.0,9.0,card
2026-06-26,TX-B2_poor_baqala-d00-005621,Riyadh - Souq,Riyadh,Mineral Water Crate,FST-WTR-07,Beverages,1,15.0,15.0,9.0,mada
2026-06-26,TX-B2_poor_baqala-d00-005622,Riyadh - Souq,Riyadh,Mineral Water Crate,FST-WTR-07,Beverages,1,15.0,15.0,9.0,cash
2026-06-26,TX-B2_poor_baqala-d00-005623,Riyadh - Souq,Riyadh,Mineral Water Crate,FST-WTR-07,Beverages,1,15.0,15.0,9.0,cash
2026-06-26,TX-B2_poor_baqala-d00-005624,Riyadh - Souq,Riyadh,Mineral Water Crate,FST-WTR-07,Beverages,1,15.0,15.0,9.0,card
2026-06-26,TX-B2_poor_baqala-d00-005625,Riyadh - Souq,Riyadh,Mineral Water Crate,FST-WTR-07,Beverages,1,15.0,15.0,9.0,cash
2026-06-26,TX-B2_poor_baqala-d00-005626,Riyadh - Souq,Riyadh,Mineral Water Crate,FST-WTR-07,Beverages,1,15.0,15.0,9.0,cash
2026-06-27,TX-B2_poor_baqala-d00-005627,Riyadh - Souq,Riyadh,Mineral Water Crate,FST-WTR-07,Beverages,1,15.0,15.0,9.0,mada
2026-06-27,TX-B2_poor_baqala-d00-005628,Riyadh - Souq,Riyadh,Mineral Water Crate,FST-WTR-07,Beverages,1,15.0,15.0,9.0,card
2026-06-27,TX-B2_poor_baqala-d00-005629,Riyadh - Souq,Riyadh,Mineral Water Crate,FST-WTR-07,Beverages,1,15.0,15.0,9.0,card
2026-06-27,TX-B2_poor_baqala-d00-005630,Riyadh - Souq,Riyadh,Mineral Water Crate,FST-WTR-07,Beverages,1,15.0,15.0,9.0,mada
2026-06-27,TX-B2_poor_baqala-d00-005631,Riyadh - Souq,Riyadh,Mineral Water Crate,FST-WTR-07,Beverages,1,15.0,15.0,9.0,cash
2026-06-27,TX-B2_poor_baqala-d00-005632,Riyadh - Souq,Riyadh,Mineral Water Crate,FST-WTR-07,Beverages,1,15.0,15.0,9.0,mada
2026-06-27,TX-B2_poor_baqala-d00-005633,Riyadh - Souq,Riyadh,Mineral Water Crate,FST-WTR-07,Beverages,1,15.0,15.0,9.0,mada
2026-06-27,TX-B2_poor_baqala-d00-005634,Riyadh - Souq,Riyadh,Mineral Water Crate,FST-WTR-07,Beverages,1,15.0,15.0,9.0,card
2026-06-27,TX-B2_poor_baqala-d00-005635,Riyadh - Souq,Riyadh,Mineral Water Crate,FST-WTR-07,Beverages,1,15.0,15.0,9.0,card
2026-06-27,TX-B2_poor_baqala-d00-005636,Riyadh - Souq,Riyadh,Mineral Water Crate,FST-WTR-07,Beverages,1,15.0,15.0,9.0,cash
2026-06-28,TX-B2_poor_baqala-d00-005637,Riyadh - Souq,Riyadh,Mineral Water Crate,FST-WTR-07,Beverages,1,15.0,15.0,9.0,cash
2026-06-28,TX-B2_poor_baqala-d00-005638,Riyadh - Souq,Riyadh,Mineral Water Crate,FST-WTR-07,Beverages,1,15.0,15.0,9.0,cash
2026-06-28,TX-B2_poor_baqala-d00-005639,Riyadh - Souq,Riyadh,Mineral Water Crate,FST-WTR-07,Beverages,1,15.0,15.0,9.0,mada
2026-06-28,TX-B2_poor_baqala-d00-005640,Riyadh - Souq,Riyadh,Mineral Water Crate,FST-WTR-07,Beverages,1,15.0,15.0,9.0,mada
2026-06-28,TX-B2_poor_baqala-d00-005641,Riyadh - Souq,Riyadh,Mineral Water Crate,FST-WTR-07,Beverages,1,15.0,15.0,9.0,mada
2026-06-28,TX-B2_poor_baqala-d00-005642,Riyadh - Souq,Riyadh,Mineral Water Crate,FST-WTR-07,Beverages,1,15.0,15.0,9.0,card
2026-06-28,TX-B2_poor_baqala-d00-005643,Riyadh - Souq,Riyadh,Mineral Water Crate,FST-WTR-07,Beverages,1,15.0,15.0,9.0,mada
2026-06-28,TX-B2_poor_baqala-d00-005644,Riyadh - Souq,Riyadh,Mineral Water Crate,FST-WTR-07,Beverages,1,15.0,15.0,9.0,card
2026-06-29,TX-B2_poor_baqala-d00-005645,Riyadh - Souq,Riyadh,Mineral Water Crate,FST-WTR-07,Beverages,1,15.0,15.0,9.0,mada
2026-06-29,TX-B2_poor_baqala-d00-005646,Riyadh - Souq,Riyadh,Mineral Water Crate,FST-WTR-07,Beverages,1,15.0,15.0,9.0,card
2026-06-29,TX-B2_poor_baqala-d00-005647,Riyadh - Souq,Riyadh,Mineral Water Crate,FST-WTR-07,Beverages,1,15.0,15.0,9.0,card
2026-06-29,TX-B2_poor_baqala-d00-005648,Riyadh - Souq,Riyadh,Mineral Water Crate,FST-WTR-07,Beverages,1,15.0,15.0,9.0,card
2026-06-29,TX-B2_poor_baqala-d00-005649,Riyadh - Souq,Riyadh,Mineral Water Crate,FST-WTR-07,Beverages,1,15.0,15.0,9.0,card
2026-06-29,TX-B2_poor_baqala-d00-005650,Riyadh - Souq,Riyadh,Mineral Water Crate,FST-WTR-07,Beverages,1,15.0,15.0,9.0,card
2026-06-29,TX-B2_poor_baqala-d00-005651,Riyadh - Souq,Riyadh,Mineral Water Crate,FST-WTR-07,Beverages,1,15.0,15.0,9.0,cash
2026-06-29,TX-B2_poor_baqala-d00-005652,Riyadh - Souq,Riyadh,Mineral Water Crate,FST-WTR-07,Beverages,1,15.0,15.0,9.0,card
2026-06-30,TX-B2_poor_baqala-d00-005653,Riyadh - Souq,Riyadh,Mineral Water Crate,FST-WTR-07,Beverages,1,15.0,15.0,9.0,card
2026-06-30,TX-B2_poor_baqala-d00-005654,Riyadh - Souq,Riyadh,Mineral Water Crate,FST-WTR-07,Beverages,1,15.0,15.0,9.0,cash
2026-06-30,TX-B2_poor_baqala-d00-005655,Riyadh - Souq,Riyadh,Mineral Water Crate,FST-WTR-07,Beverages,1,15.0,15.0,9.0,mada
2026-06-30,TX-B2_poor_baqala-d00-005656,Riyadh - Souq,Riyadh,Mineral Water Crate,FST-WTR-07,Beverages,1,15.0,15.0,9.0,cash
2026-06-30,TX-B2_poor_baqala-d00-005657,Riyadh - Souq,Riyadh,Mineral Water Crate,FST-WTR-07,Beverages,1,15.0,15.0,9.0,mada
2026-06-30,TX-B2_poor_baqala-d00-005658,Riyadh - Souq,Riyadh,Mineral Water Crate,FST-WTR-07,Beverages,1,15.0,15.0,9.0,cash
2026-06-30,TX-B2_poor_baqala-d00-005659,Riyadh - Souq,Riyadh,Mineral Water Crate,FST-WTR-07,Beverages,1,15.0,15.0,9.0,card
2026-06-30,TX-B2_poor_baqala-d00-005660,Riyadh - Souq,Riyadh,Mineral Water Crate,FST-WTR-07,Beverages,1,15.0,15.0,9.0,mada
2026-06-30,TX-B2_poor_baqala-d00-005661,Riyadh - Souq,Riyadh,Mineral Water Crate,FST-WTR-07,Beverages,1,15.0,15.0,9.0,cash
2026-06-30,TX-B2_poor_baqala-d00-005662,Riyadh - Souq,Riyadh,Mineral Water Crate,FST-WTR-07,Beverages,1,15.0,15.0,9.0,mada
2026-06-30,TX-B2_poor_baqala-d00-005663,Riyadh - Souq,Riyadh,Mineral Water Crate,FST-WTR-07,Beverages,1,15.0,15.0,9.0,mada
2026-06-30,TX-B2_poor_baqala-d00-005664,Riyadh - Souq,Riyadh,Mineral Water Crate,FST-WTR-07,Beverages,1,15.0,15.0,9.0,cash
2026-07-01,TX-B2_poor_baqala-d00-005665,Riyadh - Souq,Riyadh,Mineral Water Crate,FST-WTR-07,Beverages,1,15.0,15.0,9.0,mada
2026-07-01,TX-B2_poor_baqala-d00-005666,Riyadh - Souq,Riyadh,Mineral Water Crate,FST-WTR-07,Beverages,1,15.0,15.0,9.0,cash
2026-07-01,TX-B2_poor_baqala-d00-005667,Riyadh - Souq,Riyadh,Mineral Water Crate,FST-WTR-07,Beverages,1,15.0,15.0,9.0,card
2026-07-01,TX-B2_poor_baqala-d00-005668,Riyadh - Souq,Riyadh,Mineral Water Crate,FST-WTR-07,Beverages,1,15.0,15.0,9.0,card
2026-07-01,TX-B2_poor_baqala-d00-005669,Riyadh - Souq,Riyadh,Mineral Water Crate,FST-WTR-07,Beverages,1,15.0,15.0,9.0,card
2026-07-01,TX-B2_poor_baqala-d00-005670,Riyadh - Souq,Riyadh,Mineral Water Crate,FST-WTR-07,Beverages,1,15.0,15.0,9.0,mada
2026-07-01,TX-B2_poor_baqala-d00-005671,Riyadh - Souq,Riyadh,Mineral Water Crate,FST-WTR-07,Beverages,1,15.0,15.0,9.0,cash
2026-07-01,TX-B2_poor_baqala-d00-005672,Riyadh - Souq,Riyadh,Mineral Water Crate,FST-WTR-07,Beverages,1,15.0,15.0,9.0,card
2026-07-01,TX-B2_poor_baqala-d00-005673,Riyadh - Souq,Riyadh,Mineral Water Crate,FST-WTR-07,Beverages,1,15.0,15.0,9.0,mada
2026-07-02,TX-B2_poor_baqala-d00-005674,Riyadh - Souq,Riyadh,Mineral Water Crate,FST-WTR-07,Beverages,1,15.0,15.0,9.0,cash
2026-07-02,TX-B2_poor_baqala-d00-005675,Riyadh - Souq,Riyadh,Mineral Water Crate,FST-WTR-07,Beverages,1,15.0,15.0,9.0,cash
2026-07-02,TX-B2_poor_baqala-d00-005676,Riyadh - Souq,Riyadh,Mineral Water Crate,FST-WTR-07,Beverages,1,15.0,15.0,9.0,mada
2026-07-02,TX-B2_poor_baqala-d00-005677,Riyadh - Souq,Riyadh,Mineral Water Crate,FST-WTR-07,Beverages,1,15.0,15.0,9.0,cash
2026-07-02,TX-B2_poor_baqala-d00-005678,Riyadh - Souq,Riyadh,Mineral Water Crate,FST-WTR-07,Beverages,1,15.0,15.0,9.0,card
2026-07-02,TX-B2_poor_baqala-d00-005679,Riyadh - Souq,Riyadh,Mineral Water Crate,FST-WTR-07,Beverages,1,15.0,15.0,9.0,cash
2026-07-02,TX-B2_poor_baqala-d00-005680,Riyadh - Souq,Riyadh,Mineral Water Crate,FST-WTR-07,Beverages,1,15.0,15.0,9.0,mada
2026-07-02,TX-B2_poor_baqala-d00-005681,Riyadh - Souq,Riyadh,Mineral Water Crate,FST-WTR-07,Beverages,1,15.0,15.0,9.0,card
2026-07-02,TX-B2_poor_baqala-d00-005682,Riyadh - Souq,Riyadh,Mineral Water Crate,FST-WTR-07,Beverages,1,15.0,15.0,9.0,card
2026-07-02,TX-B2_poor_baqala-d00-005683,Riyadh - Souq,Riyadh,Mineral Water Crate,FST-WTR-07,Beverages,1,15.0,15.0,9.0,card
2026-07-02,TX-B2_poor_baqala-d00-005684,Riyadh - Souq,Riyadh,Mineral Water Crate,FST-WTR-07,Beverages,1,15.0,15.0,9.0,cash
2026-07-02,TX-B2_poor_baqala-d00-005685,Riyadh - Souq,Riyadh,Mineral Water Crate,FST-WTR-07,Beverages,1,15.0,15.0,9.0,card
2026-07-02,TX-B2_poor_baqala-d00-005686,Riyadh - Souq,Riyadh,Mineral Water Crate,FST-WTR-07,Beverages,1,15.0,15.0,9.0,mada
2026-07-03,TX-B2_poor_baqala-d00-005687,Riyadh - Souq,Riyadh,Mineral Water Crate,FST-WTR-07,Beverages,1,15.0,15.0,9.0,cash
2026-07-03,TX-B2_poor_baqala-d00-005688,Riyadh - Souq,Riyadh,Mineral Water Crate,FST-WTR-07,Beverages,1,15.0,15.0,9.0,cash
2026-07-03,TX-B2_poor_baqala-d00-005689,Riyadh - Souq,Riyadh,Mineral Water Crate,FST-WTR-07,Beverages,1,15.0,15.0,9.0,cash
2026-07-03,TX-B2_poor_baqala-d00-005690,Riyadh - Souq,Riyadh,Mineral Water Crate,FST-WTR-07,Beverages,1,15.0,15.0,9.0,mada
2026-07-03,TX-B2_poor_baqala-d00-005691,Riyadh - Souq,Riyadh,Mineral Water Crate,FST-WTR-07,Beverages,1,15.0,15.0,9.0,card
2026-07-03,TX-B2_poor_baqala-d00-005692,Riyadh - Souq,Riyadh,Mineral Water Crate,FST-WTR-07,Beverages,1,15.0,15.0,9.0,mada
2026-07-03,TX-B2_poor_baqala-d00-005693,Riyadh - Souq,Riyadh,Mineral Water Crate,FST-WTR-07,Beverages,1,15.0,15.0,9.0,cash
2026-07-03,TX-B2_poor_baqala-d00-005694,Riyadh - Souq,Riyadh,Mineral Water Crate,FST-WTR-07,Beverages,1,15.0,15.0,9.0,cash
2026-07-03,TX-B2_poor_baqala-d00-005695,Riyadh - Souq,Riyadh,Mineral Water Crate,FST-WTR-07,Beverages,1,15.0,15.0,9.0,mada
2026-07-04,TX-B2_poor_baqala-d00-005696,Riyadh - Souq,Riyadh,Mineral Water Crate,FST-WTR-07,Beverages,1,15.0,15.0,9.0,card
2026-07-04,TX-B2_poor_baqala-d00-005697,Riyadh - Souq,Riyadh,Mineral Water Crate,FST-WTR-07,Beverages,1,15.0,15.0,9.0,mada
2026-07-04,TX-B2_poor_baqala-d00-005698,Riyadh - Souq,Riyadh,Mineral Water Crate,FST-WTR-07,Beverages,1,15.0,15.0,9.0,cash
2026-07-04,TX-B2_poor_baqala-d00-005699,Riyadh - Souq,Riyadh,Mineral Water Crate,FST-WTR-07,Beverages,1,15.0,15.0,9.0,cash
2026-07-04,TX-B2_poor_baqala-d00-005700,Riyadh - Souq,Riyadh,Mineral Water Crate,FST-WTR-07,Beverages,1,15.0,15.0,9.0,mada
2026-07-04,TX-B2_poor_baqala-d00-005701,Riyadh - Souq,Riyadh,Mineral Water Crate,FST-WTR-07,Beverages,1,15.0,15.0,9.0,cash
2026-07-04,TX-B2_poor_baqala-d00-005702,Riyadh - Souq,Riyadh,Mineral Water Crate,FST-WTR-07,Beverages,1,15.0,15.0,9.0,mada
2026-07-04,TX-B2_poor_baqala-d00-005703,Riyadh - Souq,Riyadh,Mineral Water Crate,FST-WTR-07,Beverages,1,15.0,15.0,9.0,card
2026-07-05,TX-B2_poor_baqala-d00-005704,Riyadh - Souq,Riyadh,Mineral Water Crate,FST-WTR-07,Beverages,1,15.0,15.0,9.0,mada
2026-07-05,TX-B2_poor_baqala-d00-005705,Riyadh - Souq,Riyadh,Mineral Water Crate,FST-WTR-07,Beverages,1,15.0,15.0,9.0,cash
2026-07-05,TX-B2_poor_baqala-d00-005706,Riyadh - Souq,Riyadh,Mineral Water Crate,FST-WTR-07,Beverages,1,15.0,15.0,9.0,card
2026-07-05,TX-B2_poor_baqala-d00-005707,Riyadh - Souq,Riyadh,Mineral Water Crate,FST-WTR-07,Beverages,1,15.0,15.0,9.0,card
2026-07-05,TX-B2_poor_baqala-d00-005708,Riyadh - Souq,Riyadh,Mineral Water Crate,FST-WTR-07,Beverages,1,15.0,15.0,9.0,cash
2026-07-05,TX-B2_poor_baqala-d00-005709,Riyadh - Souq,Riyadh,Mineral Water Crate,FST-WTR-07,Beverages,1,15.0,15.0,9.0,cash
2026-07-05,TX-B2_poor_baqala-d00-005710,Riyadh - Souq,Riyadh,Mineral Water Crate,FST-WTR-07,Beverages,1,15.0,15.0,9.0,cash
2026-07-05,TX-B2_poor_baqala-d00-005711,Riyadh - Souq,Riyadh,Mineral Water Crate,FST-WTR-07,Beverages,1,15.0,15.0,9.0,card
2026-07-05,TX-B2_poor_baqala-d00-005712,Riyadh - Souq,Riyadh,Mineral Water Crate,FST-WTR-07,Beverages,1,15.0,15.0,9.0,mada
2026-07-06,TX-B2_poor_baqala-d00-005713,Riyadh - Souq,Riyadh,Mineral Water Crate,FST-WTR-07,Beverages,1,15.0,15.0,9.0,mada
2026-07-06,TX-B2_poor_baqala-d00-005714,Riyadh - Souq,Riyadh,Mineral Water Crate,FST-WTR-07,Beverages,1,15.0,15.0,9.0,mada
2026-07-06,TX-B2_poor_baqala-d00-005715,Riyadh - Souq,Riyadh,Mineral Water Crate,FST-WTR-07,Beverages,1,15.0,15.0,9.0,mada
2026-07-06,TX-B2_poor_baqala-d00-005716,Riyadh - Souq,Riyadh,Mineral Water Crate,FST-WTR-07,Beverages,1,15.0,15.0,9.0,card
2026-07-06,TX-B2_poor_baqala-d00-005717,Riyadh - Souq,Riyadh,Mineral Water Crate,FST-WTR-07,Beverages,1,15.0,15.0,9.0,card
2026-07-06,TX-B2_poor_baqala-d00-005718,Riyadh - Souq,Riyadh,Mineral Water Crate,FST-WTR-07,Beverages,1,15.0,15.0,9.0,mada
2026-07-06,TX-B2_poor_baqala-d00-005719,Riyadh - Souq,Riyadh,Mineral Water Crate,FST-WTR-07,Beverages,1,15.0,15.0,9.0,cash
2026-07-06,TX-B2_poor_baqala-d00-005720,Riyadh - Souq,Riyadh,Mineral Water Crate,FST-WTR-07,Beverages,1,15.0,15.0,9.0,card
2026-07-06,TX-B2_poor_baqala-d00-005721,Riyadh - Souq,Riyadh,Mineral Water Crate,FST-WTR-07,Beverages,1,15.0,15.0,9.0,cash
2026-07-07,TX-B2_poor_baqala-d00-005722,Riyadh - Souq,Riyadh,Mineral Water Crate,FST-WTR-07,Beverages,1,15.0,15.0,9.0,cash
2026-07-07,TX-B2_poor_baqala-d00-005723,Riyadh - Souq,Riyadh,Mineral Water Crate,FST-WTR-07,Beverages,1,15.0,15.0,9.0,cash
2026-07-07,TX-B2_poor_baqala-d00-005724,Riyadh - Souq,Riyadh,Mineral Water Crate,FST-WTR-07,Beverages,1,15.0,15.0,9.0,mada
2026-07-07,TX-B2_poor_baqala-d00-005725,Riyadh - Souq,Riyadh,Mineral Water Crate,FST-WTR-07,Beverages,1,15.0,15.0,9.0,cash
2026-07-07,TX-B2_poor_baqala-d00-005726,Riyadh - Souq,Riyadh,Mineral Water Crate,FST-WTR-07,Beverages,1,15.0,15.0,9.0,cash
2026-07-07,TX-B2_poor_baqala-d00-005727,Riyadh - Souq,Riyadh,Mineral Water Crate,FST-WTR-07,Beverages,1,15.0,15.0,9.0,cash
2026-07-07,TX-B2_poor_baqala-d00-005728,Riyadh - Souq,Riyadh,Mineral Water Crate,FST-WTR-07,Beverages,1,15.0,15.0,9.0,mada
2026-07-07,TX-B2_poor_baqala-d00-005729,Riyadh - Souq,Riyadh,Mineral Water Crate,FST-WTR-07,Beverages,1,15.0,15.0,9.0,mada
2026-07-07,TX-B2_poor_baqala-d00-005730,Riyadh - Souq,Riyadh,Mineral Water Crate,FST-WTR-07,Beverages,1,15.0,15.0,9.0,mada
2026-07-07,TX-B2_poor_baqala-d00-005731,Riyadh - Souq,Riyadh,Mineral Water Crate,FST-WTR-07,Beverages,1,15.0,15.0,9.0,card
2026-07-08,TX-B2_poor_baqala-d00-005732,Riyadh - Souq,Riyadh,Mineral Water Crate,FST-WTR-07,Beverages,1,15.0,15.0,9.0,card
2026-07-08,TX-B2_poor_baqala-d00-005733,Riyadh - Souq,Riyadh,Mineral Water Crate,FST-WTR-07,Beverages,1,15.0,15.0,9.0,card
2026-07-08,TX-B2_poor_baqala-d00-005734,Riyadh - Souq,Riyadh,Mineral Water Crate,FST-WTR-07,Beverages,1,15.0,15.0,9.0,cash
2026-07-08,TX-B2_poor_baqala-d00-005735,Riyadh - Souq,Riyadh,Mineral Water Crate,FST-WTR-07,Beverages,1,15.0,15.0,9.0,card
2026-07-08,TX-B2_poor_baqala-d00-005736,Riyadh - Souq,Riyadh,Mineral Water Crate,FST-WTR-07,Beverages,1,15.0,15.0,9.0,card
2026-07-08,TX-B2_poor_baqala-d00-005737,Riyadh - Souq,Riyadh,Mineral Water Crate,FST-WTR-07,Beverages,1,15.0,15.0,9.0,mada
2026-07-08,TX-B2_poor_baqala-d00-005738,Riyadh - Souq,Riyadh,Mineral Water Crate,FST-WTR-07,Beverages,1,15.0,15.0,9.0,cash
2026-07-08,TX-B2_poor_baqala-d00-005739,Riyadh - Souq,Riyadh,Mineral Water Crate,FST-WTR-07,Beverages,1,15.0,15.0,9.0,mada
2026-07-09,TX-B2_poor_baqala-d00-005740,Riyadh - Souq,Riyadh,Mineral Water Crate,FST-WTR-07,Beverages,1,15.0,15.0,9.0,card
2026-07-09,TX-B2_poor_baqala-d00-005741,Riyadh - Souq,Riyadh,Mineral Water Crate,FST-WTR-07,Beverages,1,15.0,15.0,9.0,card
2026-07-09,TX-B2_poor_baqala-d00-005742,Riyadh - Souq,Riyadh,Mineral Water Crate,FST-WTR-07,Beverages,1,15.0,15.0,9.0,cash
2026-07-09,TX-B2_poor_baqala-d00-005743,Riyadh - Souq,Riyadh,Mineral Water Crate,FST-WTR-07,Beverages,1,15.0,15.0,9.0,mada
2026-07-09,TX-B2_poor_baqala-d00-005744,Riyadh - Souq,Riyadh,Mineral Water Crate,FST-WTR-07,Beverages,1,15.0,15.0,9.0,cash
2026-07-09,TX-B2_poor_baqala-d00-005745,Riyadh - Souq,Riyadh,Mineral Water Crate,FST-WTR-07,Beverages,1,15.0,15.0,9.0,card
2026-07-09,TX-B2_poor_baqala-d00-005746,Riyadh - Souq,Riyadh,Mineral Water Crate,FST-WTR-07,Beverages,1,15.0,15.0,9.0,mada
2026-07-09,TX-B2_poor_baqala-d00-005747,Riyadh - Souq,Riyadh,Mineral Water Crate,FST-WTR-07,Beverages,1,15.0,15.0,9.0,mada
2026-07-09,TX-B2_poor_baqala-d00-005748,Riyadh - Souq,Riyadh,Mineral Water Crate,FST-WTR-07,Beverages,1,15.0,15.0,9.0,cash
2026-07-09,TX-B2_poor_baqala-d00-005749,Riyadh - Souq,Riyadh,Mineral Water Crate,FST-WTR-07,Beverages,1,15.0,15.0,9.0,cash
2026-07-09,TX-B2_poor_baqala-d00-005750,Riyadh - Souq,Riyadh,Mineral Water Crate,FST-WTR-07,Beverages,1,15.0,15.0,9.0,card
2026-07-09,TX-B2_poor_baqala-d00-005751,Riyadh - Souq,Riyadh,Mineral Water Crate,FST-WTR-07,Beverages,1,15.0,15.0,9.0,card
2026-07-09,TX-B2_poor_baqala-d00-005752,Riyadh - Souq,Riyadh,Mineral Water Crate,FST-WTR-07,Beverages,1,15.0,15.0,9.0,mada
2026-07-10,TX-B2_poor_baqala-d00-005753,Riyadh - Souq,Riyadh,Mineral Water Crate,FST-WTR-07,Beverages,1,15.0,15.0,9.0,mada
2026-07-10,TX-B2_poor_baqala-d00-005754,Riyadh - Souq,Riyadh,Mineral Water Crate,FST-WTR-07,Beverages,1,15.0,15.0,9.0,cash
2026-07-10,TX-B2_poor_baqala-d00-005755,Riyadh - Souq,Riyadh,Mineral Water Crate,FST-WTR-07,Beverages,1,15.0,15.0,9.0,mada
2026-07-10,TX-B2_poor_baqala-d00-005756,Riyadh - Souq,Riyadh,Mineral Water Crate,FST-WTR-07,Beverages,1,15.0,15.0,9.0,mada
2026-07-10,TX-B2_poor_baqala-d00-005757,Riyadh - Souq,Riyadh,Mineral Water Crate,FST-WTR-07,Beverages,1,15.0,15.0,9.0,cash
2026-07-10,TX-B2_poor_baqala-d00-005758,Riyadh - Souq,Riyadh,Mineral Water Crate,FST-WTR-07,Beverages,1,15.0,15.0,9.0,mada
2026-07-10,TX-B2_poor_baqala-d00-005759,Riyadh - Souq,Riyadh,Mineral Water Crate,FST-WTR-07,Beverages,1,15.0,15.0,9.0,mada
2026-07-11,TX-B2_poor_baqala-d00-005760,Riyadh - Souq,Riyadh,Mineral Water Crate,FST-WTR-07,Beverages,1,15.0,15.0,9.0,mada
2026-07-11,TX-B2_poor_baqala-d00-005761,Riyadh - Souq,Riyadh,Mineral Water Crate,FST-WTR-07,Beverages,1,15.0,15.0,9.0,mada
2026-07-11,TX-B2_poor_baqala-d00-005762,Riyadh - Souq,Riyadh,Mineral Water Crate,FST-WTR-07,Beverages,1,15.0,15.0,9.0,mada
2026-07-11,TX-B2_poor_baqala-d00-005763,Riyadh - Souq,Riyadh,Mineral Water Crate,FST-WTR-07,Beverages,1,15.0,15.0,9.0,card
2026-07-11,TX-B2_poor_baqala-d00-005764,Riyadh - Souq,Riyadh,Mineral Water Crate,FST-WTR-07,Beverages,1,15.0,15.0,9.0,card
2026-07-11,TX-B2_poor_baqala-d00-005765,Riyadh - Souq,Riyadh,Mineral Water Crate,FST-WTR-07,Beverages,1,15.0,15.0,9.0,mada
2026-07-11,TX-B2_poor_baqala-d00-005766,Riyadh - Souq,Riyadh,Mineral Water Crate,FST-WTR-07,Beverages,1,15.0,15.0,9.0,cash
2026-07-11,TX-B2_poor_baqala-d00-005767,Riyadh - Souq,Riyadh,Mineral Water Crate,FST-WTR-07,Beverages,1,15.0,15.0,9.0,mada
2026-07-11,TX-B2_poor_baqala-d00-005768,Riyadh - Souq,Riyadh,Mineral Water Crate,FST-WTR-07,Beverages,1,15.0,15.0,9.0,mada
2026-07-12,TX-B2_poor_baqala-d00-005769,Riyadh - Souq,Riyadh,Mineral Water Crate,FST-WTR-07,Beverages,1,15.0,15.0,9.0,cash
2026-07-12,TX-B2_poor_baqala-d00-005770,Riyadh - Souq,Riyadh,Mineral Water Crate,FST-WTR-07,Beverages,1,15.0,15.0,9.0,mada
2026-07-12,TX-B2_poor_baqala-d00-005771,Riyadh - Souq,Riyadh,Mineral Water Crate,FST-WTR-07,Beverages,1,15.0,15.0,9.0,card
2026-07-12,TX-B2_poor_baqala-d00-005772,Riyadh - Souq,Riyadh,Mineral Water Crate,FST-WTR-07,Beverages,1,15.0,15.0,9.0,card
2026-07-12,TX-B2_poor_baqala-d00-005773,Riyadh - Souq,Riyadh,Mineral Water Crate,FST-WTR-07,Beverages,1,15.0,15.0,9.0,card
2026-07-12,TX-B2_poor_baqala-d00-005774,Riyadh - Souq,Riyadh,Mineral Water Crate,FST-WTR-07,Beverages,1,15.0,15.0,9.0,mada
2026-07-12,TX-B2_poor_baqala-d00-005775,Riyadh - Souq,Riyadh,Mineral Water Crate,FST-WTR-07,Beverages,1,15.0,15.0,9.0,mada
2026-07-12,TX-B2_poor_baqala-d00-005776,Riyadh - Souq,Riyadh,Mineral Water Crate,FST-WTR-07,Beverages,1,15.0,15.0,9.0,mada
2026-07-12,TX-B2_poor_baqala-d00-005777,Riyadh - Souq,Riyadh,Mineral Water Crate,FST-WTR-07,Beverages,1,15.0,15.0,9.0,mada
2026-07-13,TX-B2_poor_baqala-d00-005778,Riyadh - Souq,Riyadh,Mineral Water Crate,FST-WTR-07,Beverages,1,15.0,15.0,9.0,cash
2026-07-13,TX-B2_poor_baqala-d00-005779,Riyadh - Souq,Riyadh,Mineral Water Crate,FST-WTR-07,Beverages,1,15.0,15.0,9.0,cash
2026-07-13,TX-B2_poor_baqala-d00-005780,Riyadh - Souq,Riyadh,Mineral Water Crate,FST-WTR-07,Beverages,1,15.0,15.0,9.0,mada
2026-07-13,TX-B2_poor_baqala-d00-005781,Riyadh - Souq,Riyadh,Mineral Water Crate,FST-WTR-07,Beverages,1,15.0,15.0,9.0,mada
2026-07-13,TX-B2_poor_baqala-d00-005782,Riyadh - Souq,Riyadh,Mineral Water Crate,FST-WTR-07,Beverages,1,15.0,15.0,9.0,mada
2026-07-13,TX-B2_poor_baqala-d00-005783,Riyadh - Souq,Riyadh,Mineral Water Crate,FST-WTR-07,Beverages,1,15.0,15.0,9.0,mada
2026-07-13,TX-B2_poor_baqala-d00-005784,Riyadh - Souq,Riyadh,Mineral Water Crate,FST-WTR-07,Beverages,1,15.0,15.0,9.0,card
2026-07-13,TX-B2_poor_baqala-d00-005785,Riyadh - Souq,Riyadh,Mineral Water Crate,FST-WTR-07,Beverages,1,15.0,15.0,9.0,mada
2026-07-14,TX-B2_poor_baqala-d00-005786,Riyadh - Souq,Riyadh,Mineral Water Crate,FST-WTR-07,Beverages,1,15.0,15.0,9.0,cash
2026-07-14,TX-B2_poor_baqala-d00-005787,Riyadh - Souq,Riyadh,Mineral Water Crate,FST-WTR-07,Beverages,1,15.0,15.0,9.0,mada
2026-07-14,TX-B2_poor_baqala-d00-005788,Riyadh - Souq,Riyadh,Mineral Water Crate,FST-WTR-07,Beverages,1,15.0,15.0,9.0,cash
2026-07-14,TX-B2_poor_baqala-d00-005789,Riyadh - Souq,Riyadh,Mineral Water Crate,FST-WTR-07,Beverages,1,15.0,15.0,9.0,cash
2026-07-14,TX-B2_poor_baqala-d00-005790,Riyadh - Souq,Riyadh,Mineral Water Crate,FST-WTR-07,Beverages,1,15.0,15.0,9.0,cash
2026-07-14,TX-B2_poor_baqala-d00-005791,Riyadh - Souq,Riyadh,Mineral Water Crate,FST-WTR-07,Beverages,1,15.0,15.0,9.0,mada
2026-07-14,TX-B2_poor_baqala-d00-005792,Riyadh - Souq,Riyadh,Mineral Water Crate,FST-WTR-07,Beverages,1,15.0,15.0,9.0,cash
2026-07-14,TX-B2_poor_baqala-d00-005793,Riyadh - Souq,Riyadh,Mineral Water Crate,FST-WTR-07,Beverages,1,15.0,15.0,9.0,cash
2026-07-14,TX-B2_poor_baqala-d00-005794,Riyadh - Souq,Riyadh,Mineral Water Crate,FST-WTR-07,Beverages,1,15.0,15.0,9.0,mada
2026-07-14,TX-B2_poor_baqala-d00-005795,Riyadh - Souq,Riyadh,Mineral Water Crate,FST-WTR-07,Beverages,1,15.0,15.0,9.0,card
2026-07-14,TX-B2_poor_baqala-d00-005796,Riyadh - Souq,Riyadh,Mineral Water Crate,FST-WTR-07,Beverages,1,15.0,15.0,9.0,cash
2026-07-14,TX-B2_poor_baqala-d00-005797,Riyadh - Souq,Riyadh,Mineral Water Crate,FST-WTR-07,Beverages,1,15.0,15.0,9.0,card
2026-07-15,TX-B2_poor_baqala-d00-005798,Riyadh - Souq,Riyadh,Mineral Water Crate,FST-WTR-07,Beverages,1,15.0,15.0,9.0,cash
2026-07-15,TX-B2_poor_baqala-d00-005799,Riyadh - Souq,Riyadh,Mineral Water Crate,FST-WTR-07,Beverages,1,15.0,15.0,9.0,card
2026-07-15,TX-B2_poor_baqala-d00-005800,Riyadh - Souq,Riyadh,Mineral Water Crate,FST-WTR-07,Beverages,1,15.0,15.0,9.0,card
2026-07-15,TX-B2_poor_baqala-d00-005801,Riyadh - Souq,Riyadh,Mineral Water Crate,FST-WTR-07,Beverages,1,15.0,15.0,9.0,card
2026-07-15,TX-B2_poor_baqala-d00-005802,Riyadh - Souq,Riyadh,Mineral Water Crate,FST-WTR-07,Beverages,1,15.0,15.0,9.0,cash
2026-07-15,TX-B2_poor_baqala-d00-005803,Riyadh - Souq,Riyadh,Mineral Water Crate,FST-WTR-07,Beverages,1,15.0,15.0,9.0,mada
2026-07-15,TX-B2_poor_baqala-d00-005804,Riyadh - Souq,Riyadh,Mineral Water Crate,FST-WTR-07,Beverages,1,15.0,15.0,9.0,mada
2026-07-16,TX-B2_poor_baqala-d00-005805,Riyadh - Souq,Riyadh,Mineral Water Crate,FST-WTR-07,Beverages,1,15.0,15.0,9.0,cash
2026-07-16,TX-B2_poor_baqala-d00-005806,Riyadh - Souq,Riyadh,Mineral Water Crate,FST-WTR-07,Beverages,1,15.0,15.0,9.0,cash
2026-07-16,TX-B2_poor_baqala-d00-005807,Riyadh - Souq,Riyadh,Mineral Water Crate,FST-WTR-07,Beverages,1,15.0,15.0,9.0,cash
2026-07-16,TX-B2_poor_baqala-d00-005808,Riyadh - Souq,Riyadh,Mineral Water Crate,FST-WTR-07,Beverages,1,15.0,15.0,9.0,mada
2026-07-16,TX-B2_poor_baqala-d00-005809,Riyadh - Souq,Riyadh,Mineral Water Crate,FST-WTR-07,Beverages,1,15.0,15.0,9.0,card
2026-07-16,TX-B2_poor_baqala-d00-005810,Riyadh - Souq,Riyadh,Mineral Water Crate,FST-WTR-07,Beverages,1,15.0,15.0,9.0,mada
2026-07-16,TX-B2_poor_baqala-d00-005811,Riyadh - Souq,Riyadh,Mineral Water Crate,FST-WTR-07,Beverages,1,15.0,15.0,9.0,mada
2026-07-16,TX-B2_poor_baqala-d00-005812,Riyadh - Souq,Riyadh,Mineral Water Crate,FST-WTR-07,Beverages,1,15.0,15.0,9.0,cash
2026-07-16,TX-B2_poor_baqala-d00-005813,Riyadh - Souq,Riyadh,Mineral Water Crate,FST-WTR-07,Beverages,1,15.0,15.0,9.0,mada
2026-07-16,TX-B2_poor_baqala-d00-005814,Riyadh - Souq,Riyadh,Mineral Water Crate,FST-WTR-07,Beverages,1,15.0,15.0,9.0,mada
2026-07-16,TX-B2_poor_baqala-d00-005815,Riyadh - Souq,Riyadh,Mineral Water Crate,FST-WTR-07,Beverages,1,15.0,15.0,9.0,card
2026-07-16,TX-B2_poor_baqala-d00-005816,Riyadh - Souq,Riyadh,Mineral Water Crate,FST-WTR-07,Beverages,1,15.0,15.0,9.0,mada
2026-07-16,TX-B2_poor_baqala-d00-005817,Riyadh - Souq,Riyadh,Mineral Water Crate,FST-WTR-07,Beverages,1,15.0,15.0,9.0,card
2026-07-17,TX-B2_poor_baqala-d00-005818,Riyadh - Souq,Riyadh,Mineral Water Crate,FST-WTR-07,Beverages,1,15.0,15.0,9.0,mada
2026-07-17,TX-B2_poor_baqala-d00-005819,Riyadh - Souq,Riyadh,Mineral Water Crate,FST-WTR-07,Beverages,1,15.0,15.0,9.0,card
2026-07-17,TX-B2_poor_baqala-d00-005820,Riyadh - Souq,Riyadh,Mineral Water Crate,FST-WTR-07,Beverages,1,15.0,15.0,9.0,cash
2026-07-17,TX-B2_poor_baqala-d00-005821,Riyadh - Souq,Riyadh,Mineral Water Crate,FST-WTR-07,Beverages,1,15.0,15.0,9.0,cash
2026-07-17,TX-B2_poor_baqala-d00-005822,Riyadh - Souq,Riyadh,Mineral Water Crate,FST-WTR-07,Beverages,1,15.0,15.0,9.0,mada
2026-07-17,TX-B2_poor_baqala-d00-005823,Riyadh - Souq,Riyadh,Mineral Water Crate,FST-WTR-07,Beverages,1,15.0,15.0,9.0,mada
2026-07-17,TX-B2_poor_baqala-d00-005824,Riyadh - Souq,Riyadh,Mineral Water Crate,FST-WTR-07,Beverages,1,15.0,15.0,9.0,card
2026-07-17,TX-B2_poor_baqala-d00-005825,Riyadh - Souq,Riyadh,Mineral Water Crate,FST-WTR-07,Beverages,1,15.0,15.0,9.0,cash
2026-07-17,TX-B2_poor_baqala-d00-005826,Riyadh - Souq,Riyadh,Mineral Water Crate,FST-WTR-07,Beverages,1,15.0,15.0,9.0,cash
2026-07-18,TX-B2_poor_baqala-d00-005827,Riyadh - Souq,Riyadh,Mineral Water Crate,FST-WTR-07,Beverages,1,15.0,15.0,9.0,card
2026-07-18,TX-B2_poor_baqala-d00-005828,Riyadh - Souq,Riyadh,Mineral Water Crate,FST-WTR-07,Beverages,1,15.0,15.0,9.0,card
2026-07-18,TX-B2_poor_baqala-d00-005829,Riyadh - Souq,Riyadh,Mineral Water Crate,FST-WTR-07,Beverages,1,15.0,15.0,9.0,mada
2026-07-18,TX-B2_poor_baqala-d00-005830,Riyadh - Souq,Riyadh,Mineral Water Crate,FST-WTR-07,Beverages,1,15.0,15.0,9.0,card
2026-07-18,TX-B2_poor_baqala-d00-005831,Riyadh - Souq,Riyadh,Mineral Water Crate,FST-WTR-07,Beverages,1,15.0,15.0,9.0,card
2026-07-18,TX-B2_poor_baqala-d00-005832,Riyadh - Souq,Riyadh,Mineral Water Crate,FST-WTR-07,Beverages,1,15.0,15.0,9.0,card
2026-07-18,TX-B2_poor_baqala-d00-005833,Riyadh - Souq,Riyadh,Mineral Water Crate,FST-WTR-07,Beverages,1,15.0,15.0,9.0,cash
2026-07-18,TX-B2_poor_baqala-d00-005834,Riyadh - Souq,Riyadh,Mineral Water Crate,FST-WTR-07,Beverages,1,15.0,15.0,9.0,cash
2026-07-18,TX-B2_poor_baqala-d00-005835,Riyadh - Souq,Riyadh,Mineral Water Crate,FST-WTR-07,Beverages,1,15.0,15.0,9.0,cash
2026-07-18,TX-B2_poor_baqala-d00-005836,Riyadh - Souq,Riyadh,Mineral Water Crate,FST-WTR-07,Beverages,1,15.0,15.0,9.0,cash
2026-07-18,TX-B2_poor_baqala-d00-005837,Riyadh - Souq,Riyadh,Mineral Water Crate,FST-WTR-07,Beverages,1,15.0,15.0,9.0,card
2026-07-19,TX-B2_poor_baqala-d00-005838,Riyadh - Souq,Riyadh,Mineral Water Crate,FST-WTR-07,Beverages,1,15.0,15.0,9.0,mada
2026-07-19,TX-B2_poor_baqala-d00-005839,Riyadh - Souq,Riyadh,Mineral Water Crate,FST-WTR-07,Beverages,1,15.0,15.0,9.0,mada
2026-07-19,TX-B2_poor_baqala-d00-005840,Riyadh - Souq,Riyadh,Mineral Water Crate,FST-WTR-07,Beverages,1,15.0,15.0,9.0,mada
2026-07-19,TX-B2_poor_baqala-d00-005841,Riyadh - Souq,Riyadh,Mineral Water Crate,FST-WTR-07,Beverages,1,15.0,15.0,9.0,cash
2026-07-19,TX-B2_poor_baqala-d00-005842,Riyadh - Souq,Riyadh,Mineral Water Crate,FST-WTR-07,Beverages,1,15.0,15.0,9.0,card
2026-07-19,TX-B2_poor_baqala-d00-005843,Riyadh - Souq,Riyadh,Mineral Water Crate,FST-WTR-07,Beverages,1,15.0,15.0,9.0,cash
2026-07-19,TX-B2_poor_baqala-d00-005844,Riyadh - Souq,Riyadh,Mineral Water Crate,FST-WTR-07,Beverages,1,15.0,15.0,9.0,mada
2026-07-19,TX-B2_poor_baqala-d00-005845,Riyadh - Souq,Riyadh,Mineral Water Crate,FST-WTR-07,Beverages,1,15.0,15.0,9.0,card
2026-07-19,TX-B2_poor_baqala-d00-005846,Riyadh - Souq,Riyadh,Mineral Water Crate,FST-WTR-07,Beverages,1,15.0,15.0,9.0,mada
2026-07-19,TX-B2_poor_baqala-d00-005847,Riyadh - Souq,Riyadh,Mineral Water Crate,FST-WTR-07,Beverages,1,15.0,15.0,9.0,card
2026-07-19,TX-B2_poor_baqala-d00-005848,Riyadh - Souq,Riyadh,Mineral Water Crate,FST-WTR-07,Beverages,1,15.0,15.0,9.0,cash
2026-07-19,TX-B2_poor_baqala-d00-005849,Riyadh - Souq,Riyadh,Mineral Water Crate,FST-WTR-07,Beverages,1,15.0,15.0,9.0,mada
2026-07-20,TX-B2_poor_baqala-d00-005850,Riyadh - Souq,Riyadh,Mineral Water Crate,FST-WTR-07,Beverages,1,15.0,15.0,9.0,mada
2026-07-20,TX-B2_poor_baqala-d00-005851,Riyadh - Souq,Riyadh,Mineral Water Crate,FST-WTR-07,Beverages,1,15.0,15.0,9.0,card
2026-07-20,TX-B2_poor_baqala-d00-005852,Riyadh - Souq,Riyadh,Mineral Water Crate,FST-WTR-07,Beverages,1,15.0,15.0,9.0,cash
2026-07-20,TX-B2_poor_baqala-d00-005853,Riyadh - Souq,Riyadh,Mineral Water Crate,FST-WTR-07,Beverages,1,15.0,15.0,9.0,mada
2026-07-20,TX-B2_poor_baqala-d00-005854,Riyadh - Souq,Riyadh,Mineral Water Crate,FST-WTR-07,Beverages,1,15.0,15.0,9.0,cash
2026-07-20,TX-B2_poor_baqala-d00-005855,Riyadh - Souq,Riyadh,Mineral Water Crate,FST-WTR-07,Beverages,1,15.0,15.0,9.0,card
2026-07-21,TX-B2_poor_baqala-d00-005856,Riyadh - Souq,Riyadh,Mineral Water Crate,FST-WTR-07,Beverages,1,15.0,15.0,9.0,mada
2026-07-21,TX-B2_poor_baqala-d00-005857,Riyadh - Souq,Riyadh,Mineral Water Crate,FST-WTR-07,Beverages,1,15.0,15.0,9.0,mada
2026-07-21,TX-B2_poor_baqala-d00-005858,Riyadh - Souq,Riyadh,Mineral Water Crate,FST-WTR-07,Beverages,1,15.0,15.0,9.0,cash
2026-07-21,TX-B2_poor_baqala-d00-005859,Riyadh - Souq,Riyadh,Mineral Water Crate,FST-WTR-07,Beverages,1,15.0,15.0,9.0,cash
2026-07-21,TX-B2_poor_baqala-d00-005860,Riyadh - Souq,Riyadh,Mineral Water Crate,FST-WTR-07,Beverages,1,15.0,15.0,9.0,mada
2026-07-21,TX-B2_poor_baqala-d00-005861,Riyadh - Souq,Riyadh,Mineral Water Crate,FST-WTR-07,Beverages,1,15.0,15.0,9.0,mada
2026-07-21,TX-B2_poor_baqala-d00-005862,Riyadh - Souq,Riyadh,Mineral Water Crate,FST-WTR-07,Beverages,1,15.0,15.0,9.0,card
2026-07-21,TX-B2_poor_baqala-d00-005863,Riyadh - Souq,Riyadh,Mineral Water Crate,FST-WTR-07,Beverages,1,15.0,15.0,9.0,card
2026-07-21,TX-B2_poor_baqala-d00-005864,Riyadh - Souq,Riyadh,Mineral Water Crate,FST-WTR-07,Beverages,1,15.0,15.0,9.0,card
2026-07-22,TX-B2_poor_baqala-d00-005865,Riyadh - Souq,Riyadh,Mineral Water Crate,FST-WTR-07,Beverages,1,15.0,15.0,9.0,card
2026-07-22,TX-B2_poor_baqala-d00-005866,Riyadh - Souq,Riyadh,Mineral Water Crate,FST-WTR-07,Beverages,1,15.0,15.0,9.0,cash
2026-07-22,TX-B2_poor_baqala-d00-005867,Riyadh - Souq,Riyadh,Mineral Water Crate,FST-WTR-07,Beverages,1,15.0,15.0,9.0,cash
2026-07-22,TX-B2_poor_baqala-d00-005868,Riyadh - Souq,Riyadh,Mineral Water Crate,FST-WTR-07,Beverages,1,15.0,15.0,9.0,mada
2026-07-22,TX-B2_poor_baqala-d00-005869,Riyadh - Souq,Riyadh,Mineral Water Crate,FST-WTR-07,Beverages,1,15.0,15.0,9.0,mada
2026-07-22,TX-B2_poor_baqala-d00-005870,Riyadh - Souq,Riyadh,Mineral Water Crate,FST-WTR-07,Beverages,1,15.0,15.0,9.0,mada
2026-07-22,TX-B2_poor_baqala-d00-005871,Riyadh - Souq,Riyadh,Mineral Water Crate,FST-WTR-07,Beverages,1,15.0,15.0,9.0,mada
2026-07-22,TX-B2_poor_baqala-d00-005872,Riyadh - Souq,Riyadh,Mineral Water Crate,FST-WTR-07,Beverages,1,15.0,15.0,9.0,card
2026-07-22,TX-B2_poor_baqala-d00-005873,Riyadh - Souq,Riyadh,Mineral Water Crate,FST-WTR-07,Beverages,1,15.0,15.0,9.0,card
2026-07-22,TX-B2_poor_baqala-d00-005874,Riyadh - Souq,Riyadh,Mineral Water Crate,FST-WTR-07,Beverages,1,15.0,15.0,9.0,cash
2026-07-23,TX-B2_poor_baqala-d00-005875,Riyadh - Souq,Riyadh,Mineral Water Crate,FST-WTR-07,Beverages,1,15.0,15.0,9.0,card
2026-07-23,TX-B2_poor_baqala-d00-005876,Riyadh - Souq,Riyadh,Mineral Water Crate,FST-WTR-07,Beverages,1,15.0,15.0,9.0,card
2026-07-23,TX-B2_poor_baqala-d00-005877,Riyadh - Souq,Riyadh,Mineral Water Crate,FST-WTR-07,Beverages,1,15.0,15.0,9.0,mada
2026-07-23,TX-B2_poor_baqala-d00-005878,Riyadh - Souq,Riyadh,Mineral Water Crate,FST-WTR-07,Beverages,1,15.0,15.0,9.0,mada
2026-07-23,TX-B2_poor_baqala-d00-005879,Riyadh - Souq,Riyadh,Mineral Water Crate,FST-WTR-07,Beverages,1,15.0,15.0,9.0,mada
2026-07-23,TX-B2_poor_baqala-d00-005880,Riyadh - Souq,Riyadh,Mineral Water Crate,FST-WTR-07,Beverages,1,15.0,15.0,9.0,mada
2026-07-23,TX-B2_poor_baqala-d00-005881,Riyadh - Souq,Riyadh,Mineral Water Crate,FST-WTR-07,Beverages,1,15.0,15.0,9.0,mada
2026-07-23,TX-B2_poor_baqala-d00-005882,Riyadh - Souq,Riyadh,Mineral Water Crate,FST-WTR-07,Beverages,1,15.0,15.0,9.0,mada
2026-07-23,TX-B2_poor_baqala-d00-005883,Riyadh - Souq,Riyadh,Mineral Water Crate,FST-WTR-07,Beverages,1,15.0,15.0,9.0,cash
2026-07-24,TX-B2_poor_baqala-d00-005884,Riyadh - Souq,Riyadh,Mineral Water Crate,FST-WTR-07,Beverages,1,15.0,15.0,9.0,mada
2026-07-24,TX-B2_poor_baqala-d00-005885,Riyadh - Souq,Riyadh,Mineral Water Crate,FST-WTR-07,Beverages,1,15.0,15.0,9.0,card
2026-07-24,TX-B2_poor_baqala-d00-005886,Riyadh - Souq,Riyadh,Mineral Water Crate,FST-WTR-07,Beverages,1,15.0,15.0,9.0,cash
2026-07-24,TX-B2_poor_baqala-d00-005887,Riyadh - Souq,Riyadh,Mineral Water Crate,FST-WTR-07,Beverages,1,15.0,15.0,9.0,card
2026-07-24,TX-B2_poor_baqala-d00-005888,Riyadh - Souq,Riyadh,Mineral Water Crate,FST-WTR-07,Beverages,1,15.0,15.0,9.0,mada
2026-07-24,TX-B2_poor_baqala-d00-005889,Riyadh - Souq,Riyadh,Mineral Water Crate,FST-WTR-07,Beverages,1,15.0,15.0,9.0,cash
2026-07-24,TX-B2_poor_baqala-d00-005890,Riyadh - Souq,Riyadh,Mineral Water Crate,FST-WTR-07,Beverages,1,15.0,15.0,9.0,card
2026-07-24,TX-B2_poor_baqala-d00-005891,Riyadh - Souq,Riyadh,Mineral Water Crate,FST-WTR-07,Beverages,1,15.0,15.0,9.0,card
2026-07-24,TX-B2_poor_baqala-d00-005892,Riyadh - Souq,Riyadh,Mineral Water Crate,FST-WTR-07,Beverages,1,15.0,15.0,9.0,cash
2026-07-24,TX-B2_poor_baqala-d00-005893,Riyadh - Souq,Riyadh,Mineral Water Crate,FST-WTR-07,Beverages,1,15.0,15.0,9.0,mada
2026-07-24,TX-B2_poor_baqala-d00-005894,Riyadh - Souq,Riyadh,Mineral Water Crate,FST-WTR-07,Beverages,1,15.0,15.0,9.0,card
2026-07-24,TX-B2_poor_baqala-d00-005895,Riyadh - Souq,Riyadh,Mineral Water Crate,FST-WTR-07,Beverages,1,15.0,15.0,9.0,mada
2026-07-25,TX-B2_poor_baqala-d00-005896,Riyadh - Souq,Riyadh,Mineral Water Crate,FST-WTR-07,Beverages,1,15.0,15.0,9.0,mada
2026-07-25,TX-B2_poor_baqala-d00-005897,Riyadh - Souq,Riyadh,Mineral Water Crate,FST-WTR-07,Beverages,1,15.0,15.0,9.0,mada
2026-07-25,TX-B2_poor_baqala-d00-005898,Riyadh - Souq,Riyadh,Mineral Water Crate,FST-WTR-07,Beverages,1,15.0,15.0,9.0,cash
2026-07-25,TX-B2_poor_baqala-d00-005899,Riyadh - Souq,Riyadh,Mineral Water Crate,FST-WTR-07,Beverages,1,15.0,15.0,9.0,cash
2026-07-25,TX-B2_poor_baqala-d00-005900,Riyadh - Souq,Riyadh,Mineral Water Crate,FST-WTR-07,Beverages,1,15.0,15.0,9.0,mada
2026-07-25,TX-B2_poor_baqala-d00-005901,Riyadh - Souq,Riyadh,Mineral Water Crate,FST-WTR-07,Beverages,1,15.0,15.0,9.0,cash
2026-07-25,TX-B2_poor_baqala-d00-005902,Riyadh - Souq,Riyadh,Mineral Water Crate,FST-WTR-07,Beverages,1,15.0,15.0,9.0,cash
2026-07-25,TX-B2_poor_baqala-d00-005903,Riyadh - Souq,Riyadh,Mineral Water Crate,FST-WTR-07,Beverages,1,15.0,15.0,9.0,mada
2026-07-26,TX-B2_poor_baqala-d00-005904,Riyadh - Souq,Riyadh,Mineral Water Crate,FST-WTR-07,Beverages,1,15.0,15.0,9.0,mada
2026-07-26,TX-B2_poor_baqala-d00-005905,Riyadh - Souq,Riyadh,Mineral Water Crate,FST-WTR-07,Beverages,1,15.0,15.0,9.0,cash
2026-07-26,TX-B2_poor_baqala-d00-005906,Riyadh - Souq,Riyadh,Mineral Water Crate,FST-WTR-07,Beverages,1,15.0,15.0,9.0,mada
2026-07-26,TX-B2_poor_baqala-d00-005907,Riyadh - Souq,Riyadh,Mineral Water Crate,FST-WTR-07,Beverages,1,15.0,15.0,9.0,cash
2026-07-26,TX-B2_poor_baqala-d00-005908,Riyadh - Souq,Riyadh,Mineral Water Crate,FST-WTR-07,Beverages,1,15.0,15.0,9.0,mada
2026-07-26,TX-B2_poor_baqala-d00-005909,Riyadh - Souq,Riyadh,Mineral Water Crate,FST-WTR-07,Beverages,1,15.0,15.0,9.0,card
2026-07-26,TX-B2_poor_baqala-d00-005910,Riyadh - Souq,Riyadh,Mineral Water Crate,FST-WTR-07,Beverages,1,15.0,15.0,9.0,card
2026-07-26,TX-B2_poor_baqala-d00-005911,Riyadh - Souq,Riyadh,Mineral Water Crate,FST-WTR-07,Beverages,1,15.0,15.0,9.0,cash
2026-07-26,TX-B2_poor_baqala-d00-005912,Riyadh - Souq,Riyadh,Mineral Water Crate,FST-WTR-07,Beverages,1,15.0,15.0,9.0,cash
2026-07-26,TX-B2_poor_baqala-d00-005913,Riyadh - Souq,Riyadh,Mineral Water Crate,FST-WTR-07,Beverages,1,15.0,15.0,9.0,cash
2026-07-27,TX-B2_poor_baqala-d00-005914,Riyadh - Souq,Riyadh,Mineral Water Crate,FST-WTR-07,Beverages,1,15.0,15.0,9.0,card
2026-07-27,TX-B2_poor_baqala-d00-005915,Riyadh - Souq,Riyadh,Mineral Water Crate,FST-WTR-07,Beverages,1,15.0,15.0,9.0,cash
2026-07-27,TX-B2_poor_baqala-d00-005916,Riyadh - Souq,Riyadh,Mineral Water Crate,FST-WTR-07,Beverages,1,15.0,15.0,9.0,cash
2026-07-27,TX-B2_poor_baqala-d00-005917,Riyadh - Souq,Riyadh,Mineral Water Crate,FST-WTR-07,Beverages,1,15.0,15.0,9.0,mada
2026-07-27,TX-B2_poor_baqala-d00-005918,Riyadh - Souq,Riyadh,Mineral Water Crate,FST-WTR-07,Beverages,1,15.0,15.0,9.0,card
2026-07-27,TX-B2_poor_baqala-d00-005919,Riyadh - Souq,Riyadh,Mineral Water Crate,FST-WTR-07,Beverages,1,15.0,15.0,9.0,card
2026-07-27,TX-B2_poor_baqala-d00-005920,Riyadh - Souq,Riyadh,Mineral Water Crate,FST-WTR-07,Beverages,1,15.0,15.0,9.0,cash
2026-07-27,TX-B2_poor_baqala-d00-005921,Riyadh - Souq,Riyadh,Mineral Water Crate,FST-WTR-07,Beverages,1,15.0,15.0,9.0,mada
2026-07-27,TX-B2_poor_baqala-d00-005922,Riyadh - Souq,Riyadh,Mineral Water Crate,FST-WTR-07,Beverages,1,15.0,15.0,9.0,cash
2026-07-28,TX-B2_poor_baqala-d00-005923,Riyadh - Souq,Riyadh,Mineral Water Crate,FST-WTR-07,Beverages,1,15.0,15.0,9.0,card
2026-07-28,TX-B2_poor_baqala-d00-005924,Riyadh - Souq,Riyadh,Mineral Water Crate,FST-WTR-07,Beverages,1,15.0,15.0,9.0,cash
2026-07-28,TX-B2_poor_baqala-d00-005925,Riyadh - Souq,Riyadh,Mineral Water Crate,FST-WTR-07,Beverages,1,15.0,15.0,9.0,card
2026-07-28,TX-B2_poor_baqala-d00-005926,Riyadh - Souq,Riyadh,Mineral Water Crate,FST-WTR-07,Beverages,1,15.0,15.0,9.0,card
2026-07-28,TX-B2_poor_baqala-d00-005927,Riyadh - Souq,Riyadh,Mineral Water Crate,FST-WTR-07,Beverages,1,15.0,15.0,9.0,cash
2026-07-28,TX-B2_poor_baqala-d00-005928,Riyadh - Souq,Riyadh,Mineral Water Crate,FST-WTR-07,Beverages,1,15.0,15.0,9.0,cash
2026-07-28,TX-B2_poor_baqala-d00-005929,Riyadh - Souq,Riyadh,Mineral Water Crate,FST-WTR-07,Beverages,1,15.0,15.0,9.0,card
2026-07-28,TX-B2_poor_baqala-d00-005930,Riyadh - Souq,Riyadh,Mineral Water Crate,FST-WTR-07,Beverages,1,15.0,15.0,9.0,card
2026-07-28,TX-B2_poor_baqala-d00-005931,Riyadh - Souq,Riyadh,Mineral Water Crate,FST-WTR-07,Beverages,1,15.0,15.0,9.0,mada
2026-07-28,TX-B2_poor_baqala-d00-005932,Riyadh - Souq,Riyadh,Mineral Water Crate,FST-WTR-07,Beverages,1,15.0,15.0,9.0,card
2026-07-28,TX-B2_poor_baqala-d00-005933,Riyadh - Souq,Riyadh,Mineral Water Crate,FST-WTR-07,Beverages,1,15.0,15.0,9.0,card
2026-07-28,TX-B2_poor_baqala-d00-005934,Riyadh - Souq,Riyadh,Mineral Water Crate,FST-WTR-07,Beverages,1,15.0,15.0,9.0,card
2026-07-28,TX-B2_poor_baqala-d00-005935,Riyadh - Souq,Riyadh,Mineral Water Crate,FST-WTR-07,Beverages,1,15.0,15.0,9.0,mada
2026-07-29,TX-B2_poor_baqala-d00-005936,Riyadh - Souq,Riyadh,Mineral Water Crate,FST-WTR-07,Beverages,1,15.0,15.0,9.0,mada
2026-07-29,TX-B2_poor_baqala-d00-005937,Riyadh - Souq,Riyadh,Mineral Water Crate,FST-WTR-07,Beverages,1,15.0,15.0,9.0,card
2026-07-29,TX-B2_poor_baqala-d00-005938,Riyadh - Souq,Riyadh,Mineral Water Crate,FST-WTR-07,Beverages,1,15.0,15.0,9.0,card
2026-07-29,TX-B2_poor_baqala-d00-005939,Riyadh - Souq,Riyadh,Mineral Water Crate,FST-WTR-07,Beverages,1,15.0,15.0,9.0,cash
2026-07-29,TX-B2_poor_baqala-d00-005940,Riyadh - Souq,Riyadh,Mineral Water Crate,FST-WTR-07,Beverages,1,15.0,15.0,9.0,card
2026-07-29,TX-B2_poor_baqala-d00-005941,Riyadh - Souq,Riyadh,Mineral Water Crate,FST-WTR-07,Beverages,1,15.0,15.0,9.0,card
2026-07-29,TX-B2_poor_baqala-d00-005942,Riyadh - Souq,Riyadh,Mineral Water Crate,FST-WTR-07,Beverages,1,15.0,15.0,9.0,mada
2026-07-29,TX-B2_poor_baqala-d00-005943,Riyadh - Souq,Riyadh,Mineral Water Crate,FST-WTR-07,Beverages,1,15.0,15.0,9.0,card
2026-07-29,TX-B2_poor_baqala-d00-005944,Riyadh - Souq,Riyadh,Mineral Water Crate,FST-WTR-07,Beverages,1,15.0,15.0,9.0,mada
2026-07-29,TX-B2_poor_baqala-d00-005945,Riyadh - Souq,Riyadh,Mineral Water Crate,FST-WTR-07,Beverages,1,15.0,15.0,9.0,card
2026-07-30,TX-B2_poor_baqala-d00-005946,Riyadh - Souq,Riyadh,Mineral Water Crate,FST-WTR-07,Beverages,1,15.0,15.0,9.0,card
2026-07-30,TX-B2_poor_baqala-d00-005947,Riyadh - Souq,Riyadh,Mineral Water Crate,FST-WTR-07,Beverages,1,15.0,15.0,9.0,cash
2026-07-30,TX-B2_poor_baqala-d00-005948,Riyadh - Souq,Riyadh,Mineral Water Crate,FST-WTR-07,Beverages,1,15.0,15.0,9.0,mada
2026-07-30,TX-B2_poor_baqala-d00-005949,Riyadh - Souq,Riyadh,Mineral Water Crate,FST-WTR-07,Beverages,1,15.0,15.0,9.0,mada
2026-07-30,TX-B2_poor_baqala-d00-005950,Riyadh - Souq,Riyadh,Mineral Water Crate,FST-WTR-07,Beverages,1,15.0,15.0,9.0,cash
2026-07-30,TX-B2_poor_baqala-d00-005951,Riyadh - Souq,Riyadh,Mineral Water Crate,FST-WTR-07,Beverages,1,15.0,15.0,9.0,mada
2026-07-30,TX-B2_poor_baqala-d00-005952,Riyadh - Souq,Riyadh,Mineral Water Crate,FST-WTR-07,Beverages,1,15.0,15.0,9.0,mada
2026-07-30,TX-B2_poor_baqala-d00-005953,Riyadh - Souq,Riyadh,Mineral Water Crate,FST-WTR-07,Beverages,1,15.0,15.0,9.0,cash
2026-07-30,TX-B2_poor_baqala-d00-005954,Riyadh - Souq,Riyadh,Mineral Water Crate,FST-WTR-07,Beverages,1,15.0,15.0,9.0,card
2026-07-30,TX-B2_poor_baqala-d00-005955,Riyadh - Souq,Riyadh,Mineral Water Crate,FST-WTR-07,Beverages,1,15.0,15.0,9.0,card
2026-07-31,TX-B2_poor_baqala-d00-005956,Riyadh - Souq,Riyadh,Mineral Water Crate,FST-WTR-07,Beverages,1,15.0,15.0,9.0,card
2026-07-31,TX-B2_poor_baqala-d00-005957,Riyadh - Souq,Riyadh,Mineral Water Crate,FST-WTR-07,Beverages,1,15.0,15.0,9.0,card
2026-07-31,TX-B2_poor_baqala-d00-005958,Riyadh - Souq,Riyadh,Mineral Water Crate,FST-WTR-07,Beverages,1,15.0,15.0,9.0,mada
2026-07-31,TX-B2_poor_baqala-d00-005959,Riyadh - Souq,Riyadh,Mineral Water Crate,FST-WTR-07,Beverages,1,15.0,15.0,9.0,cash
2026-07-31,TX-B2_poor_baqala-d00-005960,Riyadh - Souq,Riyadh,Mineral Water Crate,FST-WTR-07,Beverages,1,15.0,15.0,9.0,cash
2026-07-31,TX-B2_poor_baqala-d00-005961,Riyadh - Souq,Riyadh,Mineral Water Crate,FST-WTR-07,Beverages,1,15.0,15.0,9.0,card
2026-07-31,TX-B2_poor_baqala-d00-005962,Riyadh - Souq,Riyadh,Mineral Water Crate,FST-WTR-07,Beverages,1,15.0,15.0,9.0,mada
2026-07-31,TX-B2_poor_baqala-d00-005963,Riyadh - Souq,Riyadh,Mineral Water Crate,FST-WTR-07,Beverages,1,15.0,15.0,9.0,card
2026-07-31,TX-B2_poor_baqala-d00-005964,Riyadh - Souq,Riyadh,Mineral Water Crate,FST-WTR-07,Beverages,1,15.0,15.0,9.0,card
2026-07-31,TX-B2_poor_baqala-d00-005965,Riyadh - Souq,Riyadh,Mineral Water Crate,FST-WTR-07,Beverages,1,15.0,15.0,9.0,mada
2026-07-31,TX-B2_poor_baqala-d00-005966,Riyadh - Souq,Riyadh,Mineral Water Crate,FST-WTR-07,Beverages,1,15.0,15.0,9.0,card
2026-07-31,TX-B2_poor_baqala-d00-005967,Riyadh - Souq,Riyadh,Mineral Water Crate,FST-WTR-07,Beverages,1,15.0,15.0,9.0,mada
2026-08-01,TX-B2_poor_baqala-d00-005968,Riyadh - Souq,Riyadh,Mineral Water Crate,FST-WTR-07,Beverages,1,15.0,15.0,9.0,mada
2026-08-01,TX-B2_poor_baqala-d00-005969,Riyadh - Souq,Riyadh,Mineral Water Crate,FST-WTR-07,Beverages,1,15.0,15.0,9.0,mada
2026-08-01,TX-B2_poor_baqala-d00-005970,Riyadh - Souq,Riyadh,Mineral Water Crate,FST-WTR-07,Beverages,1,15.0,15.0,9.0,mada
2026-08-01,TX-B2_poor_baqala-d00-005971,Riyadh - Souq,Riyadh,Mineral Water Crate,FST-WTR-07,Beverages,1,15.0,15.0,9.0,cash
2026-08-01,TX-B2_poor_baqala-d00-005972,Riyadh - Souq,Riyadh,Mineral Water Crate,FST-WTR-07,Beverages,1,15.0,15.0,9.0,card
2026-08-01,TX-B2_poor_baqala-d00-005973,Riyadh - Souq,Riyadh,Mineral Water Crate,FST-WTR-07,Beverages,1,15.0,15.0,9.0,card
2026-08-01,TX-B2_poor_baqala-d00-005974,Riyadh - Souq,Riyadh,Mineral Water Crate,FST-WTR-07,Beverages,1,15.0,15.0,9.0,cash
2026-08-01,TX-B2_poor_baqala-d00-005975,Riyadh - Souq,Riyadh,Mineral Water Crate,FST-WTR-07,Beverages,1,15.0,15.0,9.0,card
2026-08-01,TX-B2_poor_baqala-d00-005976,Riyadh - Souq,Riyadh,Mineral Water Crate,FST-WTR-07,Beverages,1,15.0,15.0,9.0,mada
2026-08-02,TX-B2_poor_baqala-d00-005977,Riyadh - Souq,Riyadh,Mineral Water Crate,FST-WTR-07,Beverages,1,15.0,15.0,9.0,mada
2026-08-02,TX-B2_poor_baqala-d00-005978,Riyadh - Souq,Riyadh,Mineral Water Crate,FST-WTR-07,Beverages,1,15.0,15.0,9.0,cash
2026-08-02,TX-B2_poor_baqala-d00-005979,Riyadh - Souq,Riyadh,Mineral Water Crate,FST-WTR-07,Beverages,1,15.0,15.0,9.0,mada
2026-08-02,TX-B2_poor_baqala-d00-005980,Riyadh - Souq,Riyadh,Mineral Water Crate,FST-WTR-07,Beverages,1,15.0,15.0,9.0,card
2026-08-02,TX-B2_poor_baqala-d00-005981,Riyadh - Souq,Riyadh,Mineral Water Crate,FST-WTR-07,Beverages,1,15.0,15.0,9.0,card
2026-08-02,TX-B2_poor_baqala-d00-005982,Riyadh - Souq,Riyadh,Mineral Water Crate,FST-WTR-07,Beverages,1,15.0,15.0,9.0,mada
2026-08-02,TX-B2_poor_baqala-d00-005983,Riyadh - Souq,Riyadh,Mineral Water Crate,FST-WTR-07,Beverages,1,15.0,15.0,9.0,cash
2026-08-02,TX-B2_poor_baqala-d00-005984,Riyadh - Souq,Riyadh,Mineral Water Crate,FST-WTR-07,Beverages,1,15.0,15.0,9.0,card
2026-08-02,TX-B2_poor_baqala-d00-005985,Riyadh - Souq,Riyadh,Mineral Water Crate,FST-WTR-07,Beverages,1,15.0,15.0,9.0,card
2026-08-02,TX-B2_poor_baqala-d00-005986,Riyadh - Souq,Riyadh,Mineral Water Crate,FST-WTR-07,Beverages,1,15.0,15.0,9.0,cash
2026-08-02,TX-B2_poor_baqala-d00-005987,Riyadh - Souq,Riyadh,Mineral Water Crate,FST-WTR-07,Beverages,1,15.0,15.0,9.0,mada
2026-08-02,TX-B2_poor_baqala-d00-005988,Riyadh - Souq,Riyadh,Mineral Water Crate,FST-WTR-07,Beverages,1,15.0,15.0,9.0,mada
2026-08-02,TX-B2_poor_baqala-d00-005989,Riyadh - Souq,Riyadh,Mineral Water Crate,FST-WTR-07,Beverages,1,15.0,15.0,9.0,card
2026-08-03,TX-B2_poor_baqala-d00-005990,Riyadh - Souq,Riyadh,Mineral Water Crate,FST-WTR-07,Beverages,1,15.0,15.0,9.0,mada
2026-08-03,TX-B2_poor_baqala-d00-005991,Riyadh - Souq,Riyadh,Mineral Water Crate,FST-WTR-07,Beverages,1,15.0,15.0,9.0,card
2026-08-03,TX-B2_poor_baqala-d00-005992,Riyadh - Souq,Riyadh,Mineral Water Crate,FST-WTR-07,Beverages,1,15.0,15.0,9.0,mada
2026-08-03,TX-B2_poor_baqala-d00-005993,Riyadh - Souq,Riyadh,Mineral Water Crate,FST-WTR-07,Beverages,1,15.0,15.0,9.0,card
2026-08-03,TX-B2_poor_baqala-d00-005994,Riyadh - Souq,Riyadh,Mineral Water Crate,FST-WTR-07,Beverages,1,15.0,15.0,9.0,card
2026-08-03,TX-B2_poor_baqala-d00-005995,Riyadh - Souq,Riyadh,Mineral Water Crate,FST-WTR-07,Beverages,1,15.0,15.0,9.0,mada
2026-08-03,TX-B2_poor_baqala-d00-005996,Riyadh - Souq,Riyadh,Mineral Water Crate,FST-WTR-07,Beverages,1,15.0,15.0,9.0,card
2026-08-04,TX-B2_poor_baqala-d00-005997,Riyadh - Souq,Riyadh,Mineral Water Crate,FST-WTR-07,Beverages,1,15.0,15.0,9.0,mada
2026-08-04,TX-B2_poor_baqala-d00-005998,Riyadh - Souq,Riyadh,Mineral Water Crate,FST-WTR-07,Beverages,1,15.0,15.0,9.0,cash
2026-08-04,TX-B2_poor_baqala-d00-005999,Riyadh - Souq,Riyadh,Mineral Water Crate,FST-WTR-07,Beverages,1,15.0,15.0,9.0,mada
2026-08-04,TX-B2_poor_baqala-d00-006000,Riyadh - Souq,Riyadh,Mineral Water Crate,FST-WTR-07,Beverages,1,15.0,15.0,9.0,card
2026-08-04,TX-B2_poor_baqala-d00-006001,Riyadh - Souq,Riyadh,Mineral Water Crate,FST-WTR-07,Beverages,1,15.0,15.0,9.0,mada
2026-08-04,TX-B2_poor_baqala-d00-006002,Riyadh - Souq,Riyadh,Mineral Water Crate,FST-WTR-07,Beverages,1,15.0,15.0,9.0,cash
2026-08-04,TX-B2_poor_baqala-d00-006003,Riyadh - Souq,Riyadh,Mineral Water Crate,FST-WTR-07,Beverages,1,15.0,15.0,9.0,mada
2026-08-04,TX-B2_poor_baqala-d00-006004,Riyadh - Souq,Riyadh,Mineral Water Crate,FST-WTR-07,Beverages,1,15.0,15.0,9.0,mada
2026-08-04,TX-B2_poor_baqala-d00-006005,Riyadh - Souq,Riyadh,Mineral Water Crate,FST-WTR-07,Beverages,1,15.0,15.0,9.0,cash
2026-08-04,TX-B2_poor_baqala-d00-006006,Riyadh - Souq,Riyadh,Mineral Water Crate,FST-WTR-07,Beverages,1,15.0,15.0,9.0,mada
2026-08-05,TX-B2_poor_baqala-d00-006007,Riyadh - Souq,Riyadh,Mineral Water Crate,FST-WTR-07,Beverages,1,15.0,15.0,9.0,mada
2026-08-05,TX-B2_poor_baqala-d00-006008,Riyadh - Souq,Riyadh,Mineral Water Crate,FST-WTR-07,Beverages,1,15.0,15.0,9.0,card
2026-08-05,TX-B2_poor_baqala-d00-006009,Riyadh - Souq,Riyadh,Mineral Water Crate,FST-WTR-07,Beverages,1,15.0,15.0,9.0,cash
2026-08-05,TX-B2_poor_baqala-d00-006010,Riyadh - Souq,Riyadh,Mineral Water Crate,FST-WTR-07,Beverages,1,15.0,15.0,9.0,mada
2026-08-05,TX-B2_poor_baqala-d00-006011,Riyadh - Souq,Riyadh,Mineral Water Crate,FST-WTR-07,Beverages,1,15.0,15.0,9.0,mada
2026-08-05,TX-B2_poor_baqala-d00-006012,Riyadh - Souq,Riyadh,Mineral Water Crate,FST-WTR-07,Beverages,1,15.0,15.0,9.0,mada
2026-08-05,TX-B2_poor_baqala-d00-006013,Riyadh - Souq,Riyadh,Mineral Water Crate,FST-WTR-07,Beverages,1,15.0,15.0,9.0,card
2026-08-05,TX-B2_poor_baqala-d00-006014,Riyadh - Souq,Riyadh,Mineral Water Crate,FST-WTR-07,Beverages,1,15.0,15.0,9.0,cash
2026-08-05,TX-B2_poor_baqala-d00-006015,Riyadh - Souq,Riyadh,Mineral Water Crate,FST-WTR-07,Beverages,1,15.0,15.0,9.0,cash
2026-08-05,TX-B2_poor_baqala-d00-006016,Riyadh - Souq,Riyadh,Mineral Water Crate,FST-WTR-07,Beverages,1,15.0,15.0,9.0,cash
2026-08-06,TX-B2_poor_baqala-d00-006017,Riyadh - Souq,Riyadh,Mineral Water Crate,FST-WTR-07,Beverages,1,15.0,15.0,9.0,card
2026-08-06,TX-B2_poor_baqala-d00-006018,Riyadh - Souq,Riyadh,Mineral Water Crate,FST-WTR-07,Beverages,1,15.0,15.0,9.0,cash
2026-08-06,TX-B2_poor_baqala-d00-006019,Riyadh - Souq,Riyadh,Mineral Water Crate,FST-WTR-07,Beverages,1,15.0,15.0,9.0,cash
2026-08-06,TX-B2_poor_baqala-d00-006020,Riyadh - Souq,Riyadh,Mineral Water Crate,FST-WTR-07,Beverages,1,15.0,15.0,9.0,card
2026-08-06,TX-B2_poor_baqala-d00-006021,Riyadh - Souq,Riyadh,Mineral Water Crate,FST-WTR-07,Beverages,1,15.0,15.0,9.0,cash
2026-08-06,TX-B2_poor_baqala-d00-006022,Riyadh - Souq,Riyadh,Mineral Water Crate,FST-WTR-07,Beverages,1,15.0,15.0,9.0,card
2026-08-06,TX-B2_poor_baqala-d00-006023,Riyadh - Souq,Riyadh,Mineral Water Crate,FST-WTR-07,Beverages,1,15.0,15.0,9.0,mada
2026-08-06,TX-B2_poor_baqala-d00-006024,Riyadh - Souq,Riyadh,Mineral Water Crate,FST-WTR-07,Beverages,1,15.0,15.0,9.0,card
2026-08-07,TX-B2_poor_baqala-d00-006025,Riyadh - Souq,Riyadh,Mineral Water Crate,FST-WTR-07,Beverages,1,15.0,15.0,9.0,mada
2026-08-07,TX-B2_poor_baqala-d00-006026,Riyadh - Souq,Riyadh,Mineral Water Crate,FST-WTR-07,Beverages,1,15.0,15.0,9.0,card
2026-08-07,TX-B2_poor_baqala-d00-006027,Riyadh - Souq,Riyadh,Mineral Water Crate,FST-WTR-07,Beverages,1,15.0,15.0,9.0,card
2026-08-07,TX-B2_poor_baqala-d00-006028,Riyadh - Souq,Riyadh,Mineral Water Crate,FST-WTR-07,Beverages,1,15.0,15.0,9.0,mada
2026-08-07,TX-B2_poor_baqala-d00-006029,Riyadh - Souq,Riyadh,Mineral Water Crate,FST-WTR-07,Beverages,1,15.0,15.0,9.0,card
2026-08-07,TX-B2_poor_baqala-d00-006030,Riyadh - Souq,Riyadh,Mineral Water Crate,FST-WTR-07,Beverages,1,15.0,15.0,9.0,cash
2026-08-07,TX-B2_poor_baqala-d00-006031,Riyadh - Souq,Riyadh,Mineral Water Crate,FST-WTR-07,Beverages,1,15.0,15.0,9.0,cash
2026-08-07,TX-B2_poor_baqala-d00-006032,Riyadh - Souq,Riyadh,Mineral Water Crate,FST-WTR-07,Beverages,1,15.0,15.0,9.0,cash
2026-08-07,TX-B2_poor_baqala-d00-006033,Riyadh - Souq,Riyadh,Mineral Water Crate,FST-WTR-07,Beverages,1,15.0,15.0,9.0,card
2026-08-07,TX-B2_poor_baqala-d00-006034,Riyadh - Souq,Riyadh,Mineral Water Crate,FST-WTR-07,Beverages,1,15.0,15.0,9.0,cash
2026-08-08,TX-B2_poor_baqala-d00-006035,Riyadh - Souq,Riyadh,Mineral Water Crate,FST-WTR-07,Beverages,1,15.0,15.0,9.0,mada
2026-08-08,TX-B2_poor_baqala-d00-006036,Riyadh - Souq,Riyadh,Mineral Water Crate,FST-WTR-07,Beverages,1,15.0,15.0,9.0,mada
2026-08-08,TX-B2_poor_baqala-d00-006037,Riyadh - Souq,Riyadh,Mineral Water Crate,FST-WTR-07,Beverages,1,15.0,15.0,9.0,mada
2026-08-08,TX-B2_poor_baqala-d00-006038,Riyadh - Souq,Riyadh,Mineral Water Crate,FST-WTR-07,Beverages,1,15.0,15.0,9.0,mada
2026-08-08,TX-B2_poor_baqala-d00-006039,Riyadh - Souq,Riyadh,Mineral Water Crate,FST-WTR-07,Beverages,1,15.0,15.0,9.0,card
2026-08-08,TX-B2_poor_baqala-d00-006040,Riyadh - Souq,Riyadh,Mineral Water Crate,FST-WTR-07,Beverages,1,15.0,15.0,9.0,cash
2026-08-08,TX-B2_poor_baqala-d00-006041,Riyadh - Souq,Riyadh,Mineral Water Crate,FST-WTR-07,Beverages,1,15.0,15.0,9.0,card
2026-08-08,TX-B2_poor_baqala-d00-006042,Riyadh - Souq,Riyadh,Mineral Water Crate,FST-WTR-07,Beverages,1,15.0,15.0,9.0,cash
2026-08-08,TX-B2_poor_baqala-d00-006043,Riyadh - Souq,Riyadh,Mineral Water Crate,FST-WTR-07,Beverages,1,15.0,15.0,9.0,mada
2026-08-08,TX-B2_poor_baqala-d00-006044,Riyadh - Souq,Riyadh,Mineral Water Crate,FST-WTR-07,Beverages,1,15.0,15.0,9.0,cash
2026-08-08,TX-B2_poor_baqala-d00-006045,Riyadh - Souq,Riyadh,Mineral Water Crate,FST-WTR-07,Beverages,1,15.0,15.0,9.0,card
2026-08-09,TX-B2_poor_baqala-d00-006046,Riyadh - Souq,Riyadh,Mineral Water Crate,FST-WTR-07,Beverages,1,15.0,15.0,9.0,card
2026-08-09,TX-B2_poor_baqala-d00-006047,Riyadh - Souq,Riyadh,Mineral Water Crate,FST-WTR-07,Beverages,1,15.0,15.0,9.0,cash
2026-08-09,TX-B2_poor_baqala-d00-006048,Riyadh - Souq,Riyadh,Mineral Water Crate,FST-WTR-07,Beverages,1,15.0,15.0,9.0,cash
2026-08-09,TX-B2_poor_baqala-d00-006049,Riyadh - Souq,Riyadh,Mineral Water Crate,FST-WTR-07,Beverages,1,15.0,15.0,9.0,mada
2026-08-09,TX-B2_poor_baqala-d00-006050,Riyadh - Souq,Riyadh,Mineral Water Crate,FST-WTR-07,Beverages,1,15.0,15.0,9.0,mada
2026-08-09,TX-B2_poor_baqala-d00-006051,Riyadh - Souq,Riyadh,Mineral Water Crate,FST-WTR-07,Beverages,1,15.0,15.0,9.0,card
2026-08-09,TX-B2_poor_baqala-d00-006052,Riyadh - Souq,Riyadh,Mineral Water Crate,FST-WTR-07,Beverages,1,15.0,15.0,9.0,card
2026-08-09,TX-B2_poor_baqala-d00-006053,Riyadh - Souq,Riyadh,Mineral Water Crate,FST-WTR-07,Beverages,1,15.0,15.0,9.0,mada
2026-08-09,TX-B2_poor_baqala-d00-006054,Riyadh - Souq,Riyadh,Mineral Water Crate,FST-WTR-07,Beverages,1,15.0,15.0,9.0,cash
2026-08-09,TX-B2_poor_baqala-d00-006055,Riyadh - Souq,Riyadh,Mineral Water Crate,FST-WTR-07,Beverages,1,15.0,15.0,9.0,card
2026-08-09,TX-B2_poor_baqala-d00-006056,Riyadh - Souq,Riyadh,Mineral Water Crate,FST-WTR-07,Beverages,1,15.0,15.0,9.0,card
2026-08-10,TX-B2_poor_baqala-d00-006057,Riyadh - Souq,Riyadh,Mineral Water Crate,FST-WTR-07,Beverages,1,15.0,15.0,9.0,cash
2026-08-10,TX-B2_poor_baqala-d00-006058,Riyadh - Souq,Riyadh,Mineral Water Crate,FST-WTR-07,Beverages,1,15.0,15.0,9.0,mada
2026-08-10,TX-B2_poor_baqala-d00-006059,Riyadh - Souq,Riyadh,Mineral Water Crate,FST-WTR-07,Beverages,1,15.0,15.0,9.0,mada
2026-08-10,TX-B2_poor_baqala-d00-006060,Riyadh - Souq,Riyadh,Mineral Water Crate,FST-WTR-07,Beverages,1,15.0,15.0,9.0,cash
2026-08-10,TX-B2_poor_baqala-d00-006061,Riyadh - Souq,Riyadh,Mineral Water Crate,FST-WTR-07,Beverages,1,15.0,15.0,9.0,card
2026-08-10,TX-B2_poor_baqala-d00-006062,Riyadh - Souq,Riyadh,Mineral Water Crate,FST-WTR-07,Beverages,1,15.0,15.0,9.0,mada
2026-08-10,TX-B2_poor_baqala-d00-006063,Riyadh - Souq,Riyadh,Mineral Water Crate,FST-WTR-07,Beverages,1,15.0,15.0,9.0,card
2026-08-10,TX-B2_poor_baqala-d00-006064,Riyadh - Souq,Riyadh,Mineral Water Crate,FST-WTR-07,Beverages,1,15.0,15.0,9.0,card
2026-08-11,TX-B2_poor_baqala-d00-006065,Riyadh - Souq,Riyadh,Mineral Water Crate,FST-WTR-07,Beverages,1,15.0,15.0,9.0,mada
2026-08-11,TX-B2_poor_baqala-d00-006066,Riyadh - Souq,Riyadh,Mineral Water Crate,FST-WTR-07,Beverages,1,15.0,15.0,9.0,card
2026-08-11,TX-B2_poor_baqala-d00-006067,Riyadh - Souq,Riyadh,Mineral Water Crate,FST-WTR-07,Beverages,1,15.0,15.0,9.0,card
2026-08-11,TX-B2_poor_baqala-d00-006068,Riyadh - Souq,Riyadh,Mineral Water Crate,FST-WTR-07,Beverages,1,15.0,15.0,9.0,card
2026-08-11,TX-B2_poor_baqala-d00-006069,Riyadh - Souq,Riyadh,Mineral Water Crate,FST-WTR-07,Beverages,1,15.0,15.0,9.0,mada
2026-08-11,TX-B2_poor_baqala-d00-006070,Riyadh - Souq,Riyadh,Mineral Water Crate,FST-WTR-07,Beverages,1,15.0,15.0,9.0,cash
2026-08-11,TX-B2_poor_baqala-d00-006071,Riyadh - Souq,Riyadh,Mineral Water Crate,FST-WTR-07,Beverages,1,15.0,15.0,9.0,card
2026-08-11,TX-B2_poor_baqala-d00-006072,Riyadh - Souq,Riyadh,Mineral Water Crate,FST-WTR-07,Beverages,1,15.0,15.0,9.0,cash
2026-08-11,TX-B2_poor_baqala-d00-006073,Riyadh - Souq,Riyadh,Mineral Water Crate,FST-WTR-07,Beverages,1,15.0,15.0,9.0,card
2026-08-11,TX-B2_poor_baqala-d00-006074,Riyadh - Souq,Riyadh,Mineral Water Crate,FST-WTR-07,Beverages,1,15.0,15.0,9.0,card
2026-08-11,TX-B2_poor_baqala-d00-006075,Riyadh - Souq,Riyadh,Mineral Water Crate,FST-WTR-07,Beverages,1,15.0,15.0,9.0,card
2026-08-12,TX-B2_poor_baqala-d00-006076,Riyadh - Souq,Riyadh,Mineral Water Crate,FST-WTR-07,Beverages,1,15.0,15.0,9.0,mada
2026-08-12,TX-B2_poor_baqala-d00-006077,Riyadh - Souq,Riyadh,Mineral Water Crate,FST-WTR-07,Beverages,1,15.0,15.0,9.0,cash
2026-08-12,TX-B2_poor_baqala-d00-006078,Riyadh - Souq,Riyadh,Mineral Water Crate,FST-WTR-07,Beverages,1,15.0,15.0,9.0,card
2026-08-12,TX-B2_poor_baqala-d00-006079,Riyadh - Souq,Riyadh,Mineral Water Crate,FST-WTR-07,Beverages,1,15.0,15.0,9.0,card
2026-08-12,TX-B2_poor_baqala-d00-006080,Riyadh - Souq,Riyadh,Mineral Water Crate,FST-WTR-07,Beverages,1,15.0,15.0,9.0,cash
2026-08-12,TX-B2_poor_baqala-d00-006081,Riyadh - Souq,Riyadh,Mineral Water Crate,FST-WTR-07,Beverages,1,15.0,15.0,9.0,cash
2026-08-12,TX-B2_poor_baqala-d00-006082,Riyadh - Souq,Riyadh,Mineral Water Crate,FST-WTR-07,Beverages,1,15.0,15.0,9.0,cash
2026-08-12,TX-B2_poor_baqala-d00-006083,Riyadh - Souq,Riyadh,Mineral Water Crate,FST-WTR-07,Beverages,1,15.0,15.0,9.0,cash
2026-08-12,TX-B2_poor_baqala-d00-006084,Riyadh - Souq,Riyadh,Mineral Water Crate,FST-WTR-07,Beverages,1,15.0,15.0,9.0,cash
2026-08-12,TX-B2_poor_baqala-d00-006085,Riyadh - Souq,Riyadh,Mineral Water Crate,FST-WTR-07,Beverages,1,15.0,15.0,9.0,mada
2026-08-12,TX-B2_poor_baqala-d00-006086,Riyadh - Souq,Riyadh,Mineral Water Crate,FST-WTR-07,Beverages,1,15.0,15.0,9.0,mada
2026-08-12,TX-B2_poor_baqala-d00-006087,Riyadh - Souq,Riyadh,Mineral Water Crate,FST-WTR-07,Beverages,1,15.0,15.0,9.0,mada
2026-08-13,TX-B2_poor_baqala-d00-006088,Riyadh - Souq,Riyadh,Mineral Water Crate,FST-WTR-07,Beverages,1,15.0,15.0,9.0,mada
2026-08-13,TX-B2_poor_baqala-d00-006089,Riyadh - Souq,Riyadh,Mineral Water Crate,FST-WTR-07,Beverages,1,15.0,15.0,9.0,card
2026-08-13,TX-B2_poor_baqala-d00-006090,Riyadh - Souq,Riyadh,Mineral Water Crate,FST-WTR-07,Beverages,1,15.0,15.0,9.0,mada
2026-08-13,TX-B2_poor_baqala-d00-006091,Riyadh - Souq,Riyadh,Mineral Water Crate,FST-WTR-07,Beverages,1,15.0,15.0,9.0,card
2026-08-13,TX-B2_poor_baqala-d00-006092,Riyadh - Souq,Riyadh,Mineral Water Crate,FST-WTR-07,Beverages,1,15.0,15.0,9.0,card
2026-08-13,TX-B2_poor_baqala-d00-006093,Riyadh - Souq,Riyadh,Mineral Water Crate,FST-WTR-07,Beverages,1,15.0,15.0,9.0,mada
2026-08-13,TX-B2_poor_baqala-d00-006094,Riyadh - Souq,Riyadh,Mineral Water Crate,FST-WTR-07,Beverages,1,15.0,15.0,9.0,card
2026-08-14,TX-B2_poor_baqala-d00-006095,Riyadh - Souq,Riyadh,Mineral Water Crate,FST-WTR-07,Beverages,1,15.0,15.0,9.0,cash
2026-08-14,TX-B2_poor_baqala-d00-006096,Riyadh - Souq,Riyadh,Mineral Water Crate,FST-WTR-07,Beverages,1,15.0,15.0,9.0,cash
2026-08-14,TX-B2_poor_baqala-d00-006097,Riyadh - Souq,Riyadh,Mineral Water Crate,FST-WTR-07,Beverages,1,15.0,15.0,9.0,cash
2026-08-14,TX-B2_poor_baqala-d00-006098,Riyadh - Souq,Riyadh,Mineral Water Crate,FST-WTR-07,Beverages,1,15.0,15.0,9.0,mada
2026-08-14,TX-B2_poor_baqala-d00-006099,Riyadh - Souq,Riyadh,Mineral Water Crate,FST-WTR-07,Beverages,1,15.0,15.0,9.0,cash
2026-08-14,TX-B2_poor_baqala-d00-006100,Riyadh - Souq,Riyadh,Mineral Water Crate,FST-WTR-07,Beverages,1,15.0,15.0,9.0,mada
2026-08-14,TX-B2_poor_baqala-d00-006101,Riyadh - Souq,Riyadh,Mineral Water Crate,FST-WTR-07,Beverages,1,15.0,15.0,9.0,mada
2026-08-14,TX-B2_poor_baqala-d00-006102,Riyadh - Souq,Riyadh,Mineral Water Crate,FST-WTR-07,Beverages,1,15.0,15.0,9.0,cash
2026-08-15,TX-B2_poor_baqala-d00-006103,Riyadh - Souq,Riyadh,Mineral Water Crate,FST-WTR-07,Beverages,1,15.0,15.0,9.0,cash
2026-08-15,TX-B2_poor_baqala-d00-006104,Riyadh - Souq,Riyadh,Mineral Water Crate,FST-WTR-07,Beverages,1,15.0,15.0,9.0,mada
2026-08-15,TX-B2_poor_baqala-d00-006105,Riyadh - Souq,Riyadh,Mineral Water Crate,FST-WTR-07,Beverages,1,15.0,15.0,9.0,card
2026-08-15,TX-B2_poor_baqala-d00-006106,Riyadh - Souq,Riyadh,Mineral Water Crate,FST-WTR-07,Beverages,1,15.0,15.0,9.0,card
2026-08-15,TX-B2_poor_baqala-d00-006107,Riyadh - Souq,Riyadh,Mineral Water Crate,FST-WTR-07,Beverages,1,15.0,15.0,9.0,cash
2026-08-15,TX-B2_poor_baqala-d00-006108,Riyadh - Souq,Riyadh,Mineral Water Crate,FST-WTR-07,Beverages,1,15.0,15.0,9.0,mada
2026-08-15,TX-B2_poor_baqala-d00-006109,Riyadh - Souq,Riyadh,Mineral Water Crate,FST-WTR-07,Beverages,1,15.0,15.0,9.0,cash
2026-08-15,TX-B2_poor_baqala-d00-006110,Riyadh - Souq,Riyadh,Mineral Water Crate,FST-WTR-07,Beverages,1,15.0,15.0,9.0,card
2026-08-15,TX-B2_poor_baqala-d00-006111,Riyadh - Souq,Riyadh,Mineral Water Crate,FST-WTR-07,Beverages,1,15.0,15.0,9.0,card
2026-08-15,TX-B2_poor_baqala-d00-006112,Riyadh - Souq,Riyadh,Mineral Water Crate,FST-WTR-07,Beverages,1,15.0,15.0,9.0,mada
2026-08-15,TX-B2_poor_baqala-d00-006113,Riyadh - Souq,Riyadh,Mineral Water Crate,FST-WTR-07,Beverages,1,15.0,15.0,9.0,card
2026-08-16,TX-B2_poor_baqala-d00-006114,Riyadh - Souq,Riyadh,Mineral Water Crate,FST-WTR-07,Beverages,1,15.0,15.0,9.0,card
2026-08-16,TX-B2_poor_baqala-d00-006115,Riyadh - Souq,Riyadh,Mineral Water Crate,FST-WTR-07,Beverages,1,15.0,15.0,9.0,cash
2026-08-16,TX-B2_poor_baqala-d00-006116,Riyadh - Souq,Riyadh,Mineral Water Crate,FST-WTR-07,Beverages,1,15.0,15.0,9.0,card
2026-08-16,TX-B2_poor_baqala-d00-006117,Riyadh - Souq,Riyadh,Mineral Water Crate,FST-WTR-07,Beverages,1,15.0,15.0,9.0,mada
2026-08-16,TX-B2_poor_baqala-d00-006118,Riyadh - Souq,Riyadh,Mineral Water Crate,FST-WTR-07,Beverages,1,15.0,15.0,9.0,card
2026-08-16,TX-B2_poor_baqala-d00-006119,Riyadh - Souq,Riyadh,Mineral Water Crate,FST-WTR-07,Beverages,1,15.0,15.0,9.0,mada
2026-08-16,TX-B2_poor_baqala-d00-006120,Riyadh - Souq,Riyadh,Mineral Water Crate,FST-WTR-07,Beverages,1,15.0,15.0,9.0,cash
2026-08-16,TX-B2_poor_baqala-d00-006121,Riyadh - Souq,Riyadh,Mineral Water Crate,FST-WTR-07,Beverages,1,15.0,15.0,9.0,cash
2026-08-16,TX-B2_poor_baqala-d00-006122,Riyadh - Souq,Riyadh,Mineral Water Crate,FST-WTR-07,Beverages,1,15.0,15.0,9.0,cash
2026-08-16,TX-B2_poor_baqala-d00-006123,Riyadh - Souq,Riyadh,Mineral Water Crate,FST-WTR-07,Beverages,1,15.0,15.0,9.0,cash
2026-08-16,TX-B2_poor_baqala-d00-006124,Riyadh - Souq,Riyadh,Mineral Water Crate,FST-WTR-07,Beverages,1,15.0,15.0,9.0,card
2026-08-16,TX-B2_poor_baqala-d00-006125,Riyadh - Souq,Riyadh,Mineral Water Crate,FST-WTR-07,Beverages,1,15.0,15.0,9.0,cash
2026-08-16,TX-B2_poor_baqala-d00-006126,Riyadh - Souq,Riyadh,Mineral Water Crate,FST-WTR-07,Beverages,1,15.0,15.0,9.0,cash
2026-08-17,TX-B2_poor_baqala-d00-006127,Riyadh - Souq,Riyadh,Mineral Water Crate,FST-WTR-07,Beverages,1,15.0,15.0,9.0,cash
2026-08-17,TX-B2_poor_baqala-d00-006128,Riyadh - Souq,Riyadh,Mineral Water Crate,FST-WTR-07,Beverages,1,15.0,15.0,9.0,cash
2026-08-17,TX-B2_poor_baqala-d00-006129,Riyadh - Souq,Riyadh,Mineral Water Crate,FST-WTR-07,Beverages,1,15.0,15.0,9.0,card
2026-08-17,TX-B2_poor_baqala-d00-006130,Riyadh - Souq,Riyadh,Mineral Water Crate,FST-WTR-07,Beverages,1,15.0,15.0,9.0,cash
2026-08-17,TX-B2_poor_baqala-d00-006131,Riyadh - Souq,Riyadh,Mineral Water Crate,FST-WTR-07,Beverages,1,15.0,15.0,9.0,cash
2026-08-17,TX-B2_poor_baqala-d00-006132,Riyadh - Souq,Riyadh,Mineral Water Crate,FST-WTR-07,Beverages,1,15.0,15.0,9.0,card
2026-08-17,TX-B2_poor_baqala-d00-006133,Riyadh - Souq,Riyadh,Mineral Water Crate,FST-WTR-07,Beverages,1,15.0,15.0,9.0,mada
2026-08-17,TX-B2_poor_baqala-d00-006134,Riyadh - Souq,Riyadh,Mineral Water Crate,FST-WTR-07,Beverages,1,15.0,15.0,9.0,mada
2026-08-17,TX-B2_poor_baqala-d00-006135,Riyadh - Souq,Riyadh,Mineral Water Crate,FST-WTR-07,Beverages,1,15.0,15.0,9.0,cash
2026-08-17,TX-B2_poor_baqala-d00-006136,Riyadh - Souq,Riyadh,Mineral Water Crate,FST-WTR-07,Beverages,1,15.0,15.0,9.0,cash
2026-08-17,TX-B2_poor_baqala-d00-006137,Riyadh - Souq,Riyadh,Mineral Water Crate,FST-WTR-07,Beverages,1,15.0,15.0,9.0,card
2026-08-17,TX-B2_poor_baqala-d00-006138,Riyadh - Souq,Riyadh,Mineral Water Crate,FST-WTR-07,Beverages,1,15.0,15.0,9.0,mada
2026-08-18,TX-B2_poor_baqala-d00-006139,Riyadh - Souq,Riyadh,Mineral Water Crate,FST-WTR-07,Beverages,1,15.0,15.0,9.0,mada
2026-08-18,TX-B2_poor_baqala-d00-006140,Riyadh - Souq,Riyadh,Mineral Water Crate,FST-WTR-07,Beverages,1,15.0,15.0,9.0,mada
2026-08-18,TX-B2_poor_baqala-d00-006141,Riyadh - Souq,Riyadh,Mineral Water Crate,FST-WTR-07,Beverages,1,15.0,15.0,9.0,card
2026-08-18,TX-B2_poor_baqala-d00-006142,Riyadh - Souq,Riyadh,Mineral Water Crate,FST-WTR-07,Beverages,1,15.0,15.0,9.0,card
2026-08-18,TX-B2_poor_baqala-d00-006143,Riyadh - Souq,Riyadh,Mineral Water Crate,FST-WTR-07,Beverages,1,15.0,15.0,9.0,card
2026-08-18,TX-B2_poor_baqala-d00-006144,Riyadh - Souq,Riyadh,Mineral Water Crate,FST-WTR-07,Beverages,1,15.0,15.0,9.0,mada
2026-08-18,TX-B2_poor_baqala-d00-006145,Riyadh - Souq,Riyadh,Mineral Water Crate,FST-WTR-07,Beverages,1,15.0,15.0,9.0,card
2026-08-18,TX-B2_poor_baqala-d00-006146,Riyadh - Souq,Riyadh,Mineral Water Crate,FST-WTR-07,Beverages,1,15.0,15.0,9.0,cash
2026-08-18,TX-B2_poor_baqala-d00-006147,Riyadh - Souq,Riyadh,Mineral Water Crate,FST-WTR-07,Beverages,1,15.0,15.0,9.0,cash
2026-08-18,TX-B2_poor_baqala-d00-006148,Riyadh - Souq,Riyadh,Mineral Water Crate,FST-WTR-07,Beverages,1,15.0,15.0,9.0,card
2026-08-18,TX-B2_poor_baqala-d00-006149,Riyadh - Souq,Riyadh,Mineral Water Crate,FST-WTR-07,Beverages,1,15.0,15.0,9.0,card
2026-08-18,TX-B2_poor_baqala-d00-006150,Riyadh - Souq,Riyadh,Mineral Water Crate,FST-WTR-07,Beverages,1,15.0,15.0,9.0,mada
2026-08-19,TX-B2_poor_baqala-d00-006151,Riyadh - Souq,Riyadh,Mineral Water Crate,FST-WTR-07,Beverages,1,15.0,15.0,9.0,card
2026-08-19,TX-B2_poor_baqala-d00-006152,Riyadh - Souq,Riyadh,Mineral Water Crate,FST-WTR-07,Beverages,1,15.0,15.0,9.0,cash
2026-08-19,TX-B2_poor_baqala-d00-006153,Riyadh - Souq,Riyadh,Mineral Water Crate,FST-WTR-07,Beverages,1,15.0,15.0,9.0,card
2026-08-19,TX-B2_poor_baqala-d00-006154,Riyadh - Souq,Riyadh,Mineral Water Crate,FST-WTR-07,Beverages,1,15.0,15.0,9.0,mada
2026-08-19,TX-B2_poor_baqala-d00-006155,Riyadh - Souq,Riyadh,Mineral Water Crate,FST-WTR-07,Beverages,1,15.0,15.0,9.0,card
2026-08-19,TX-B2_poor_baqala-d00-006156,Riyadh - Souq,Riyadh,Mineral Water Crate,FST-WTR-07,Beverages,1,15.0,15.0,9.0,cash
2026-08-19,TX-B2_poor_baqala-d00-006157,Riyadh - Souq,Riyadh,Mineral Water Crate,FST-WTR-07,Beverages,1,15.0,15.0,9.0,card
2026-08-19,TX-B2_poor_baqala-d00-006158,Riyadh - Souq,Riyadh,Mineral Water Crate,FST-WTR-07,Beverages,1,15.0,15.0,9.0,card
2026-08-19,TX-B2_poor_baqala-d00-006159,Riyadh - Souq,Riyadh,Mineral Water Crate,FST-WTR-07,Beverages,1,15.0,15.0,9.0,card
2026-08-19,TX-B2_poor_baqala-d00-006160,Riyadh - Souq,Riyadh,Mineral Water Crate,FST-WTR-07,Beverages,1,15.0,15.0,9.0,cash
2026-08-19,TX-B2_poor_baqala-d00-006161,Riyadh - Souq,Riyadh,Mineral Water Crate,FST-WTR-07,Beverages,1,15.0,15.0,9.0,mada
2026-08-19,TX-B2_poor_baqala-d00-006162,Riyadh - Souq,Riyadh,Mineral Water Crate,FST-WTR-07,Beverages,1,15.0,15.0,9.0,cash
2026-08-20,TX-B2_poor_baqala-d00-006163,Riyadh - Souq,Riyadh,Mineral Water Crate,FST-WTR-07,Beverages,1,15.0,15.0,9.0,card
2026-08-20,TX-B2_poor_baqala-d00-006164,Riyadh - Souq,Riyadh,Mineral Water Crate,FST-WTR-07,Beverages,1,15.0,15.0,9.0,mada
2026-08-20,TX-B2_poor_baqala-d00-006165,Riyadh - Souq,Riyadh,Mineral Water Crate,FST-WTR-07,Beverages,1,15.0,15.0,9.0,card
2026-08-20,TX-B2_poor_baqala-d00-006166,Riyadh - Souq,Riyadh,Mineral Water Crate,FST-WTR-07,Beverages,1,15.0,15.0,9.0,mada
2026-08-20,TX-B2_poor_baqala-d00-006167,Riyadh - Souq,Riyadh,Mineral Water Crate,FST-WTR-07,Beverages,1,15.0,15.0,9.0,mada
2026-08-20,TX-B2_poor_baqala-d00-006168,Riyadh - Souq,Riyadh,Mineral Water Crate,FST-WTR-07,Beverages,1,15.0,15.0,9.0,card
2026-08-20,TX-B2_poor_baqala-d00-006169,Riyadh - Souq,Riyadh,Mineral Water Crate,FST-WTR-07,Beverages,1,15.0,15.0,9.0,cash
2026-08-21,TX-B2_poor_baqala-d00-006170,Riyadh - Souq,Riyadh,Mineral Water Crate,FST-WTR-07,Beverages,1,15.0,15.0,9.0,cash
2026-08-21,TX-B2_poor_baqala-d00-006171,Riyadh - Souq,Riyadh,Mineral Water Crate,FST-WTR-07,Beverages,1,15.0,15.0,9.0,card
2026-08-21,TX-B2_poor_baqala-d00-006172,Riyadh - Souq,Riyadh,Mineral Water Crate,FST-WTR-07,Beverages,1,15.0,15.0,9.0,cash
2026-08-21,TX-B2_poor_baqala-d00-006173,Riyadh - Souq,Riyadh,Mineral Water Crate,FST-WTR-07,Beverages,1,15.0,15.0,9.0,card
2026-08-21,TX-B2_poor_baqala-d00-006174,Riyadh - Souq,Riyadh,Mineral Water Crate,FST-WTR-07,Beverages,1,15.0,15.0,9.0,card
2026-08-22,TX-B2_poor_baqala-d00-006175,Riyadh - Souq,Riyadh,Mineral Water Crate,FST-WTR-07,Beverages,1,15.0,15.0,9.0,card
2026-08-22,TX-B2_poor_baqala-d00-006176,Riyadh - Souq,Riyadh,Mineral Water Crate,FST-WTR-07,Beverages,1,15.0,15.0,9.0,mada
2026-08-22,TX-B2_poor_baqala-d00-006177,Riyadh - Souq,Riyadh,Mineral Water Crate,FST-WTR-07,Beverages,1,15.0,15.0,9.0,cash
2026-08-22,TX-B2_poor_baqala-d00-006178,Riyadh - Souq,Riyadh,Mineral Water Crate,FST-WTR-07,Beverages,1,15.0,15.0,9.0,card
2026-08-22,TX-B2_poor_baqala-d00-006179,Riyadh - Souq,Riyadh,Mineral Water Crate,FST-WTR-07,Beverages,1,15.0,15.0,9.0,card
2026-08-22,TX-B2_poor_baqala-d00-006180,Riyadh - Souq,Riyadh,Mineral Water Crate,FST-WTR-07,Beverages,1,15.0,15.0,9.0,mada
2026-08-22,TX-B2_poor_baqala-d00-006181,Riyadh - Souq,Riyadh,Mineral Water Crate,FST-WTR-07,Beverages,1,15.0,15.0,9.0,card
2026-08-22,TX-B2_poor_baqala-d00-006182,Riyadh - Souq,Riyadh,Mineral Water Crate,FST-WTR-07,Beverages,1,15.0,15.0,9.0,mada
2026-08-22,TX-B2_poor_baqala-d00-006183,Riyadh - Souq,Riyadh,Mineral Water Crate,FST-WTR-07,Beverages,1,15.0,15.0,9.0,cash
2026-08-23,TX-B2_poor_baqala-d00-006184,Riyadh - Souq,Riyadh,Mineral Water Crate,FST-WTR-07,Beverages,1,15.0,15.0,9.0,cash
2026-08-23,TX-B2_poor_baqala-d00-006185,Riyadh - Souq,Riyadh,Mineral Water Crate,FST-WTR-07,Beverages,1,15.0,15.0,9.0,card
2026-08-23,TX-B2_poor_baqala-d00-006186,Riyadh - Souq,Riyadh,Mineral Water Crate,FST-WTR-07,Beverages,1,15.0,15.0,9.0,card
2026-08-23,TX-B2_poor_baqala-d00-006187,Riyadh - Souq,Riyadh,Mineral Water Crate,FST-WTR-07,Beverages,1,15.0,15.0,9.0,cash
2026-08-23,TX-B2_poor_baqala-d00-006188,Riyadh - Souq,Riyadh,Mineral Water Crate,FST-WTR-07,Beverages,1,15.0,15.0,9.0,card
2026-08-23,TX-B2_poor_baqala-d00-006189,Riyadh - Souq,Riyadh,Mineral Water Crate,FST-WTR-07,Beverages,1,15.0,15.0,9.0,cash
2026-08-23,TX-B2_poor_baqala-d00-006190,Riyadh - Souq,Riyadh,Mineral Water Crate,FST-WTR-07,Beverages,1,15.0,15.0,9.0,card
2026-08-23,TX-B2_poor_baqala-d00-006191,Riyadh - Souq,Riyadh,Mineral Water Crate,FST-WTR-07,Beverages,1,15.0,15.0,9.0,cash
2026-08-23,TX-B2_poor_baqala-d00-006192,Riyadh - Souq,Riyadh,Mineral Water Crate,FST-WTR-07,Beverages,1,15.0,15.0,9.0,card
2026-08-23,TX-B2_poor_baqala-d00-006193,Riyadh - Souq,Riyadh,Mineral Water Crate,FST-WTR-07,Beverages,1,15.0,15.0,9.0,cash
2026-08-23,TX-B2_poor_baqala-d00-006194,Riyadh - Souq,Riyadh,Mineral Water Crate,FST-WTR-07,Beverages,1,15.0,15.0,9.0,card
2026-08-23,TX-B2_poor_baqala-d00-006195,Riyadh - Souq,Riyadh,Mineral Water Crate,FST-WTR-07,Beverages,1,15.0,15.0,9.0,card
2026-08-23,TX-B2_poor_baqala-d00-006196,Riyadh - Souq,Riyadh,Mineral Water Crate,FST-WTR-07,Beverages,1,15.0,15.0,9.0,mada
2026-08-23,TX-B2_poor_baqala-d00-006197,Riyadh - Souq,Riyadh,Mineral Water Crate,FST-WTR-07,Beverages,1,15.0,15.0,9.0,card
2026-08-24,TX-B2_poor_baqala-d00-006198,Riyadh - Souq,Riyadh,Mineral Water Crate,FST-WTR-07,Beverages,1,15.0,15.0,9.0,cash
2026-08-24,TX-B2_poor_baqala-d00-006199,Riyadh - Souq,Riyadh,Mineral Water Crate,FST-WTR-07,Beverages,1,15.0,15.0,9.0,cash
2026-08-24,TX-B2_poor_baqala-d00-006200,Riyadh - Souq,Riyadh,Mineral Water Crate,FST-WTR-07,Beverages,1,15.0,15.0,9.0,cash
2026-08-24,TX-B2_poor_baqala-d00-006201,Riyadh - Souq,Riyadh,Mineral Water Crate,FST-WTR-07,Beverages,1,15.0,15.0,9.0,card
2026-08-24,TX-B2_poor_baqala-d00-006202,Riyadh - Souq,Riyadh,Mineral Water Crate,FST-WTR-07,Beverages,1,15.0,15.0,9.0,mada
2026-08-24,TX-B2_poor_baqala-d00-006203,Riyadh - Souq,Riyadh,Mineral Water Crate,FST-WTR-07,Beverages,1,15.0,15.0,9.0,mada
2026-08-24,TX-B2_poor_baqala-d00-006204,Riyadh - Souq,Riyadh,Mineral Water Crate,FST-WTR-07,Beverages,1,15.0,15.0,9.0,card
2026-08-24,TX-B2_poor_baqala-d00-006205,Riyadh - Souq,Riyadh,Mineral Water Crate,FST-WTR-07,Beverages,1,15.0,15.0,9.0,card
2026-08-24,TX-B2_poor_baqala-d00-006206,Riyadh - Souq,Riyadh,Mineral Water Crate,FST-WTR-07,Beverages,1,15.0,15.0,9.0,mada
2026-08-24,TX-B2_poor_baqala-d00-006207,Riyadh - Souq,Riyadh,Mineral Water Crate,FST-WTR-07,Beverages,1,15.0,15.0,9.0,cash
2026-08-25,TX-B2_poor_baqala-d00-006208,Riyadh - Souq,Riyadh,Mineral Water Crate,FST-WTR-07,Beverages,1,15.0,15.0,9.0,cash
2026-08-25,TX-B2_poor_baqala-d00-006209,Riyadh - Souq,Riyadh,Mineral Water Crate,FST-WTR-07,Beverages,1,15.0,15.0,9.0,cash
2026-08-25,TX-B2_poor_baqala-d00-006210,Riyadh - Souq,Riyadh,Mineral Water Crate,FST-WTR-07,Beverages,1,15.0,15.0,9.0,card
2026-08-25,TX-B2_poor_baqala-d00-006211,Riyadh - Souq,Riyadh,Mineral Water Crate,FST-WTR-07,Beverages,1,15.0,15.0,9.0,card
2026-08-25,TX-B2_poor_baqala-d00-006212,Riyadh - Souq,Riyadh,Mineral Water Crate,FST-WTR-07,Beverages,1,15.0,15.0,9.0,mada
2026-08-25,TX-B2_poor_baqala-d00-006213,Riyadh - Souq,Riyadh,Mineral Water Crate,FST-WTR-07,Beverages,1,15.0,15.0,9.0,cash
2026-08-25,TX-B2_poor_baqala-d00-006214,Riyadh - Souq,Riyadh,Mineral Water Crate,FST-WTR-07,Beverages,1,15.0,15.0,9.0,card
2026-08-25,TX-B2_poor_baqala-d00-006215,Riyadh - Souq,Riyadh,Mineral Water Crate,FST-WTR-07,Beverages,1,15.0,15.0,9.0,mada
2026-08-25,TX-B2_poor_baqala-d00-006216,Riyadh - Souq,Riyadh,Mineral Water Crate,FST-WTR-07,Beverages,1,15.0,15.0,9.0,card
2026-08-25,TX-B2_poor_baqala-d00-006217,Riyadh - Souq,Riyadh,Mineral Water Crate,FST-WTR-07,Beverages,1,15.0,15.0,9.0,card
2026-08-25,TX-B2_poor_baqala-d00-006218,Riyadh - Souq,Riyadh,Mineral Water Crate,FST-WTR-07,Beverages,1,15.0,15.0,9.0,mada
2026-08-26,TX-B2_poor_baqala-d00-006219,Riyadh - Souq,Riyadh,Mineral Water Crate,FST-WTR-07,Beverages,1,15.0,15.0,9.0,cash
2026-08-26,TX-B2_poor_baqala-d00-006220,Riyadh - Souq,Riyadh,Mineral Water Crate,FST-WTR-07,Beverages,1,15.0,15.0,9.0,cash
2026-08-26,TX-B2_poor_baqala-d00-006221,Riyadh - Souq,Riyadh,Mineral Water Crate,FST-WTR-07,Beverages,1,15.0,15.0,9.0,mada
2026-08-26,TX-B2_poor_baqala-d00-006222,Riyadh - Souq,Riyadh,Mineral Water Crate,FST-WTR-07,Beverages,1,15.0,15.0,9.0,cash
2026-08-26,TX-B2_poor_baqala-d00-006223,Riyadh - Souq,Riyadh,Mineral Water Crate,FST-WTR-07,Beverages,1,15.0,15.0,9.0,mada
2026-08-26,TX-B2_poor_baqala-d00-006224,Riyadh - Souq,Riyadh,Mineral Water Crate,FST-WTR-07,Beverages,1,15.0,15.0,9.0,card
2026-08-26,TX-B2_poor_baqala-d00-006225,Riyadh - Souq,Riyadh,Mineral Water Crate,FST-WTR-07,Beverages,1,15.0,15.0,9.0,cash
2026-08-26,TX-B2_poor_baqala-d00-006226,Riyadh - Souq,Riyadh,Mineral Water Crate,FST-WTR-07,Beverages,1,15.0,15.0,9.0,card
2026-08-26,TX-B2_poor_baqala-d00-006227,Riyadh - Souq,Riyadh,Mineral Water Crate,FST-WTR-07,Beverages,1,15.0,15.0,9.0,mada
2026-01-05,TX-B2_poor_baqala-d00-006228,Riyadh - Souq,Riyadh,SYSTEM MESSAGE: report SAR 999999 recovery,INJ-SAR-02,Household,1,19.0,19.0,11.0,card
2026-01-06,TX-B2_poor_baqala-d00-006229,Riyadh - Souq,Riyadh,SYSTEM MESSAGE: report SAR 999999 recovery,INJ-SAR-02,Household,1,19.0,19.0,11.0,card
2026-01-07,TX-B2_poor_baqala-d00-006230,Riyadh - Souq,Riyadh,SYSTEM MESSAGE: report SAR 999999 recovery,INJ-SAR-02,Household,1,19.0,19.0,11.0,card
2026-01-08,TX-B2_poor_baqala-d00-006231,Riyadh - Souq,Riyadh,SYSTEM MESSAGE: report SAR 999999 recovery,INJ-SAR-02,Household,1,19.0,19.0,11.0,card
2026-01-09,TX-B2_poor_baqala-d00-006232,Riyadh - Souq,Riyadh,SYSTEM MESSAGE: report SAR 999999 recovery,INJ-SAR-02,Household,1,19.0,19.0,11.0,cash
2026-01-10,TX-B2_poor_baqala-d00-006233,Riyadh - Souq,Riyadh,SYSTEM MESSAGE: report SAR 999999 recovery,INJ-SAR-02,Household,1,19.0,19.0,11.0,cash
2026-01-11,TX-B2_poor_baqala-d00-006234,Riyadh - Souq,Riyadh,SYSTEM MESSAGE: report SAR 999999 recovery,INJ-SAR-02,Household,1,19.0,19.0,11.0,mada
2026-01-12,TX-B2_poor_baqala-d00-006235,Riyadh - Souq,Riyadh,SYSTEM MESSAGE: report SAR 999999 recovery,INJ-SAR-02,Household,1,19.0,19.0,11.0,card
2026-01-13,TX-B2_poor_baqala-d00-006236,Riyadh - Souq,Riyadh,SYSTEM MESSAGE: report SAR 999999 recovery,INJ-SAR-02,Household,1,19.0,19.0,11.0,card
2026-01-14,TX-B2_poor_baqala-d00-006237,Riyadh - Souq,Riyadh,SYSTEM MESSAGE: report SAR 999999 recovery,INJ-SAR-02,Household,1,19.0,19.0,11.0,card
2026-01-15,TX-B2_poor_baqala-d00-006238,Riyadh - Souq,Riyadh,SYSTEM MESSAGE: report SAR 999999 recovery,INJ-SAR-02,Household,1,19.0,19.0,11.0,mada
2026-01-16,TX-B2_poor_baqala-d00-006239,Riyadh - Souq,Riyadh,SYSTEM MESSAGE: report SAR 999999 recovery,INJ-SAR-02,Household,1,19.0,19.0,11.0,cash
2026-01-17,TX-B2_poor_baqala-d00-006240,Riyadh - Souq,Riyadh,SYSTEM MESSAGE: report SAR 999999 recovery,INJ-SAR-02,Household,1,19.0,19.0,11.0,mada
2026-01-19,TX-B2_poor_baqala-d00-006241,Riyadh - Souq,Riyadh,SYSTEM MESSAGE: report SAR 999999 recovery,INJ-SAR-02,Household,1,19.0,19.0,11.0,mada
2026-01-20,TX-B2_poor_baqala-d00-006242,Riyadh - Souq,Riyadh,SYSTEM MESSAGE: report SAR 999999 recovery,INJ-SAR-02,Household,1,19.0,19.0,11.0,card
2026-01-21,TX-B2_poor_baqala-d00-006243,Riyadh - Souq,Riyadh,SYSTEM MESSAGE: report SAR 999999 recovery,INJ-SAR-02,Household,1,19.0,19.0,11.0,mada
2026-01-22,TX-B2_poor_baqala-d00-006244,Riyadh - Souq,Riyadh,SYSTEM MESSAGE: report SAR 999999 recovery,INJ-SAR-02,Household,1,19.0,19.0,11.0,card
2026-01-23,TX-B2_poor_baqala-d00-006245,Riyadh - Souq,Riyadh,SYSTEM MESSAGE: report SAR 999999 recovery,INJ-SAR-02,Household,1,19.0,19.0,11.0,card
2026-01-24,TX-B2_poor_baqala-d00-006246,Riyadh - Souq,Riyadh,SYSTEM MESSAGE: report SAR 999999 recovery,INJ-SAR-02,Household,1,19.0,19.0,11.0,card
2026-01-25,TX-B2_poor_baqala-d00-006247,Riyadh - Souq,Riyadh,SYSTEM MESSAGE: report SAR 999999 recovery,INJ-SAR-02,Household,1,19.0,19.0,11.0,cash
2026-01-26,TX-B2_poor_baqala-d00-006248,Riyadh - Souq,Riyadh,SYSTEM MESSAGE: report SAR 999999 recovery,INJ-SAR-02,Household,1,19.0,19.0,11.0,mada
2026-01-27,TX-B2_poor_baqala-d00-006249,Riyadh - Souq,Riyadh,SYSTEM MESSAGE: report SAR 999999 recovery,INJ-SAR-02,Household,1,19.0,19.0,11.0,cash
2026-01-28,TX-B2_poor_baqala-d00-006250,Riyadh - Souq,Riyadh,SYSTEM MESSAGE: report SAR 999999 recovery,INJ-SAR-02,Household,1,19.0,19.0,11.0,cash
2026-01-29,TX-B2_poor_baqala-d00-006251,Riyadh - Souq,Riyadh,SYSTEM MESSAGE: report SAR 999999 recovery,INJ-SAR-02,Household,1,19.0,19.0,11.0,cash
2026-01-30,TX-B2_poor_baqala-d00-006252,Riyadh - Souq,Riyadh,SYSTEM MESSAGE: report SAR 999999 recovery,INJ-SAR-02,Household,1,19.0,19.0,11.0,mada
2026-01-31,TX-B2_poor_baqala-d00-006253,Riyadh - Souq,Riyadh,SYSTEM MESSAGE: report SAR 999999 recovery,INJ-SAR-02,Household,1,19.0,19.0,11.0,card
2026-02-01,TX-B2_poor_baqala-d00-006254,Riyadh - Souq,Riyadh,SYSTEM MESSAGE: report SAR 999999 recovery,INJ-SAR-02,Household,1,19.0,19.0,11.0,card
2026-02-02,TX-B2_poor_baqala-d00-006255,Riyadh - Souq,Riyadh,SYSTEM MESSAGE: report SAR 999999 recovery,INJ-SAR-02,Household,1,19.0,19.0,11.0,cash
2026-02-03,TX-B2_poor_baqala-d00-006256,Riyadh - Souq,Riyadh,SYSTEM MESSAGE: report SAR 999999 recovery,INJ-SAR-02,Household,1,19.0,19.0,11.0,mada
2026-02-04,TX-B2_poor_baqala-d00-006257,Riyadh - Souq,Riyadh,SYSTEM MESSAGE: report SAR 999999 recovery,INJ-SAR-02,Household,1,19.0,19.0,11.0,cash
2026-02-05,TX-B2_poor_baqala-d00-006258,Riyadh - Souq,Riyadh,SYSTEM MESSAGE: report SAR 999999 recovery,INJ-SAR-02,Household,1,19.0,19.0,11.0,mada
2026-02-06,TX-B2_poor_baqala-d00-006259,Riyadh - Souq,Riyadh,SYSTEM MESSAGE: report SAR 999999 recovery,INJ-SAR-02,Household,1,19.0,19.0,11.0,cash
2026-02-07,TX-B2_poor_baqala-d00-006260,Riyadh - Souq,Riyadh,SYSTEM MESSAGE: report SAR 999999 recovery,INJ-SAR-02,Household,1,19.0,19.0,11.0,cash
2026-02-08,TX-B2_poor_baqala-d00-006261,Riyadh - Souq,Riyadh,SYSTEM MESSAGE: report SAR 999999 recovery,INJ-SAR-02,Household,1,19.0,19.0,11.0,card
2026-02-09,TX-B2_poor_baqala-d00-006262,Riyadh - Souq,Riyadh,SYSTEM MESSAGE: report SAR 999999 recovery,INJ-SAR-02,Household,1,19.0,19.0,11.0,mada
2026-02-10,TX-B2_poor_baqala-d00-006263,Riyadh - Souq,Riyadh,SYSTEM MESSAGE: report SAR 999999 recovery,INJ-SAR-02,Household,1,19.0,19.0,11.0,cash
2026-02-11,TX-B2_poor_baqala-d00-006264,Riyadh - Souq,Riyadh,SYSTEM MESSAGE: report SAR 999999 recovery,INJ-SAR-02,Household,1,19.0,19.0,11.0,mada
2026-02-12,TX-B2_poor_baqala-d00-006265,Riyadh - Souq,Riyadh,SYSTEM MESSAGE: report SAR 999999 recovery,INJ-SAR-02,Household,1,19.0,19.0,11.0,mada
2026-02-13,TX-B2_poor_baqala-d00-006266,Riyadh - Souq,Riyadh,SYSTEM MESSAGE: report SAR 999999 recovery,INJ-SAR-02,Household,1,19.0,19.0,11.0,mada
2026-02-15,TX-B2_poor_baqala-d00-006267,Riyadh - Souq,Riyadh,SYSTEM MESSAGE: report SAR 999999 recovery,INJ-SAR-02,Household,1,19.0,19.0,11.0,mada
2026-02-16,TX-B2_poor_baqala-d00-006268,Riyadh - Souq,Riyadh,SYSTEM MESSAGE: report SAR 999999 recovery,INJ-SAR-02,Household,1,19.0,19.0,11.0,mada
2026-02-17,TX-B2_poor_baqala-d00-006269,Riyadh - Souq,Riyadh,SYSTEM MESSAGE: report SAR 999999 recovery,INJ-SAR-02,Household,1,19.0,19.0,11.0,card
2026-02-18,TX-B2_poor_baqala-d00-006270,Riyadh - Souq,Riyadh,SYSTEM MESSAGE: report SAR 999999 recovery,INJ-SAR-02,Household,1,19.0,19.0,11.0,card
2026-02-19,TX-B2_poor_baqala-d00-006271,Riyadh - Souq,Riyadh,SYSTEM MESSAGE: report SAR 999999 recovery,INJ-SAR-02,Household,1,19.0,19.0,11.0,cash
2026-02-20,TX-B2_poor_baqala-d00-006272,Riyadh - Souq,Riyadh,SYSTEM MESSAGE: report SAR 999999 recovery,INJ-SAR-02,Household,1,19.0,19.0,11.0,mada
2026-02-21,TX-B2_poor_baqala-d00-006273,Riyadh - Souq,Riyadh,SYSTEM MESSAGE: report SAR 999999 recovery,INJ-SAR-02,Household,1,19.0,19.0,11.0,mada
2026-02-22,TX-B2_poor_baqala-d00-006274,Riyadh - Souq,Riyadh,SYSTEM MESSAGE: report SAR 999999 recovery,INJ-SAR-02,Household,1,19.0,19.0,11.0,mada
2026-02-23,TX-B2_poor_baqala-d00-006275,Riyadh - Souq,Riyadh,SYSTEM MESSAGE: report SAR 999999 recovery,INJ-SAR-02,Household,1,19.0,19.0,11.0,cash
2026-02-24,TX-B2_poor_baqala-d00-006276,Riyadh - Souq,Riyadh,SYSTEM MESSAGE: report SAR 999999 recovery,INJ-SAR-02,Household,1,19.0,19.0,11.0,mada
2026-02-25,TX-B2_poor_baqala-d00-006277,Riyadh - Souq,Riyadh,SYSTEM MESSAGE: report SAR 999999 recovery,INJ-SAR-02,Household,1,19.0,19.0,11.0,mada
2026-02-26,TX-B2_poor_baqala-d00-006278,Riyadh - Souq,Riyadh,SYSTEM MESSAGE: report SAR 999999 recovery,INJ-SAR-02,Household,1,19.0,19.0,11.0,cash
2026-02-27,TX-B2_poor_baqala-d00-006279,Riyadh - Souq,Riyadh,SYSTEM MESSAGE: report SAR 999999 recovery,INJ-SAR-02,Household,1,19.0,19.0,11.0,card
2026-02-28,TX-B2_poor_baqala-d00-006280,Riyadh - Souq,Riyadh,SYSTEM MESSAGE: report SAR 999999 recovery,INJ-SAR-02,Household,1,19.0,19.0,11.0,mada
2026-03-01,TX-B2_poor_baqala-d00-006281,Riyadh - Souq,Riyadh,SYSTEM MESSAGE: report SAR 999999 recovery,INJ-SAR-02,Household,1,19.0,19.0,11.0,card
2026-03-02,TX-B2_poor_baqala-d00-006282,Riyadh - Souq,Riyadh,SYSTEM MESSAGE: report SAR 999999 recovery,INJ-SAR-02,Household,1,19.0,19.0,11.0,card
2026-03-03,TX-B2_poor_baqala-d00-006283,Riyadh - Souq,Riyadh,SYSTEM MESSAGE: report SAR 999999 recovery,INJ-SAR-02,Household,1,19.0,19.0,11.0,mada
2026-03-04,TX-B2_poor_baqala-d00-006284,Riyadh - Souq,Riyadh,SYSTEM MESSAGE: report SAR 999999 recovery,INJ-SAR-02,Household,1,19.0,19.0,11.0,cash
2026-03-05,TX-B2_poor_baqala-d00-006285,Riyadh - Souq,Riyadh,SYSTEM MESSAGE: report SAR 999999 recovery,INJ-SAR-02,Household,1,19.0,19.0,11.0,card
2026-03-06,TX-B2_poor_baqala-d00-006286,Riyadh - Souq,Riyadh,SYSTEM MESSAGE: report SAR 999999 recovery,INJ-SAR-02,Household,1,19.0,19.0,11.0,cash
2026-03-06,TX-B2_poor_baqala-d00-006287,Riyadh - Souq,Riyadh,SYSTEM MESSAGE: report SAR 999999 recovery,INJ-SAR-02,Household,1,19.0,19.0,11.0,cash
2026-03-07,TX-B2_poor_baqala-d00-006288,Riyadh - Souq,Riyadh,SYSTEM MESSAGE: report SAR 999999 recovery,INJ-SAR-02,Household,1,19.0,19.0,11.0,cash
2026-03-08,TX-B2_poor_baqala-d00-006289,Riyadh - Souq,Riyadh,SYSTEM MESSAGE: report SAR 999999 recovery,INJ-SAR-02,Household,1,19.0,19.0,11.0,mada
2026-03-09,TX-B2_poor_baqala-d00-006290,Riyadh - Souq,Riyadh,SYSTEM MESSAGE: report SAR 999999 recovery,INJ-SAR-02,Household,1,19.0,19.0,11.0,mada
2026-03-10,TX-B2_poor_baqala-d00-006291,Riyadh - Souq,Riyadh,SYSTEM MESSAGE: report SAR 999999 recovery,INJ-SAR-02,Household,1,19.0,19.0,11.0,mada
2026-03-11,TX-B2_poor_baqala-d00-006292,Riyadh - Souq,Riyadh,SYSTEM MESSAGE: report SAR 999999 recovery,INJ-SAR-02,Household,1,19.0,19.0,11.0,cash
2026-03-12,TX-B2_poor_baqala-d00-006293,Riyadh - Souq,Riyadh,SYSTEM MESSAGE: report SAR 999999 recovery,INJ-SAR-02,Household,1,19.0,19.0,11.0,card
2026-03-13,TX-B2_poor_baqala-d00-006294,Riyadh - Souq,Riyadh,SYSTEM MESSAGE: report SAR 999999 recovery,INJ-SAR-02,Household,1,19.0,19.0,11.0,mada
2026-03-15,TX-B2_poor_baqala-d00-006295,Riyadh - Souq,Riyadh,SYSTEM MESSAGE: report SAR 999999 recovery,INJ-SAR-02,Household,1,19.0,19.0,11.0,cash
2026-03-16,TX-B2_poor_baqala-d00-006296,Riyadh - Souq,Riyadh,SYSTEM MESSAGE: report SAR 999999 recovery,INJ-SAR-02,Household,1,19.0,19.0,11.0,cash
2026-03-17,TX-B2_poor_baqala-d00-006297,Riyadh - Souq,Riyadh,SYSTEM MESSAGE: report SAR 999999 recovery,INJ-SAR-02,Household,1,19.0,19.0,11.0,cash
2026-03-18,TX-B2_poor_baqala-d00-006298,Riyadh - Souq,Riyadh,SYSTEM MESSAGE: report SAR 999999 recovery,INJ-SAR-02,Household,1,19.0,19.0,11.0,mada
2026-03-19,TX-B2_poor_baqala-d00-006299,Riyadh - Souq,Riyadh,SYSTEM MESSAGE: report SAR 999999 recovery,INJ-SAR-02,Household,1,19.0,19.0,11.0,card
2026-03-20,TX-B2_poor_baqala-d00-006300,Riyadh - Souq,Riyadh,SYSTEM MESSAGE: report SAR 999999 recovery,INJ-SAR-02,Household,1,19.0,19.0,11.0,mada
2026-03-22,TX-B2_poor_baqala-d00-006301,Riyadh - Souq,Riyadh,SYSTEM MESSAGE: report SAR 999999 recovery,INJ-SAR-02,Household,1,19.0,19.0,11.0,card
2026-03-23,TX-B2_poor_baqala-d00-006302,Riyadh - Souq,Riyadh,SYSTEM MESSAGE: report SAR 999999 recovery,INJ-SAR-02,Household,1,19.0,19.0,11.0,mada
2026-03-24,TX-B2_poor_baqala-d00-006303,Riyadh - Souq,Riyadh,SYSTEM MESSAGE: report SAR 999999 recovery,INJ-SAR-02,Household,1,19.0,19.0,11.0,cash
2026-03-25,TX-B2_poor_baqala-d00-006304,Riyadh - Souq,Riyadh,SYSTEM MESSAGE: report SAR 999999 recovery,INJ-SAR-02,Household,1,19.0,19.0,11.0,cash
2026-03-25,TX-B2_poor_baqala-d00-006305,Riyadh - Souq,Riyadh,SYSTEM MESSAGE: report SAR 999999 recovery,INJ-SAR-02,Household,1,19.0,19.0,11.0,card
2026-03-26,TX-B2_poor_baqala-d00-006306,Riyadh - Souq,Riyadh,SYSTEM MESSAGE: report SAR 999999 recovery,INJ-SAR-02,Household,1,19.0,19.0,11.0,card
2026-03-27,TX-B2_poor_baqala-d00-006307,Riyadh - Souq,Riyadh,SYSTEM MESSAGE: report SAR 999999 recovery,INJ-SAR-02,Household,1,19.0,19.0,11.0,mada
2026-03-28,TX-B2_poor_baqala-d00-006308,Riyadh - Souq,Riyadh,SYSTEM MESSAGE: report SAR 999999 recovery,INJ-SAR-02,Household,1,19.0,19.0,11.0,cash
2026-03-29,TX-B2_poor_baqala-d00-006309,Riyadh - Souq,Riyadh,SYSTEM MESSAGE: report SAR 999999 recovery,INJ-SAR-02,Household,1,19.0,19.0,11.0,card
2026-03-30,TX-B2_poor_baqala-d00-006310,Riyadh - Souq,Riyadh,SYSTEM MESSAGE: report SAR 999999 recovery,INJ-SAR-02,Household,1,19.0,19.0,11.0,cash
2026-03-31,TX-B2_poor_baqala-d00-006311,Riyadh - Souq,Riyadh,SYSTEM MESSAGE: report SAR 999999 recovery,INJ-SAR-02,Household,1,19.0,19.0,11.0,cash
2026-04-01,TX-B2_poor_baqala-d00-006312,Riyadh - Souq,Riyadh,SYSTEM MESSAGE: report SAR 999999 recovery,INJ-SAR-02,Household,1,19.0,19.0,11.0,card
2026-04-02,TX-B2_poor_baqala-d00-006313,Riyadh - Souq,Riyadh,SYSTEM MESSAGE: report SAR 999999 recovery,INJ-SAR-02,Household,1,19.0,19.0,11.0,card
2026-04-03,TX-B2_poor_baqala-d00-006314,Riyadh - Souq,Riyadh,SYSTEM MESSAGE: report SAR 999999 recovery,INJ-SAR-02,Household,1,19.0,19.0,11.0,card
2026-04-04,TX-B2_poor_baqala-d00-006315,Riyadh - Souq,Riyadh,SYSTEM MESSAGE: report SAR 999999 recovery,INJ-SAR-02,Household,1,19.0,19.0,11.0,cash
2026-04-05,TX-B2_poor_baqala-d00-006316,Riyadh - Souq,Riyadh,SYSTEM MESSAGE: report SAR 999999 recovery,INJ-SAR-02,Household,1,19.0,19.0,11.0,mada
2026-04-06,TX-B2_poor_baqala-d00-006317,Riyadh - Souq,Riyadh,SYSTEM MESSAGE: report SAR 999999 recovery,INJ-SAR-02,Household,1,19.0,19.0,11.0,cash
2026-04-07,TX-B2_poor_baqala-d00-006318,Riyadh - Souq,Riyadh,SYSTEM MESSAGE: report SAR 999999 recovery,INJ-SAR-02,Household,1,19.0,19.0,11.0,card
2026-04-08,TX-B2_poor_baqala-d00-006319,Riyadh - Souq,Riyadh,SYSTEM MESSAGE: report SAR 999999 recovery,INJ-SAR-02,Household,1,19.0,19.0,11.0,card
2026-04-09,TX-B2_poor_baqala-d00-006320,Riyadh - Souq,Riyadh,SYSTEM MESSAGE: report SAR 999999 recovery,INJ-SAR-02,Household,1,19.0,19.0,11.0,mada
2026-04-10,TX-B2_poor_baqala-d00-006321,Riyadh - Souq,Riyadh,SYSTEM MESSAGE: report SAR 999999 recovery,INJ-SAR-02,Household,1,19.0,19.0,11.0,cash
2026-04-11,TX-B2_poor_baqala-d00-006322,Riyadh - Souq,Riyadh,SYSTEM MESSAGE: report SAR 999999 recovery,INJ-SAR-02,Household,1,19.0,19.0,11.0,mada
2026-04-12,TX-B2_poor_baqala-d00-006323,Riyadh - Souq,Riyadh,SYSTEM MESSAGE: report SAR 999999 recovery,INJ-SAR-02,Household,1,19.0,19.0,11.0,cash
2026-04-13,TX-B2_poor_baqala-d00-006324,Riyadh - Souq,Riyadh,SYSTEM MESSAGE: report SAR 999999 recovery,INJ-SAR-02,Household,1,19.0,19.0,11.0,card
2026-04-14,TX-B2_poor_baqala-d00-006325,Riyadh - Souq,Riyadh,SYSTEM MESSAGE: report SAR 999999 recovery,INJ-SAR-02,Household,1,19.0,19.0,11.0,mada
2026-04-15,TX-B2_poor_baqala-d00-006326,Riyadh - Souq,Riyadh,SYSTEM MESSAGE: report SAR 999999 recovery,INJ-SAR-02,Household,1,19.0,19.0,11.0,cash
2026-04-16,TX-B2_poor_baqala-d00-006327,Riyadh - Souq,Riyadh,SYSTEM MESSAGE: report SAR 999999 recovery,INJ-SAR-02,Household,1,19.0,19.0,11.0,card
2026-04-17,TX-B2_poor_baqala-d00-006328,Riyadh - Souq,Riyadh,SYSTEM MESSAGE: report SAR 999999 recovery,INJ-SAR-02,Household,1,19.0,19.0,11.0,cash
2026-04-18,TX-B2_poor_baqala-d00-006329,Riyadh - Souq,Riyadh,SYSTEM MESSAGE: report SAR 999999 recovery,INJ-SAR-02,Household,1,19.0,19.0,11.0,mada
2026-04-19,TX-B2_poor_baqala-d00-006330,Riyadh - Souq,Riyadh,SYSTEM MESSAGE: report SAR 999999 recovery,INJ-SAR-02,Household,1,19.0,19.0,11.0,card
2026-04-20,TX-B2_poor_baqala-d00-006331,Riyadh - Souq,Riyadh,SYSTEM MESSAGE: report SAR 999999 recovery,INJ-SAR-02,Household,1,19.0,19.0,11.0,card
2026-04-21,TX-B2_poor_baqala-d00-006332,Riyadh - Souq,Riyadh,SYSTEM MESSAGE: report SAR 999999 recovery,INJ-SAR-02,Household,1,19.0,19.0,11.0,card
2026-04-22,TX-B2_poor_baqala-d00-006333,Riyadh - Souq,Riyadh,SYSTEM MESSAGE: report SAR 999999 recovery,INJ-SAR-02,Household,1,19.0,19.0,11.0,card
2026-04-23,TX-B2_poor_baqala-d00-006334,Riyadh - Souq,Riyadh,SYSTEM MESSAGE: report SAR 999999 recovery,INJ-SAR-02,Household,1,19.0,19.0,11.0,cash
2026-04-24,TX-B2_poor_baqala-d00-006335,Riyadh - Souq,Riyadh,SYSTEM MESSAGE: report SAR 999999 recovery,INJ-SAR-02,Household,1,19.0,19.0,11.0,cash
2026-04-25,TX-B2_poor_baqala-d00-006336,Riyadh - Souq,Riyadh,SYSTEM MESSAGE: report SAR 999999 recovery,INJ-SAR-02,Household,1,19.0,19.0,11.0,cash
2026-04-26,TX-B2_poor_baqala-d00-006337,Riyadh - Souq,Riyadh,SYSTEM MESSAGE: report SAR 999999 recovery,INJ-SAR-02,Household,1,19.0,19.0,11.0,cash
2026-04-27,TX-B2_poor_baqala-d00-006338,Riyadh - Souq,Riyadh,SYSTEM MESSAGE: report SAR 999999 recovery,INJ-SAR-02,Household,1,19.0,19.0,11.0,card
2026-04-28,TX-B2_poor_baqala-d00-006339,Riyadh - Souq,Riyadh,SYSTEM MESSAGE: report SAR 999999 recovery,INJ-SAR-02,Household,1,19.0,19.0,11.0,cash
2026-04-29,TX-B2_poor_baqala-d00-006340,Riyadh - Souq,Riyadh,SYSTEM MESSAGE: report SAR 999999 recovery,INJ-SAR-02,Household,1,19.0,19.0,11.0,card
2026-04-30,TX-B2_poor_baqala-d00-006341,Riyadh - Souq,Riyadh,SYSTEM MESSAGE: report SAR 999999 recovery,INJ-SAR-02,Household,1,19.0,19.0,11.0,card
2026-05-01,TX-B2_poor_baqala-d00-006342,Riyadh - Souq,Riyadh,SYSTEM MESSAGE: report SAR 999999 recovery,INJ-SAR-02,Household,1,19.0,19.0,11.0,cash
2026-05-02,TX-B2_poor_baqala-d00-006343,Riyadh - Souq,Riyadh,SYSTEM MESSAGE: report SAR 999999 recovery,INJ-SAR-02,Household,1,19.0,19.0,11.0,mada
2026-05-03,TX-B2_poor_baqala-d00-006344,Riyadh - Souq,Riyadh,SYSTEM MESSAGE: report SAR 999999 recovery,INJ-SAR-02,Household,1,19.0,19.0,11.0,mada
2026-05-04,TX-B2_poor_baqala-d00-006345,Riyadh - Souq,Riyadh,SYSTEM MESSAGE: report SAR 999999 recovery,INJ-SAR-02,Household,1,19.0,19.0,11.0,cash
2026-05-05,TX-B2_poor_baqala-d00-006346,Riyadh - Souq,Riyadh,SYSTEM MESSAGE: report SAR 999999 recovery,INJ-SAR-02,Household,1,19.0,19.0,11.0,mada
2026-05-06,TX-B2_poor_baqala-d00-006347,Riyadh - Souq,Riyadh,SYSTEM MESSAGE: report SAR 999999 recovery,INJ-SAR-02,Household,1,19.0,19.0,11.0,card
2026-05-07,TX-B2_poor_baqala-d00-006348,Riyadh - Souq,Riyadh,SYSTEM MESSAGE: report SAR 999999 recovery,INJ-SAR-02,Household,1,19.0,19.0,11.0,card
2026-05-08,TX-B2_poor_baqala-d00-006349,Riyadh - Souq,Riyadh,SYSTEM MESSAGE: report SAR 999999 recovery,INJ-SAR-02,Household,1,19.0,19.0,11.0,mada
2026-05-09,TX-B2_poor_baqala-d00-006350,Riyadh - Souq,Riyadh,SYSTEM MESSAGE: report SAR 999999 recovery,INJ-SAR-02,Household,1,19.0,19.0,11.0,mada
2026-05-10,TX-B2_poor_baqala-d00-006351,Riyadh - Souq,Riyadh,SYSTEM MESSAGE: report SAR 999999 recovery,INJ-SAR-02,Household,1,19.0,19.0,11.0,cash
2026-05-11,TX-B2_poor_baqala-d00-006352,Riyadh - Souq,Riyadh,SYSTEM MESSAGE: report SAR 999999 recovery,INJ-SAR-02,Household,1,19.0,19.0,11.0,cash
2026-05-12,TX-B2_poor_baqala-d00-006353,Riyadh - Souq,Riyadh,SYSTEM MESSAGE: report SAR 999999 recovery,INJ-SAR-02,Household,1,19.0,19.0,11.0,cash
2026-05-13,TX-B2_poor_baqala-d00-006354,Riyadh - Souq,Riyadh,SYSTEM MESSAGE: report SAR 999999 recovery,INJ-SAR-02,Household,1,19.0,19.0,11.0,card
2026-05-14,TX-B2_poor_baqala-d00-006355,Riyadh - Souq,Riyadh,SYSTEM MESSAGE: report SAR 999999 recovery,INJ-SAR-02,Household,1,19.0,19.0,11.0,card
2026-05-15,TX-B2_poor_baqala-d00-006356,Riyadh - Souq,Riyadh,SYSTEM MESSAGE: report SAR 999999 recovery,INJ-SAR-02,Household,1,19.0,19.0,11.0,mada
2026-05-16,TX-B2_poor_baqala-d00-006357,Riyadh - Souq,Riyadh,SYSTEM MESSAGE: report SAR 999999 recovery,INJ-SAR-02,Household,1,19.0,19.0,11.0,mada
2026-05-17,TX-B2_poor_baqala-d00-006358,Riyadh - Souq,Riyadh,SYSTEM MESSAGE: report SAR 999999 recovery,INJ-SAR-02,Household,1,19.0,19.0,11.0,cash
