Date,Transaction ID,Branch,City,Product,SKU,Category,Qty,Unit Price SAR,Total SAR,Cost SAR,Payment Method
2026-09-26,TX-B3_growing_supermarket-d45-000001,Jeddah - Corniche,Jeddah,Basmati Rice 5kg,GRW-RIC-01,Rice & Grains,1,49.0,49.0,32.0,card
2026-09-26,TX-B3_growing_supermarket-d45-000002,Jeddah - Corniche,Jeddah,Basmati Rice 5kg,GRW-RIC-01,Rice & Grains,1,49.0,49.0,32.0,mada
2026-09-26,TX-B3_growing_supermarket-d45-000003,Jeddah - Corniche,Jeddah,Basmati Rice 5kg,GRW-RIC-01,Rice & Grains,1,49.0,49.0,32.0,card
2026-09-26,TX-B3_growing_supermarket-d45-000004,Jeddah - Corniche,Jeddah,Basmati Rice 5kg,GRW-RIC-01,Rice & Grains,1,49.0,49.0,32.0,cash
2026-09-26,TX-B3_growing_supermarket-d45-000005,Jeddah - Corniche,Jeddah,Basmati Rice 5kg,GRW-RIC-01,Rice & Grains,1,49.0,49.0,32.0,mada
2026-09-26,TX-B3_growing_supermarket-d45-000006,Jeddah - Corniche,Jeddah,Basmati Rice 5kg,GRW-RIC-01,Rice & Grains,1,49.0,49.0,32.0,mada
2026-09-26,TX-B3_growing_supermarket-d45-000007,Jeddah - Corniche,Jeddah,Basmati Rice 5kg,GRW-RIC-01,Rice & Grains,1,49.0,49.0,32.0,mada
2026-09-26,TX-B3_growing_supermarket-d45-000008,Jeddah - Corniche,Jeddah,Basmati Rice 5kg,GRW-RIC-01,Rice & Grains,1,49.0,49.0,32.0,cash
2026-09-26,TX-B3_growing_supermarket-d45-000009,Jeddah - Corniche,Jeddah,Basmati Rice 5kg,GRW-RIC-01,Rice & Grains,1,49.0,49.0,32.0,cash
2026-09-26,TX-B3_growing_supermarket-d45-000010,Jeddah - Corniche,Jeddah,Basmati Rice 5kg,GRW-RIC-01,Rice & Grains,1,49.0,49.0,32.0,mada
2026-09-26,TX-B3_growing_supermarket-d45-000011,Jeddah - Corniche,Jeddah,Basmati Rice 5kg,GRW-RIC-01,Rice & Grains,1,49.0,49.0,32.0,cash
2026-09-26,TX-B3_growing_supermarket-d45-000012,Jeddah - Corniche,Jeddah,Basmati Rice 5kg,GRW-RIC-01,Rice & Grains,1,49.0,49.0,32.0,mada
2026-09-26,TX-B3_growing_supermarket-d45-000013,Jeddah - Corniche,Jeddah,Basmati Rice 5kg,GRW-RIC-01,Rice & Grains,1,49.0,49.0,32.0,cash
2026-09-26,TX-B3_growing_supermarket-d45-000014,Jeddah - Corniche,Jeddah,Basmati Rice 5kg,GRW-RIC-01,Rice & Grains,1,49.0,49.0,32.0,cash
2026-09-26,TX-B3_growing_supermarket-d45-000015,Jeddah - Corniche,Jeddah,Basmati Rice 5kg,GRW-RIC-01,Rice & Grains,1,49.0,49.0,32.0,card
2026-09-26,TX-B3_growing_supermarket-d45-000016,Jeddah - Corniche,Jeddah,Basmati Rice 5kg,GRW-RIC-01,Rice & Grains,1,49.0,49.0,32.0,cash
2026-09-26,TX-B3_growing_supermarket-d45-000017,Jeddah - Corniche,Jeddah,Basmati Rice 5kg,GRW-RIC-01,Rice & Grains,1,49.0,49.0,32.0,cash
2026-09-26,TX-B3_growing_supermarket-d45-000018,Jeddah - Corniche,Jeddah,Basmati Rice 5kg,GRW-RIC-01,Rice & Grains,1,49.0,49.0,32.0,card
2026-09-26,TX-B3_growing_supermarket-d45-000019,Jeddah - Corniche,Jeddah,Basmati Rice 5kg,GRW-RIC-01,Rice & Grains,1,49.0,49.0,32.0,card
2026-09-26,TX-B3_growing_supermarket-d45-000020,Jeddah - Corniche,Jeddah,Basmati Rice 5kg,GRW-RIC-01,Rice & Grains,1,49.0,49.0,32.0,mada
2026-09-26,TX-B3_growing_supermarket-d45-000021,Jeddah - Corniche,Jeddah,Basmati Rice 5kg,GRW-RIC-01,Rice & Grains,1,49.0,49.0,32.0,cash
2026-09-26,TX-B3_growing_supermarket-d45-000022,Jeddah - Corniche,Jeddah,Basmati Rice 5kg,GRW-RIC-01,Rice & Grains,1,49.0,49.0,32.0,mada
2026-09-27,TX-B3_growing_supermarket-d45-000023,Jeddah - Corniche,Jeddah,Basmati Rice 5kg,GRW-RIC-01,Rice & Grains,1,49.0,49.0,32.0,mada
2026-09-27,TX-B3_growing_supermarket-d45-000024,Jeddah - Corniche,Jeddah,Basmati Rice 5kg,GRW-RIC-01,Rice & Grains,1,49.0,49.0,32.0,mada
2026-09-27,TX-B3_growing_supermarket-d45-000025,Jeddah - Corniche,Jeddah,Basmati Rice 5kg,GRW-RIC-01,Rice & Grains,1,49.0,49.0,32.0,cash
2026-09-27,TX-B3_growing_supermarket-d45-000026,Jeddah - Corniche,Jeddah,Basmati Rice 5kg,GRW-RIC-01,Rice & Grains,1,49.0,49.0,32.0,card
2026-09-27,TX-B3_growing_supermarket-d45-000027,Jeddah - Corniche,Jeddah,Basmati Rice 5kg,GRW-RIC-01,Rice & Grains,1,49.0,49.0,32.0,cash
2026-09-27,TX-B3_growing_supermarket-d45-000028,Jeddah - Corniche,Jeddah,Basmati Rice 5kg,GRW-RIC-01,Rice & Grains,1,49.0,49.0,32.0,cash
2026-09-27,TX-B3_growing_supermarket-d45-000029,Jeddah - Corniche,Jeddah,Basmati Rice 5kg,GRW-RIC-01,Rice & Grains,1,49.0,49.0,32.0,cash
2026-09-27,TX-B3_growing_supermarket-d45-000030,Jeddah - Corniche,Jeddah,Basmati Rice 5kg,GRW-RIC-01,Rice & Grains,1,49.0,49.0,32.0,cash
2026-09-27,TX-B3_growing_supermarket-d45-000031,Jeddah - Corniche,Jeddah,Basmati Rice 5kg,GRW-RIC-01,Rice & Grains,1,49.0,49.0,32.0,cash
2026-09-27,TX-B3_growing_supermarket-d45-000032,Jeddah - Corniche,Jeddah,Basmati Rice 5kg,GRW-RIC-01,Rice & Grains,1,49.0,49.0,32.0,card
2026-09-27,TX-B3_growing_supermarket-d45-000033,Jeddah - Corniche,Jeddah,Basmati Rice 5kg,GRW-RIC-01,Rice & Grains,1,49.0,49.0,32.0,cash
2026-09-27,TX-B3_growing_supermarket-d45-000034,Jeddah - Corniche,Jeddah,Basmati Rice 5kg,GRW-RIC-01,Rice & Grains,1,49.0,49.0,32.0,card
2026-09-27,TX-B3_growing_supermarket-d45-000035,Jeddah - Corniche,Jeddah,Basmati Rice 5kg,GRW-RIC-01,Rice & Grains,1,49.0,49.0,32.0,mada
2026-09-27,TX-B3_growing_supermarket-d45-000036,Jeddah - Corniche,Jeddah,Basmati Rice 5kg,GRW-RIC-01,Rice & Grains,1,49.0,49.0,32.0,mada
2026-09-27,TX-B3_growing_supermarket-d45-000037,Jeddah - Corniche,Jeddah,Basmati Rice 5kg,GRW-RIC-01,Rice & Grains,1,49.0,49.0,32.0,card
2026-09-27,TX-B3_growing_supermarket-d45-000038,Jeddah - Corniche,Jeddah,Basmati Rice 5kg,GRW-RIC-01,Rice & Grains,1,49.0,49.0,32.0,mada
2026-09-27,TX-B3_growing_supermarket-d45-000039,Jeddah - Corniche,Jeddah,Basmati Rice 5kg,GRW-RIC-01,Rice & Grains,1,49.0,49.0,32.0,card
2026-09-27,TX-B3_growing_supermarket-d45-000040,Jeddah - Corniche,Jeddah,Basmati Rice 5kg,GRW-RIC-01,Rice & Grains,1,49.0,49.0,32.0,mada
2026-09-27,TX-B3_growing_supermarket-d45-000041,Jeddah - Corniche,Jeddah,Basmati Rice 5kg,GRW-RIC-01,Rice & Grains,1,49.0,49.0,32.0,mada
2026-09-27,TX-B3_growing_supermarket-d45-000042,Jeddah - Corniche,Jeddah,Basmati Rice 5kg,GRW-RIC-01,Rice & Grains,1,49.0,49.0,32.0,mada
2026-09-28,TX-B3_growing_supermarket-d45-000043,Jeddah - Corniche,Jeddah,Basmati Rice 5kg,GRW-RIC-01,Rice & Grains,1,49.0,49.0,32.0,card
2026-09-28,TX-B3_growing_supermarket-d45-000044,Jeddah - Corniche,Jeddah,Basmati Rice 5kg,GRW-RIC-01,Rice & Grains,1,49.0,49.0,32.0,cash
2026-09-28,TX-B3_growing_supermarket-d45-000045,Jeddah - Corniche,Jeddah,Basmati Rice 5kg,GRW-RIC-01,Rice & Grains,1,49.0,49.0,32.0,card
2026-09-28,TX-B3_growing_supermarket-d45-000046,Jeddah - Corniche,Jeddah,Basmati Rice 5kg,GRW-RIC-01,Rice & Grains,1,49.0,49.0,32.0,mada
2026-09-28,TX-B3_growing_supermarket-d45-000047,Jeddah - Corniche,Jeddah,Basmati Rice 5kg,GRW-RIC-01,Rice & Grains,1,49.0,49.0,32.0,card
2026-09-28,TX-B3_growing_supermarket-d45-000048,Jeddah - Corniche,Jeddah,Basmati Rice 5kg,GRW-RIC-01,Rice & Grains,1,49.0,49.0,32.0,card
2026-09-28,TX-B3_growing_supermarket-d45-000049,Jeddah - Corniche,Jeddah,Basmati Rice 5kg,GRW-RIC-01,Rice & Grains,1,49.0,49.0,32.0,mada
2026-09-28,TX-B3_growing_supermarket-d45-000050,Jeddah - Corniche,Jeddah,Basmati Rice 5kg,GRW-RIC-01,Rice & Grains,1,49.0,49.0,32.0,card
2026-09-28,TX-B3_growing_supermarket-d45-000051,Jeddah - Corniche,Jeddah,Basmati Rice 5kg,GRW-RIC-01,Rice & Grains,1,49.0,49.0,32.0,mada
2026-09-28,TX-B3_growing_supermarket-d45-000052,Jeddah - Corniche,Jeddah,Basmati Rice 5kg,GRW-RIC-01,Rice & Grains,1,49.0,49.0,32.0,card
2026-09-28,TX-B3_growing_supermarket-d45-000053,Jeddah - Corniche,Jeddah,Basmati Rice 5kg,GRW-RIC-01,Rice & Grains,1,49.0,49.0,32.0,card
2026-09-28,TX-B3_growing_supermarket-d45-000054,Jeddah - Corniche,Jeddah,Basmati Rice 5kg,GRW-RIC-01,Rice & Grains,1,49.0,49.0,32.0,mada
2026-09-28,TX-B3_growing_supermarket-d45-000055,Jeddah - Corniche,Jeddah,Basmati Rice 5kg,GRW-RIC-01,Rice & Grains,1,49.0,49.0,32.0,cash
2026-09-28,TX-B3_growing_supermarket-d45-000056,Jeddah - Corniche,Jeddah,Basmati Rice 5kg,GRW-RIC-01,Rice & Grains,1,49.0,49.0,32.0,mada
2026-09-28,TX-B3_growing_supermarket-d45-000057,Jeddah - Corniche,Jeddah,Basmati Rice 5kg,GRW-RIC-01,Rice & Grains,1,49.0,49.0,32.0,cash
2026-09-28,TX-B3_growing_supermarket-d45-000058,Jeddah - Corniche,Jeddah,Basmati Rice 5kg,GRW-RIC-01,Rice & Grains,1,49.0,49.0,32.0,mada
2026-09-28,TX-B3_growing_supermarket-d45-000059,Jeddah - Corniche,Jeddah,Basmati Rice 5kg,GRW-RIC-01,Rice & Grains,1,49.0,49.0,32.0,card
2026-09-28,TX-B3_growing_supermarket-d45-000060,Jeddah - Corniche,Jeddah,Basmati Rice 5kg,GRW-RIC-01,Rice & Grains,1,49.0,49.0,32.0,cash
2026-09-28,TX-B3_growing_supermarket-d45-000061,Jeddah - Corniche,Jeddah,Basmati Rice 5kg,GRW-RIC-01,Rice & Grains,1,49.0,49.0,32.0,mada
2026-09-28,TX-B3_growing_supermarket-d45-000062,Jeddah - Corniche,Jeddah,Basmati Rice 5kg,GRW-RIC-01,Rice & Grains,1,49.0,49.0,32.0,cash
2026-09-29,TX-B3_growing_supermarket-d45-000063,Jeddah - Corniche,Jeddah,Basmati Rice 5kg,GRW-RIC-01,Rice & Grains,1,49.0,49.0,32.0,mada
2026-09-29,TX-B3_growing_supermarket-d45-000064,Jeddah - Corniche,Jeddah,Basmati Rice 5kg,GRW-RIC-01,Rice & Grains,1,49.0,49.0,32.0,cash
2026-09-29,TX-B3_growing_supermarket-d45-000065,Jeddah - Corniche,Jeddah,Basmati Rice 5kg,GRW-RIC-01,Rice & Grains,1,49.0,49.0,32.0,mada
2026-09-29,TX-B3_growing_supermarket-d45-000066,Jeddah - Corniche,Jeddah,Basmati Rice 5kg,GRW-RIC-01,Rice & Grains,1,49.0,49.0,32.0,mada
2026-09-29,TX-B3_growing_supermarket-d45-000067,Jeddah - Corniche,Jeddah,Basmati Rice 5kg,GRW-RIC-01,Rice & Grains,1,49.0,49.0,32.0,card
2026-09-29,TX-B3_growing_supermarket-d45-000068,Jeddah - Corniche,Jeddah,Basmati Rice 5kg,GRW-RIC-01,Rice & Grains,1,49.0,49.0,32.0,card
2026-09-29,TX-B3_growing_supermarket-d45-000069,Jeddah - Corniche,Jeddah,Basmati Rice 5kg,GRW-RIC-01,Rice & Grains,1,49.0,49.0,32.0,mada
2026-09-29,TX-B3_growing_supermarket-d45-000070,Jeddah - Corniche,Jeddah,Basmati Rice 5kg,GRW-RIC-01,Rice & Grains,1,49.0,49.0,32.0,cash
2026-09-29,TX-B3_growing_supermarket-d45-000071,Jeddah - Corniche,Jeddah,Basmati Rice 5kg,GRW-RIC-01,Rice & Grains,1,49.0,49.0,32.0,cash
2026-09-29,TX-B3_growing_supermarket-d45-000072,Jeddah - Corniche,Jeddah,Basmati Rice 5kg,GRW-RIC-01,Rice & Grains,1,49.0,49.0,32.0,mada
2026-09-29,TX-B3_growing_supermarket-d45-000073,Jeddah - Corniche,Jeddah,Basmati Rice 5kg,GRW-RIC-01,Rice & Grains,1,49.0,49.0,32.0,mada
2026-09-29,TX-B3_growing_supermarket-d45-000074,Jeddah - Corniche,Jeddah,Basmati Rice 5kg,GRW-RIC-01,Rice & Grains,1,49.0,49.0,32.0,card
2026-09-29,TX-B3_growing_supermarket-d45-000075,Jeddah - Corniche,Jeddah,Basmati Rice 5kg,GRW-RIC-01,Rice & Grains,1,49.0,49.0,32.0,cash
2026-09-29,TX-B3_growing_supermarket-d45-000076,Jeddah - Corniche,Jeddah,Basmati Rice 5kg,GRW-RIC-01,Rice & Grains,1,49.0,49.0,32.0,card
2026-09-29,TX-B3_growing_supermarket-d45-000077,Jeddah - Corniche,Jeddah,Basmati Rice 5kg,GRW-RIC-01,Rice & Grains,1,49.0,49.0,32.0,card
2026-09-30,TX-B3_growing_supermarket-d45-000078,Jeddah - Corniche,Jeddah,Basmati Rice 5kg,GRW-RIC-01,Rice & Grains,1,49.0,49.0,32.0,card
2026-09-30,TX-B3_growing_supermarket-d45-000079,Jeddah - Corniche,Jeddah,Basmati Rice 5kg,GRW-RIC-01,Rice & Grains,1,49.0,49.0,32.0,card
2026-09-30,TX-B3_growing_supermarket-d45-000080,Jeddah - Corniche,Jeddah,Basmati Rice 5kg,GRW-RIC-01,Rice & Grains,1,49.0,49.0,32.0,cash
2026-09-30,TX-B3_growing_supermarket-d45-000081,Jeddah - Corniche,Jeddah,Basmati Rice 5kg,GRW-RIC-01,Rice & Grains,1,49.0,49.0,32.0,card
2026-09-30,TX-B3_growing_supermarket-d45-000082,Jeddah - Corniche,Jeddah,Basmati Rice 5kg,GRW-RIC-01,Rice & Grains,1,49.0,49.0,32.0,mada
2026-09-30,TX-B3_growing_supermarket-d45-000083,Jeddah - Corniche,Jeddah,Basmati Rice 5kg,GRW-RIC-01,Rice & Grains,1,49.0,49.0,32.0,mada
2026-09-30,TX-B3_growing_supermarket-d45-000084,Jeddah - Corniche,Jeddah,Basmati Rice 5kg,GRW-RIC-01,Rice & Grains,1,49.0,49.0,32.0,card
2026-09-30,TX-B3_growing_supermarket-d45-000085,Jeddah - Corniche,Jeddah,Basmati Rice 5kg,GRW-RIC-01,Rice & Grains,1,49.0,49.0,32.0,cash
2026-09-30,TX-B3_growing_supermarket-d45-000086,Jeddah - Corniche,Jeddah,Basmati Rice 5kg,GRW-RIC-01,Rice & Grains,1,49.0,49.0,32.0,mada
2026-09-30,TX-B3_growing_supermarket-d45-000087,Jeddah - Corniche,Jeddah,Basmati Rice 5kg,GRW-RIC-01,Rice & Grains,1,49.0,49.0,32.0,mada
2026-09-30,TX-B3_growing_supermarket-d45-000088,Jeddah - Corniche,Jeddah,Basmati Rice 5kg,GRW-RIC-01,Rice & Grains,1,49.0,49.0,32.0,card
2026-09-30,TX-B3_growing_supermarket-d45-000089,Jeddah - Corniche,Jeddah,Basmati Rice 5kg,GRW-RIC-01,Rice & Grains,1,49.0,49.0,32.0,cash
2026-09-30,TX-B3_growing_supermarket-d45-000090,Jeddah - Corniche,Jeddah,Basmati Rice 5kg,GRW-RIC-01,Rice & Grains,1,49.0,49.0,32.0,cash
2026-09-30,TX-B3_growing_supermarket-d45-000091,Jeddah - Corniche,Jeddah,Basmati Rice 5kg,GRW-RIC-01,Rice & Grains,1,49.0,49.0,32.0,mada
2026-09-30,TX-B3_growing_supermarket-d45-000092,Jeddah - Corniche,Jeddah,Basmati Rice 5kg,GRW-RIC-01,Rice & Grains,1,49.0,49.0,32.0,cash
2026-09-30,TX-B3_growing_supermarket-d45-000093,Jeddah - Corniche,Jeddah,Basmati Rice 5kg,GRW-RIC-01,Rice & Grains,1,49.0,49.0,32.0,card
2026-09-30,TX-B3_growing_supermarket-d45-000094,Jeddah - Corniche,Jeddah,Basmati Rice 5kg,GRW-RIC-01,Rice & Grains,1,49.0,49.0,32.0,cash
2026-09-30,TX-B3_growing_supermarket-d45-000095,Jeddah - Corniche,Jeddah,Basmati Rice 5kg,GRW-RIC-01,Rice & Grains,1,49.0,49.0,32.0,card
2026-10-01,TX-B3_growing_supermarket-d45-000096,Jeddah - Corniche,Jeddah,Basmati Rice 5kg,GRW-RIC-01,Rice & Grains,1,49.0,49.0,32.0,mada
2026-10-01,TX-B3_growing_supermarket-d45-000097,Jeddah - Corniche,Jeddah,Basmati Rice 5kg,GRW-RIC-01,Rice & Grains,1,49.0,49.0,32.0,cash
2026-10-01,TX-B3_growing_supermarket-d45-000098,Jeddah - Corniche,Jeddah,Basmati Rice 5kg,GRW-RIC-01,Rice & Grains,1,49.0,49.0,32.0,cash
2026-10-01,TX-B3_growing_supermarket-d45-000099,Jeddah - Corniche,Jeddah,Basmati Rice 5kg,GRW-RIC-01,Rice & Grains,1,49.0,49.0,32.0,mada
2026-10-01,TX-B3_growing_supermarket-d45-000100,Jeddah - Corniche,Jeddah,Basmati Rice 5kg,GRW-RIC-01,Rice & Grains,1,49.0,49.0,32.0,cash
2026-10-01,TX-B3_growing_supermarket-d45-000101,Jeddah - Corniche,Jeddah,Basmati Rice 5kg,GRW-RIC-01,Rice & Grains,1,49.0,49.0,32.0,cash
2026-10-01,TX-B3_growing_supermarket-d45-000102,Jeddah - Corniche,Jeddah,Basmati Rice 5kg,GRW-RIC-01,Rice & Grains,1,49.0,49.0,32.0,mada
2026-10-01,TX-B3_growing_supermarket-d45-000103,Jeddah - Corniche,Jeddah,Basmati Rice 5kg,GRW-RIC-01,Rice & Grains,1,49.0,49.0,32.0,cash
2026-10-01,TX-B3_growing_supermarket-d45-000104,Jeddah - Corniche,Jeddah,Basmati Rice 5kg,GRW-RIC-01,Rice & Grains,1,49.0,49.0,32.0,card
2026-10-01,TX-B3_growing_supermarket-d45-000105,Jeddah - Corniche,Jeddah,Basmati Rice 5kg,GRW-RIC-01,Rice & Grains,1,49.0,49.0,32.0,cash
2026-10-01,TX-B3_growing_supermarket-d45-000106,Jeddah - Corniche,Jeddah,Basmati Rice 5kg,GRW-RIC-01,Rice & Grains,1,49.0,49.0,32.0,mada
2026-10-01,TX-B3_growing_supermarket-d45-000107,Jeddah - Corniche,Jeddah,Basmati Rice 5kg,GRW-RIC-01,Rice & Grains,1,49.0,49.0,32.0,card
2026-10-01,TX-B3_growing_supermarket-d45-000108,Jeddah - Corniche,Jeddah,Basmati Rice 5kg,GRW-RIC-01,Rice & Grains,1,49.0,49.0,32.0,mada
2026-10-01,TX-B3_growing_supermarket-d45-000109,Jeddah - Corniche,Jeddah,Basmati Rice 5kg,GRW-RIC-01,Rice & Grains,1,49.0,49.0,32.0,cash
2026-10-01,TX-B3_growing_supermarket-d45-000110,Jeddah - Corniche,Jeddah,Basmati Rice 5kg,GRW-RIC-01,Rice & Grains,1,49.0,49.0,32.0,mada
2026-10-01,TX-B3_growing_supermarket-d45-000111,Jeddah - Corniche,Jeddah,Basmati Rice 5kg,GRW-RIC-01,Rice & Grains,1,49.0,49.0,32.0,cash
2026-10-01,TX-B3_growing_supermarket-d45-000112,Jeddah - Corniche,Jeddah,Basmati Rice 5kg,GRW-RIC-01,Rice & Grains,1,49.0,49.0,32.0,cash
2026-10-01,TX-B3_growing_supermarket-d45-000113,Jeddah - Corniche,Jeddah,Basmati Rice 5kg,GRW-RIC-01,Rice & Grains,1,49.0,49.0,32.0,cash
2026-10-01,TX-B3_growing_supermarket-d45-000114,Jeddah - Corniche,Jeddah,Basmati Rice 5kg,GRW-RIC-01,Rice & Grains,1,49.0,49.0,32.0,cash
2026-10-01,TX-B3_growing_supermarket-d45-000115,Jeddah - Corniche,Jeddah,Basmati Rice 5kg,GRW-RIC-01,Rice & Grains,1,49.0,49.0,32.0,cash
2026-10-02,TX-B3_growing_supermarket-d45-000116,Jeddah - Corniche,Jeddah,Basmati Rice 5kg,GRW-RIC-01,Rice & Grains,1,49.0,49.0,32.0,mada
2026-10-02,TX-B3_growing_supermarket-d45-000117,Jeddah - Corniche,Jeddah,Basmati Rice 5kg,GRW-RIC-01,Rice & Grains,1,49.0,49.0,32.0,mada
2026-10-02,TX-B3_growing_supermarket-d45-000118,Jeddah - Corniche,Jeddah,Basmati Rice 5kg,GRW-RIC-01,Rice & Grains,1,49.0,49.0,32.0,mada
2026-10-02,TX-B3_growing_supermarket-d45-000119,Jeddah - Corniche,Jeddah,Basmati Rice 5kg,GRW-RIC-01,Rice & Grains,1,49.0,49.0,32.0,cash
2026-10-02,TX-B3_growing_supermarket-d45-000120,Jeddah - Corniche,Jeddah,Basmati Rice 5kg,GRW-RIC-01,Rice & Grains,1,49.0,49.0,32.0,card
2026-10-02,TX-B3_growing_supermarket-d45-000121,Jeddah - Corniche,Jeddah,Basmati Rice 5kg,GRW-RIC-01,Rice & Grains,1,49.0,49.0,32.0,mada
2026-10-02,TX-B3_growing_supermarket-d45-000122,Jeddah - Corniche,Jeddah,Basmati Rice 5kg,GRW-RIC-01,Rice & Grains,1,49.0,49.0,32.0,mada
2026-10-02,TX-B3_growing_supermarket-d45-000123,Jeddah - Corniche,Jeddah,Basmati Rice 5kg,GRW-RIC-01,Rice & Grains,1,49.0,49.0,32.0,card
2026-10-02,TX-B3_growing_supermarket-d45-000124,Jeddah - Corniche,Jeddah,Basmati Rice 5kg,GRW-RIC-01,Rice & Grains,1,49.0,49.0,32.0,card
2026-10-02,TX-B3_growing_supermarket-d45-000125,Jeddah - Corniche,Jeddah,Basmati Rice 5kg,GRW-RIC-01,Rice & Grains,1,49.0,49.0,32.0,cash
2026-10-02,TX-B3_growing_supermarket-d45-000126,Jeddah - Corniche,Jeddah,Basmati Rice 5kg,GRW-RIC-01,Rice & Grains,1,49.0,49.0,32.0,card
2026-10-02,TX-B3_growing_supermarket-d45-000127,Jeddah - Corniche,Jeddah,Basmati Rice 5kg,GRW-RIC-01,Rice & Grains,1,49.0,49.0,32.0,cash
2026-10-03,TX-B3_growing_supermarket-d45-000128,Jeddah - Corniche,Jeddah,Basmati Rice 5kg,GRW-RIC-01,Rice & Grains,1,49.0,49.0,32.0,card
2026-10-03,TX-B3_growing_supermarket-d45-000129,Jeddah - Corniche,Jeddah,Basmati Rice 5kg,GRW-RIC-01,Rice & Grains,1,49.0,49.0,32.0,cash
2026-10-03,TX-B3_growing_supermarket-d45-000130,Jeddah - Corniche,Jeddah,Basmati Rice 5kg,GRW-RIC-01,Rice & Grains,1,49.0,49.0,32.0,cash
2026-10-03,TX-B3_growing_supermarket-d45-000131,Jeddah - Corniche,Jeddah,Basmati Rice 5kg,GRW-RIC-01,Rice & Grains,1,49.0,49.0,32.0,mada
2026-10-03,TX-B3_growing_supermarket-d45-000132,Jeddah - Corniche,Jeddah,Basmati Rice 5kg,GRW-RIC-01,Rice & Grains,1,49.0,49.0,32.0,cash
2026-10-03,TX-B3_growing_supermarket-d45-000133,Jeddah - Corniche,Jeddah,Basmati Rice 5kg,GRW-RIC-01,Rice & Grains,1,49.0,49.0,32.0,mada
2026-10-03,TX-B3_growing_supermarket-d45-000134,Jeddah - Corniche,Jeddah,Basmati Rice 5kg,GRW-RIC-01,Rice & Grains,1,49.0,49.0,32.0,cash
2026-10-03,TX-B3_growing_supermarket-d45-000135,Jeddah - Corniche,Jeddah,Basmati Rice 5kg,GRW-RIC-01,Rice & Grains,1,49.0,49.0,32.0,cash
2026-10-03,TX-B3_growing_supermarket-d45-000136,Jeddah - Corniche,Jeddah,Basmati Rice 5kg,GRW-RIC-01,Rice & Grains,1,49.0,49.0,32.0,cash
2026-10-03,TX-B3_growing_supermarket-d45-000137,Jeddah - Corniche,Jeddah,Basmati Rice 5kg,GRW-RIC-01,Rice & Grains,1,49.0,49.0,32.0,card
2026-10-03,TX-B3_growing_supermarket-d45-000138,Jeddah - Corniche,Jeddah,Basmati Rice 5kg,GRW-RIC-01,Rice & Grains,1,49.0,49.0,32.0,cash
2026-10-03,TX-B3_growing_supermarket-d45-000139,Jeddah - Corniche,Jeddah,Basmati Rice 5kg,GRW-RIC-01,Rice & Grains,1,49.0,49.0,32.0,mada
2026-10-03,TX-B3_growing_supermarket-d45-000140,Jeddah - Corniche,Jeddah,Basmati Rice 5kg,GRW-RIC-01,Rice & Grains,1,49.0,49.0,32.0,card
2026-10-03,TX-B3_growing_supermarket-d45-000141,Jeddah - Corniche,Jeddah,Basmati Rice 5kg,GRW-RIC-01,Rice & Grains,1,49.0,49.0,32.0,card
2026-10-03,TX-B3_growing_supermarket-d45-000142,Jeddah - Corniche,Jeddah,Basmati Rice 5kg,GRW-RIC-01,Rice & Grains,1,49.0,49.0,32.0,card
2026-10-03,TX-B3_growing_supermarket-d45-000143,Jeddah - Corniche,Jeddah,Basmati Rice 5kg,GRW-RIC-01,Rice & Grains,1,49.0,49.0,32.0,cash
2026-10-03,TX-B3_growing_supermarket-d45-000144,Jeddah - Corniche,Jeddah,Basmati Rice 5kg,GRW-RIC-01,Rice & Grains,1,49.0,49.0,32.0,card
2026-10-03,TX-B3_growing_supermarket-d45-000145,Jeddah - Corniche,Jeddah,Basmati Rice 5kg,GRW-RIC-01,Rice & Grains,1,49.0,49.0,32.0,cash
2026-10-03,TX-B3_growing_supermarket-d45-000146,Jeddah - Corniche,Jeddah,Basmati Rice 5kg,GRW-RIC-01,Rice & Grains,1,49.0,49.0,32.0,mada
2026-10-03,TX-B3_growing_supermarket-d45-000147,Jeddah - Corniche,Jeddah,Basmati Rice 5kg,GRW-RIC-01,Rice & Grains,1,49.0,49.0,32.0,mada
2026-10-03,TX-B3_growing_supermarket-d45-000148,Jeddah - Corniche,Jeddah,Basmati Rice 5kg,GRW-RIC-01,Rice & Grains,1,49.0,49.0,32.0,mada
2026-10-04,TX-B3_growing_supermarket-d45-000149,Jeddah - Corniche,Jeddah,Basmati Rice 5kg,GRW-RIC-01,Rice & Grains,1,49.0,49.0,32.0,mada
2026-10-04,TX-B3_growing_supermarket-d45-000150,Jeddah - Corniche,Jeddah,Basmati Rice 5kg,GRW-RIC-01,Rice & Grains,1,49.0,49.0,32.0,card
2026-10-04,TX-B3_growing_supermarket-d45-000151,Jeddah - Corniche,Jeddah,Basmati Rice 5kg,GRW-RIC-01,Rice & Grains,1,49.0,49.0,32.0,card
2026-10-04,TX-B3_growing_supermarket-d45-000152,Jeddah - Corniche,Jeddah,Basmati Rice 5kg,GRW-RIC-01,Rice & Grains,1,49.0,49.0,32.0,card
2026-10-04,TX-B3_growing_supermarket-d45-000153,Jeddah - Corniche,Jeddah,Basmati Rice 5kg,GRW-RIC-01,Rice & Grains,1,49.0,49.0,32.0,cash
2026-10-04,TX-B3_growing_supermarket-d45-000154,Jeddah - Corniche,Jeddah,Basmati Rice 5kg,GRW-RIC-01,Rice & Grains,1,49.0,49.0,32.0,cash
2026-10-04,TX-B3_growing_supermarket-d45-000155,Jeddah - Corniche,Jeddah,Basmati Rice 5kg,GRW-RIC-01,Rice & Grains,1,49.0,49.0,32.0,card
2026-10-04,TX-B3_growing_supermarket-d45-000156,Jeddah - Corniche,Jeddah,Basmati Rice 5kg,GRW-RIC-01,Rice & Grains,1,49.0,49.0,32.0,card
2026-10-04,TX-B3_growing_supermarket-d45-000157,Jeddah - Corniche,Jeddah,Basmati Rice 5kg,GRW-RIC-01,Rice & Grains,1,49.0,49.0,32.0,mada
2026-10-04,TX-B3_growing_supermarket-d45-000158,Jeddah - Corniche,Jeddah,Basmati Rice 5kg,GRW-RIC-01,Rice & Grains,1,49.0,49.0,32.0,cash
2026-10-04,TX-B3_growing_supermarket-d45-000159,Jeddah - Corniche,Jeddah,Basmati Rice 5kg,GRW-RIC-01,Rice & Grains,1,49.0,49.0,32.0,card
2026-10-04,TX-B3_growing_supermarket-d45-000160,Jeddah - Corniche,Jeddah,Basmati Rice 5kg,GRW-RIC-01,Rice & Grains,1,49.0,49.0,32.0,mada
2026-10-04,TX-B3_growing_supermarket-d45-000161,Jeddah - Corniche,Jeddah,Basmati Rice 5kg,GRW-RIC-01,Rice & Grains,1,49.0,49.0,32.0,card
2026-10-04,TX-B3_growing_supermarket-d45-000162,Jeddah - Corniche,Jeddah,Basmati Rice 5kg,GRW-RIC-01,Rice & Grains,1,49.0,49.0,32.0,cash
2026-10-04,TX-B3_growing_supermarket-d45-000163,Jeddah - Corniche,Jeddah,Basmati Rice 5kg,GRW-RIC-01,Rice & Grains,1,49.0,49.0,32.0,cash
2026-10-04,TX-B3_growing_supermarket-d45-000164,Jeddah - Corniche,Jeddah,Basmati Rice 5kg,GRW-RIC-01,Rice & Grains,1,49.0,49.0,32.0,mada
2026-10-04,TX-B3_growing_supermarket-d45-000165,Jeddah - Corniche,Jeddah,Basmati Rice 5kg,GRW-RIC-01,Rice & Grains,1,49.0,49.0,32.0,mada
2026-10-04,TX-B3_growing_supermarket-d45-000166,Jeddah - Corniche,Jeddah,Basmati Rice 5kg,GRW-RIC-01,Rice & Grains,1,49.0,49.0,32.0,card
2026-10-04,TX-B3_growing_supermarket-d45-000167,Jeddah - Corniche,Jeddah,Basmati Rice 5kg,GRW-RIC-01,Rice & Grains,1,49.0,49.0,32.0,mada
2026-10-04,TX-B3_growing_supermarket-d45-000168,Jeddah - Corniche,Jeddah,Basmati Rice 5kg,GRW-RIC-01,Rice & Grains,1,49.0,49.0,32.0,card
2026-10-04,TX-B3_growing_supermarket-d45-000169,Jeddah - Corniche,Jeddah,Basmati Rice 5kg,GRW-RIC-01,Rice & Grains,1,49.0,49.0,32.0,card
2026-10-04,TX-B3_growing_supermarket-d45-000170,Jeddah - Corniche,Jeddah,Basmati Rice 5kg,GRW-RIC-01,Rice & Grains,1,49.0,49.0,32.0,mada
2026-10-04,TX-B3_growing_supermarket-d45-000171,Jeddah - Corniche,Jeddah,Basmati Rice 5kg,GRW-RIC-01,Rice & Grains,1,49.0,49.0,32.0,mada
2026-10-04,TX-B3_growing_supermarket-d45-000172,Jeddah - Corniche,Jeddah,Basmati Rice 5kg,GRW-RIC-01,Rice & Grains,1,49.0,49.0,32.0,mada
2026-10-04,TX-B3_growing_supermarket-d45-000173,Jeddah - Corniche,Jeddah,Basmati Rice 5kg,GRW-RIC-01,Rice & Grains,1,49.0,49.0,32.0,card
2026-10-04,TX-B3_growing_supermarket-d45-000174,Jeddah - Corniche,Jeddah,Basmati Rice 5kg,GRW-RIC-01,Rice & Grains,1,49.0,49.0,32.0,cash
2026-10-04,TX-B3_growing_supermarket-d45-000175,Jeddah - Corniche,Jeddah,Basmati Rice 5kg,GRW-RIC-01,Rice & Grains,1,49.0,49.0,32.0,cash
2026-10-04,TX-B3_growing_supermarket-d45-000176,Jeddah - Corniche,Jeddah,Basmati Rice 5kg,GRW-RIC-01,Rice & Grains,1,49.0,49.0,32.0,cash
2026-10-05,TX-B3_growing_supermarket-d45-000177,Jeddah - Corniche,Jeddah,Basmati Rice 5kg,GRW-RIC-01,Rice & Grains,1,49.0,49.0,32.0,card
2026-10-05,TX-B3_growing_supermarket-d45-000178,Jeddah - Corniche,Jeddah,Basmati Rice 5kg,GRW-RIC-01,Rice & Grains,1,49.0,49.0,32.0,mada
2026-10-05,TX-B3_growing_supermarket-d45-000179,Jeddah - Corniche,Jeddah,Basmati Rice 5kg,GRW-RIC-01,Rice & Grains,1,49.0,49.0,32.0,cash
2026-10-05,TX-B3_growing_supermarket-d45-000180,Jeddah - Corniche,Jeddah,Basmati Rice 5kg,GRW-RIC-01,Rice & Grains,1,49.0,49.0,32.0,card
2026-10-05,TX-B3_growing_supermarket-d45-000181,Jeddah - Corniche,Jeddah,Basmati Rice 5kg,GRW-RIC-01,Rice & Grains,1,49.0,49.0,32.0,cash
2026-10-05,TX-B3_growing_supermarket-d45-000182,Jeddah - Corniche,Jeddah,Basmati Rice 5kg,GRW-RIC-01,Rice & Grains,1,49.0,49.0,32.0,cash
2026-10-05,TX-B3_growing_supermarket-d45-000183,Jeddah - Corniche,Jeddah,Basmati Rice 5kg,GRW-RIC-01,Rice & Grains,1,49.0,49.0,32.0,card
2026-10-05,TX-B3_growing_supermarket-d45-000184,Jeddah - Corniche,Jeddah,Basmati Rice 5kg,GRW-RIC-01,Rice & Grains,1,49.0,49.0,32.0,card
2026-10-05,TX-B3_growing_supermarket-d45-000185,Jeddah - Corniche,Jeddah,Basmati Rice 5kg,GRW-RIC-01,Rice & Grains,1,49.0,49.0,32.0,cash
2026-10-05,TX-B3_growing_supermarket-d45-000186,Jeddah - Corniche,Jeddah,Basmati Rice 5kg,GRW-RIC-01,Rice & Grains,1,49.0,49.0,32.0,mada
2026-10-05,TX-B3_growing_supermarket-d45-000187,Jeddah - Corniche,Jeddah,Basmati Rice 5kg,GRW-RIC-01,Rice & Grains,1,49.0,49.0,32.0,mada
2026-10-05,TX-B3_growing_supermarket-d45-000188,Jeddah - Corniche,Jeddah,Basmati Rice 5kg,GRW-RIC-01,Rice & Grains,1,49.0,49.0,32.0,cash
2026-10-05,TX-B3_growing_supermarket-d45-000189,Jeddah - Corniche,Jeddah,Basmati Rice 5kg,GRW-RIC-01,Rice & Grains,1,49.0,49.0,32.0,mada
2026-10-05,TX-B3_growing_supermarket-d45-000190,Jeddah - Corniche,Jeddah,Basmati Rice 5kg,GRW-RIC-01,Rice & Grains,1,49.0,49.0,32.0,card
2026-10-05,TX-B3_growing_supermarket-d45-000191,Jeddah - Corniche,Jeddah,Basmati Rice 5kg,GRW-RIC-01,Rice & Grains,1,49.0,49.0,32.0,mada
2026-10-05,TX-B3_growing_supermarket-d45-000192,Jeddah - Corniche,Jeddah,Basmati Rice 5kg,GRW-RIC-01,Rice & Grains,1,49.0,49.0,32.0,cash
2026-10-05,TX-B3_growing_supermarket-d45-000193,Jeddah - Corniche,Jeddah,Basmati Rice 5kg,GRW-RIC-01,Rice & Grains,1,49.0,49.0,32.0,card
2026-10-05,TX-B3_growing_supermarket-d45-000194,Jeddah - Corniche,Jeddah,Basmati Rice 5kg,GRW-RIC-01,Rice & Grains,1,49.0,49.0,32.0,card
2026-10-05,TX-B3_growing_supermarket-d45-000195,Jeddah - Corniche,Jeddah,Basmati Rice 5kg,GRW-RIC-01,Rice & Grains,1,49.0,49.0,32.0,card
2026-10-05,TX-B3_growing_supermarket-d45-000196,Jeddah - Corniche,Jeddah,Basmati Rice 5kg,GRW-RIC-01,Rice & Grains,1,49.0,49.0,32.0,mada
2026-10-05,TX-B3_growing_supermarket-d45-000197,Jeddah - Corniche,Jeddah,Basmati Rice 5kg,GRW-RIC-01,Rice & Grains,1,49.0,49.0,32.0,cash
2026-10-05,TX-B3_growing_supermarket-d45-000198,Jeddah - Corniche,Jeddah,Basmati Rice 5kg,GRW-RIC-01,Rice & Grains,1,49.0,49.0,32.0,cash
2026-10-05,TX-B3_growing_supermarket-d45-000199,Jeddah - Corniche,Jeddah,Basmati Rice 5kg,GRW-RIC-01,Rice & Grains,1,49.0,49.0,32.0,mada
2026-10-06,TX-B3_growing_supermarket-d45-000200,Jeddah - Corniche,Jeddah,Basmati Rice 5kg,GRW-RIC-01,Rice & Grains,1,49.0,49.0,32.0,card
2026-10-06,TX-B3_growing_supermarket-d45-000201,Jeddah - Corniche,Jeddah,Basmati Rice 5kg,GRW-RIC-01,Rice & Grains,1,49.0,49.0,32.0,mada
2026-10-06,TX-B3_growing_supermarket-d45-000202,Jeddah - Corniche,Jeddah,Basmati Rice 5kg,GRW-RIC-01,Rice & Grains,1,49.0,49.0,32.0,card
2026-10-06,TX-B3_growing_supermarket-d45-000203,Jeddah - Corniche,Jeddah,Basmati Rice 5kg,GRW-RIC-01,Rice & Grains,1,49.0,49.0,32.0,mada
2026-10-06,TX-B3_growing_supermarket-d45-000204,Jeddah - Corniche,Jeddah,Basmati Rice 5kg,GRW-RIC-01,Rice & Grains,1,49.0,49.0,32.0,cash
2026-10-06,TX-B3_growing_supermarket-d45-000205,Jeddah - Corniche,Jeddah,Basmati Rice 5kg,GRW-RIC-01,Rice & Grains,1,49.0,49.0,32.0,mada
2026-10-06,TX-B3_growing_supermarket-d45-000206,Jeddah - Corniche,Jeddah,Basmati Rice 5kg,GRW-RIC-01,Rice & Grains,1,49.0,49.0,32.0,mada
2026-10-06,TX-B3_growing_supermarket-d45-000207,Jeddah - Corniche,Jeddah,Basmati Rice 5kg,GRW-RIC-01,Rice & Grains,1,49.0,49.0,32.0,mada
2026-10-06,TX-B3_growing_supermarket-d45-000208,Jeddah - Corniche,Jeddah,Basmati Rice 5kg,GRW-RIC-01,Rice & Grains,1,49.0,49.0,32.0,cash
2026-10-06,TX-B3_growing_supermarket-d45-000209,Jeddah - Corniche,Jeddah,Basmati Rice 5kg,GRW-RIC-01,Rice & Grains,1,49.0,49.0,32.0,cash
2026-10-06,TX-B3_growing_supermarket-d45-000210,Jeddah - Corniche,Jeddah,Basmati Rice 5kg,GRW-RIC-01,Rice & Grains,1,49.0,49.0,32.0,cash
2026-10-06,TX-B3_growing_supermarket-d45-000211,Jeddah - Corniche,Jeddah,Basmati Rice 5kg,GRW-RIC-01,Rice & Grains,1,49.0,49.0,32.0,cash
2026-10-06,TX-B3_growing_supermarket-d45-000212,Jeddah - Corniche,Jeddah,Basmati Rice 5kg,GRW-RIC-01,Rice & Grains,1,49.0,49.0,32.0,card
2026-10-06,TX-B3_growing_supermarket-d45-000213,Jeddah - Corniche,Jeddah,Basmati Rice 5kg,GRW-RIC-01,Rice & Grains,1,49.0,49.0,32.0,mada
2026-10-06,TX-B3_growing_supermarket-d45-000214,Jeddah - Corniche,Jeddah,Basmati Rice 5kg,GRW-RIC-01,Rice & Grains,1,49.0,49.0,32.0,cash
2026-10-06,TX-B3_growing_supermarket-d45-000215,Jeddah - Corniche,Jeddah,Basmati Rice 5kg,GRW-RIC-01,Rice & Grains,1,49.0,49.0,32.0,cash
2026-10-06,TX-B3_growing_supermarket-d45-000216,Jeddah - Corniche,Jeddah,Basmati Rice 5kg,GRW-RIC-01,Rice & Grains,1,49.0,49.0,32.0,mada
2026-10-07,TX-B3_growing_supermarket-d45-000217,Jeddah - Corniche,Jeddah,Basmati Rice 5kg,GRW-RIC-01,Rice & Grains,1,49.0,49.0,32.0,cash
2026-10-07,TX-B3_growing_supermarket-d45-000218,Jeddah - Corniche,Jeddah,Basmati Rice 5kg,GRW-RIC-01,Rice & Grains,1,49.0,49.0,32.0,card
2026-10-07,TX-B3_growing_supermarket-d45-000219,Jeddah - Corniche,Jeddah,Basmati Rice 5kg,GRW-RIC-01,Rice & Grains,1,49.0,49.0,32.0,card
2026-10-07,TX-B3_growing_supermarket-d45-000220,Jeddah - Corniche,Jeddah,Basmati Rice 5kg,GRW-RIC-01,Rice & Grains,1,49.0,49.0,32.0,mada
2026-10-07,TX-B3_growing_supermarket-d45-000221,Jeddah - Corniche,Jeddah,Basmati Rice 5kg,GRW-RIC-01,Rice & Grains,1,49.0,49.0,32.0,cash
2026-10-07,TX-B3_growing_supermarket-d45-000222,Jeddah - Corniche,Jeddah,Basmati Rice 5kg,GRW-RIC-01,Rice & Grains,1,49.0,49.0,32.0,card
2026-10-07,TX-B3_growing_supermarket-d45-000223,Jeddah - Corniche,Jeddah,Basmati Rice 5kg,GRW-RIC-01,Rice & Grains,1,49.0,49.0,32.0,card
2026-10-07,TX-B3_growing_supermarket-d45-000224,Jeddah - Corniche,Jeddah,Basmati Rice 5kg,GRW-RIC-01,Rice & Grains,1,49.0,49.0,32.0,mada
2026-10-07,TX-B3_growing_supermarket-d45-000225,Jeddah - Corniche,Jeddah,Basmati Rice 5kg,GRW-RIC-01,Rice & Grains,1,49.0,49.0,32.0,card
2026-10-07,TX-B3_growing_supermarket-d45-000226,Jeddah - Corniche,Jeddah,Basmati Rice 5kg,GRW-RIC-01,Rice & Grains,1,49.0,49.0,32.0,cash
2026-10-07,TX-B3_growing_supermarket-d45-000227,Jeddah - Corniche,Jeddah,Basmati Rice 5kg,GRW-RIC-01,Rice & Grains,1,49.0,49.0,32.0,mada
2026-10-07,TX-B3_growing_supermarket-d45-000228,Jeddah - Corniche,Jeddah,Basmati Rice 5kg,GRW-RIC-01,Rice & Grains,1,49.0,49.0,32.0,mada
2026-10-07,TX-B3_growing_supermarket-d45-000229,Jeddah - Corniche,Jeddah,Basmati Rice 5kg,GRW-RIC-01,Rice & Grains,1,49.0,49.0,32.0,mada
2026-10-07,TX-B3_growing_supermarket-d45-000230,Jeddah - Corniche,Jeddah,Basmati Rice 5kg,GRW-RIC-01,Rice & Grains,1,49.0,49.0,32.0,cash
2026-10-07,TX-B3_growing_supermarket-d45-000231,Jeddah - Corniche,Jeddah,Basmati Rice 5kg,GRW-RIC-01,Rice & Grains,1,49.0,49.0,32.0,cash
2026-10-07,TX-B3_growing_supermarket-d45-000232,Jeddah - Corniche,Jeddah,Basmati Rice 5kg,GRW-RIC-01,Rice & Grains,1,49.0,49.0,32.0,cash
2026-10-07,TX-B3_growing_supermarket-d45-000233,Jeddah - Corniche,Jeddah,Basmati Rice 5kg,GRW-RIC-01,Rice & Grains,1,49.0,49.0,32.0,cash
2026-10-07,TX-B3_growing_supermarket-d45-000234,Jeddah - Corniche,Jeddah,Basmati Rice 5kg,GRW-RIC-01,Rice & Grains,1,49.0,49.0,32.0,card
2026-10-07,TX-B3_growing_supermarket-d45-000235,Jeddah - Corniche,Jeddah,Basmati Rice 5kg,GRW-RIC-01,Rice & Grains,1,49.0,49.0,32.0,cash
2026-10-07,TX-B3_growing_supermarket-d45-000236,Jeddah - Corniche,Jeddah,Basmati Rice 5kg,GRW-RIC-01,Rice & Grains,1,49.0,49.0,32.0,mada
2026-10-07,TX-B3_growing_supermarket-d45-000237,Jeddah - Corniche,Jeddah,Basmati Rice 5kg,GRW-RIC-01,Rice & Grains,1,49.0,49.0,32.0,cash
2026-10-08,TX-B3_growing_supermarket-d45-000238,Jeddah - Corniche,Jeddah,Basmati Rice 5kg,GRW-RIC-01,Rice & Grains,1,49.0,49.0,32.0,card
2026-10-08,TX-B3_growing_supermarket-d45-000239,Jeddah - Corniche,Jeddah,Basmati Rice 5kg,GRW-RIC-01,Rice & Grains,1,49.0,49.0,32.0,mada
2026-10-08,TX-B3_growing_supermarket-d45-000240,Jeddah - Corniche,Jeddah,Basmati Rice 5kg,GRW-RIC-01,Rice & Grains,1,49.0,49.0,32.0,mada
2026-10-08,TX-B3_growing_supermarket-d45-000241,Jeddah - Corniche,Jeddah,Basmati Rice 5kg,GRW-RIC-01,Rice & Grains,1,49.0,49.0,32.0,cash
2026-10-08,TX-B3_growing_supermarket-d45-000242,Jeddah - Corniche,Jeddah,Basmati Rice 5kg,GRW-RIC-01,Rice & Grains,1,49.0,49.0,32.0,cash
2026-10-08,TX-B3_growing_supermarket-d45-000243,Jeddah - Corniche,Jeddah,Basmati Rice 5kg,GRW-RIC-01,Rice & Grains,1,49.0,49.0,32.0,mada
2026-10-08,TX-B3_growing_supermarket-d45-000244,Jeddah - Corniche,Jeddah,Basmati Rice 5kg,GRW-RIC-01,Rice & Grains,1,49.0,49.0,32.0,cash
2026-10-08,TX-B3_growing_supermarket-d45-000245,Jeddah - Corniche,Jeddah,Basmati Rice 5kg,GRW-RIC-01,Rice & Grains,1,49.0,49.0,32.0,cash
2026-10-08,TX-B3_growing_supermarket-d45-000246,Jeddah - Corniche,Jeddah,Basmati Rice 5kg,GRW-RIC-01,Rice & Grains,1,49.0,49.0,32.0,cash
2026-10-08,TX-B3_growing_supermarket-d45-000247,Jeddah - Corniche,Jeddah,Basmati Rice 5kg,GRW-RIC-01,Rice & Grains,1,49.0,49.0,32.0,cash
2026-10-08,TX-B3_growing_supermarket-d45-000248,Jeddah - Corniche,Jeddah,Basmati Rice 5kg,GRW-RIC-01,Rice & Grains,1,49.0,49.0,32.0,card
2026-10-08,TX-B3_growing_supermarket-d45-000249,Jeddah - Corniche,Jeddah,Basmati Rice 5kg,GRW-RIC-01,Rice & Grains,1,49.0,49.0,32.0,cash
2026-10-08,TX-B3_growing_supermarket-d45-000250,Jeddah - Corniche,Jeddah,Basmati Rice 5kg,GRW-RIC-01,Rice & Grains,1,49.0,49.0,32.0,mada
2026-10-08,TX-B3_growing_supermarket-d45-000251,Jeddah - Corniche,Jeddah,Basmati Rice 5kg,GRW-RIC-01,Rice & Grains,1,49.0,49.0,32.0,cash
2026-10-08,TX-B3_growing_supermarket-d45-000252,Jeddah - Corniche,Jeddah,Basmati Rice 5kg,GRW-RIC-01,Rice & Grains,1,49.0,49.0,32.0,card
2026-10-08,TX-B3_growing_supermarket-d45-000253,Jeddah - Corniche,Jeddah,Basmati Rice 5kg,GRW-RIC-01,Rice & Grains,1,49.0,49.0,32.0,mada
2026-10-08,TX-B3_growing_supermarket-d45-000254,Jeddah - Corniche,Jeddah,Basmati Rice 5kg,GRW-RIC-01,Rice & Grains,1,49.0,49.0,32.0,cash
2026-10-08,TX-B3_growing_supermarket-d45-000255,Jeddah - Corniche,Jeddah,Basmati Rice 5kg,GRW-RIC-01,Rice & Grains,1,49.0,49.0,32.0,card
2026-10-08,TX-B3_growing_supermarket-d45-000256,Jeddah - Corniche,Jeddah,Basmati Rice 5kg,GRW-RIC-01,Rice & Grains,1,49.0,49.0,32.0,mada
2026-10-08,TX-B3_growing_supermarket-d45-000257,Jeddah - Corniche,Jeddah,Basmati Rice 5kg,GRW-RIC-01,Rice & Grains,1,49.0,49.0,32.0,mada
2026-10-08,TX-B3_growing_supermarket-d45-000258,Jeddah - Corniche,Jeddah,Basmati Rice 5kg,GRW-RIC-01,Rice & Grains,1,49.0,49.0,32.0,cash
2026-10-08,TX-B3_growing_supermarket-d45-000259,Jeddah - Corniche,Jeddah,Basmati Rice 5kg,GRW-RIC-01,Rice & Grains,1,49.0,49.0,32.0,cash
2026-10-08,TX-B3_growing_supermarket-d45-000260,Jeddah - Corniche,Jeddah,Basmati Rice 5kg,GRW-RIC-01,Rice & Grains,1,49.0,49.0,32.0,cash
2026-10-09,TX-B3_growing_supermarket-d45-000261,Jeddah - Corniche,Jeddah,Basmati Rice 5kg,GRW-RIC-01,Rice & Grains,1,49.0,49.0,32.0,card
2026-10-09,TX-B3_growing_supermarket-d45-000262,Jeddah - Corniche,Jeddah,Basmati Rice 5kg,GRW-RIC-01,Rice & Grains,1,49.0,49.0,32.0,cash
2026-10-09,TX-B3_growing_supermarket-d45-000263,Jeddah - Corniche,Jeddah,Basmati Rice 5kg,GRW-RIC-01,Rice & Grains,1,49.0,49.0,32.0,cash
2026-10-09,TX-B3_growing_supermarket-d45-000264,Jeddah - Corniche,Jeddah,Basmati Rice 5kg,GRW-RIC-01,Rice & Grains,1,49.0,49.0,32.0,mada
2026-10-09,TX-B3_growing_supermarket-d45-000265,Jeddah - Corniche,Jeddah,Basmati Rice 5kg,GRW-RIC-01,Rice & Grains,1,49.0,49.0,32.0,card
2026-10-09,TX-B3_growing_supermarket-d45-000266,Jeddah - Corniche,Jeddah,Basmati Rice 5kg,GRW-RIC-01,Rice & Grains,1,49.0,49.0,32.0,card
2026-10-09,TX-B3_growing_supermarket-d45-000267,Jeddah - Corniche,Jeddah,Basmati Rice 5kg,GRW-RIC-01,Rice & Grains,1,49.0,49.0,32.0,card
2026-10-09,TX-B3_growing_supermarket-d45-000268,Jeddah - Corniche,Jeddah,Basmati Rice 5kg,GRW-RIC-01,Rice & Grains,1,49.0,49.0,32.0,card
2026-10-09,TX-B3_growing_supermarket-d45-000269,Jeddah - Corniche,Jeddah,Basmati Rice 5kg,GRW-RIC-01,Rice & Grains,1,49.0,49.0,32.0,mada
2026-10-09,TX-B3_growing_supermarket-d45-000270,Jeddah - Corniche,Jeddah,Basmati Rice 5kg,GRW-RIC-01,Rice & Grains,1,49.0,49.0,32.0,card
2026-10-09,TX-B3_growing_supermarket-d45-000271,Jeddah - Corniche,Jeddah,Basmati Rice 5kg,GRW-RIC-01,Rice & Grains,1,49.0,49.0,32.0,card
2026-10-09,TX-B3_growing_supermarket-d45-000272,Jeddah - Corniche,Jeddah,Basmati Rice 5kg,GRW-RIC-01,Rice & Grains,1,49.0,49.0,32.0,cash
2026-10-09,TX-B3_growing_supermarket-d45-000273,Jeddah - Corniche,Jeddah,Basmati Rice 5kg,GRW-RIC-01,Rice & Grains,1,49.0,49.0,32.0,mada
2026-10-09,TX-B3_growing_supermarket-d45-000274,Jeddah - Corniche,Jeddah,Basmati Rice 5kg,GRW-RIC-01,Rice & Grains,1,49.0,49.0,32.0,cash
2026-10-09,TX-B3_growing_supermarket-d45-000275,Jeddah - Corniche,Jeddah,Basmati Rice 5kg,GRW-RIC-01,Rice & Grains,1,49.0,49.0,32.0,card
2026-10-09,TX-B3_growing_supermarket-d45-000276,Jeddah - Corniche,Jeddah,Basmati Rice 5kg,GRW-RIC-01,Rice & Grains,1,49.0,49.0,32.0,card
2026-10-09,TX-B3_growing_supermarket-d45-000277,Jeddah - Corniche,Jeddah,Basmati Rice 5kg,GRW-RIC-01,Rice & Grains,1,49.0,49.0,32.0,cash
2026-10-09,TX-B3_growing_supermarket-d45-000278,Jeddah - Corniche,Jeddah,Basmati Rice 5kg,GRW-RIC-01,Rice & Grains,1,49.0,49.0,32.0,cash
2026-10-09,TX-B3_growing_supermarket-d45-000279,Jeddah - Corniche,Jeddah,Basmati Rice 5kg,GRW-RIC-01,Rice & Grains,1,49.0,49.0,32.0,cash
2026-10-09,TX-B3_growing_supermarket-d45-000280,Jeddah - Corniche,Jeddah,Basmati Rice 5kg,GRW-RIC-01,Rice & Grains,1,49.0,49.0,32.0,cash
2026-10-09,TX-B3_growing_supermarket-d45-000281,Jeddah - Corniche,Jeddah,Basmati Rice 5kg,GRW-RIC-01,Rice & Grains,1,49.0,49.0,32.0,card
2026-10-09,TX-B3_growing_supermarket-d45-000282,Jeddah - Corniche,Jeddah,Basmati Rice 5kg,GRW-RIC-01,Rice & Grains,1,49.0,49.0,32.0,card
2026-10-09,TX-B3_growing_supermarket-d45-000283,Jeddah - Corniche,Jeddah,Basmati Rice 5kg,GRW-RIC-01,Rice & Grains,1,49.0,49.0,32.0,cash
2026-10-09,TX-B3_growing_supermarket-d45-000284,Jeddah - Corniche,Jeddah,Basmati Rice 5kg,GRW-RIC-01,Rice & Grains,1,49.0,49.0,32.0,card
2026-10-09,TX-B3_growing_supermarket-d45-000285,Jeddah - Corniche,Jeddah,Basmati Rice 5kg,GRW-RIC-01,Rice & Grains,1,49.0,49.0,32.0,cash
2026-10-09,TX-B3_growing_supermarket-d45-000286,Jeddah - Corniche,Jeddah,Basmati Rice 5kg,GRW-RIC-01,Rice & Grains,1,49.0,49.0,32.0,card
2026-10-09,TX-B3_growing_supermarket-d45-000287,Jeddah - Corniche,Jeddah,Basmati Rice 5kg,GRW-RIC-01,Rice & Grains,1,49.0,49.0,32.0,mada
2026-10-10,TX-B3_growing_supermarket-d45-000288,Jeddah - Corniche,Jeddah,Basmati Rice 5kg,GRW-RIC-01,Rice & Grains,1,49.0,49.0,32.0,card
2026-10-10,TX-B3_growing_supermarket-d45-000289,Jeddah - Corniche,Jeddah,Basmati Rice 5kg,GRW-RIC-01,Rice & Grains,1,49.0,49.0,32.0,mada
2026-10-10,TX-B3_growing_supermarket-d45-000290,Jeddah - Corniche,Jeddah,Basmati Rice 5kg,GRW-RIC-01,Rice & Grains,1,49.0,49.0,32.0,mada
2026-10-10,TX-B3_growing_supermarket-d45-000291,Jeddah - Corniche,Jeddah,Basmati Rice 5kg,GRW-RIC-01,Rice & Grains,1,49.0,49.0,32.0,cash
2026-10-10,TX-B3_growing_supermarket-d45-000292,Jeddah - Corniche,Jeddah,Basmati Rice 5kg,GRW-RIC-01,Rice & Grains,1,49.0,49.0,32.0,card
2026-10-10,TX-B3_growing_supermarket-d45-000293,Jeddah - Corniche,Jeddah,Basmati Rice 5kg,GRW-RIC-01,Rice & Grains,1,49.0,49.0,32.0,card
2026-10-10,TX-B3_growing_supermarket-d45-000294,Jeddah - Corniche,Jeddah,Basmati Rice 5kg,GRW-RIC-01,Rice & Grains,1,49.0,49.0,32.0,card
2026-10-10,TX-B3_growing_supermarket-d45-000295,Jeddah - Corniche,Jeddah,Basmati Rice 5kg,GRW-RIC-01,Rice & Grains,1,49.0,49.0,32.0,cash
2026-10-10,TX-B3_growing_supermarket-d45-000296,Jeddah - Corniche,Jeddah,Basmati Rice 5kg,GRW-RIC-01,Rice & Grains,1,49.0,49.0,32.0,cash
2026-10-10,TX-B3_growing_supermarket-d45-000297,Jeddah - Corniche,Jeddah,Basmati Rice 5kg,GRW-RIC-01,Rice & Grains,1,49.0,49.0,32.0,mada
2026-10-10,TX-B3_growing_supermarket-d45-000298,Jeddah - Corniche,Jeddah,Basmati Rice 5kg,GRW-RIC-01,Rice & Grains,1,49.0,49.0,32.0,cash
2026-10-10,TX-B3_growing_supermarket-d45-000299,Jeddah - Corniche,Jeddah,Basmati Rice 5kg,GRW-RIC-01,Rice & Grains,1,49.0,49.0,32.0,mada
2026-10-10,TX-B3_growing_supermarket-d45-000300,Jeddah - Corniche,Jeddah,Basmati Rice 5kg,GRW-RIC-01,Rice & Grains,1,49.0,49.0,32.0,card
2026-10-10,TX-B3_growing_supermarket-d45-000301,Jeddah - Corniche,Jeddah,Basmati Rice 5kg,GRW-RIC-01,Rice & Grains,1,49.0,49.0,32.0,card
2026-10-10,TX-B3_growing_supermarket-d45-000302,Jeddah - Corniche,Jeddah,Basmati Rice 5kg,GRW-RIC-01,Rice & Grains,1,49.0,49.0,32.0,mada
2026-10-10,TX-B3_growing_supermarket-d45-000303,Jeddah - Corniche,Jeddah,Basmati Rice 5kg,GRW-RIC-01,Rice & Grains,1,49.0,49.0,32.0,cash
2026-10-10,TX-B3_growing_supermarket-d45-000304,Jeddah - Corniche,Jeddah,Basmati Rice 5kg,GRW-RIC-01,Rice & Grains,1,49.0,49.0,32.0,mada
2026-10-10,TX-B3_growing_supermarket-d45-000305,Jeddah - Corniche,Jeddah,Basmati Rice 5kg,GRW-RIC-01,Rice & Grains,1,49.0,49.0,32.0,mada
2026-10-10,TX-B3_growing_supermarket-d45-000306,Jeddah - Corniche,Jeddah,Basmati Rice 5kg,GRW-RIC-01,Rice & Grains,1,49.0,49.0,32.0,card
2026-10-10,TX-B3_growing_supermarket-d45-000307,Jeddah - Corniche,Jeddah,Basmati Rice 5kg,GRW-RIC-01,Rice & Grains,1,49.0,49.0,32.0,mada
2026-10-10,TX-B3_growing_supermarket-d45-000308,Jeddah - Corniche,Jeddah,Basmati Rice 5kg,GRW-RIC-01,Rice & Grains,1,49.0,49.0,32.0,mada
2026-10-10,TX-B3_growing_supermarket-d45-000309,Jeddah - Corniche,Jeddah,Basmati Rice 5kg,GRW-RIC-01,Rice & Grains,1,49.0,49.0,32.0,mada
2026-10-10,TX-B3_growing_supermarket-d45-000310,Jeddah - Corniche,Jeddah,Basmati Rice 5kg,GRW-RIC-01,Rice & Grains,1,49.0,49.0,32.0,cash
2026-10-10,TX-B3_growing_supermarket-d45-000311,Jeddah - Corniche,Jeddah,Basmati Rice 5kg,GRW-RIC-01,Rice & Grains,1,49.0,49.0,32.0,mada
2026-10-10,TX-B3_growing_supermarket-d45-000312,Jeddah - Corniche,Jeddah,Basmati Rice 5kg,GRW-RIC-01,Rice & Grains,1,49.0,49.0,32.0,cash
2026-10-10,TX-B3_growing_supermarket-d45-000313,Jeddah - Corniche,Jeddah,Basmati Rice 5kg,GRW-RIC-01,Rice & Grains,1,49.0,49.0,32.0,mada
2026-10-10,TX-B3_growing_supermarket-d45-000314,Jeddah - Corniche,Jeddah,Basmati Rice 5kg,GRW-RIC-01,Rice & Grains,1,49.0,49.0,32.0,cash
2026-10-10,TX-B3_growing_supermarket-d45-000315,Jeddah - Corniche,Jeddah,Basmati Rice 5kg,GRW-RIC-01,Rice & Grains,1,49.0,49.0,32.0,card
2026-10-10,TX-B3_growing_supermarket-d45-000316,Jeddah - Corniche,Jeddah,Basmati Rice 5kg,GRW-RIC-01,Rice & Grains,1,49.0,49.0,32.0,card
2026-10-10,TX-B3_growing_supermarket-d45-000317,Jeddah - Corniche,Jeddah,Basmati Rice 5kg,GRW-RIC-01,Rice & Grains,1,49.0,49.0,32.0,mada
2026-10-10,TX-B3_growing_supermarket-d45-000318,Jeddah - Corniche,Jeddah,Basmati Rice 5kg,GRW-RIC-01,Rice & Grains,1,49.0,49.0,32.0,cash
2026-10-10,TX-B3_growing_supermarket-d45-000319,Jeddah - Corniche,Jeddah,Basmati Rice 5kg,GRW-RIC-01,Rice & Grains,1,49.0,49.0,32.0,card
2026-10-10,TX-B3_growing_supermarket-d45-000320,Jeddah - Corniche,Jeddah,Basmati Rice 5kg,GRW-RIC-01,Rice & Grains,1,49.0,49.0,32.0,card
2026-10-10,TX-B3_growing_supermarket-d45-000321,Jeddah - Corniche,Jeddah,Basmati Rice 5kg,GRW-RIC-01,Rice & Grains,1,49.0,49.0,32.0,mada
2026-09-26,TX-B3_growing_supermarket-d45-000322,Jeddah - Corniche,Jeddah,Pasta 500g,GRW-PAS-02,Pasta,1,5.75,5.75,3.1,card
2026-09-26,TX-B3_growing_supermarket-d45-000323,Jeddah - Corniche,Jeddah,Pasta 500g,GRW-PAS-02,Pasta,1,5.75,5.75,3.1,card
2026-09-26,TX-B3_growing_supermarket-d45-000324,Jeddah - Corniche,Jeddah,Pasta 500g,GRW-PAS-02,Pasta,1,5.75,5.75,3.1,card
2026-09-26,TX-B3_growing_supermarket-d45-000325,Jeddah - Corniche,Jeddah,Pasta 500g,GRW-PAS-02,Pasta,1,5.75,5.75,3.1,cash
2026-09-26,TX-B3_growing_supermarket-d45-000326,Jeddah - Corniche,Jeddah,Pasta 500g,GRW-PAS-02,Pasta,1,5.75,5.75,3.1,card
2026-09-26,TX-B3_growing_supermarket-d45-000327,Jeddah - Corniche,Jeddah,Pasta 500g,GRW-PAS-02,Pasta,1,5.75,5.75,3.1,card
2026-09-26,TX-B3_growing_supermarket-d45-000328,Jeddah - Corniche,Jeddah,Pasta 500g,GRW-PAS-02,Pasta,1,5.75,5.75,3.1,cash
2026-09-26,TX-B3_growing_supermarket-d45-000329,Jeddah - Corniche,Jeddah,Pasta 500g,GRW-PAS-02,Pasta,1,5.75,5.75,3.1,card
2026-09-26,TX-B3_growing_supermarket-d45-000330,Jeddah - Corniche,Jeddah,Pasta 500g,GRW-PAS-02,Pasta,1,5.75,5.75,3.1,cash
2026-09-26,TX-B3_growing_supermarket-d45-000331,Jeddah - Corniche,Jeddah,Pasta 500g,GRW-PAS-02,Pasta,1,5.75,5.75,3.1,cash
2026-09-26,TX-B3_growing_supermarket-d45-000332,Jeddah - Corniche,Jeddah,Pasta 500g,GRW-PAS-02,Pasta,1,5.75,5.75,3.1,mada
2026-09-26,TX-B3_growing_supermarket-d45-000333,Jeddah - Corniche,Jeddah,Pasta 500g,GRW-PAS-02,Pasta,1,5.75,5.75,3.1,cash
2026-09-26,TX-B3_growing_supermarket-d45-000334,Jeddah - Corniche,Jeddah,Pasta 500g,GRW-PAS-02,Pasta,1,5.75,5.75,3.1,cash
2026-09-26,TX-B3_growing_supermarket-d45-000335,Jeddah - Corniche,Jeddah,Pasta 500g,GRW-PAS-02,Pasta,1,5.75,5.75,3.1,mada
2026-09-26,TX-B3_growing_supermarket-d45-000336,Jeddah - Corniche,Jeddah,Pasta 500g,GRW-PAS-02,Pasta,1,5.75,5.75,3.1,card
2026-09-26,TX-B3_growing_supermarket-d45-000337,Jeddah - Corniche,Jeddah,Pasta 500g,GRW-PAS-02,Pasta,1,5.75,5.75,3.1,cash
2026-09-26,TX-B3_growing_supermarket-d45-000338,Jeddah - Corniche,Jeddah,Pasta 500g,GRW-PAS-02,Pasta,1,5.75,5.75,3.1,card
2026-09-26,TX-B3_growing_supermarket-d45-000339,Jeddah - Corniche,Jeddah,Pasta 500g,GRW-PAS-02,Pasta,1,5.75,5.75,3.1,cash
2026-09-26,TX-B3_growing_supermarket-d45-000340,Jeddah - Corniche,Jeddah,Pasta 500g,GRW-PAS-02,Pasta,1,5.75,5.75,3.1,mada
2026-09-26,TX-B3_growing_supermarket-d45-000341,Jeddah - Corniche,Jeddah,Pasta 500g,GRW-PAS-02,Pasta,1,5.75,5.75,3.1,cash
2026-09-26,TX-B3_growing_supermarket-d45-000342,Jeddah - Corniche,Jeddah,Pasta 500g,GRW-PAS-02,Pasta,1,5.75,5.75,3.1,cash
2026-09-26,TX-B3_growing_supermarket-d45-000343,Jeddah - Corniche,Jeddah,Pasta 500g,GRW-PAS-02,Pasta,1,5.75,5.75,3.1,cash
2026-09-26,TX-B3_growing_supermarket-d45-000344,Jeddah - Corniche,Jeddah,Pasta 500g,GRW-PAS-02,Pasta,1,5.75,5.75,3.1,card
2026-09-26,TX-B3_growing_supermarket-d45-000345,Jeddah - Corniche,Jeddah,Pasta 500g,GRW-PAS-02,Pasta,1,5.75,5.75,3.1,card
2026-09-26,TX-B3_growing_supermarket-d45-000346,Jeddah - Corniche,Jeddah,Pasta 500g,GRW-PAS-02,Pasta,1,5.75,5.75,3.1,cash
2026-09-26,TX-B3_growing_supermarket-d45-000347,Jeddah - Corniche,Jeddah,Pasta 500g,GRW-PAS-02,Pasta,1,5.75,5.75,3.1,card
2026-09-26,TX-B3_growing_supermarket-d45-000348,Jeddah - Corniche,Jeddah,Pasta 500g,GRW-PAS-02,Pasta,1,5.75,5.75,3.1,card
2026-09-26,TX-B3_growing_supermarket-d45-000349,Jeddah - Corniche,Jeddah,Pasta 500g,GRW-PAS-02,Pasta,1,5.75,5.75,3.1,mada
2026-09-27,TX-B3_growing_supermarket-d45-000350,Jeddah - Corniche,Jeddah,Pasta 500g,GRW-PAS-02,Pasta,1,5.75,5.75,3.1,mada
2026-09-27,TX-B3_growing_supermarket-d45-000351,Jeddah - Corniche,Jeddah,Pasta 500g,GRW-PAS-02,Pasta,1,5.75,5.75,3.1,cash
2026-09-27,TX-B3_growing_supermarket-d45-000352,Jeddah - Corniche,Jeddah,Pasta 500g,GRW-PAS-02,Pasta,1,5.75,5.75,3.1,card
2026-09-27,TX-B3_growing_supermarket-d45-000353,Jeddah - Corniche,Jeddah,Pasta 500g,GRW-PAS-02,Pasta,1,5.75,5.75,3.1,cash
2026-09-27,TX-B3_growing_supermarket-d45-000354,Jeddah - Corniche,Jeddah,Pasta 500g,GRW-PAS-02,Pasta,1,5.75,5.75,3.1,mada
2026-09-27,TX-B3_growing_supermarket-d45-000355,Jeddah - Corniche,Jeddah,Pasta 500g,GRW-PAS-02,Pasta,1,5.75,5.75,3.1,mada
2026-09-27,TX-B3_growing_supermarket-d45-000356,Jeddah - Corniche,Jeddah,Pasta 500g,GRW-PAS-02,Pasta,1,5.75,5.75,3.1,cash
2026-09-27,TX-B3_growing_supermarket-d45-000357,Jeddah - Corniche,Jeddah,Pasta 500g,GRW-PAS-02,Pasta,1,5.75,5.75,3.1,mada
2026-09-27,TX-B3_growing_supermarket-d45-000358,Jeddah - Corniche,Jeddah,Pasta 500g,GRW-PAS-02,Pasta,1,5.75,5.75,3.1,card
2026-09-27,TX-B3_growing_supermarket-d45-000359,Jeddah - Corniche,Jeddah,Pasta 500g,GRW-PAS-02,Pasta,1,5.75,5.75,3.1,cash
2026-09-27,TX-B3_growing_supermarket-d45-000360,Jeddah - Corniche,Jeddah,Pasta 500g,GRW-PAS-02,Pasta,1,5.75,5.75,3.1,mada
2026-09-27,TX-B3_growing_supermarket-d45-000361,Jeddah - Corniche,Jeddah,Pasta 500g,GRW-PAS-02,Pasta,1,5.75,5.75,3.1,cash
2026-09-27,TX-B3_growing_supermarket-d45-000362,Jeddah - Corniche,Jeddah,Pasta 500g,GRW-PAS-02,Pasta,1,5.75,5.75,3.1,mada
2026-09-27,TX-B3_growing_supermarket-d45-000363,Jeddah - Corniche,Jeddah,Pasta 500g,GRW-PAS-02,Pasta,1,5.75,5.75,3.1,card
2026-09-27,TX-B3_growing_supermarket-d45-000364,Jeddah - Corniche,Jeddah,Pasta 500g,GRW-PAS-02,Pasta,1,5.75,5.75,3.1,cash
2026-09-27,TX-B3_growing_supermarket-d45-000365,Jeddah - Corniche,Jeddah,Pasta 500g,GRW-PAS-02,Pasta,1,5.75,5.75,3.1,mada
2026-09-27,TX-B3_growing_supermarket-d45-000366,Jeddah - Corniche,Jeddah,Pasta 500g,GRW-PAS-02,Pasta,1,5.75,5.75,3.1,cash
2026-09-27,TX-B3_growing_supermarket-d45-000367,Jeddah - Corniche,Jeddah,Pasta 500g,GRW-PAS-02,Pasta,1,5.75,5.75,3.1,card
2026-09-27,TX-B3_growing_supermarket-d45-000368,Jeddah - Corniche,Jeddah,Pasta 500g,GRW-PAS-02,Pasta,1,5.75,5.75,3.1,cash
2026-09-27,TX-B3_growing_supermarket-d45-000369,Jeddah - Corniche,Jeddah,Pasta 500g,GRW-PAS-02,Pasta,1,5.75,5.75,3.1,mada
2026-09-27,TX-B3_growing_supermarket-d45-000370,Jeddah - Corniche,Jeddah,Pasta 500g,GRW-PAS-02,Pasta,1,5.75,5.75,3.1,cash
2026-09-27,TX-B3_growing_supermarket-d45-000371,Jeddah - Corniche,Jeddah,Pasta 500g,GRW-PAS-02,Pasta,1,5.75,5.75,3.1,mada
2026-09-27,TX-B3_growing_supermarket-d45-000372,Jeddah - Corniche,Jeddah,Pasta 500g,GRW-PAS-02,Pasta,1,5.75,5.75,3.1,mada
2026-09-27,TX-B3_growing_supermarket-d45-000373,Jeddah - Corniche,Jeddah,Pasta 500g,GRW-PAS-02,Pasta,1,5.75,5.75,3.1,cash
2026-09-27,TX-B3_growing_supermarket-d45-000374,Jeddah - Corniche,Jeddah,Pasta 500g,GRW-PAS-02,Pasta,1,5.75,5.75,3.1,mada
2026-09-27,TX-B3_growing_supermarket-d45-000375,Jeddah - Corniche,Jeddah,Pasta 500g,GRW-PAS-02,Pasta,1,5.75,5.75,3.1,card
2026-09-27,TX-B3_growing_supermarket-d45-000376,Jeddah - Corniche,Jeddah,Pasta 500g,GRW-PAS-02,Pasta,1,5.75,5.75,3.1,mada
2026-09-27,TX-B3_growing_supermarket-d45-000377,Jeddah - Corniche,Jeddah,Pasta 500g,GRW-PAS-02,Pasta,1,5.75,5.75,3.1,card
2026-09-27,TX-B3_growing_supermarket-d45-000378,Jeddah - Corniche,Jeddah,Pasta 500g,GRW-PAS-02,Pasta,1,5.75,5.75,3.1,cash
2026-09-27,TX-B3_growing_supermarket-d45-000379,Jeddah - Corniche,Jeddah,Pasta 500g,GRW-PAS-02,Pasta,1,5.75,5.75,3.1,cash
2026-09-27,TX-B3_growing_supermarket-d45-000380,Jeddah - Corniche,Jeddah,Pasta 500g,GRW-PAS-02,Pasta,1,5.75,5.75,3.1,card
2026-09-27,TX-B3_growing_supermarket-d45-000381,Jeddah - Corniche,Jeddah,Pasta 500g,GRW-PAS-02,Pasta,1,5.75,5.75,3.1,mada
2026-09-27,TX-B3_growing_supermarket-d45-000382,Jeddah - Corniche,Jeddah,Pasta 500g,GRW-PAS-02,Pasta,1,5.75,5.75,3.1,mada
2026-09-27,TX-B3_growing_supermarket-d45-000383,Jeddah - Corniche,Jeddah,Pasta 500g,GRW-PAS-02,Pasta,1,5.75,5.75,3.1,cash
2026-09-27,TX-B3_growing_supermarket-d45-000384,Jeddah - Corniche,Jeddah,Pasta 500g,GRW-PAS-02,Pasta,1,5.75,5.75,3.1,mada
2026-09-28,TX-B3_growing_supermarket-d45-000385,Jeddah - Corniche,Jeddah,Pasta 500g,GRW-PAS-02,Pasta,1,5.75,5.75,3.1,mada
2026-09-28,TX-B3_growing_supermarket-d45-000386,Jeddah - Corniche,Jeddah,Pasta 500g,GRW-PAS-02,Pasta,1,5.75,5.75,3.1,cash
2026-09-28,TX-B3_growing_supermarket-d45-000387,Jeddah - Corniche,Jeddah,Pasta 500g,GRW-PAS-02,Pasta,1,5.75,5.75,3.1,mada
2026-09-28,TX-B3_growing_supermarket-d45-000388,Jeddah - Corniche,Jeddah,Pasta 500g,GRW-PAS-02,Pasta,1,5.75,5.75,3.1,mada
2026-09-28,TX-B3_growing_supermarket-d45-000389,Jeddah - Corniche,Jeddah,Pasta 500g,GRW-PAS-02,Pasta,1,5.75,5.75,3.1,cash
2026-09-28,TX-B3_growing_supermarket-d45-000390,Jeddah - Corniche,Jeddah,Pasta 500g,GRW-PAS-02,Pasta,1,5.75,5.75,3.1,mada
2026-09-28,TX-B3_growing_supermarket-d45-000391,Jeddah - Corniche,Jeddah,Pasta 500g,GRW-PAS-02,Pasta,1,5.75,5.75,3.1,mada
2026-09-28,TX-B3_growing_supermarket-d45-000392,Jeddah - Corniche,Jeddah,Pasta 500g,GRW-PAS-02,Pasta,1,5.75,5.75,3.1,mada
2026-09-28,TX-B3_growing_supermarket-d45-000393,Jeddah - Corniche,Jeddah,Pasta 500g,GRW-PAS-02,Pasta,1,5.75,5.75,3.1,mada
2026-09-28,TX-B3_growing_supermarket-d45-000394,Jeddah - Corniche,Jeddah,Pasta 500g,GRW-PAS-02,Pasta,1,5.75,5.75,3.1,card
2026-09-28,TX-B3_growing_supermarket-d45-000395,Jeddah - Corniche,Jeddah,Pasta 500g,GRW-PAS-02,Pasta,1,5.75,5.75,3.1,cash
2026-09-28,TX-B3_growing_supermarket-d45-000396,Jeddah - Corniche,Jeddah,Pasta 500g,GRW-PAS-02,Pasta,1,5.75,5.75,3.1,mada
2026-09-28,TX-B3_growing_supermarket-d45-000397,Jeddah - Corniche,Jeddah,Pasta 500g,GRW-PAS-02,Pasta,1,5.75,5.75,3.1,mada
2026-09-28,TX-B3_growing_supermarket-d45-000398,Jeddah - Corniche,Jeddah,Pasta 500g,GRW-PAS-02,Pasta,1,5.75,5.75,3.1,mada
2026-09-28,TX-B3_growing_supermarket-d45-000399,Jeddah - Corniche,Jeddah,Pasta 500g,GRW-PAS-02,Pasta,1,5.75,5.75,3.1,mada
2026-09-28,TX-B3_growing_supermarket-d45-000400,Jeddah - Corniche,Jeddah,Pasta 500g,GRW-PAS-02,Pasta,1,5.75,5.75,3.1,cash
2026-09-28,TX-B3_growing_supermarket-d45-000401,Jeddah - Corniche,Jeddah,Pasta 500g,GRW-PAS-02,Pasta,1,5.75,5.75,3.1,card
2026-09-28,TX-B3_growing_supermarket-d45-000402,Jeddah - Corniche,Jeddah,Pasta 500g,GRW-PAS-02,Pasta,1,5.75,5.75,3.1,cash
2026-09-28,TX-B3_growing_supermarket-d45-000403,Jeddah - Corniche,Jeddah,Pasta 500g,GRW-PAS-02,Pasta,1,5.75,5.75,3.1,card
2026-09-28,TX-B3_growing_supermarket-d45-000404,Jeddah - Corniche,Jeddah,Pasta 500g,GRW-PAS-02,Pasta,1,5.75,5.75,3.1,card
2026-09-28,TX-B3_growing_supermarket-d45-000405,Jeddah - Corniche,Jeddah,Pasta 500g,GRW-PAS-02,Pasta,1,5.75,5.75,3.1,card
2026-09-28,TX-B3_growing_supermarket-d45-000406,Jeddah - Corniche,Jeddah,Pasta 500g,GRW-PAS-02,Pasta,1,5.75,5.75,3.1,cash
2026-09-28,TX-B3_growing_supermarket-d45-000407,Jeddah - Corniche,Jeddah,Pasta 500g,GRW-PAS-02,Pasta,1,5.75,5.75,3.1,cash
2026-09-28,TX-B3_growing_supermarket-d45-000408,Jeddah - Corniche,Jeddah,Pasta 500g,GRW-PAS-02,Pasta,1,5.75,5.75,3.1,cash
2026-09-28,TX-B3_growing_supermarket-d45-000409,Jeddah - Corniche,Jeddah,Pasta 500g,GRW-PAS-02,Pasta,1,5.75,5.75,3.1,cash
2026-09-28,TX-B3_growing_supermarket-d45-000410,Jeddah - Corniche,Jeddah,Pasta 500g,GRW-PAS-02,Pasta,1,5.75,5.75,3.1,card
2026-09-29,TX-B3_growing_supermarket-d45-000411,Jeddah - Corniche,Jeddah,Pasta 500g,GRW-PAS-02,Pasta,1,5.75,5.75,3.1,mada
2026-09-29,TX-B3_growing_supermarket-d45-000412,Jeddah - Corniche,Jeddah,Pasta 500g,GRW-PAS-02,Pasta,1,5.75,5.75,3.1,mada
2026-09-29,TX-B3_growing_supermarket-d45-000413,Jeddah - Corniche,Jeddah,Pasta 500g,GRW-PAS-02,Pasta,1,5.75,5.75,3.1,mada
2026-09-29,TX-B3_growing_supermarket-d45-000414,Jeddah - Corniche,Jeddah,Pasta 500g,GRW-PAS-02,Pasta,1,5.75,5.75,3.1,cash
2026-09-29,TX-B3_growing_supermarket-d45-000415,Jeddah - Corniche,Jeddah,Pasta 500g,GRW-PAS-02,Pasta,1,5.75,5.75,3.1,cash
2026-09-29,TX-B3_growing_supermarket-d45-000416,Jeddah - Corniche,Jeddah,Pasta 500g,GRW-PAS-02,Pasta,1,5.75,5.75,3.1,mada
2026-09-29,TX-B3_growing_supermarket-d45-000417,Jeddah - Corniche,Jeddah,Pasta 500g,GRW-PAS-02,Pasta,1,5.75,5.75,3.1,cash
2026-09-29,TX-B3_growing_supermarket-d45-000418,Jeddah - Corniche,Jeddah,Pasta 500g,GRW-PAS-02,Pasta,1,5.75,5.75,3.1,card
2026-09-29,TX-B3_growing_supermarket-d45-000419,Jeddah - Corniche,Jeddah,Pasta 500g,GRW-PAS-02,Pasta,1,5.75,5.75,3.1,card
2026-09-29,TX-B3_growing_supermarket-d45-000420,Jeddah - Corniche,Jeddah,Pasta 500g,GRW-PAS-02,Pasta,1,5.75,5.75,3.1,mada
2026-09-29,TX-B3_growing_supermarket-d45-000421,Jeddah - Corniche,Jeddah,Pasta 500g,GRW-PAS-02,Pasta,1,5.75,5.75,3.1,cash
2026-09-29,TX-B3_growing_supermarket-d45-000422,Jeddah - Corniche,Jeddah,Pasta 500g,GRW-PAS-02,Pasta,1,5.75,5.75,3.1,cash
2026-09-29,TX-B3_growing_supermarket-d45-000423,Jeddah - Corniche,Jeddah,Pasta 500g,GRW-PAS-02,Pasta,1,5.75,5.75,3.1,card
2026-09-29,TX-B3_growing_supermarket-d45-000424,Jeddah - Corniche,Jeddah,Pasta 500g,GRW-PAS-02,Pasta,1,5.75,5.75,3.1,cash
2026-09-29,TX-B3_growing_supermarket-d45-000425,Jeddah - Corniche,Jeddah,Pasta 500g,GRW-PAS-02,Pasta,1,5.75,5.75,3.1,cash
2026-09-29,TX-B3_growing_supermarket-d45-000426,Jeddah - Corniche,Jeddah,Pasta 500g,GRW-PAS-02,Pasta,1,5.75,5.75,3.1,card
2026-09-29,TX-B3_growing_supermarket-d45-000427,Jeddah - Corniche,Jeddah,Pasta 500g,GRW-PAS-02,Pasta,1,5.75,5.75,3.1,cash
2026-09-29,TX-B3_growing_supermarket-d45-000428,Jeddah - Corniche,Jeddah,Pasta 500g,GRW-PAS-02,Pasta,1,5.75,5.75,3.1,cash
2026-09-29,TX-B3_growing_supermarket-d45-000429,Jeddah - Corniche,Jeddah,Pasta 500g,GRW-PAS-02,Pasta,1,5.75,5.75,3.1,card
2026-09-29,TX-B3_growing_supermarket-d45-000430,Jeddah - Corniche,Jeddah,Pasta 500g,GRW-PAS-02,Pasta,1,5.75,5.75,3.1,mada
2026-09-29,TX-B3_growing_supermarket-d45-000431,Jeddah - Corniche,Jeddah,Pasta 500g,GRW-PAS-02,Pasta,1,5.75,5.75,3.1,mada
2026-09-29,TX-B3_growing_supermarket-d45-000432,Jeddah - Corniche,Jeddah,Pasta 500g,GRW-PAS-02,Pasta,1,5.75,5.75,3.1,card
2026-09-29,TX-B3_growing_supermarket-d45-000433,Jeddah - Corniche,Jeddah,Pasta 500g,GRW-PAS-02,Pasta,1,5.75,5.75,3.1,card
2026-09-30,TX-B3_growing_supermarket-d45-000434,Jeddah - Corniche,Jeddah,Pasta 500g,GRW-PAS-02,Pasta,1,5.75,5.75,3.1,card
2026-09-30,TX-B3_growing_supermarket-d45-000435,Jeddah - Corniche,Jeddah,Pasta 500g,GRW-PAS-02,Pasta,1,5.75,5.75,3.1,card
2026-09-30,TX-B3_growing_supermarket-d45-000436,Jeddah - Corniche,Jeddah,Pasta 500g,GRW-PAS-02,Pasta,1,5.75,5.75,3.1,card
2026-09-30,TX-B3_growing_supermarket-d45-000437,Jeddah - Corniche,Jeddah,Pasta 500g,GRW-PAS-02,Pasta,1,5.75,5.75,3.1,mada
2026-09-30,TX-B3_growing_supermarket-d45-000438,Jeddah - Corniche,Jeddah,Pasta 500g,GRW-PAS-02,Pasta,1,5.75,5.75,3.1,mada
2026-09-30,TX-B3_growing_supermarket-d45-000439,Jeddah - Corniche,Jeddah,Pasta 500g,GRW-PAS-02,Pasta,1,5.75,5.75,3.1,card
2026-09-30,TX-B3_growing_supermarket-d45-000440,Jeddah - Corniche,Jeddah,Pasta 500g,GRW-PAS-02,Pasta,1,5.75,5.75,3.1,card
2026-09-30,TX-B3_growing_supermarket-d45-000441,Jeddah - Corniche,Jeddah,Pasta 500g,GRW-PAS-02,Pasta,1,5.75,5.75,3.1,cash
2026-09-30,TX-B3_growing_supermarket-d45-000442,Jeddah - Corniche,Jeddah,Pasta 500g,GRW-PAS-02,Pasta,1,5.75,5.75,3.1,mada
2026-09-30,TX-B3_growing_supermarket-d45-000443,Jeddah - Corniche,Jeddah,Pasta 500g,GRW-PAS-02,Pasta,1,5.75,5.75,3.1,card
2026-09-30,TX-B3_growing_supermarket-d45-000444,Jeddah - Corniche,Jeddah,Pasta 500g,GRW-PAS-02,Pasta,1,5.75,5.75,3.1,mada
2026-09-30,TX-B3_growing_supermarket-d45-000445,Jeddah - Corniche,Jeddah,Pasta 500g,GRW-PAS-02,Pasta,1,5.75,5.75,3.1,card
2026-09-30,TX-B3_growing_supermarket-d45-000446,Jeddah - Corniche,Jeddah,Pasta 500g,GRW-PAS-02,Pasta,1,5.75,5.75,3.1,cash
2026-09-30,TX-B3_growing_supermarket-d45-000447,Jeddah - Corniche,Jeddah,Pasta 500g,GRW-PAS-02,Pasta,1,5.75,5.75,3.1,card
2026-09-30,TX-B3_growing_supermarket-d45-000448,Jeddah - Corniche,Jeddah,Pasta 500g,GRW-PAS-02,Pasta,1,5.75,5.75,3.1,cash
2026-09-30,TX-B3_growing_supermarket-d45-000449,Jeddah - Corniche,Jeddah,Pasta 500g,GRW-PAS-02,Pasta,1,5.75,5.75,3.1,card
2026-09-30,TX-B3_growing_supermarket-d45-000450,Jeddah - Corniche,Jeddah,Pasta 500g,GRW-PAS-02,Pasta,1,5.75,5.75,3.1,mada
2026-09-30,TX-B3_growing_supermarket-d45-000451,Jeddah - Corniche,Jeddah,Pasta 500g,GRW-PAS-02,Pasta,1,5.75,5.75,3.1,cash
2026-09-30,TX-B3_growing_supermarket-d45-000452,Jeddah - Corniche,Jeddah,Pasta 500g,GRW-PAS-02,Pasta,1,5.75,5.75,3.1,card
2026-09-30,TX-B3_growing_supermarket-d45-000453,Jeddah - Corniche,Jeddah,Pasta 500g,GRW-PAS-02,Pasta,1,5.75,5.75,3.1,card
2026-09-30,TX-B3_growing_supermarket-d45-000454,Jeddah - Corniche,Jeddah,Pasta 500g,GRW-PAS-02,Pasta,1,5.75,5.75,3.1,cash
2026-09-30,TX-B3_growing_supermarket-d45-000455,Jeddah - Corniche,Jeddah,Pasta 500g,GRW-PAS-02,Pasta,1,5.75,5.75,3.1,mada
2026-09-30,TX-B3_growing_supermarket-d45-000456,Jeddah - Corniche,Jeddah,Pasta 500g,GRW-PAS-02,Pasta,1,5.75,5.75,3.1,mada
2026-09-30,TX-B3_growing_supermarket-d45-000457,Jeddah - Corniche,Jeddah,Pasta 500g,GRW-PAS-02,Pasta,1,5.75,5.75,3.1,cash
2026-09-30,TX-B3_growing_supermarket-d45-000458,Jeddah - Corniche,Jeddah,Pasta 500g,GRW-PAS-02,Pasta,1,5.75,5.75,3.1,cash
2026-09-30,TX-B3_growing_supermarket-d45-000459,Jeddah - Corniche,Jeddah,Pasta 500g,GRW-PAS-02,Pasta,1,5.75,5.75,3.1,card
2026-09-30,TX-B3_growing_supermarket-d45-000460,Jeddah - Corniche,Jeddah,Pasta 500g,GRW-PAS-02,Pasta,1,5.75,5.75,3.1,card
2026-09-30,TX-B3_growing_supermarket-d45-000461,Jeddah - Corniche,Jeddah,Pasta 500g,GRW-PAS-02,Pasta,1,5.75,5.75,3.1,cash
2026-09-30,TX-B3_growing_supermarket-d45-000462,Jeddah - Corniche,Jeddah,Pasta 500g,GRW-PAS-02,Pasta,1,5.75,5.75,3.1,card
2026-09-30,TX-B3_growing_supermarket-d45-000463,Jeddah - Corniche,Jeddah,Pasta 500g,GRW-PAS-02,Pasta,1,5.75,5.75,3.1,cash
2026-09-30,TX-B3_growing_supermarket-d45-000464,Jeddah - Corniche,Jeddah,Pasta 500g,GRW-PAS-02,Pasta,1,5.75,5.75,3.1,card
2026-09-30,TX-B3_growing_supermarket-d45-000465,Jeddah - Corniche,Jeddah,Pasta 500g,GRW-PAS-02,Pasta,1,5.75,5.75,3.1,cash
2026-09-30,TX-B3_growing_supermarket-d45-000466,Jeddah - Corniche,Jeddah,Pasta 500g,GRW-PAS-02,Pasta,1,5.75,5.75,3.1,card
2026-10-01,TX-B3_growing_supermarket-d45-000467,Jeddah - Corniche,Jeddah,Pasta 500g,GRW-PAS-02,Pasta,1,5.75,5.75,3.1,mada
2026-10-01,TX-B3_growing_supermarket-d45-000468,Jeddah - Corniche,Jeddah,Pasta 500g,GRW-PAS-02,Pasta,1,5.75,5.75,3.1,cash
2026-10-01,TX-B3_growing_supermarket-d45-000469,Jeddah - Corniche,Jeddah,Pasta 500g,GRW-PAS-02,Pasta,1,5.75,5.75,3.1,cash
2026-10-01,TX-B3_growing_supermarket-d45-000470,Jeddah - Corniche,Jeddah,Pasta 500g,GRW-PAS-02,Pasta,1,5.75,5.75,3.1,cash
2026-10-01,TX-B3_growing_supermarket-d45-000471,Jeddah - Corniche,Jeddah,Pasta 500g,GRW-PAS-02,Pasta,1,5.75,5.75,3.1,card
2026-10-01,TX-B3_growing_supermarket-d45-000472,Jeddah - Corniche,Jeddah,Pasta 500g,GRW-PAS-02,Pasta,1,5.75,5.75,3.1,card
2026-10-01,TX-B3_growing_supermarket-d45-000473,Jeddah - Corniche,Jeddah,Pasta 500g,GRW-PAS-02,Pasta,1,5.75,5.75,3.1,cash
2026-10-01,TX-B3_growing_supermarket-d45-000474,Jeddah - Corniche,Jeddah,Pasta 500g,GRW-PAS-02,Pasta,1,5.75,5.75,3.1,cash
2026-10-01,TX-B3_growing_supermarket-d45-000475,Jeddah - Corniche,Jeddah,Pasta 500g,GRW-PAS-02,Pasta,1,5.75,5.75,3.1,cash
2026-10-01,TX-B3_growing_supermarket-d45-000476,Jeddah - Corniche,Jeddah,Pasta 500g,GRW-PAS-02,Pasta,1,5.75,5.75,3.1,mada
2026-10-01,TX-B3_growing_supermarket-d45-000477,Jeddah - Corniche,Jeddah,Pasta 500g,GRW-PAS-02,Pasta,1,5.75,5.75,3.1,mada
2026-10-01,TX-B3_growing_supermarket-d45-000478,Jeddah - Corniche,Jeddah,Pasta 500g,GRW-PAS-02,Pasta,1,5.75,5.75,3.1,card
2026-10-01,TX-B3_growing_supermarket-d45-000479,Jeddah - Corniche,Jeddah,Pasta 500g,GRW-PAS-02,Pasta,1,5.75,5.75,3.1,cash
2026-10-01,TX-B3_growing_supermarket-d45-000480,Jeddah - Corniche,Jeddah,Pasta 500g,GRW-PAS-02,Pasta,1,5.75,5.75,3.1,cash
2026-10-01,TX-B3_growing_supermarket-d45-000481,Jeddah - Corniche,Jeddah,Pasta 500g,GRW-PAS-02,Pasta,1,5.75,5.75,3.1,mada
2026-10-01,TX-B3_growing_supermarket-d45-000482,Jeddah - Corniche,Jeddah,Pasta 500g,GRW-PAS-02,Pasta,1,5.75,5.75,3.1,card
2026-10-01,TX-B3_growing_supermarket-d45-000483,Jeddah - Corniche,Jeddah,Pasta 500g,GRW-PAS-02,Pasta,1,5.75,5.75,3.1,cash
2026-10-01,TX-B3_growing_supermarket-d45-000484,Jeddah - Corniche,Jeddah,Pasta 500g,GRW-PAS-02,Pasta,1,5.75,5.75,3.1,card
2026-10-01,TX-B3_growing_supermarket-d45-000485,Jeddah - Corniche,Jeddah,Pasta 500g,GRW-PAS-02,Pasta,1,5.75,5.75,3.1,mada
2026-10-01,TX-B3_growing_supermarket-d45-000486,Jeddah - Corniche,Jeddah,Pasta 500g,GRW-PAS-02,Pasta,1,5.75,5.75,3.1,card
2026-10-01,TX-B3_growing_supermarket-d45-000487,Jeddah - Corniche,Jeddah,Pasta 500g,GRW-PAS-02,Pasta,1,5.75,5.75,3.1,cash
2026-10-01,TX-B3_growing_supermarket-d45-000488,Jeddah - Corniche,Jeddah,Pasta 500g,GRW-PAS-02,Pasta,1,5.75,5.75,3.1,cash
2026-10-01,TX-B3_growing_supermarket-d45-000489,Jeddah - Corniche,Jeddah,Pasta 500g,GRW-PAS-02,Pasta,1,5.75,5.75,3.1,mada
2026-10-01,TX-B3_growing_supermarket-d45-000490,Jeddah - Corniche,Jeddah,Pasta 500g,GRW-PAS-02,Pasta,1,5.75,5.75,3.1,mada
2026-10-02,TX-B3_growing_supermarket-d45-000491,Jeddah - Corniche,Jeddah,Pasta 500g,GRW-PAS-02,Pasta,1,5.75,5.75,3.1,mada
2026-10-02,TX-B3_growing_supermarket-d45-000492,Jeddah - Corniche,Jeddah,Pasta 500g,GRW-PAS-02,Pasta,1,5.75,5.75,3.1,cash
2026-10-02,TX-B3_growing_supermarket-d45-000493,Jeddah - Corniche,Jeddah,Pasta 500g,GRW-PAS-02,Pasta,1,5.75,5.75,3.1,card
2026-10-02,TX-B3_growing_supermarket-d45-000494,Jeddah - Corniche,Jeddah,Pasta 500g,GRW-PAS-02,Pasta,1,5.75,5.75,3.1,mada
2026-10-02,TX-B3_growing_supermarket-d45-000495,Jeddah - Corniche,Jeddah,Pasta 500g,GRW-PAS-02,Pasta,1,5.75,5.75,3.1,mada
2026-10-02,TX-B3_growing_supermarket-d45-000496,Jeddah - Corniche,Jeddah,Pasta 500g,GRW-PAS-02,Pasta,1,5.75,5.75,3.1,cash
2026-10-02,TX-B3_growing_supermarket-d45-000497,Jeddah - Corniche,Jeddah,Pasta 500g,GRW-PAS-02,Pasta,1,5.75,5.75,3.1,cash
2026-10-02,TX-B3_growing_supermarket-d45-000498,Jeddah - Corniche,Jeddah,Pasta 500g,GRW-PAS-02,Pasta,1,5.75,5.75,3.1,cash
2026-10-02,TX-B3_growing_supermarket-d45-000499,Jeddah - Corniche,Jeddah,Pasta 500g,GRW-PAS-02,Pasta,1,5.75,5.75,3.1,cash
2026-10-02,TX-B3_growing_supermarket-d45-000500,Jeddah - Corniche,Jeddah,Pasta 500g,GRW-PAS-02,Pasta,1,5.75,5.75,3.1,card
2026-10-02,TX-B3_growing_supermarket-d45-000501,Jeddah - Corniche,Jeddah,Pasta 500g,GRW-PAS-02,Pasta,1,5.75,5.75,3.1,cash
2026-10-02,TX-B3_growing_supermarket-d45-000502,Jeddah - Corniche,Jeddah,Pasta 500g,GRW-PAS-02,Pasta,1,5.75,5.75,3.1,card
2026-10-02,TX-B3_growing_supermarket-d45-000503,Jeddah - Corniche,Jeddah,Pasta 500g,GRW-PAS-02,Pasta,1,5.75,5.75,3.1,mada
2026-10-02,TX-B3_growing_supermarket-d45-000504,Jeddah - Corniche,Jeddah,Pasta 500g,GRW-PAS-02,Pasta,1,5.75,5.75,3.1,mada
2026-10-02,TX-B3_growing_supermarket-d45-000505,Jeddah - Corniche,Jeddah,Pasta 500g,GRW-PAS-02,Pasta,1,5.75,5.75,3.1,cash
2026-10-02,TX-B3_growing_supermarket-d45-000506,Jeddah - Corniche,Jeddah,Pasta 500g,GRW-PAS-02,Pasta,1,5.75,5.75,3.1,cash
2026-10-02,TX-B3_growing_supermarket-d45-000507,Jeddah - Corniche,Jeddah,Pasta 500g,GRW-PAS-02,Pasta,1,5.75,5.75,3.1,card
2026-10-02,TX-B3_growing_supermarket-d45-000508,Jeddah - Corniche,Jeddah,Pasta 500g,GRW-PAS-02,Pasta,1,5.75,5.75,3.1,card
2026-10-02,TX-B3_growing_supermarket-d45-000509,Jeddah - Corniche,Jeddah,Pasta 500g,GRW-PAS-02,Pasta,1,5.75,5.75,3.1,card
2026-10-02,TX-B3_growing_supermarket-d45-000510,Jeddah - Corniche,Jeddah,Pasta 500g,GRW-PAS-02,Pasta,1,5.75,5.75,3.1,card
2026-10-02,TX-B3_growing_supermarket-d45-000511,Jeddah - Corniche,Jeddah,Pasta 500g,GRW-PAS-02,Pasta,1,5.75,5.75,3.1,card
2026-10-02,TX-B3_growing_supermarket-d45-000512,Jeddah - Corniche,Jeddah,Pasta 500g,GRW-PAS-02,Pasta,1,5.75,5.75,3.1,mada
2026-10-02,TX-B3_growing_supermarket-d45-000513,Jeddah - Corniche,Jeddah,Pasta 500g,GRW-PAS-02,Pasta,1,5.75,5.75,3.1,card
2026-10-02,TX-B3_growing_supermarket-d45-000514,Jeddah - Corniche,Jeddah,Pasta 500g,GRW-PAS-02,Pasta,1,5.75,5.75,3.1,card
2026-10-02,TX-B3_growing_supermarket-d45-000515,Jeddah - Corniche,Jeddah,Pasta 500g,GRW-PAS-02,Pasta,1,5.75,5.75,3.1,cash
2026-10-02,TX-B3_growing_supermarket-d45-000516,Jeddah - Corniche,Jeddah,Pasta 500g,GRW-PAS-02,Pasta,1,5.75,5.75,3.1,mada
2026-10-03,TX-B3_growing_supermarket-d45-000517,Jeddah - Corniche,Jeddah,Pasta 500g,GRW-PAS-02,Pasta,1,5.75,5.75,3.1,mada
2026-10-03,TX-B3_growing_supermarket-d45-000518,Jeddah - Corniche,Jeddah,Pasta 500g,GRW-PAS-02,Pasta,1,5.75,5.75,3.1,cash
2026-10-03,TX-B3_growing_supermarket-d45-000519,Jeddah - Corniche,Jeddah,Pasta 500g,GRW-PAS-02,Pasta,1,5.75,5.75,3.1,mada
2026-10-03,TX-B3_growing_supermarket-d45-000520,Jeddah - Corniche,Jeddah,Pasta 500g,GRW-PAS-02,Pasta,1,5.75,5.75,3.1,card
2026-10-03,TX-B3_growing_supermarket-d45-000521,Jeddah - Corniche,Jeddah,Pasta 500g,GRW-PAS-02,Pasta,1,5.75,5.75,3.1,mada
2026-10-03,TX-B3_growing_supermarket-d45-000522,Jeddah - Corniche,Jeddah,Pasta 500g,GRW-PAS-02,Pasta,1,5.75,5.75,3.1,card
2026-10-03,TX-B3_growing_supermarket-d45-000523,Jeddah - Corniche,Jeddah,Pasta 500g,GRW-PAS-02,Pasta,1,5.75,5.75,3.1,mada
2026-10-03,TX-B3_growing_supermarket-d45-000524,Jeddah - Corniche,Jeddah,Pasta 500g,GRW-PAS-02,Pasta,1,5.75,5.75,3.1,card
2026-10-03,TX-B3_growing_supermarket-d45-000525,Jeddah - Corniche,Jeddah,Pasta 500g,GRW-PAS-02,Pasta,1,5.75,5.75,3.1,cash
2026-10-03,TX-B3_growing_supermarket-d45-000526,Jeddah - Corniche,Jeddah,Pasta 500g,GRW-PAS-02,Pasta,1,5.75,5.75,3.1,card
2026-10-03,TX-B3_growing_supermarket-d45-000527,Jeddah - Corniche,Jeddah,Pasta 500g,GRW-PAS-02,Pasta,1,5.75,5.75,3.1,mada
2026-10-03,TX-B3_growing_supermarket-d45-000528,Jeddah - Corniche,Jeddah,Pasta 500g,GRW-PAS-02,Pasta,1,5.75,5.75,3.1,mada
2026-10-03,TX-B3_growing_supermarket-d45-000529,Jeddah - Corniche,Jeddah,Pasta 500g,GRW-PAS-02,Pasta,1,5.75,5.75,3.1,mada
2026-10-03,TX-B3_growing_supermarket-d45-000530,Jeddah - Corniche,Jeddah,Pasta 500g,GRW-PAS-02,Pasta,1,5.75,5.75,3.1,card
2026-10-03,TX-B3_growing_supermarket-d45-000531,Jeddah - Corniche,Jeddah,Pasta 500g,GRW-PAS-02,Pasta,1,5.75,5.75,3.1,cash
2026-10-03,TX-B3_growing_supermarket-d45-000532,Jeddah - Corniche,Jeddah,Pasta 500g,GRW-PAS-02,Pasta,1,5.75,5.75,3.1,card
2026-10-03,TX-B3_growing_supermarket-d45-000533,Jeddah - Corniche,Jeddah,Pasta 500g,GRW-PAS-02,Pasta,1,5.75,5.75,3.1,cash
2026-10-03,TX-B3_growing_supermarket-d45-000534,Jeddah - Corniche,Jeddah,Pasta 500g,GRW-PAS-02,Pasta,1,5.75,5.75,3.1,card
2026-10-03,TX-B3_growing_supermarket-d45-000535,Jeddah - Corniche,Jeddah,Pasta 500g,GRW-PAS-02,Pasta,1,5.75,5.75,3.1,card
2026-10-03,TX-B3_growing_supermarket-d45-000536,Jeddah - Corniche,Jeddah,Pasta 500g,GRW-PAS-02,Pasta,1,5.75,5.75,3.1,mada
2026-10-03,TX-B3_growing_supermarket-d45-000537,Jeddah - Corniche,Jeddah,Pasta 500g,GRW-PAS-02,Pasta,1,5.75,5.75,3.1,cash
2026-10-03,TX-B3_growing_supermarket-d45-000538,Jeddah - Corniche,Jeddah,Pasta 500g,GRW-PAS-02,Pasta,1,5.75,5.75,3.1,card
2026-10-03,TX-B3_growing_supermarket-d45-000539,Jeddah - Corniche,Jeddah,Pasta 500g,GRW-PAS-02,Pasta,1,5.75,5.75,3.1,card
2026-10-03,TX-B3_growing_supermarket-d45-000540,Jeddah - Corniche,Jeddah,Pasta 500g,GRW-PAS-02,Pasta,1,5.75,5.75,3.1,card
2026-10-03,TX-B3_growing_supermarket-d45-000541,Jeddah - Corniche,Jeddah,Pasta 500g,GRW-PAS-02,Pasta,1,5.75,5.75,3.1,card
2026-10-03,TX-B3_growing_supermarket-d45-000542,Jeddah - Corniche,Jeddah,Pasta 500g,GRW-PAS-02,Pasta,1,5.75,5.75,3.1,mada
2026-10-03,TX-B3_growing_supermarket-d45-000543,Jeddah - Corniche,Jeddah,Pasta 500g,GRW-PAS-02,Pasta,1,5.75,5.75,3.1,mada
2026-10-03,TX-B3_growing_supermarket-d45-000544,Jeddah - Corniche,Jeddah,Pasta 500g,GRW-PAS-02,Pasta,1,5.75,5.75,3.1,card
2026-10-04,TX-B3_growing_supermarket-d45-000545,Jeddah - Corniche,Jeddah,Pasta 500g,GRW-PAS-02,Pasta,1,5.75,5.75,3.1,card
2026-10-04,TX-B3_growing_supermarket-d45-000546,Jeddah - Corniche,Jeddah,Pasta 500g,GRW-PAS-02,Pasta,1,5.75,5.75,3.1,cash
2026-10-04,TX-B3_growing_supermarket-d45-000547,Jeddah - Corniche,Jeddah,Pasta 500g,GRW-PAS-02,Pasta,1,5.75,5.75,3.1,card
2026-10-04,TX-B3_growing_supermarket-d45-000548,Jeddah - Corniche,Jeddah,Pasta 500g,GRW-PAS-02,Pasta,1,5.75,5.75,3.1,mada
2026-10-04,TX-B3_growing_supermarket-d45-000549,Jeddah - Corniche,Jeddah,Pasta 500g,GRW-PAS-02,Pasta,1,5.75,5.75,3.1,cash
2026-10-04,TX-B3_growing_supermarket-d45-000550,Jeddah - Corniche,Jeddah,Pasta 500g,GRW-PAS-02,Pasta,1,5.75,5.75,3.1,mada
2026-10-04,TX-B3_growing_supermarket-d45-000551,Jeddah - Corniche,Jeddah,Pasta 500g,GRW-PAS-02,Pasta,1,5.75,5.75,3.1,cash
2026-10-04,TX-B3_growing_supermarket-d45-000552,Jeddah - Corniche,Jeddah,Pasta 500g,GRW-PAS-02,Pasta,1,5.75,5.75,3.1,card
2026-10-04,TX-B3_growing_supermarket-d45-000553,Jeddah - Corniche,Jeddah,Pasta 500g,GRW-PAS-02,Pasta,1,5.75,5.75,3.1,cash
2026-10-04,TX-B3_growing_supermarket-d45-000554,Jeddah - Corniche,Jeddah,Pasta 500g,GRW-PAS-02,Pasta,1,5.75,5.75,3.1,mada
2026-10-04,TX-B3_growing_supermarket-d45-000555,Jeddah - Corniche,Jeddah,Pasta 500g,GRW-PAS-02,Pasta,1,5.75,5.75,3.1,card
2026-10-04,TX-B3_growing_supermarket-d45-000556,Jeddah - Corniche,Jeddah,Pasta 500g,GRW-PAS-02,Pasta,1,5.75,5.75,3.1,cash
2026-10-04,TX-B3_growing_supermarket-d45-000557,Jeddah - Corniche,Jeddah,Pasta 500g,GRW-PAS-02,Pasta,1,5.75,5.75,3.1,card
2026-10-04,TX-B3_growing_supermarket-d45-000558,Jeddah - Corniche,Jeddah,Pasta 500g,GRW-PAS-02,Pasta,1,5.75,5.75,3.1,mada
2026-10-04,TX-B3_growing_supermarket-d45-000559,Jeddah - Corniche,Jeddah,Pasta 500g,GRW-PAS-02,Pasta,1,5.75,5.75,3.1,mada
2026-10-04,TX-B3_growing_supermarket-d45-000560,Jeddah - Corniche,Jeddah,Pasta 500g,GRW-PAS-02,Pasta,1,5.75,5.75,3.1,card
2026-10-04,TX-B3_growing_supermarket-d45-000561,Jeddah - Corniche,Jeddah,Pasta 500g,GRW-PAS-02,Pasta,1,5.75,5.75,3.1,card
2026-10-04,TX-B3_growing_supermarket-d45-000562,Jeddah - Corniche,Jeddah,Pasta 500g,GRW-PAS-02,Pasta,1,5.75,5.75,3.1,mada
2026-10-04,TX-B3_growing_supermarket-d45-000563,Jeddah - Corniche,Jeddah,Pasta 500g,GRW-PAS-02,Pasta,1,5.75,5.75,3.1,mada
2026-10-04,TX-B3_growing_supermarket-d45-000564,Jeddah - Corniche,Jeddah,Pasta 500g,GRW-PAS-02,Pasta,1,5.75,5.75,3.1,mada
2026-10-04,TX-B3_growing_supermarket-d45-000565,Jeddah - Corniche,Jeddah,Pasta 500g,GRW-PAS-02,Pasta,1,5.75,5.75,3.1,mada
2026-10-04,TX-B3_growing_supermarket-d45-000566,Jeddah - Corniche,Jeddah,Pasta 500g,GRW-PAS-02,Pasta,1,5.75,5.75,3.1,cash
2026-10-04,TX-B3_growing_supermarket-d45-000567,Jeddah - Corniche,Jeddah,Pasta 500g,GRW-PAS-02,Pasta,1,5.75,5.75,3.1,cash
2026-10-04,TX-B3_growing_supermarket-d45-000568,Jeddah - Corniche,Jeddah,Pasta 500g,GRW-PAS-02,Pasta,1,5.75,5.75,3.1,card
2026-10-04,TX-B3_growing_supermarket-d45-000569,Jeddah - Corniche,Jeddah,Pasta 500g,GRW-PAS-02,Pasta,1,5.75,5.75,3.1,mada
2026-10-04,TX-B3_growing_supermarket-d45-000570,Jeddah - Corniche,Jeddah,Pasta 500g,GRW-PAS-02,Pasta,1,5.75,5.75,3.1,mada
2026-10-04,TX-B3_growing_supermarket-d45-000571,Jeddah - Corniche,Jeddah,Pasta 500g,GRW-PAS-02,Pasta,1,5.75,5.75,3.1,mada
2026-10-04,TX-B3_growing_supermarket-d45-000572,Jeddah - Corniche,Jeddah,Pasta 500g,GRW-PAS-02,Pasta,1,5.75,5.75,3.1,card
2026-10-04,TX-B3_growing_supermarket-d45-000573,Jeddah - Corniche,Jeddah,Pasta 500g,GRW-PAS-02,Pasta,1,5.75,5.75,3.1,cash
2026-10-04,TX-B3_growing_supermarket-d45-000574,Jeddah - Corniche,Jeddah,Pasta 500g,GRW-PAS-02,Pasta,1,5.75,5.75,3.1,card
2026-10-04,TX-B3_growing_supermarket-d45-000575,Jeddah - Corniche,Jeddah,Pasta 500g,GRW-PAS-02,Pasta,1,5.75,5.75,3.1,mada
2026-10-05,TX-B3_growing_supermarket-d45-000576,Jeddah - Corniche,Jeddah,Pasta 500g,GRW-PAS-02,Pasta,1,5.75,5.75,3.1,cash
2026-10-05,TX-B3_growing_supermarket-d45-000577,Jeddah - Corniche,Jeddah,Pasta 500g,GRW-PAS-02,Pasta,1,5.75,5.75,3.1,cash
2026-10-05,TX-B3_growing_supermarket-d45-000578,Jeddah - Corniche,Jeddah,Pasta 500g,GRW-PAS-02,Pasta,1,5.75,5.75,3.1,mada
2026-10-05,TX-B3_growing_supermarket-d45-000579,Jeddah - Corniche,Jeddah,Pasta 500g,GRW-PAS-02,Pasta,1,5.75,5.75,3.1,card
2026-10-05,TX-B3_growing_supermarket-d45-000580,Jeddah - Corniche,Jeddah,Pasta 500g,GRW-PAS-02,Pasta,1,5.75,5.75,3.1,card
2026-10-05,TX-B3_growing_supermarket-d45-000581,Jeddah - Corniche,Jeddah,Pasta 500g,GRW-PAS-02,Pasta,1,5.75,5.75,3.1,cash
2026-10-05,TX-B3_growing_supermarket-d45-000582,Jeddah - Corniche,Jeddah,Pasta 500g,GRW-PAS-02,Pasta,1,5.75,5.75,3.1,mada
2026-10-05,TX-B3_growing_supermarket-d45-000583,Jeddah - Corniche,Jeddah,Pasta 500g,GRW-PAS-02,Pasta,1,5.75,5.75,3.1,cash
2026-10-05,TX-B3_growing_supermarket-d45-000584,Jeddah - Corniche,Jeddah,Pasta 500g,GRW-PAS-02,Pasta,1,5.75,5.75,3.1,mada
2026-10-05,TX-B3_growing_supermarket-d45-000585,Jeddah - Corniche,Jeddah,Pasta 500g,GRW-PAS-02,Pasta,1,5.75,5.75,3.1,cash
2026-10-05,TX-B3_growing_supermarket-d45-000586,Jeddah - Corniche,Jeddah,Pasta 500g,GRW-PAS-02,Pasta,1,5.75,5.75,3.1,cash
2026-10-05,TX-B3_growing_supermarket-d45-000587,Jeddah - Corniche,Jeddah,Pasta 500g,GRW-PAS-02,Pasta,1,5.75,5.75,3.1,mada
2026-10-05,TX-B3_growing_supermarket-d45-000588,Jeddah - Corniche,Jeddah,Pasta 500g,GRW-PAS-02,Pasta,1,5.75,5.75,3.1,card
2026-10-05,TX-B3_growing_supermarket-d45-000589,Jeddah - Corniche,Jeddah,Pasta 500g,GRW-PAS-02,Pasta,1,5.75,5.75,3.1,card
2026-10-05,TX-B3_growing_supermarket-d45-000590,Jeddah - Corniche,Jeddah,Pasta 500g,GRW-PAS-02,Pasta,1,5.75,5.75,3.1,card
2026-10-05,TX-B3_growing_supermarket-d45-000591,Jeddah - Corniche,Jeddah,Pasta 500g,GRW-PAS-02,Pasta,1,5.75,5.75,3.1,card
2026-10-05,TX-B3_growing_supermarket-d45-000592,Jeddah - Corniche,Jeddah,Pasta 500g,GRW-PAS-02,Pasta,1,5.75,5.75,3.1,mada
2026-10-05,TX-B3_growing_supermarket-d45-000593,Jeddah - Corniche,Jeddah,Pasta 500g,GRW-PAS-02,Pasta,1,5.75,5.75,3.1,cash
2026-10-05,TX-B3_growing_supermarket-d45-000594,Jeddah - Corniche,Jeddah,Pasta 500g,GRW-PAS-02,Pasta,1,5.75,5.75,3.1,card
2026-10-05,TX-B3_growing_supermarket-d45-000595,Jeddah - Corniche,Jeddah,Pasta 500g,GRW-PAS-02,Pasta,1,5.75,5.75,3.1,mada
2026-10-05,TX-B3_growing_supermarket-d45-000596,Jeddah - Corniche,Jeddah,Pasta 500g,GRW-PAS-02,Pasta,1,5.75,5.75,3.1,cash
2026-10-05,TX-B3_growing_supermarket-d45-000597,Jeddah - Corniche,Jeddah,Pasta 500g,GRW-PAS-02,Pasta,1,5.75,5.75,3.1,card
2026-10-05,TX-B3_growing_supermarket-d45-000598,Jeddah - Corniche,Jeddah,Pasta 500g,GRW-PAS-02,Pasta,1,5.75,5.75,3.1,mada
2026-10-05,TX-B3_growing_supermarket-d45-000599,Jeddah - Corniche,Jeddah,Pasta 500g,GRW-PAS-02,Pasta,1,5.75,5.75,3.1,card
2026-10-05,TX-B3_growing_supermarket-d45-000600,Jeddah - Corniche,Jeddah,Pasta 500g,GRW-PAS-02,Pasta,1,5.75,5.75,3.1,cash
2026-10-05,TX-B3_growing_supermarket-d45-000601,Jeddah - Corniche,Jeddah,Pasta 500g,GRW-PAS-02,Pasta,1,5.75,5.75,3.1,cash
2026-10-05,TX-B3_growing_supermarket-d45-000602,Jeddah - Corniche,Jeddah,Pasta 500g,GRW-PAS-02,Pasta,1,5.75,5.75,3.1,mada
2026-10-05,TX-B3_growing_supermarket-d45-000603,Jeddah - Corniche,Jeddah,Pasta 500g,GRW-PAS-02,Pasta,1,5.75,5.75,3.1,card
2026-10-05,TX-B3_growing_supermarket-d45-000604,Jeddah - Corniche,Jeddah,Pasta 500g,GRW-PAS-02,Pasta,1,5.75,5.75,3.1,cash
2026-10-05,TX-B3_growing_supermarket-d45-000605,Jeddah - Corniche,Jeddah,Pasta 500g,GRW-PAS-02,Pasta,1,5.75,5.75,3.1,card
2026-10-05,TX-B3_growing_supermarket-d45-000606,Jeddah - Corniche,Jeddah,Pasta 500g,GRW-PAS-02,Pasta,1,5.75,5.75,3.1,mada
2026-10-05,TX-B3_growing_supermarket-d45-000607,Jeddah - Corniche,Jeddah,Pasta 500g,GRW-PAS-02,Pasta,1,5.75,5.75,3.1,card
2026-10-05,TX-B3_growing_supermarket-d45-000608,Jeddah - Corniche,Jeddah,Pasta 500g,GRW-PAS-02,Pasta,1,5.75,5.75,3.1,cash
2026-10-05,TX-B3_growing_supermarket-d45-000609,Jeddah - Corniche,Jeddah,Pasta 500g,GRW-PAS-02,Pasta,1,5.75,5.75,3.1,card
2026-10-05,TX-B3_growing_supermarket-d45-000610,Jeddah - Corniche,Jeddah,Pasta 500g,GRW-PAS-02,Pasta,1,5.75,5.75,3.1,mada
2026-10-05,TX-B3_growing_supermarket-d45-000611,Jeddah - Corniche,Jeddah,Pasta 500g,GRW-PAS-02,Pasta,1,5.75,5.75,3.1,cash
2026-10-05,TX-B3_growing_supermarket-d45-000612,Jeddah - Corniche,Jeddah,Pasta 500g,GRW-PAS-02,Pasta,1,5.75,5.75,3.1,mada
2026-10-05,TX-B3_growing_supermarket-d45-000613,Jeddah - Corniche,Jeddah,Pasta 500g,GRW-PAS-02,Pasta,1,5.75,5.75,3.1,mada
2026-10-05,TX-B3_growing_supermarket-d45-000614,Jeddah - Corniche,Jeddah,Pasta 500g,GRW-PAS-02,Pasta,1,5.75,5.75,3.1,cash
2026-10-05,TX-B3_growing_supermarket-d45-000615,Jeddah - Corniche,Jeddah,Pasta 500g,GRW-PAS-02,Pasta,1,5.75,5.75,3.1,mada
2026-10-05,TX-B3_growing_supermarket-d45-000616,Jeddah - Corniche,Jeddah,Pasta 500g,GRW-PAS-02,Pasta,1,5.75,5.75,3.1,mada
2026-10-05,TX-B3_growing_supermarket-d45-000617,Jeddah - Corniche,Jeddah,Pasta 500g,GRW-PAS-02,Pasta,1,5.75,5.75,3.1,mada
2026-10-06,TX-B3_growing_supermarket-d45-000618,Jeddah - Corniche,Jeddah,Pasta 500g,GRW-PAS-02,Pasta,1,5.75,5.75,3.1,mada
2026-10-06,TX-B3_growing_supermarket-d45-000619,Jeddah - Corniche,Jeddah,Pasta 500g,GRW-PAS-02,Pasta,1,5.75,5.75,3.1,cash
2026-10-06,TX-B3_growing_supermarket-d45-000620,Jeddah - Corniche,Jeddah,Pasta 500g,GRW-PAS-02,Pasta,1,5.75,5.75,3.1,card
2026-10-06,TX-B3_growing_supermarket-d45-000621,Jeddah - Corniche,Jeddah,Pasta 500g,GRW-PAS-02,Pasta,1,5.75,5.75,3.1,mada
2026-10-06,TX-B3_growing_supermarket-d45-000622,Jeddah - Corniche,Jeddah,Pasta 500g,GRW-PAS-02,Pasta,1,5.75,5.75,3.1,mada
2026-10-06,TX-B3_growing_supermarket-d45-000623,Jeddah - Corniche,Jeddah,Pasta 500g,GRW-PAS-02,Pasta,1,5.75,5.75,3.1,cash
2026-10-06,TX-B3_growing_supermarket-d45-000624,Jeddah - Corniche,Jeddah,Pasta 500g,GRW-PAS-02,Pasta,1,5.75,5.75,3.1,mada
2026-10-06,TX-B3_growing_supermarket-d45-000625,Jeddah - Corniche,Jeddah,Pasta 500g,GRW-PAS-02,Pasta,1,5.75,5.75,3.1,mada
2026-10-06,TX-B3_growing_supermarket-d45-000626,Jeddah - Corniche,Jeddah,Pasta 500g,GRW-PAS-02,Pasta,1,5.75,5.75,3.1,mada
2026-10-06,TX-B3_growing_supermarket-d45-000627,Jeddah - Corniche,Jeddah,Pasta 500g,GRW-PAS-02,Pasta,1,5.75,5.75,3.1,cash
2026-10-06,TX-B3_growing_supermarket-d45-000628,Jeddah - Corniche,Jeddah,Pasta 500g,GRW-PAS-02,Pasta,1,5.75,5.75,3.1,mada
2026-10-06,TX-B3_growing_supermarket-d45-000629,Jeddah - Corniche,Jeddah,Pasta 500g,GRW-PAS-02,Pasta,1,5.75,5.75,3.1,cash
2026-10-06,TX-B3_growing_supermarket-d45-000630,Jeddah - Corniche,Jeddah,Pasta 500g,GRW-PAS-02,Pasta,1,5.75,5.75,3.1,cash
2026-10-06,TX-B3_growing_supermarket-d45-000631,Jeddah - Corniche,Jeddah,Pasta 500g,GRW-PAS-02,Pasta,1,5.75,5.75,3.1,cash
2026-10-06,TX-B3_growing_supermarket-d45-000632,Jeddah - Corniche,Jeddah,Pasta 500g,GRW-PAS-02,Pasta,1,5.75,5.75,3.1,mada
2026-10-06,TX-B3_growing_supermarket-d45-000633,Jeddah - Corniche,Jeddah,Pasta 500g,GRW-PAS-02,Pasta,1,5.75,5.75,3.1,mada
2026-10-06,TX-B3_growing_supermarket-d45-000634,Jeddah - Corniche,Jeddah,Pasta 500g,GRW-PAS-02,Pasta,1,5.75,5.75,3.1,mada
2026-10-06,TX-B3_growing_supermarket-d45-000635,Jeddah - Corniche,Jeddah,Pasta 500g,GRW-PAS-02,Pasta,1,5.75,5.75,3.1,cash
2026-10-06,TX-B3_growing_supermarket-d45-000636,Jeddah - Corniche,Jeddah,Pasta 500g,GRW-PAS-02,Pasta,1,5.75,5.75,3.1,mada
2026-10-06,TX-B3_growing_supermarket-d45-000637,Jeddah - Corniche,Jeddah,Pasta 500g,GRW-PAS-02,Pasta,1,5.75,5.75,3.1,card
2026-10-06,TX-B3_growing_supermarket-d45-000638,Jeddah - Corniche,Jeddah,Pasta 500g,GRW-PAS-02,Pasta,1,5.75,5.75,3.1,mada
2026-10-06,TX-B3_growing_supermarket-d45-000639,Jeddah - Corniche,Jeddah,Pasta 500g,GRW-PAS-02,Pasta,1,5.75,5.75,3.1,mada
2026-10-06,TX-B3_growing_supermarket-d45-000640,Jeddah - Corniche,Jeddah,Pasta 500g,GRW-PAS-02,Pasta,1,5.75,5.75,3.1,mada
2026-10-06,TX-B3_growing_supermarket-d45-000641,Jeddah - Corniche,Jeddah,Pasta 500g,GRW-PAS-02,Pasta,1,5.75,5.75,3.1,cash
2026-10-06,TX-B3_growing_supermarket-d45-000642,Jeddah - Corniche,Jeddah,Pasta 500g,GRW-PAS-02,Pasta,1,5.75,5.75,3.1,cash
2026-10-06,TX-B3_growing_supermarket-d45-000643,Jeddah - Corniche,Jeddah,Pasta 500g,GRW-PAS-02,Pasta,1,5.75,5.75,3.1,cash
2026-10-06,TX-B3_growing_supermarket-d45-000644,Jeddah - Corniche,Jeddah,Pasta 500g,GRW-PAS-02,Pasta,1,5.75,5.75,3.1,cash
2026-10-06,TX-B3_growing_supermarket-d45-000645,Jeddah - Corniche,Jeddah,Pasta 500g,GRW-PAS-02,Pasta,1,5.75,5.75,3.1,card
2026-10-07,TX-B3_growing_supermarket-d45-000646,Jeddah - Corniche,Jeddah,Pasta 500g,GRW-PAS-02,Pasta,1,5.75,5.75,3.1,mada
2026-10-07,TX-B3_growing_supermarket-d45-000647,Jeddah - Corniche,Jeddah,Pasta 500g,GRW-PAS-02,Pasta,1,5.75,5.75,3.1,card
2026-10-07,TX-B3_growing_supermarket-d45-000648,Jeddah - Corniche,Jeddah,Pasta 500g,GRW-PAS-02,Pasta,1,5.75,5.75,3.1,mada
2026-10-07,TX-B3_growing_supermarket-d45-000649,Jeddah - Corniche,Jeddah,Pasta 500g,GRW-PAS-02,Pasta,1,5.75,5.75,3.1,mada
2026-10-07,TX-B3_growing_supermarket-d45-000650,Jeddah - Corniche,Jeddah,Pasta 500g,GRW-PAS-02,Pasta,1,5.75,5.75,3.1,card
2026-10-07,TX-B3_growing_supermarket-d45-000651,Jeddah - Corniche,Jeddah,Pasta 500g,GRW-PAS-02,Pasta,1,5.75,5.75,3.1,mada
2026-10-07,TX-B3_growing_supermarket-d45-000652,Jeddah - Corniche,Jeddah,Pasta 500g,GRW-PAS-02,Pasta,1,5.75,5.75,3.1,cash
2026-10-07,TX-B3_growing_supermarket-d45-000653,Jeddah - Corniche,Jeddah,Pasta 500g,GRW-PAS-02,Pasta,1,5.75,5.75,3.1,mada
2026-10-07,TX-B3_growing_supermarket-d45-000654,Jeddah - Corniche,Jeddah,Pasta 500g,GRW-PAS-02,Pasta,1,5.75,5.75,3.1,cash
2026-10-07,TX-B3_growing_supermarket-d45-000655,Jeddah - Corniche,Jeddah,Pasta 500g,GRW-PAS-02,Pasta,1,5.75,5.75,3.1,card
2026-10-07,TX-B3_growing_supermarket-d45-000656,Jeddah - Corniche,Jeddah,Pasta 500g,GRW-PAS-02,Pasta,1,5.75,5.75,3.1,mada
2026-10-07,TX-B3_growing_supermarket-d45-000657,Jeddah - Corniche,Jeddah,Pasta 500g,GRW-PAS-02,Pasta,1,5.75,5.75,3.1,mada
2026-10-07,TX-B3_growing_supermarket-d45-000658,Jeddah - Corniche,Jeddah,Pasta 500g,GRW-PAS-02,Pasta,1,5.75,5.75,3.1,card
2026-10-07,TX-B3_growing_supermarket-d45-000659,Jeddah - Corniche,Jeddah,Pasta 500g,GRW-PAS-02,Pasta,1,5.75,5.75,3.1,cash
2026-10-07,TX-B3_growing_supermarket-d45-000660,Jeddah - Corniche,Jeddah,Pasta 500g,GRW-PAS-02,Pasta,1,5.75,5.75,3.1,mada
2026-10-07,TX-B3_growing_supermarket-d45-000661,Jeddah - Corniche,Jeddah,Pasta 500g,GRW-PAS-02,Pasta,1,5.75,5.75,3.1,cash
2026-10-07,TX-B3_growing_supermarket-d45-000662,Jeddah - Corniche,Jeddah,Pasta 500g,GRW-PAS-02,Pasta,1,5.75,5.75,3.1,card
2026-10-07,TX-B3_growing_supermarket-d45-000663,Jeddah - Corniche,Jeddah,Pasta 500g,GRW-PAS-02,Pasta,1,5.75,5.75,3.1,cash
2026-10-07,TX-B3_growing_supermarket-d45-000664,Jeddah - Corniche,Jeddah,Pasta 500g,GRW-PAS-02,Pasta,1,5.75,5.75,3.1,card
2026-10-07,TX-B3_growing_supermarket-d45-000665,Jeddah - Corniche,Jeddah,Pasta 500g,GRW-PAS-02,Pasta,1,5.75,5.75,3.1,card
2026-10-07,TX-B3_growing_supermarket-d45-000666,Jeddah - Corniche,Jeddah,Pasta 500g,GRW-PAS-02,Pasta,1,5.75,5.75,3.1,card
2026-10-07,TX-B3_growing_supermarket-d45-000667,Jeddah - Corniche,Jeddah,Pasta 500g,GRW-PAS-02,Pasta,1,5.75,5.75,3.1,cash
2026-10-07,TX-B3_growing_supermarket-d45-000668,Jeddah - Corniche,Jeddah,Pasta 500g,GRW-PAS-02,Pasta,1,5.75,5.75,3.1,mada
2026-10-07,TX-B3_growing_supermarket-d45-000669,Jeddah - Corniche,Jeddah,Pasta 500g,GRW-PAS-02,Pasta,1,5.75,5.75,3.1,mada
2026-10-07,TX-B3_growing_supermarket-d45-000670,Jeddah - Corniche,Jeddah,Pasta 500g,GRW-PAS-02,Pasta,1,5.75,5.75,3.1,cash
2026-10-07,TX-B3_growing_supermarket-d45-000671,Jeddah - Corniche,Jeddah,Pasta 500g,GRW-PAS-02,Pasta,1,5.75,5.75,3.1,mada
2026-10-07,TX-B3_growing_supermarket-d45-000672,Jeddah - Corniche,Jeddah,Pasta 500g,GRW-PAS-02,Pasta,1,5.75,5.75,3.1,card
2026-10-07,TX-B3_growing_supermarket-d45-000673,Jeddah - Corniche,Jeddah,Pasta 500g,GRW-PAS-02,Pasta,1,5.75,5.75,3.1,mada
2026-10-07,TX-B3_growing_supermarket-d45-000674,Jeddah - Corniche,Jeddah,Pasta 500g,GRW-PAS-02,Pasta,1,5.75,5.75,3.1,card
2026-10-07,TX-B3_growing_supermarket-d45-000675,Jeddah - Corniche,Jeddah,Pasta 500g,GRW-PAS-02,Pasta,1,5.75,5.75,3.1,card
2026-10-07,TX-B3_growing_supermarket-d45-000676,Jeddah - Corniche,Jeddah,Pasta 500g,GRW-PAS-02,Pasta,1,5.75,5.75,3.1,mada
2026-10-07,TX-B3_growing_supermarket-d45-000677,Jeddah - Corniche,Jeddah,Pasta 500g,GRW-PAS-02,Pasta,1,5.75,5.75,3.1,mada
2026-10-08,TX-B3_growing_supermarket-d45-000678,Jeddah - Corniche,Jeddah,Pasta 500g,GRW-PAS-02,Pasta,1,5.75,5.75,3.1,cash
2026-10-08,TX-B3_growing_supermarket-d45-000679,Jeddah - Corniche,Jeddah,Pasta 500g,GRW-PAS-02,Pasta,1,5.75,5.75,3.1,mada
2026-10-08,TX-B3_growing_supermarket-d45-000680,Jeddah - Corniche,Jeddah,Pasta 500g,GRW-PAS-02,Pasta,1,5.75,5.75,3.1,cash
2026-10-08,TX-B3_growing_supermarket-d45-000681,Jeddah - Corniche,Jeddah,Pasta 500g,GRW-PAS-02,Pasta,1,5.75,5.75,3.1,mada
2026-10-08,TX-B3_growing_supermarket-d45-000682,Jeddah - Corniche,Jeddah,Pasta 500g,GRW-PAS-02,Pasta,1,5.75,5.75,3.1,mada
2026-10-08,TX-B3_growing_supermarket-d45-000683,Jeddah - Corniche,Jeddah,Pasta 500g,GRW-PAS-02,Pasta,1,5.75,5.75,3.1,card
2026-10-08,TX-B3_growing_supermarket-d45-000684,Jeddah - Corniche,Jeddah,Pasta 500g,GRW-PAS-02,Pasta,1,5.75,5.75,3.1,card
2026-10-08,TX-B3_growing_supermarket-d45-000685,Jeddah - Corniche,Jeddah,Pasta 500g,GRW-PAS-02,Pasta,1,5.75,5.75,3.1,cash
2026-10-08,TX-B3_growing_supermarket-d45-000686,Jeddah - Corniche,Jeddah,Pasta 500g,GRW-PAS-02,Pasta,1,5.75,5.75,3.1,mada
2026-10-08,TX-B3_growing_supermarket-d45-000687,Jeddah - Corniche,Jeddah,Pasta 500g,GRW-PAS-02,Pasta,1,5.75,5.75,3.1,mada
2026-10-08,TX-B3_growing_supermarket-d45-000688,Jeddah - Corniche,Jeddah,Pasta 500g,GRW-PAS-02,Pasta,1,5.75,5.75,3.1,cash
2026-10-08,TX-B3_growing_supermarket-d45-000689,Jeddah - Corniche,Jeddah,Pasta 500g,GRW-PAS-02,Pasta,1,5.75,5.75,3.1,card
2026-10-08,TX-B3_growing_supermarket-d45-000690,Jeddah - Corniche,Jeddah,Pasta 500g,GRW-PAS-02,Pasta,1,5.75,5.75,3.1,mada
2026-10-08,TX-B3_growing_supermarket-d45-000691,Jeddah - Corniche,Jeddah,Pasta 500g,GRW-PAS-02,Pasta,1,5.75,5.75,3.1,card
2026-10-08,TX-B3_growing_supermarket-d45-000692,Jeddah - Corniche,Jeddah,Pasta 500g,GRW-PAS-02,Pasta,1,5.75,5.75,3.1,mada
2026-10-08,TX-B3_growing_supermarket-d45-000693,Jeddah - Corniche,Jeddah,Pasta 500g,GRW-PAS-02,Pasta,1,5.75,5.75,3.1,card
2026-10-08,TX-B3_growing_supermarket-d45-000694,Jeddah - Corniche,Jeddah,Pasta 500g,GRW-PAS-02,Pasta,1,5.75,5.75,3.1,mada
2026-10-08,TX-B3_growing_supermarket-d45-000695,Jeddah - Corniche,Jeddah,Pasta 500g,GRW-PAS-02,Pasta,1,5.75,5.75,3.1,cash
2026-10-08,TX-B3_growing_supermarket-d45-000696,Jeddah - Corniche,Jeddah,Pasta 500g,GRW-PAS-02,Pasta,1,5.75,5.75,3.1,cash
2026-10-08,TX-B3_growing_supermarket-d45-000697,Jeddah - Corniche,Jeddah,Pasta 500g,GRW-PAS-02,Pasta,1,5.75,5.75,3.1,cash
2026-10-08,TX-B3_growing_supermarket-d45-000698,Jeddah - Corniche,Jeddah,Pasta 500g,GRW-PAS-02,Pasta,1,5.75,5.75,3.1,mada
2026-10-08,TX-B3_growing_supermarket-d45-000699,Jeddah - Corniche,Jeddah,Pasta 500g,GRW-PAS-02,Pasta,1,5.75,5.75,3.1,card
2026-10-08,TX-B3_growing_supermarket-d45-000700,Jeddah - Corniche,Jeddah,Pasta 500g,GRW-PAS-02,Pasta,1,5.75,5.75,3.1,cash
2026-10-08,TX-B3_growing_supermarket-d45-000701,Jeddah - Corniche,Jeddah,Pasta 500g,GRW-PAS-02,Pasta,1,5.75,5.75,3.1,cash
2026-10-08,TX-B3_growing_supermarket-d45-000702,Jeddah - Corniche,Jeddah,Pasta 500g,GRW-PAS-02,Pasta,1,5.75,5.75,3.1,card
2026-10-08,TX-B3_growing_supermarket-d45-000703,Jeddah - Corniche,Jeddah,Pasta 500g,GRW-PAS-02,Pasta,1,5.75,5.75,3.1,cash
2026-10-08,TX-B3_growing_supermarket-d45-000704,Jeddah - Corniche,Jeddah,Pasta 500g,GRW-PAS-02,Pasta,1,5.75,5.75,3.1,mada
2026-10-08,TX-B3_growing_supermarket-d45-000705,Jeddah - Corniche,Jeddah,Pasta 500g,GRW-PAS-02,Pasta,1,5.75,5.75,3.1,cash
2026-10-08,TX-B3_growing_supermarket-d45-000706,Jeddah - Corniche,Jeddah,Pasta 500g,GRW-PAS-02,Pasta,1,5.75,5.75,3.1,mada
2026-10-08,TX-B3_growing_supermarket-d45-000707,Jeddah - Corniche,Jeddah,Pasta 500g,GRW-PAS-02,Pasta,1,5.75,5.75,3.1,mada
2026-10-08,TX-B3_growing_supermarket-d45-000708,Jeddah - Corniche,Jeddah,Pasta 500g,GRW-PAS-02,Pasta,1,5.75,5.75,3.1,mada
2026-10-09,TX-B3_growing_supermarket-d45-000709,Jeddah - Corniche,Jeddah,Pasta 500g,GRW-PAS-02,Pasta,1,5.75,5.75,3.1,mada
2026-10-09,TX-B3_growing_supermarket-d45-000710,Jeddah - Corniche,Jeddah,Pasta 500g,GRW-PAS-02,Pasta,1,5.75,5.75,3.1,card
2026-10-09,TX-B3_growing_supermarket-d45-000711,Jeddah - Corniche,Jeddah,Pasta 500g,GRW-PAS-02,Pasta,1,5.75,5.75,3.1,card
2026-10-09,TX-B3_growing_supermarket-d45-000712,Jeddah - Corniche,Jeddah,Pasta 500g,GRW-PAS-02,Pasta,1,5.75,5.75,3.1,cash
2026-10-09,TX-B3_growing_supermarket-d45-000713,Jeddah - Corniche,Jeddah,Pasta 500g,GRW-PAS-02,Pasta,1,5.75,5.75,3.1,card
2026-10-09,TX-B3_growing_supermarket-d45-000714,Jeddah - Corniche,Jeddah,Pasta 500g,GRW-PAS-02,Pasta,1,5.75,5.75,3.1,card
2026-10-09,TX-B3_growing_supermarket-d45-000715,Jeddah - Corniche,Jeddah,Pasta 500g,GRW-PAS-02,Pasta,1,5.75,5.75,3.1,mada
2026-10-09,TX-B3_growing_supermarket-d45-000716,Jeddah - Corniche,Jeddah,Pasta 500g,GRW-PAS-02,Pasta,1,5.75,5.75,3.1,mada
2026-10-09,TX-B3_growing_supermarket-d45-000717,Jeddah - Corniche,Jeddah,Pasta 500g,GRW-PAS-02,Pasta,1,5.75,5.75,3.1,card
2026-10-09,TX-B3_growing_supermarket-d45-000718,Jeddah - Corniche,Jeddah,Pasta 500g,GRW-PAS-02,Pasta,1,5.75,5.75,3.1,card
2026-10-09,TX-B3_growing_supermarket-d45-000719,Jeddah - Corniche,Jeddah,Pasta 500g,GRW-PAS-02,Pasta,1,5.75,5.75,3.1,card
2026-10-09,TX-B3_growing_supermarket-d45-000720,Jeddah - Corniche,Jeddah,Pasta 500g,GRW-PAS-02,Pasta,1,5.75,5.75,3.1,card
2026-10-09,TX-B3_growing_supermarket-d45-000721,Jeddah - Corniche,Jeddah,Pasta 500g,GRW-PAS-02,Pasta,1,5.75,5.75,3.1,mada
2026-10-09,TX-B3_growing_supermarket-d45-000722,Jeddah - Corniche,Jeddah,Pasta 500g,GRW-PAS-02,Pasta,1,5.75,5.75,3.1,cash
2026-10-09,TX-B3_growing_supermarket-d45-000723,Jeddah - Corniche,Jeddah,Pasta 500g,GRW-PAS-02,Pasta,1,5.75,5.75,3.1,cash
2026-10-09,TX-B3_growing_supermarket-d45-000724,Jeddah - Corniche,Jeddah,Pasta 500g,GRW-PAS-02,Pasta,1,5.75,5.75,3.1,card
2026-10-09,TX-B3_growing_supermarket-d45-000725,Jeddah - Corniche,Jeddah,Pasta 500g,GRW-PAS-02,Pasta,1,5.75,5.75,3.1,card
2026-10-09,TX-B3_growing_supermarket-d45-000726,Jeddah - Corniche,Jeddah,Pasta 500g,GRW-PAS-02,Pasta,1,5.75,5.75,3.1,mada
2026-10-09,TX-B3_growing_supermarket-d45-000727,Jeddah - Corniche,Jeddah,Pasta 500g,GRW-PAS-02,Pasta,1,5.75,5.75,3.1,mada
2026-10-09,TX-B3_growing_supermarket-d45-000728,Jeddah - Corniche,Jeddah,Pasta 500g,GRW-PAS-02,Pasta,1,5.75,5.75,3.1,mada
2026-10-09,TX-B3_growing_supermarket-d45-000729,Jeddah - Corniche,Jeddah,Pasta 500g,GRW-PAS-02,Pasta,1,5.75,5.75,3.1,card
2026-10-09,TX-B3_growing_supermarket-d45-000730,Jeddah - Corniche,Jeddah,Pasta 500g,GRW-PAS-02,Pasta,1,5.75,5.75,3.1,mada
2026-10-09,TX-B3_growing_supermarket-d45-000731,Jeddah - Corniche,Jeddah,Pasta 500g,GRW-PAS-02,Pasta,1,5.75,5.75,3.1,card
2026-10-09,TX-B3_growing_supermarket-d45-000732,Jeddah - Corniche,Jeddah,Pasta 500g,GRW-PAS-02,Pasta,1,5.75,5.75,3.1,card
2026-10-09,TX-B3_growing_supermarket-d45-000733,Jeddah - Corniche,Jeddah,Pasta 500g,GRW-PAS-02,Pasta,1,5.75,5.75,3.1,mada
2026-10-09,TX-B3_growing_supermarket-d45-000734,Jeddah - Corniche,Jeddah,Pasta 500g,GRW-PAS-02,Pasta,1,5.75,5.75,3.1,card
2026-10-09,TX-B3_growing_supermarket-d45-000735,Jeddah - Corniche,Jeddah,Pasta 500g,GRW-PAS-02,Pasta,1,5.75,5.75,3.1,cash
2026-10-09,TX-B3_growing_supermarket-d45-000736,Jeddah - Corniche,Jeddah,Pasta 500g,GRW-PAS-02,Pasta,1,5.75,5.75,3.1,card
2026-10-09,TX-B3_growing_supermarket-d45-000737,Jeddah - Corniche,Jeddah,Pasta 500g,GRW-PAS-02,Pasta,1,5.75,5.75,3.1,card
2026-10-09,TX-B3_growing_supermarket-d45-000738,Jeddah - Corniche,Jeddah,Pasta 500g,GRW-PAS-02,Pasta,1,5.75,5.75,3.1,card
2026-10-09,TX-B3_growing_supermarket-d45-000739,Jeddah - Corniche,Jeddah,Pasta 500g,GRW-PAS-02,Pasta,1,5.75,5.75,3.1,card
2026-10-09,TX-B3_growing_supermarket-d45-000740,Jeddah - Corniche,Jeddah,Pasta 500g,GRW-PAS-02,Pasta,1,5.75,5.75,3.1,card
2026-10-09,TX-B3_growing_supermarket-d45-000741,Jeddah - Corniche,Jeddah,Pasta 500g,GRW-PAS-02,Pasta,1,5.75,5.75,3.1,cash
2026-10-10,TX-B3_growing_supermarket-d45-000742,Jeddah - Corniche,Jeddah,Pasta 500g,GRW-PAS-02,Pasta,1,5.75,5.75,3.1,mada
2026-10-10,TX-B3_growing_supermarket-d45-000743,Jeddah - Corniche,Jeddah,Pasta 500g,GRW-PAS-02,Pasta,1,5.75,5.75,3.1,card
2026-10-10,TX-B3_growing_supermarket-d45-000744,Jeddah - Corniche,Jeddah,Pasta 500g,GRW-PAS-02,Pasta,1,5.75,5.75,3.1,cash
2026-10-10,TX-B3_growing_supermarket-d45-000745,Jeddah - Corniche,Jeddah,Pasta 500g,GRW-PAS-02,Pasta,1,5.75,5.75,3.1,card
2026-10-10,TX-B3_growing_supermarket-d45-000746,Jeddah - Corniche,Jeddah,Pasta 500g,GRW-PAS-02,Pasta,1,5.75,5.75,3.1,cash
2026-10-10,TX-B3_growing_supermarket-d45-000747,Jeddah - Corniche,Jeddah,Pasta 500g,GRW-PAS-02,Pasta,1,5.75,5.75,3.1,card
2026-10-10,TX-B3_growing_supermarket-d45-000748,Jeddah - Corniche,Jeddah,Pasta 500g,GRW-PAS-02,Pasta,1,5.75,5.75,3.1,cash
2026-10-10,TX-B3_growing_supermarket-d45-000749,Jeddah - Corniche,Jeddah,Pasta 500g,GRW-PAS-02,Pasta,1,5.75,5.75,3.1,mada
2026-10-10,TX-B3_growing_supermarket-d45-000750,Jeddah - Corniche,Jeddah,Pasta 500g,GRW-PAS-02,Pasta,1,5.75,5.75,3.1,mada
2026-10-10,TX-B3_growing_supermarket-d45-000751,Jeddah - Corniche,Jeddah,Pasta 500g,GRW-PAS-02,Pasta,1,5.75,5.75,3.1,mada
2026-10-10,TX-B3_growing_supermarket-d45-000752,Jeddah - Corniche,Jeddah,Pasta 500g,GRW-PAS-02,Pasta,1,5.75,5.75,3.1,card
2026-10-10,TX-B3_growing_supermarket-d45-000753,Jeddah - Corniche,Jeddah,Pasta 500g,GRW-PAS-02,Pasta,1,5.75,5.75,3.1,mada
2026-10-10,TX-B3_growing_supermarket-d45-000754,Jeddah - Corniche,Jeddah,Pasta 500g,GRW-PAS-02,Pasta,1,5.75,5.75,3.1,mada
2026-10-10,TX-B3_growing_supermarket-d45-000755,Jeddah - Corniche,Jeddah,Pasta 500g,GRW-PAS-02,Pasta,1,5.75,5.75,3.1,card
2026-10-10,TX-B3_growing_supermarket-d45-000756,Jeddah - Corniche,Jeddah,Pasta 500g,GRW-PAS-02,Pasta,1,5.75,5.75,3.1,cash
2026-10-10,TX-B3_growing_supermarket-d45-000757,Jeddah - Corniche,Jeddah,Pasta 500g,GRW-PAS-02,Pasta,1,5.75,5.75,3.1,card
2026-10-10,TX-B3_growing_supermarket-d45-000758,Jeddah - Corniche,Jeddah,Pasta 500g,GRW-PAS-02,Pasta,1,5.75,5.75,3.1,card
2026-10-10,TX-B3_growing_supermarket-d45-000759,Jeddah - Corniche,Jeddah,Pasta 500g,GRW-PAS-02,Pasta,1,5.75,5.75,3.1,mada
2026-10-10,TX-B3_growing_supermarket-d45-000760,Jeddah - Corniche,Jeddah,Pasta 500g,GRW-PAS-02,Pasta,1,5.75,5.75,3.1,cash
2026-10-10,TX-B3_growing_supermarket-d45-000761,Jeddah - Corniche,Jeddah,Pasta 500g,GRW-PAS-02,Pasta,1,5.75,5.75,3.1,mada
2026-10-10,TX-B3_growing_supermarket-d45-000762,Jeddah - Corniche,Jeddah,Pasta 500g,GRW-PAS-02,Pasta,1,5.75,5.75,3.1,cash
2026-10-10,TX-B3_growing_supermarket-d45-000763,Jeddah - Corniche,Jeddah,Pasta 500g,GRW-PAS-02,Pasta,1,5.75,5.75,3.1,cash
2026-10-10,TX-B3_growing_supermarket-d45-000764,Jeddah - Corniche,Jeddah,Pasta 500g,GRW-PAS-02,Pasta,1,5.75,5.75,3.1,mada
2026-10-10,TX-B3_growing_supermarket-d45-000765,Jeddah - Corniche,Jeddah,Pasta 500g,GRW-PAS-02,Pasta,1,5.75,5.75,3.1,mada
2026-09-26,TX-B3_growing_supermarket-d45-000766,Jeddah - Corniche,Jeddah,Sunflower Oil 1.5L,GRW-OIL-03,Oils,1,17.5,17.5,11.0,card
2026-09-26,TX-B3_growing_supermarket-d45-000767,Jeddah - Corniche,Jeddah,Sunflower Oil 1.5L,GRW-OIL-03,Oils,1,17.5,17.5,11.0,cash
2026-09-26,TX-B3_growing_supermarket-d45-000768,Jeddah - Corniche,Jeddah,Sunflower Oil 1.5L,GRW-OIL-03,Oils,1,17.5,17.5,11.0,mada
2026-09-26,TX-B3_growing_supermarket-d45-000769,Jeddah - Corniche,Jeddah,Sunflower Oil 1.5L,GRW-OIL-03,Oils,1,17.5,17.5,11.0,mada
2026-09-26,TX-B3_growing_supermarket-d45-000770,Jeddah - Corniche,Jeddah,Sunflower Oil 1.5L,GRW-OIL-03,Oils,1,17.5,17.5,11.0,card
2026-09-26,TX-B3_growing_supermarket-d45-000771,Jeddah - Corniche,Jeddah,Sunflower Oil 1.5L,GRW-OIL-03,Oils,1,17.5,17.5,11.0,cash
2026-09-26,TX-B3_growing_supermarket-d45-000772,Jeddah - Corniche,Jeddah,Sunflower Oil 1.5L,GRW-OIL-03,Oils,1,17.5,17.5,11.0,card
2026-09-26,TX-B3_growing_supermarket-d45-000773,Jeddah - Corniche,Jeddah,Sunflower Oil 1.5L,GRW-OIL-03,Oils,1,17.5,17.5,11.0,card
2026-09-26,TX-B3_growing_supermarket-d45-000774,Jeddah - Corniche,Jeddah,Sunflower Oil 1.5L,GRW-OIL-03,Oils,1,17.5,17.5,11.0,mada
2026-09-26,TX-B3_growing_supermarket-d45-000775,Jeddah - Corniche,Jeddah,Sunflower Oil 1.5L,GRW-OIL-03,Oils,1,17.5,17.5,11.0,cash
2026-09-26,TX-B3_growing_supermarket-d45-000776,Jeddah - Corniche,Jeddah,Sunflower Oil 1.5L,GRW-OIL-03,Oils,1,17.5,17.5,11.0,cash
2026-09-26,TX-B3_growing_supermarket-d45-000777,Jeddah - Corniche,Jeddah,Sunflower Oil 1.5L,GRW-OIL-03,Oils,1,17.5,17.5,11.0,cash
2026-09-26,TX-B3_growing_supermarket-d45-000778,Jeddah - Corniche,Jeddah,Sunflower Oil 1.5L,GRW-OIL-03,Oils,1,17.5,17.5,11.0,card
2026-09-26,TX-B3_growing_supermarket-d45-000779,Jeddah - Corniche,Jeddah,Sunflower Oil 1.5L,GRW-OIL-03,Oils,1,17.5,17.5,11.0,mada
2026-09-26,TX-B3_growing_supermarket-d45-000780,Jeddah - Corniche,Jeddah,Sunflower Oil 1.5L,GRW-OIL-03,Oils,1,17.5,17.5,11.0,card
2026-09-26,TX-B3_growing_supermarket-d45-000781,Jeddah - Corniche,Jeddah,Sunflower Oil 1.5L,GRW-OIL-03,Oils,1,17.5,17.5,11.0,card
2026-09-26,TX-B3_growing_supermarket-d45-000782,Jeddah - Corniche,Jeddah,Sunflower Oil 1.5L,GRW-OIL-03,Oils,1,17.5,17.5,11.0,cash
2026-09-26,TX-B3_growing_supermarket-d45-000783,Jeddah - Corniche,Jeddah,Sunflower Oil 1.5L,GRW-OIL-03,Oils,1,17.5,17.5,11.0,cash
2026-09-26,TX-B3_growing_supermarket-d45-000784,Jeddah - Corniche,Jeddah,Sunflower Oil 1.5L,GRW-OIL-03,Oils,1,17.5,17.5,11.0,mada
2026-09-27,TX-B3_growing_supermarket-d45-000785,Jeddah - Corniche,Jeddah,Sunflower Oil 1.5L,GRW-OIL-03,Oils,1,17.5,17.5,11.0,mada
2026-09-27,TX-B3_growing_supermarket-d45-000786,Jeddah - Corniche,Jeddah,Sunflower Oil 1.5L,GRW-OIL-03,Oils,1,17.5,17.5,11.0,cash
2026-09-27,TX-B3_growing_supermarket-d45-000787,Jeddah - Corniche,Jeddah,Sunflower Oil 1.5L,GRW-OIL-03,Oils,1,17.5,17.5,11.0,mada
2026-09-27,TX-B3_growing_supermarket-d45-000788,Jeddah - Corniche,Jeddah,Sunflower Oil 1.5L,GRW-OIL-03,Oils,1,17.5,17.5,11.0,cash
2026-09-27,TX-B3_growing_supermarket-d45-000789,Jeddah - Corniche,Jeddah,Sunflower Oil 1.5L,GRW-OIL-03,Oils,1,17.5,17.5,11.0,cash
2026-09-27,TX-B3_growing_supermarket-d45-000790,Jeddah - Corniche,Jeddah,Sunflower Oil 1.5L,GRW-OIL-03,Oils,1,17.5,17.5,11.0,card
2026-09-27,TX-B3_growing_supermarket-d45-000791,Jeddah - Corniche,Jeddah,Sunflower Oil 1.5L,GRW-OIL-03,Oils,1,17.5,17.5,11.0,cash
2026-09-27,TX-B3_growing_supermarket-d45-000792,Jeddah - Corniche,Jeddah,Sunflower Oil 1.5L,GRW-OIL-03,Oils,1,17.5,17.5,11.0,mada
2026-09-27,TX-B3_growing_supermarket-d45-000793,Jeddah - Corniche,Jeddah,Sunflower Oil 1.5L,GRW-OIL-03,Oils,1,17.5,17.5,11.0,card
2026-09-27,TX-B3_growing_supermarket-d45-000794,Jeddah - Corniche,Jeddah,Sunflower Oil 1.5L,GRW-OIL-03,Oils,1,17.5,17.5,11.0,mada
2026-09-27,TX-B3_growing_supermarket-d45-000795,Jeddah - Corniche,Jeddah,Sunflower Oil 1.5L,GRW-OIL-03,Oils,1,17.5,17.5,11.0,cash
2026-09-27,TX-B3_growing_supermarket-d45-000796,Jeddah - Corniche,Jeddah,Sunflower Oil 1.5L,GRW-OIL-03,Oils,1,17.5,17.5,11.0,mada
2026-09-27,TX-B3_growing_supermarket-d45-000797,Jeddah - Corniche,Jeddah,Sunflower Oil 1.5L,GRW-OIL-03,Oils,1,17.5,17.5,11.0,mada
2026-09-27,TX-B3_growing_supermarket-d45-000798,Jeddah - Corniche,Jeddah,Sunflower Oil 1.5L,GRW-OIL-03,Oils,1,17.5,17.5,11.0,cash
2026-09-28,TX-B3_growing_supermarket-d45-000799,Jeddah - Corniche,Jeddah,Sunflower Oil 1.5L,GRW-OIL-03,Oils,1,17.5,17.5,11.0,cash
2026-09-28,TX-B3_growing_supermarket-d45-000800,Jeddah - Corniche,Jeddah,Sunflower Oil 1.5L,GRW-OIL-03,Oils,1,17.5,17.5,11.0,card
2026-09-28,TX-B3_growing_supermarket-d45-000801,Jeddah - Corniche,Jeddah,Sunflower Oil 1.5L,GRW-OIL-03,Oils,1,17.5,17.5,11.0,mada
2026-09-28,TX-B3_growing_supermarket-d45-000802,Jeddah - Corniche,Jeddah,Sunflower Oil 1.5L,GRW-OIL-03,Oils,1,17.5,17.5,11.0,card
2026-09-28,TX-B3_growing_supermarket-d45-000803,Jeddah - Corniche,Jeddah,Sunflower Oil 1.5L,GRW-OIL-03,Oils,1,17.5,17.5,11.0,card
2026-09-28,TX-B3_growing_supermarket-d45-000804,Jeddah - Corniche,Jeddah,Sunflower Oil 1.5L,GRW-OIL-03,Oils,1,17.5,17.5,11.0,cash
2026-09-28,TX-B3_growing_supermarket-d45-000805,Jeddah - Corniche,Jeddah,Sunflower Oil 1.5L,GRW-OIL-03,Oils,1,17.5,17.5,11.0,mada
2026-09-28,TX-B3_growing_supermarket-d45-000806,Jeddah - Corniche,Jeddah,Sunflower Oil 1.5L,GRW-OIL-03,Oils,1,17.5,17.5,11.0,mada
2026-09-28,TX-B3_growing_supermarket-d45-000807,Jeddah - Corniche,Jeddah,Sunflower Oil 1.5L,GRW-OIL-03,Oils,1,17.5,17.5,11.0,mada
2026-09-28,TX-B3_growing_supermarket-d45-000808,Jeddah - Corniche,Jeddah,Sunflower Oil 1.5L,GRW-OIL-03,Oils,1,17.5,17.5,11.0,mada
2026-09-28,TX-B3_growing_supermarket-d45-000809,Jeddah - Corniche,Jeddah,Sunflower Oil 1.5L,GRW-OIL-03,Oils,1,17.5,17.5,11.0,cash
2026-09-28,TX-B3_growing_supermarket-d45-000810,Jeddah - Corniche,Jeddah,Sunflower Oil 1.5L,GRW-OIL-03,Oils,1,17.5,17.5,11.0,cash
2026-09-28,TX-B3_growing_supermarket-d45-000811,Jeddah - Corniche,Jeddah,Sunflower Oil 1.5L,GRW-OIL-03,Oils,1,17.5,17.5,11.0,mada
2026-09-28,TX-B3_growing_supermarket-d45-000812,Jeddah - Corniche,Jeddah,Sunflower Oil 1.5L,GRW-OIL-03,Oils,1,17.5,17.5,11.0,mada
2026-09-28,TX-B3_growing_supermarket-d45-000813,Jeddah - Corniche,Jeddah,Sunflower Oil 1.5L,GRW-OIL-03,Oils,1,17.5,17.5,11.0,card
2026-09-28,TX-B3_growing_supermarket-d45-000814,Jeddah - Corniche,Jeddah,Sunflower Oil 1.5L,GRW-OIL-03,Oils,1,17.5,17.5,11.0,card
2026-09-28,TX-B3_growing_supermarket-d45-000815,Jeddah - Corniche,Jeddah,Sunflower Oil 1.5L,GRW-OIL-03,Oils,1,17.5,17.5,11.0,cash
2026-09-28,TX-B3_growing_supermarket-d45-000816,Jeddah - Corniche,Jeddah,Sunflower Oil 1.5L,GRW-OIL-03,Oils,1,17.5,17.5,11.0,mada
2026-09-28,TX-B3_growing_supermarket-d45-000817,Jeddah - Corniche,Jeddah,Sunflower Oil 1.5L,GRW-OIL-03,Oils,1,17.5,17.5,11.0,mada
2026-09-28,TX-B3_growing_supermarket-d45-000818,Jeddah - Corniche,Jeddah,Sunflower Oil 1.5L,GRW-OIL-03,Oils,1,17.5,17.5,11.0,cash
2026-09-29,TX-B3_growing_supermarket-d45-000819,Jeddah - Corniche,Jeddah,Sunflower Oil 1.5L,GRW-OIL-03,Oils,1,17.5,17.5,11.0,mada
2026-09-29,TX-B3_growing_supermarket-d45-000820,Jeddah - Corniche,Jeddah,Sunflower Oil 1.5L,GRW-OIL-03,Oils,1,17.5,17.5,11.0,cash
2026-09-29,TX-B3_growing_supermarket-d45-000821,Jeddah - Corniche,Jeddah,Sunflower Oil 1.5L,GRW-OIL-03,Oils,1,17.5,17.5,11.0,mada
2026-09-29,TX-B3_growing_supermarket-d45-000822,Jeddah - Corniche,Jeddah,Sunflower Oil 1.5L,GRW-OIL-03,Oils,1,17.5,17.5,11.0,mada
2026-09-29,TX-B3_growing_supermarket-d45-000823,Jeddah - Corniche,Jeddah,Sunflower Oil 1.5L,GRW-OIL-03,Oils,1,17.5,17.5,11.0,card
2026-09-29,TX-B3_growing_supermarket-d45-000824,Jeddah - Corniche,Jeddah,Sunflower Oil 1.5L,GRW-OIL-03,Oils,1,17.5,17.5,11.0,card
2026-09-29,TX-B3_growing_supermarket-d45-000825,Jeddah - Corniche,Jeddah,Sunflower Oil 1.5L,GRW-OIL-03,Oils,1,17.5,17.5,11.0,cash
2026-09-29,TX-B3_growing_supermarket-d45-000826,Jeddah - Corniche,Jeddah,Sunflower Oil 1.5L,GRW-OIL-03,Oils,1,17.5,17.5,11.0,card
2026-09-29,TX-B3_growing_supermarket-d45-000827,Jeddah - Corniche,Jeddah,Sunflower Oil 1.5L,GRW-OIL-03,Oils,1,17.5,17.5,11.0,card
2026-09-29,TX-B3_growing_supermarket-d45-000828,Jeddah - Corniche,Jeddah,Sunflower Oil 1.5L,GRW-OIL-03,Oils,1,17.5,17.5,11.0,mada
2026-09-29,TX-B3_growing_supermarket-d45-000829,Jeddah - Corniche,Jeddah,Sunflower Oil 1.5L,GRW-OIL-03,Oils,1,17.5,17.5,11.0,mada
2026-09-29,TX-B3_growing_supermarket-d45-000830,Jeddah - Corniche,Jeddah,Sunflower Oil 1.5L,GRW-OIL-03,Oils,1,17.5,17.5,11.0,cash
2026-09-29,TX-B3_growing_supermarket-d45-000831,Jeddah - Corniche,Jeddah,Sunflower Oil 1.5L,GRW-OIL-03,Oils,1,17.5,17.5,11.0,cash
2026-09-29,TX-B3_growing_supermarket-d45-000832,Jeddah - Corniche,Jeddah,Sunflower Oil 1.5L,GRW-OIL-03,Oils,1,17.5,17.5,11.0,cash
2026-09-29,TX-B3_growing_supermarket-d45-000833,Jeddah - Corniche,Jeddah,Sunflower Oil 1.5L,GRW-OIL-03,Oils,1,17.5,17.5,11.0,card
2026-09-29,TX-B3_growing_supermarket-d45-000834,Jeddah - Corniche,Jeddah,Sunflower Oil 1.5L,GRW-OIL-03,Oils,1,17.5,17.5,11.0,mada
2026-09-29,TX-B3_growing_supermarket-d45-000835,Jeddah - Corniche,Jeddah,Sunflower Oil 1.5L,GRW-OIL-03,Oils,1,17.5,17.5,11.0,mada
2026-09-29,TX-B3_growing_supermarket-d45-000836,Jeddah - Corniche,Jeddah,Sunflower Oil 1.5L,GRW-OIL-03,Oils,1,17.5,17.5,11.0,cash
2026-09-30,TX-B3_growing_supermarket-d45-000837,Jeddah - Corniche,Jeddah,Sunflower Oil 1.5L,GRW-OIL-03,Oils,1,17.5,17.5,11.0,mada
2026-09-30,TX-B3_growing_supermarket-d45-000838,Jeddah - Corniche,Jeddah,Sunflower Oil 1.5L,GRW-OIL-03,Oils,1,17.5,17.5,11.0,cash
2026-09-30,TX-B3_growing_supermarket-d45-000839,Jeddah - Corniche,Jeddah,Sunflower Oil 1.5L,GRW-OIL-03,Oils,1,17.5,17.5,11.0,card
2026-09-30,TX-B3_growing_supermarket-d45-000840,Jeddah - Corniche,Jeddah,Sunflower Oil 1.5L,GRW-OIL-03,Oils,1,17.5,17.5,11.0,mada
2026-09-30,TX-B3_growing_supermarket-d45-000841,Jeddah - Corniche,Jeddah,Sunflower Oil 1.5L,GRW-OIL-03,Oils,1,17.5,17.5,11.0,mada
2026-09-30,TX-B3_growing_supermarket-d45-000842,Jeddah - Corniche,Jeddah,Sunflower Oil 1.5L,GRW-OIL-03,Oils,1,17.5,17.5,11.0,mada
2026-09-30,TX-B3_growing_supermarket-d45-000843,Jeddah - Corniche,Jeddah,Sunflower Oil 1.5L,GRW-OIL-03,Oils,1,17.5,17.5,11.0,mada
2026-09-30,TX-B3_growing_supermarket-d45-000844,Jeddah - Corniche,Jeddah,Sunflower Oil 1.5L,GRW-OIL-03,Oils,1,17.5,17.5,11.0,cash
2026-09-30,TX-B3_growing_supermarket-d45-000845,Jeddah - Corniche,Jeddah,Sunflower Oil 1.5L,GRW-OIL-03,Oils,1,17.5,17.5,11.0,cash
2026-09-30,TX-B3_growing_supermarket-d45-000846,Jeddah - Corniche,Jeddah,Sunflower Oil 1.5L,GRW-OIL-03,Oils,1,17.5,17.5,11.0,mada
2026-09-30,TX-B3_growing_supermarket-d45-000847,Jeddah - Corniche,Jeddah,Sunflower Oil 1.5L,GRW-OIL-03,Oils,1,17.5,17.5,11.0,mada
2026-09-30,TX-B3_growing_supermarket-d45-000848,Jeddah - Corniche,Jeddah,Sunflower Oil 1.5L,GRW-OIL-03,Oils,1,17.5,17.5,11.0,card
2026-09-30,TX-B3_growing_supermarket-d45-000849,Jeddah - Corniche,Jeddah,Sunflower Oil 1.5L,GRW-OIL-03,Oils,1,17.5,17.5,11.0,card
2026-09-30,TX-B3_growing_supermarket-d45-000850,Jeddah - Corniche,Jeddah,Sunflower Oil 1.5L,GRW-OIL-03,Oils,1,17.5,17.5,11.0,card
2026-10-01,TX-B3_growing_supermarket-d45-000851,Jeddah - Corniche,Jeddah,Sunflower Oil 1.5L,GRW-OIL-03,Oils,1,17.5,17.5,11.0,card
2026-10-01,TX-B3_growing_supermarket-d45-000852,Jeddah - Corniche,Jeddah,Sunflower Oil 1.5L,GRW-OIL-03,Oils,1,17.5,17.5,11.0,cash
2026-10-01,TX-B3_growing_supermarket-d45-000853,Jeddah - Corniche,Jeddah,Sunflower Oil 1.5L,GRW-OIL-03,Oils,1,17.5,17.5,11.0,mada
2026-10-01,TX-B3_growing_supermarket-d45-000854,Jeddah - Corniche,Jeddah,Sunflower Oil 1.5L,GRW-OIL-03,Oils,1,17.5,17.5,11.0,mada
2026-10-01,TX-B3_growing_supermarket-d45-000855,Jeddah - Corniche,Jeddah,Sunflower Oil 1.5L,GRW-OIL-03,Oils,1,17.5,17.5,11.0,card
2026-10-01,TX-B3_growing_supermarket-d45-000856,Jeddah - Corniche,Jeddah,Sunflower Oil 1.5L,GRW-OIL-03,Oils,1,17.5,17.5,11.0,cash
2026-10-01,TX-B3_growing_supermarket-d45-000857,Jeddah - Corniche,Jeddah,Sunflower Oil 1.5L,GRW-OIL-03,Oils,1,17.5,17.5,11.0,mada
2026-10-01,TX-B3_growing_supermarket-d45-000858,Jeddah - Corniche,Jeddah,Sunflower Oil 1.5L,GRW-OIL-03,Oils,1,17.5,17.5,11.0,card
2026-10-01,TX-B3_growing_supermarket-d45-000859,Jeddah - Corniche,Jeddah,Sunflower Oil 1.5L,GRW-OIL-03,Oils,1,17.5,17.5,11.0,mada
2026-10-01,TX-B3_growing_supermarket-d45-000860,Jeddah - Corniche,Jeddah,Sunflower Oil 1.5L,GRW-OIL-03,Oils,1,17.5,17.5,11.0,mada
2026-10-01,TX-B3_growing_supermarket-d45-000861,Jeddah - Corniche,Jeddah,Sunflower Oil 1.5L,GRW-OIL-03,Oils,1,17.5,17.5,11.0,mada
2026-10-01,TX-B3_growing_supermarket-d45-000862,Jeddah - Corniche,Jeddah,Sunflower Oil 1.5L,GRW-OIL-03,Oils,1,17.5,17.5,11.0,cash
2026-10-01,TX-B3_growing_supermarket-d45-000863,Jeddah - Corniche,Jeddah,Sunflower Oil 1.5L,GRW-OIL-03,Oils,1,17.5,17.5,11.0,cash
2026-10-01,TX-B3_growing_supermarket-d45-000864,Jeddah - Corniche,Jeddah,Sunflower Oil 1.5L,GRW-OIL-03,Oils,1,17.5,17.5,11.0,card
2026-10-01,TX-B3_growing_supermarket-d45-000865,Jeddah - Corniche,Jeddah,Sunflower Oil 1.5L,GRW-OIL-03,Oils,1,17.5,17.5,11.0,mada
2026-10-02,TX-B3_growing_supermarket-d45-000866,Jeddah - Corniche,Jeddah,Sunflower Oil 1.5L,GRW-OIL-03,Oils,1,17.5,17.5,11.0,cash
2026-10-02,TX-B3_growing_supermarket-d45-000867,Jeddah - Corniche,Jeddah,Sunflower Oil 1.5L,GRW-OIL-03,Oils,1,17.5,17.5,11.0,card
2026-10-02,TX-B3_growing_supermarket-d45-000868,Jeddah - Corniche,Jeddah,Sunflower Oil 1.5L,GRW-OIL-03,Oils,1,17.5,17.5,11.0,mada
2026-10-02,TX-B3_growing_supermarket-d45-000869,Jeddah - Corniche,Jeddah,Sunflower Oil 1.5L,GRW-OIL-03,Oils,1,17.5,17.5,11.0,card
2026-10-02,TX-B3_growing_supermarket-d45-000870,Jeddah - Corniche,Jeddah,Sunflower Oil 1.5L,GRW-OIL-03,Oils,1,17.5,17.5,11.0,card
2026-10-02,TX-B3_growing_supermarket-d45-000871,Jeddah - Corniche,Jeddah,Sunflower Oil 1.5L,GRW-OIL-03,Oils,1,17.5,17.5,11.0,mada
2026-10-02,TX-B3_growing_supermarket-d45-000872,Jeddah - Corniche,Jeddah,Sunflower Oil 1.5L,GRW-OIL-03,Oils,1,17.5,17.5,11.0,card
2026-10-02,TX-B3_growing_supermarket-d45-000873,Jeddah - Corniche,Jeddah,Sunflower Oil 1.5L,GRW-OIL-03,Oils,1,17.5,17.5,11.0,cash
2026-10-02,TX-B3_growing_supermarket-d45-000874,Jeddah - Corniche,Jeddah,Sunflower Oil 1.5L,GRW-OIL-03,Oils,1,17.5,17.5,11.0,mada
2026-10-02,TX-B3_growing_supermarket-d45-000875,Jeddah - Corniche,Jeddah,Sunflower Oil 1.5L,GRW-OIL-03,Oils,1,17.5,17.5,11.0,mada
2026-10-02,TX-B3_growing_supermarket-d45-000876,Jeddah - Corniche,Jeddah,Sunflower Oil 1.5L,GRW-OIL-03,Oils,1,17.5,17.5,11.0,cash
2026-10-02,TX-B3_growing_supermarket-d45-000877,Jeddah - Corniche,Jeddah,Sunflower Oil 1.5L,GRW-OIL-03,Oils,1,17.5,17.5,11.0,mada
2026-10-02,TX-B3_growing_supermarket-d45-000878,Jeddah - Corniche,Jeddah,Sunflower Oil 1.5L,GRW-OIL-03,Oils,1,17.5,17.5,11.0,cash
2026-10-02,TX-B3_growing_supermarket-d45-000879,Jeddah - Corniche,Jeddah,Sunflower Oil 1.5L,GRW-OIL-03,Oils,1,17.5,17.5,11.0,cash
2026-10-02,TX-B3_growing_supermarket-d45-000880,Jeddah - Corniche,Jeddah,Sunflower Oil 1.5L,GRW-OIL-03,Oils,1,17.5,17.5,11.0,mada
2026-10-02,TX-B3_growing_supermarket-d45-000881,Jeddah - Corniche,Jeddah,Sunflower Oil 1.5L,GRW-OIL-03,Oils,1,17.5,17.5,11.0,mada
2026-10-02,TX-B3_growing_supermarket-d45-000882,Jeddah - Corniche,Jeddah,Sunflower Oil 1.5L,GRW-OIL-03,Oils,1,17.5,17.5,11.0,card
2026-10-02,TX-B3_growing_supermarket-d45-000883,Jeddah - Corniche,Jeddah,Sunflower Oil 1.5L,GRW-OIL-03,Oils,1,17.5,17.5,11.0,cash
2026-10-03,TX-B3_growing_supermarket-d45-000884,Jeddah - Corniche,Jeddah,Sunflower Oil 1.5L,GRW-OIL-03,Oils,1,17.5,17.5,11.0,mada
2026-10-03,TX-B3_growing_supermarket-d45-000885,Jeddah - Corniche,Jeddah,Sunflower Oil 1.5L,GRW-OIL-03,Oils,1,17.5,17.5,11.0,cash
2026-10-03,TX-B3_growing_supermarket-d45-000886,Jeddah - Corniche,Jeddah,Sunflower Oil 1.5L,GRW-OIL-03,Oils,1,17.5,17.5,11.0,card
2026-10-03,TX-B3_growing_supermarket-d45-000887,Jeddah - Corniche,Jeddah,Sunflower Oil 1.5L,GRW-OIL-03,Oils,1,17.5,17.5,11.0,cash
2026-10-03,TX-B3_growing_supermarket-d45-000888,Jeddah - Corniche,Jeddah,Sunflower Oil 1.5L,GRW-OIL-03,Oils,1,17.5,17.5,11.0,cash
2026-10-03,TX-B3_growing_supermarket-d45-000889,Jeddah - Corniche,Jeddah,Sunflower Oil 1.5L,GRW-OIL-03,Oils,1,17.5,17.5,11.0,card
2026-10-03,TX-B3_growing_supermarket-d45-000890,Jeddah - Corniche,Jeddah,Sunflower Oil 1.5L,GRW-OIL-03,Oils,1,17.5,17.5,11.0,mada
2026-10-03,TX-B3_growing_supermarket-d45-000891,Jeddah - Corniche,Jeddah,Sunflower Oil 1.5L,GRW-OIL-03,Oils,1,17.5,17.5,11.0,mada
2026-10-03,TX-B3_growing_supermarket-d45-000892,Jeddah - Corniche,Jeddah,Sunflower Oil 1.5L,GRW-OIL-03,Oils,1,17.5,17.5,11.0,card
2026-10-03,TX-B3_growing_supermarket-d45-000893,Jeddah - Corniche,Jeddah,Sunflower Oil 1.5L,GRW-OIL-03,Oils,1,17.5,17.5,11.0,cash
2026-10-03,TX-B3_growing_supermarket-d45-000894,Jeddah - Corniche,Jeddah,Sunflower Oil 1.5L,GRW-OIL-03,Oils,1,17.5,17.5,11.0,mada
2026-10-03,TX-B3_growing_supermarket-d45-000895,Jeddah - Corniche,Jeddah,Sunflower Oil 1.5L,GRW-OIL-03,Oils,1,17.5,17.5,11.0,card
2026-10-03,TX-B3_growing_supermarket-d45-000896,Jeddah - Corniche,Jeddah,Sunflower Oil 1.5L,GRW-OIL-03,Oils,1,17.5,17.5,11.0,mada
2026-10-03,TX-B3_growing_supermarket-d45-000897,Jeddah - Corniche,Jeddah,Sunflower Oil 1.5L,GRW-OIL-03,Oils,1,17.5,17.5,11.0,mada
2026-10-03,TX-B3_growing_supermarket-d45-000898,Jeddah - Corniche,Jeddah,Sunflower Oil 1.5L,GRW-OIL-03,Oils,1,17.5,17.5,11.0,card
2026-10-03,TX-B3_growing_supermarket-d45-000899,Jeddah - Corniche,Jeddah,Sunflower Oil 1.5L,GRW-OIL-03,Oils,1,17.5,17.5,11.0,mada
2026-10-03,TX-B3_growing_supermarket-d45-000900,Jeddah - Corniche,Jeddah,Sunflower Oil 1.5L,GRW-OIL-03,Oils,1,17.5,17.5,11.0,mada
2026-10-03,TX-B3_growing_supermarket-d45-000901,Jeddah - Corniche,Jeddah,Sunflower Oil 1.5L,GRW-OIL-03,Oils,1,17.5,17.5,11.0,card
2026-10-03,TX-B3_growing_supermarket-d45-000902,Jeddah - Corniche,Jeddah,Sunflower Oil 1.5L,GRW-OIL-03,Oils,1,17.5,17.5,11.0,mada
2026-10-04,TX-B3_growing_supermarket-d45-000903,Jeddah - Corniche,Jeddah,Sunflower Oil 1.5L,GRW-OIL-03,Oils,1,17.5,17.5,11.0,cash
2026-10-04,TX-B3_growing_supermarket-d45-000904,Jeddah - Corniche,Jeddah,Sunflower Oil 1.5L,GRW-OIL-03,Oils,1,17.5,17.5,11.0,cash
2026-10-04,TX-B3_growing_supermarket-d45-000905,Jeddah - Corniche,Jeddah,Sunflower Oil 1.5L,GRW-OIL-03,Oils,1,17.5,17.5,11.0,mada
2026-10-04,TX-B3_growing_supermarket-d45-000906,Jeddah - Corniche,Jeddah,Sunflower Oil 1.5L,GRW-OIL-03,Oils,1,17.5,17.5,11.0,mada
2026-10-04,TX-B3_growing_supermarket-d45-000907,Jeddah - Corniche,Jeddah,Sunflower Oil 1.5L,GRW-OIL-03,Oils,1,17.5,17.5,11.0,card
2026-10-04,TX-B3_growing_supermarket-d45-000908,Jeddah - Corniche,Jeddah,Sunflower Oil 1.5L,GRW-OIL-03,Oils,1,17.5,17.5,11.0,cash
2026-10-04,TX-B3_growing_supermarket-d45-000909,Jeddah - Corniche,Jeddah,Sunflower Oil 1.5L,GRW-OIL-03,Oils,1,17.5,17.5,11.0,card
2026-10-04,TX-B3_growing_supermarket-d45-000910,Jeddah - Corniche,Jeddah,Sunflower Oil 1.5L,GRW-OIL-03,Oils,1,17.5,17.5,11.0,cash
2026-10-04,TX-B3_growing_supermarket-d45-000911,Jeddah - Corniche,Jeddah,Sunflower Oil 1.5L,GRW-OIL-03,Oils,1,17.5,17.5,11.0,cash
2026-10-04,TX-B3_growing_supermarket-d45-000912,Jeddah - Corniche,Jeddah,Sunflower Oil 1.5L,GRW-OIL-03,Oils,1,17.5,17.5,11.0,card
2026-10-04,TX-B3_growing_supermarket-d45-000913,Jeddah - Corniche,Jeddah,Sunflower Oil 1.5L,GRW-OIL-03,Oils,1,17.5,17.5,11.0,mada
2026-10-04,TX-B3_growing_supermarket-d45-000914,Jeddah - Corniche,Jeddah,Sunflower Oil 1.5L,GRW-OIL-03,Oils,1,17.5,17.5,11.0,cash
2026-10-04,TX-B3_growing_supermarket-d45-000915,Jeddah - Corniche,Jeddah,Sunflower Oil 1.5L,GRW-OIL-03,Oils,1,17.5,17.5,11.0,card
2026-10-04,TX-B3_growing_supermarket-d45-000916,Jeddah - Corniche,Jeddah,Sunflower Oil 1.5L,GRW-OIL-03,Oils,1,17.5,17.5,11.0,card
2026-10-04,TX-B3_growing_supermarket-d45-000917,Jeddah - Corniche,Jeddah,Sunflower Oil 1.5L,GRW-OIL-03,Oils,1,17.5,17.5,11.0,cash
2026-10-04,TX-B3_growing_supermarket-d45-000918,Jeddah - Corniche,Jeddah,Sunflower Oil 1.5L,GRW-OIL-03,Oils,1,17.5,17.5,11.0,cash
2026-10-04,TX-B3_growing_supermarket-d45-000919,Jeddah - Corniche,Jeddah,Sunflower Oil 1.5L,GRW-OIL-03,Oils,1,17.5,17.5,11.0,mada
2026-10-04,TX-B3_growing_supermarket-d45-000920,Jeddah - Corniche,Jeddah,Sunflower Oil 1.5L,GRW-OIL-03,Oils,1,17.5,17.5,11.0,cash
2026-10-05,TX-B3_growing_supermarket-d45-000921,Jeddah - Corniche,Jeddah,Sunflower Oil 1.5L,GRW-OIL-03,Oils,1,17.5,17.5,11.0,cash
2026-10-05,TX-B3_growing_supermarket-d45-000922,Jeddah - Corniche,Jeddah,Sunflower Oil 1.5L,GRW-OIL-03,Oils,1,17.5,17.5,11.0,card
2026-10-05,TX-B3_growing_supermarket-d45-000923,Jeddah - Corniche,Jeddah,Sunflower Oil 1.5L,GRW-OIL-03,Oils,1,17.5,17.5,11.0,cash
2026-10-05,TX-B3_growing_supermarket-d45-000924,Jeddah - Corniche,Jeddah,Sunflower Oil 1.5L,GRW-OIL-03,Oils,1,17.5,17.5,11.0,cash
2026-10-05,TX-B3_growing_supermarket-d45-000925,Jeddah - Corniche,Jeddah,Sunflower Oil 1.5L,GRW-OIL-03,Oils,1,17.5,17.5,11.0,mada
2026-10-05,TX-B3_growing_supermarket-d45-000926,Jeddah - Corniche,Jeddah,Sunflower Oil 1.5L,GRW-OIL-03,Oils,1,17.5,17.5,11.0,card
2026-10-05,TX-B3_growing_supermarket-d45-000927,Jeddah - Corniche,Jeddah,Sunflower Oil 1.5L,GRW-OIL-03,Oils,1,17.5,17.5,11.0,mada
2026-10-05,TX-B3_growing_supermarket-d45-000928,Jeddah - Corniche,Jeddah,Sunflower Oil 1.5L,GRW-OIL-03,Oils,1,17.5,17.5,11.0,cash
2026-10-05,TX-B3_growing_supermarket-d45-000929,Jeddah - Corniche,Jeddah,Sunflower Oil 1.5L,GRW-OIL-03,Oils,1,17.5,17.5,11.0,card
2026-10-05,TX-B3_growing_supermarket-d45-000930,Jeddah - Corniche,Jeddah,Sunflower Oil 1.5L,GRW-OIL-03,Oils,1,17.5,17.5,11.0,mada
2026-10-05,TX-B3_growing_supermarket-d45-000931,Jeddah - Corniche,Jeddah,Sunflower Oil 1.5L,GRW-OIL-03,Oils,1,17.5,17.5,11.0,card
2026-10-05,TX-B3_growing_supermarket-d45-000932,Jeddah - Corniche,Jeddah,Sunflower Oil 1.5L,GRW-OIL-03,Oils,1,17.5,17.5,11.0,card
2026-10-05,TX-B3_growing_supermarket-d45-000933,Jeddah - Corniche,Jeddah,Sunflower Oil 1.5L,GRW-OIL-03,Oils,1,17.5,17.5,11.0,cash
2026-10-05,TX-B3_growing_supermarket-d45-000934,Jeddah - Corniche,Jeddah,Sunflower Oil 1.5L,GRW-OIL-03,Oils,1,17.5,17.5,11.0,cash
2026-10-05,TX-B3_growing_supermarket-d45-000935,Jeddah - Corniche,Jeddah,Sunflower Oil 1.5L,GRW-OIL-03,Oils,1,17.5,17.5,11.0,card
2026-10-06,TX-B3_growing_supermarket-d45-000936,Jeddah - Corniche,Jeddah,Sunflower Oil 1.5L,GRW-OIL-03,Oils,1,17.5,17.5,11.0,mada
2026-10-06,TX-B3_growing_supermarket-d45-000937,Jeddah - Corniche,Jeddah,Sunflower Oil 1.5L,GRW-OIL-03,Oils,1,17.5,17.5,11.0,cash
2026-10-06,TX-B3_growing_supermarket-d45-000938,Jeddah - Corniche,Jeddah,Sunflower Oil 1.5L,GRW-OIL-03,Oils,1,17.5,17.5,11.0,card
2026-10-06,TX-B3_growing_supermarket-d45-000939,Jeddah - Corniche,Jeddah,Sunflower Oil 1.5L,GRW-OIL-03,Oils,1,17.5,17.5,11.0,cash
2026-10-06,TX-B3_growing_supermarket-d45-000940,Jeddah - Corniche,Jeddah,Sunflower Oil 1.5L,GRW-OIL-03,Oils,1,17.5,17.5,11.0,cash
2026-10-06,TX-B3_growing_supermarket-d45-000941,Jeddah - Corniche,Jeddah,Sunflower Oil 1.5L,GRW-OIL-03,Oils,1,17.5,17.5,11.0,cash
2026-10-06,TX-B3_growing_supermarket-d45-000942,Jeddah - Corniche,Jeddah,Sunflower Oil 1.5L,GRW-OIL-03,Oils,1,17.5,17.5,11.0,cash
2026-10-06,TX-B3_growing_supermarket-d45-000943,Jeddah - Corniche,Jeddah,Sunflower Oil 1.5L,GRW-OIL-03,Oils,1,17.5,17.5,11.0,mada
2026-10-06,TX-B3_growing_supermarket-d45-000944,Jeddah - Corniche,Jeddah,Sunflower Oil 1.5L,GRW-OIL-03,Oils,1,17.5,17.5,11.0,mada
2026-10-06,TX-B3_growing_supermarket-d45-000945,Jeddah - Corniche,Jeddah,Sunflower Oil 1.5L,GRW-OIL-03,Oils,1,17.5,17.5,11.0,cash
2026-10-06,TX-B3_growing_supermarket-d45-000946,Jeddah - Corniche,Jeddah,Sunflower Oil 1.5L,GRW-OIL-03,Oils,1,17.5,17.5,11.0,card
2026-10-06,TX-B3_growing_supermarket-d45-000947,Jeddah - Corniche,Jeddah,Sunflower Oil 1.5L,GRW-OIL-03,Oils,1,17.5,17.5,11.0,cash
2026-10-06,TX-B3_growing_supermarket-d45-000948,Jeddah - Corniche,Jeddah,Sunflower Oil 1.5L,GRW-OIL-03,Oils,1,17.5,17.5,11.0,mada
2026-10-06,TX-B3_growing_supermarket-d45-000949,Jeddah - Corniche,Jeddah,Sunflower Oil 1.5L,GRW-OIL-03,Oils,1,17.5,17.5,11.0,mada
2026-10-06,TX-B3_growing_supermarket-d45-000950,Jeddah - Corniche,Jeddah,Sunflower Oil 1.5L,GRW-OIL-03,Oils,1,17.5,17.5,11.0,cash
2026-10-06,TX-B3_growing_supermarket-d45-000951,Jeddah - Corniche,Jeddah,Sunflower Oil 1.5L,GRW-OIL-03,Oils,1,17.5,17.5,11.0,cash
2026-10-06,TX-B3_growing_supermarket-d45-000952,Jeddah - Corniche,Jeddah,Sunflower Oil 1.5L,GRW-OIL-03,Oils,1,17.5,17.5,11.0,cash
2026-10-06,TX-B3_growing_supermarket-d45-000953,Jeddah - Corniche,Jeddah,Sunflower Oil 1.5L,GRW-OIL-03,Oils,1,17.5,17.5,11.0,cash
2026-10-06,TX-B3_growing_supermarket-d45-000954,Jeddah - Corniche,Jeddah,Sunflower Oil 1.5L,GRW-OIL-03,Oils,1,17.5,17.5,11.0,card
2026-10-06,TX-B3_growing_supermarket-d45-000955,Jeddah - Corniche,Jeddah,Sunflower Oil 1.5L,GRW-OIL-03,Oils,1,17.5,17.5,11.0,cash
2026-10-07,TX-B3_growing_supermarket-d45-000956,Jeddah - Corniche,Jeddah,Sunflower Oil 1.5L,GRW-OIL-03,Oils,1,17.5,17.5,11.0,mada
2026-10-07,TX-B3_growing_supermarket-d45-000957,Jeddah - Corniche,Jeddah,Sunflower Oil 1.5L,GRW-OIL-03,Oils,1,17.5,17.5,11.0,mada
2026-10-07,TX-B3_growing_supermarket-d45-000958,Jeddah - Corniche,Jeddah,Sunflower Oil 1.5L,GRW-OIL-03,Oils,1,17.5,17.5,11.0,mada
2026-10-07,TX-B3_growing_supermarket-d45-000959,Jeddah - Corniche,Jeddah,Sunflower Oil 1.5L,GRW-OIL-03,Oils,1,17.5,17.5,11.0,mada
2026-10-07,TX-B3_growing_supermarket-d45-000960,Jeddah - Corniche,Jeddah,Sunflower Oil 1.5L,GRW-OIL-03,Oils,1,17.5,17.5,11.0,mada
2026-10-07,TX-B3_growing_supermarket-d45-000961,Jeddah - Corniche,Jeddah,Sunflower Oil 1.5L,GRW-OIL-03,Oils,1,17.5,17.5,11.0,card
2026-10-07,TX-B3_growing_supermarket-d45-000962,Jeddah - Corniche,Jeddah,Sunflower Oil 1.5L,GRW-OIL-03,Oils,1,17.5,17.5,11.0,card
2026-10-07,TX-B3_growing_supermarket-d45-000963,Jeddah - Corniche,Jeddah,Sunflower Oil 1.5L,GRW-OIL-03,Oils,1,17.5,17.5,11.0,cash
2026-10-07,TX-B3_growing_supermarket-d45-000964,Jeddah - Corniche,Jeddah,Sunflower Oil 1.5L,GRW-OIL-03,Oils,1,17.5,17.5,11.0,cash
2026-10-07,TX-B3_growing_supermarket-d45-000965,Jeddah - Corniche,Jeddah,Sunflower Oil 1.5L,GRW-OIL-03,Oils,1,17.5,17.5,11.0,card
2026-10-07,TX-B3_growing_supermarket-d45-000966,Jeddah - Corniche,Jeddah,Sunflower Oil 1.5L,GRW-OIL-03,Oils,1,17.5,17.5,11.0,cash
2026-10-07,TX-B3_growing_supermarket-d45-000967,Jeddah - Corniche,Jeddah,Sunflower Oil 1.5L,GRW-OIL-03,Oils,1,17.5,17.5,11.0,card
2026-10-07,TX-B3_growing_supermarket-d45-000968,Jeddah - Corniche,Jeddah,Sunflower Oil 1.5L,GRW-OIL-03,Oils,1,17.5,17.5,11.0,mada
2026-10-07,TX-B3_growing_supermarket-d45-000969,Jeddah - Corniche,Jeddah,Sunflower Oil 1.5L,GRW-OIL-03,Oils,1,17.5,17.5,11.0,mada
2026-10-07,TX-B3_growing_supermarket-d45-000970,Jeddah - Corniche,Jeddah,Sunflower Oil 1.5L,GRW-OIL-03,Oils,1,17.5,17.5,11.0,mada
2026-10-07,TX-B3_growing_supermarket-d45-000971,Jeddah - Corniche,Jeddah,Sunflower Oil 1.5L,GRW-OIL-03,Oils,1,17.5,17.5,11.0,mada
2026-10-07,TX-B3_growing_supermarket-d45-000972,Jeddah - Corniche,Jeddah,Sunflower Oil 1.5L,GRW-OIL-03,Oils,1,17.5,17.5,11.0,mada
2026-10-07,TX-B3_growing_supermarket-d45-000973,Jeddah - Corniche,Jeddah,Sunflower Oil 1.5L,GRW-OIL-03,Oils,1,17.5,17.5,11.0,card
2026-10-07,TX-B3_growing_supermarket-d45-000974,Jeddah - Corniche,Jeddah,Sunflower Oil 1.5L,GRW-OIL-03,Oils,1,17.5,17.5,11.0,card
2026-10-07,TX-B3_growing_supermarket-d45-000975,Jeddah - Corniche,Jeddah,Sunflower Oil 1.5L,GRW-OIL-03,Oils,1,17.5,17.5,11.0,card
2026-10-08,TX-B3_growing_supermarket-d45-000976,Jeddah - Corniche,Jeddah,Sunflower Oil 1.5L,GRW-OIL-03,Oils,1,17.5,17.5,11.0,card
2026-10-08,TX-B3_growing_supermarket-d45-000977,Jeddah - Corniche,Jeddah,Sunflower Oil 1.5L,GRW-OIL-03,Oils,1,17.5,17.5,11.0,mada
2026-10-08,TX-B3_growing_supermarket-d45-000978,Jeddah - Corniche,Jeddah,Sunflower Oil 1.5L,GRW-OIL-03,Oils,1,17.5,17.5,11.0,cash
2026-10-08,TX-B3_growing_supermarket-d45-000979,Jeddah - Corniche,Jeddah,Sunflower Oil 1.5L,GRW-OIL-03,Oils,1,17.5,17.5,11.0,card
2026-10-08,TX-B3_growing_supermarket-d45-000980,Jeddah - Corniche,Jeddah,Sunflower Oil 1.5L,GRW-OIL-03,Oils,1,17.5,17.5,11.0,card
2026-10-08,TX-B3_growing_supermarket-d45-000981,Jeddah - Corniche,Jeddah,Sunflower Oil 1.5L,GRW-OIL-03,Oils,1,17.5,17.5,11.0,mada
2026-10-08,TX-B3_growing_supermarket-d45-000982,Jeddah - Corniche,Jeddah,Sunflower Oil 1.5L,GRW-OIL-03,Oils,1,17.5,17.5,11.0,card
2026-10-08,TX-B3_growing_supermarket-d45-000983,Jeddah - Corniche,Jeddah,Sunflower Oil 1.5L,GRW-OIL-03,Oils,1,17.5,17.5,11.0,cash
2026-10-08,TX-B3_growing_supermarket-d45-000984,Jeddah - Corniche,Jeddah,Sunflower Oil 1.5L,GRW-OIL-03,Oils,1,17.5,17.5,11.0,mada
2026-10-08,TX-B3_growing_supermarket-d45-000985,Jeddah - Corniche,Jeddah,Sunflower Oil 1.5L,GRW-OIL-03,Oils,1,17.5,17.5,11.0,card
2026-10-08,TX-B3_growing_supermarket-d45-000986,Jeddah - Corniche,Jeddah,Sunflower Oil 1.5L,GRW-OIL-03,Oils,1,17.5,17.5,11.0,card
2026-10-08,TX-B3_growing_supermarket-d45-000987,Jeddah - Corniche,Jeddah,Sunflower Oil 1.5L,GRW-OIL-03,Oils,1,17.5,17.5,11.0,card
2026-10-08,TX-B3_growing_supermarket-d45-000988,Jeddah - Corniche,Jeddah,Sunflower Oil 1.5L,GRW-OIL-03,Oils,1,17.5,17.5,11.0,card
2026-10-08,TX-B3_growing_supermarket-d45-000989,Jeddah - Corniche,Jeddah,Sunflower Oil 1.5L,GRW-OIL-03,Oils,1,17.5,17.5,11.0,cash
2026-10-08,TX-B3_growing_supermarket-d45-000990,Jeddah - Corniche,Jeddah,Sunflower Oil 1.5L,GRW-OIL-03,Oils,1,17.5,17.5,11.0,cash
2026-10-08,TX-B3_growing_supermarket-d45-000991,Jeddah - Corniche,Jeddah,Sunflower Oil 1.5L,GRW-OIL-03,Oils,1,17.5,17.5,11.0,mada
2026-10-08,TX-B3_growing_supermarket-d45-000992,Jeddah - Corniche,Jeddah,Sunflower Oil 1.5L,GRW-OIL-03,Oils,1,17.5,17.5,11.0,card
2026-10-08,TX-B3_growing_supermarket-d45-000993,Jeddah - Corniche,Jeddah,Sunflower Oil 1.5L,GRW-OIL-03,Oils,1,17.5,17.5,11.0,cash
2026-10-08,TX-B3_growing_supermarket-d45-000994,Jeddah - Corniche,Jeddah,Sunflower Oil 1.5L,GRW-OIL-03,Oils,1,17.5,17.5,11.0,card
2026-10-09,TX-B3_growing_supermarket-d45-000995,Jeddah - Corniche,Jeddah,Sunflower Oil 1.5L,GRW-OIL-03,Oils,1,17.5,17.5,11.0,card
2026-10-09,TX-B3_growing_supermarket-d45-000996,Jeddah - Corniche,Jeddah,Sunflower Oil 1.5L,GRW-OIL-03,Oils,1,17.5,17.5,11.0,cash
2026-10-09,TX-B3_growing_supermarket-d45-000997,Jeddah - Corniche,Jeddah,Sunflower Oil 1.5L,GRW-OIL-03,Oils,1,17.5,17.5,11.0,card
2026-10-09,TX-B3_growing_supermarket-d45-000998,Jeddah - Corniche,Jeddah,Sunflower Oil 1.5L,GRW-OIL-03,Oils,1,17.5,17.5,11.0,mada
2026-10-09,TX-B3_growing_supermarket-d45-000999,Jeddah - Corniche,Jeddah,Sunflower Oil 1.5L,GRW-OIL-03,Oils,1,17.5,17.5,11.0,card
2026-10-09,TX-B3_growing_supermarket-d45-001000,Jeddah - Corniche,Jeddah,Sunflower Oil 1.5L,GRW-OIL-03,Oils,1,17.5,17.5,11.0,card
2026-10-09,TX-B3_growing_supermarket-d45-001001,Jeddah - Corniche,Jeddah,Sunflower Oil 1.5L,GRW-OIL-03,Oils,1,17.5,17.5,11.0,card
2026-10-09,TX-B3_growing_supermarket-d45-001002,Jeddah - Corniche,Jeddah,Sunflower Oil 1.5L,GRW-OIL-03,Oils,1,17.5,17.5,11.0,mada
2026-10-09,TX-B3_growing_supermarket-d45-001003,Jeddah - Corniche,Jeddah,Sunflower Oil 1.5L,GRW-OIL-03,Oils,1,17.5,17.5,11.0,card
2026-10-09,TX-B3_growing_supermarket-d45-001004,Jeddah - Corniche,Jeddah,Sunflower Oil 1.5L,GRW-OIL-03,Oils,1,17.5,17.5,11.0,card
2026-10-09,TX-B3_growing_supermarket-d45-001005,Jeddah - Corniche,Jeddah,Sunflower Oil 1.5L,GRW-OIL-03,Oils,1,17.5,17.5,11.0,mada
2026-10-09,TX-B3_growing_supermarket-d45-001006,Jeddah - Corniche,Jeddah,Sunflower Oil 1.5L,GRW-OIL-03,Oils,1,17.5,17.5,11.0,mada
2026-10-09,TX-B3_growing_supermarket-d45-001007,Jeddah - Corniche,Jeddah,Sunflower Oil 1.5L,GRW-OIL-03,Oils,1,17.5,17.5,11.0,card
2026-10-09,TX-B3_growing_supermarket-d45-001008,Jeddah - Corniche,Jeddah,Sunflower Oil 1.5L,GRW-OIL-03,Oils,1,17.5,17.5,11.0,card
2026-10-09,TX-B3_growing_supermarket-d45-001009,Jeddah - Corniche,Jeddah,Sunflower Oil 1.5L,GRW-OIL-03,Oils,1,17.5,17.5,11.0,mada
2026-10-09,TX-B3_growing_supermarket-d45-001010,Jeddah - Corniche,Jeddah,Sunflower Oil 1.5L,GRW-OIL-03,Oils,1,17.5,17.5,11.0,cash
2026-10-09,TX-B3_growing_supermarket-d45-001011,Jeddah - Corniche,Jeddah,Sunflower Oil 1.5L,GRW-OIL-03,Oils,1,17.5,17.5,11.0,mada
2026-10-09,TX-B3_growing_supermarket-d45-001012,Jeddah - Corniche,Jeddah,Sunflower Oil 1.5L,GRW-OIL-03,Oils,1,17.5,17.5,11.0,cash
2026-10-09,TX-B3_growing_supermarket-d45-001013,Jeddah - Corniche,Jeddah,Sunflower Oil 1.5L,GRW-OIL-03,Oils,1,17.5,17.5,11.0,mada
2026-10-09,TX-B3_growing_supermarket-d45-001014,Jeddah - Corniche,Jeddah,Sunflower Oil 1.5L,GRW-OIL-03,Oils,1,17.5,17.5,11.0,mada
2026-10-10,TX-B3_growing_supermarket-d45-001015,Jeddah - Corniche,Jeddah,Sunflower Oil 1.5L,GRW-OIL-03,Oils,1,17.5,17.5,11.0,card
2026-10-10,TX-B3_growing_supermarket-d45-001016,Jeddah - Corniche,Jeddah,Sunflower Oil 1.5L,GRW-OIL-03,Oils,1,17.5,17.5,11.0,cash
2026-10-10,TX-B3_growing_supermarket-d45-001017,Jeddah - Corniche,Jeddah,Sunflower Oil 1.5L,GRW-OIL-03,Oils,1,17.5,17.5,11.0,cash
2026-10-10,TX-B3_growing_supermarket-d45-001018,Jeddah - Corniche,Jeddah,Sunflower Oil 1.5L,GRW-OIL-03,Oils,1,17.5,17.5,11.0,cash
2026-10-10,TX-B3_growing_supermarket-d45-001019,Jeddah - Corniche,Jeddah,Sunflower Oil 1.5L,GRW-OIL-03,Oils,1,17.5,17.5,11.0,card
2026-10-10,TX-B3_growing_supermarket-d45-001020,Jeddah - Corniche,Jeddah,Sunflower Oil 1.5L,GRW-OIL-03,Oils,1,17.5,17.5,11.0,card
2026-10-10,TX-B3_growing_supermarket-d45-001021,Jeddah - Corniche,Jeddah,Sunflower Oil 1.5L,GRW-OIL-03,Oils,1,17.5,17.5,11.0,cash
2026-10-10,TX-B3_growing_supermarket-d45-001022,Jeddah - Corniche,Jeddah,Sunflower Oil 1.5L,GRW-OIL-03,Oils,1,17.5,17.5,11.0,cash
2026-10-10,TX-B3_growing_supermarket-d45-001023,Jeddah - Corniche,Jeddah,Sunflower Oil 1.5L,GRW-OIL-03,Oils,1,17.5,17.5,11.0,cash
2026-10-10,TX-B3_growing_supermarket-d45-001024,Jeddah - Corniche,Jeddah,Sunflower Oil 1.5L,GRW-OIL-03,Oils,1,17.5,17.5,11.0,cash
2026-10-10,TX-B3_growing_supermarket-d45-001025,Jeddah - Corniche,Jeddah,Sunflower Oil 1.5L,GRW-OIL-03,Oils,1,17.5,17.5,11.0,cash
2026-10-10,TX-B3_growing_supermarket-d45-001026,Jeddah - Corniche,Jeddah,Sunflower Oil 1.5L,GRW-OIL-03,Oils,1,17.5,17.5,11.0,card
2026-10-10,TX-B3_growing_supermarket-d45-001027,Jeddah - Corniche,Jeddah,Sunflower Oil 1.5L,GRW-OIL-03,Oils,1,17.5,17.5,11.0,cash
2026-10-10,TX-B3_growing_supermarket-d45-001028,Jeddah - Corniche,Jeddah,Sunflower Oil 1.5L,GRW-OIL-03,Oils,1,17.5,17.5,11.0,card
2026-10-10,TX-B3_growing_supermarket-d45-001029,Jeddah - Corniche,Jeddah,Sunflower Oil 1.5L,GRW-OIL-03,Oils,1,17.5,17.5,11.0,card
2026-09-26,TX-B3_growing_supermarket-d45-001030,Jeddah - Corniche,Jeddah,Tomato Paste 800g,GRW-TOM-04,Canned Goods,1,7.25,7.25,4.0,card
2026-09-26,TX-B3_growing_supermarket-d45-001031,Jeddah - Corniche,Jeddah,Tomato Paste 800g,GRW-TOM-04,Canned Goods,1,7.25,7.25,4.0,card
2026-09-26,TX-B3_growing_supermarket-d45-001032,Jeddah - Corniche,Jeddah,Tomato Paste 800g,GRW-TOM-04,Canned Goods,1,7.25,7.25,4.0,mada
2026-09-26,TX-B3_growing_supermarket-d45-001033,Jeddah - Corniche,Jeddah,Tomato Paste 800g,GRW-TOM-04,Canned Goods,1,7.25,7.25,4.0,card
2026-09-26,TX-B3_growing_supermarket-d45-001034,Jeddah - Corniche,Jeddah,Tomato Paste 800g,GRW-TOM-04,Canned Goods,1,7.25,7.25,4.0,mada
2026-09-26,TX-B3_growing_supermarket-d45-001035,Jeddah - Corniche,Jeddah,Tomato Paste 800g,GRW-TOM-04,Canned Goods,1,7.25,7.25,4.0,mada
2026-09-26,TX-B3_growing_supermarket-d45-001036,Jeddah - Corniche,Jeddah,Tomato Paste 800g,GRW-TOM-04,Canned Goods,1,7.25,7.25,4.0,card
2026-09-26,TX-B3_growing_supermarket-d45-001037,Jeddah - Corniche,Jeddah,Tomato Paste 800g,GRW-TOM-04,Canned Goods,1,7.25,7.25,4.0,mada
2026-09-26,TX-B3_growing_supermarket-d45-001038,Jeddah - Corniche,Jeddah,Tomato Paste 800g,GRW-TOM-04,Canned Goods,1,7.25,7.25,4.0,card
2026-09-26,TX-B3_growing_supermarket-d45-001039,Jeddah - Corniche,Jeddah,Tomato Paste 800g,GRW-TOM-04,Canned Goods,1,7.25,7.25,4.0,cash
2026-09-26,TX-B3_growing_supermarket-d45-001040,Jeddah - Corniche,Jeddah,Tomato Paste 800g,GRW-TOM-04,Canned Goods,1,7.25,7.25,4.0,mada
2026-09-27,TX-B3_growing_supermarket-d45-001041,Jeddah - Corniche,Jeddah,Tomato Paste 800g,GRW-TOM-04,Canned Goods,1,7.25,7.25,4.0,mada
2026-09-27,TX-B3_growing_supermarket-d45-001042,Jeddah - Corniche,Jeddah,Tomato Paste 800g,GRW-TOM-04,Canned Goods,1,7.25,7.25,4.0,mada
2026-09-27,TX-B3_growing_supermarket-d45-001043,Jeddah - Corniche,Jeddah,Tomato Paste 800g,GRW-TOM-04,Canned Goods,1,7.25,7.25,4.0,mada
2026-09-27,TX-B3_growing_supermarket-d45-001044,Jeddah - Corniche,Jeddah,Tomato Paste 800g,GRW-TOM-04,Canned Goods,1,7.25,7.25,4.0,card
2026-09-27,TX-B3_growing_supermarket-d45-001045,Jeddah - Corniche,Jeddah,Tomato Paste 800g,GRW-TOM-04,Canned Goods,1,7.25,7.25,4.0,card
2026-09-27,TX-B3_growing_supermarket-d45-001046,Jeddah - Corniche,Jeddah,Tomato Paste 800g,GRW-TOM-04,Canned Goods,1,7.25,7.25,4.0,card
2026-09-27,TX-B3_growing_supermarket-d45-001047,Jeddah - Corniche,Jeddah,Tomato Paste 800g,GRW-TOM-04,Canned Goods,1,7.25,7.25,4.0,cash
2026-09-27,TX-B3_growing_supermarket-d45-001048,Jeddah - Corniche,Jeddah,Tomato Paste 800g,GRW-TOM-04,Canned Goods,1,7.25,7.25,4.0,card
2026-09-27,TX-B3_growing_supermarket-d45-001049,Jeddah - Corniche,Jeddah,Tomato Paste 800g,GRW-TOM-04,Canned Goods,1,7.25,7.25,4.0,card
2026-09-27,TX-B3_growing_supermarket-d45-001050,Jeddah - Corniche,Jeddah,Tomato Paste 800g,GRW-TOM-04,Canned Goods,1,7.25,7.25,4.0,cash
2026-09-28,TX-B3_growing_supermarket-d45-001051,Jeddah - Corniche,Jeddah,Tomato Paste 800g,GRW-TOM-04,Canned Goods,1,7.25,7.25,4.0,card
2026-09-28,TX-B3_growing_supermarket-d45-001052,Jeddah - Corniche,Jeddah,Tomato Paste 800g,GRW-TOM-04,Canned Goods,1,7.25,7.25,4.0,card
2026-09-28,TX-B3_growing_supermarket-d45-001053,Jeddah - Corniche,Jeddah,Tomato Paste 800g,GRW-TOM-04,Canned Goods,1,7.25,7.25,4.0,cash
2026-09-28,TX-B3_growing_supermarket-d45-001054,Jeddah - Corniche,Jeddah,Tomato Paste 800g,GRW-TOM-04,Canned Goods,1,7.25,7.25,4.0,card
2026-09-28,TX-B3_growing_supermarket-d45-001055,Jeddah - Corniche,Jeddah,Tomato Paste 800g,GRW-TOM-04,Canned Goods,1,7.25,7.25,4.0,cash
2026-09-28,TX-B3_growing_supermarket-d45-001056,Jeddah - Corniche,Jeddah,Tomato Paste 800g,GRW-TOM-04,Canned Goods,1,7.25,7.25,4.0,card
2026-09-28,TX-B3_growing_supermarket-d45-001057,Jeddah - Corniche,Jeddah,Tomato Paste 800g,GRW-TOM-04,Canned Goods,1,7.25,7.25,4.0,card
2026-09-28,TX-B3_growing_supermarket-d45-001058,Jeddah - Corniche,Jeddah,Tomato Paste 800g,GRW-TOM-04,Canned Goods,1,7.25,7.25,4.0,mada
2026-09-28,TX-B3_growing_supermarket-d45-001059,Jeddah - Corniche,Jeddah,Tomato Paste 800g,GRW-TOM-04,Canned Goods,1,7.25,7.25,4.0,card
2026-09-28,TX-B3_growing_supermarket-d45-001060,Jeddah - Corniche,Jeddah,Tomato Paste 800g,GRW-TOM-04,Canned Goods,1,7.25,7.25,4.0,mada
2026-09-28,TX-B3_growing_supermarket-d45-001061,Jeddah - Corniche,Jeddah,Tomato Paste 800g,GRW-TOM-04,Canned Goods,1,7.25,7.25,4.0,mada
2026-09-28,TX-B3_growing_supermarket-d45-001062,Jeddah - Corniche,Jeddah,Tomato Paste 800g,GRW-TOM-04,Canned Goods,1,7.25,7.25,4.0,mada
2026-09-28,TX-B3_growing_supermarket-d45-001063,Jeddah - Corniche,Jeddah,Tomato Paste 800g,GRW-TOM-04,Canned Goods,1,7.25,7.25,4.0,mada
2026-09-28,TX-B3_growing_supermarket-d45-001064,Jeddah - Corniche,Jeddah,Tomato Paste 800g,GRW-TOM-04,Canned Goods,1,7.25,7.25,4.0,mada
2026-09-28,TX-B3_growing_supermarket-d45-001065,Jeddah - Corniche,Jeddah,Tomato Paste 800g,GRW-TOM-04,Canned Goods,1,7.25,7.25,4.0,card
2026-09-28,TX-B3_growing_supermarket-d45-001066,Jeddah - Corniche,Jeddah,Tomato Paste 800g,GRW-TOM-04,Canned Goods,1,7.25,7.25,4.0,card
2026-09-28,TX-B3_growing_supermarket-d45-001067,Jeddah - Corniche,Jeddah,Tomato Paste 800g,GRW-TOM-04,Canned Goods,1,7.25,7.25,4.0,mada
2026-09-28,TX-B3_growing_supermarket-d45-001068,Jeddah - Corniche,Jeddah,Tomato Paste 800g,GRW-TOM-04,Canned Goods,1,7.25,7.25,4.0,card
2026-09-29,TX-B3_growing_supermarket-d45-001069,Jeddah - Corniche,Jeddah,Tomato Paste 800g,GRW-TOM-04,Canned Goods,1,7.25,7.25,4.0,mada
2026-09-29,TX-B3_growing_supermarket-d45-001070,Jeddah - Corniche,Jeddah,Tomato Paste 800g,GRW-TOM-04,Canned Goods,1,7.25,7.25,4.0,card
2026-09-29,TX-B3_growing_supermarket-d45-001071,Jeddah - Corniche,Jeddah,Tomato Paste 800g,GRW-TOM-04,Canned Goods,1,7.25,7.25,4.0,mada
2026-09-29,TX-B3_growing_supermarket-d45-001072,Jeddah - Corniche,Jeddah,Tomato Paste 800g,GRW-TOM-04,Canned Goods,1,7.25,7.25,4.0,cash
2026-09-29,TX-B3_growing_supermarket-d45-001073,Jeddah - Corniche,Jeddah,Tomato Paste 800g,GRW-TOM-04,Canned Goods,1,7.25,7.25,4.0,card
2026-09-29,TX-B3_growing_supermarket-d45-001074,Jeddah - Corniche,Jeddah,Tomato Paste 800g,GRW-TOM-04,Canned Goods,1,7.25,7.25,4.0,mada
2026-09-29,TX-B3_growing_supermarket-d45-001075,Jeddah - Corniche,Jeddah,Tomato Paste 800g,GRW-TOM-04,Canned Goods,1,7.25,7.25,4.0,card
2026-09-29,TX-B3_growing_supermarket-d45-001076,Jeddah - Corniche,Jeddah,Tomato Paste 800g,GRW-TOM-04,Canned Goods,1,7.25,7.25,4.0,mada
2026-09-29,TX-B3_growing_supermarket-d45-001077,Jeddah - Corniche,Jeddah,Tomato Paste 800g,GRW-TOM-04,Canned Goods,1,7.25,7.25,4.0,mada
2026-09-29,TX-B3_growing_supermarket-d45-001078,Jeddah - Corniche,Jeddah,Tomato Paste 800g,GRW-TOM-04,Canned Goods,1,7.25,7.25,4.0,card
2026-09-29,TX-B3_growing_supermarket-d45-001079,Jeddah - Corniche,Jeddah,Tomato Paste 800g,GRW-TOM-04,Canned Goods,1,7.25,7.25,4.0,card
2026-09-29,TX-B3_growing_supermarket-d45-001080,Jeddah - Corniche,Jeddah,Tomato Paste 800g,GRW-TOM-04,Canned Goods,1,7.25,7.25,4.0,cash
2026-09-29,TX-B3_growing_supermarket-d45-001081,Jeddah - Corniche,Jeddah,Tomato Paste 800g,GRW-TOM-04,Canned Goods,1,7.25,7.25,4.0,cash
2026-09-30,TX-B3_growing_supermarket-d45-001082,Jeddah - Corniche,Jeddah,Tomato Paste 800g,GRW-TOM-04,Canned Goods,1,7.25,7.25,4.0,mada
2026-09-30,TX-B3_growing_supermarket-d45-001083,Jeddah - Corniche,Jeddah,Tomato Paste 800g,GRW-TOM-04,Canned Goods,1,7.25,7.25,4.0,mada
2026-09-30,TX-B3_growing_supermarket-d45-001084,Jeddah - Corniche,Jeddah,Tomato Paste 800g,GRW-TOM-04,Canned Goods,1,7.25,7.25,4.0,mada
2026-09-30,TX-B3_growing_supermarket-d45-001085,Jeddah - Corniche,Jeddah,Tomato Paste 800g,GRW-TOM-04,Canned Goods,1,7.25,7.25,4.0,cash
2026-09-30,TX-B3_growing_supermarket-d45-001086,Jeddah - Corniche,Jeddah,Tomato Paste 800g,GRW-TOM-04,Canned Goods,1,7.25,7.25,4.0,card
2026-09-30,TX-B3_growing_supermarket-d45-001087,Jeddah - Corniche,Jeddah,Tomato Paste 800g,GRW-TOM-04,Canned Goods,1,7.25,7.25,4.0,card
2026-09-30,TX-B3_growing_supermarket-d45-001088,Jeddah - Corniche,Jeddah,Tomato Paste 800g,GRW-TOM-04,Canned Goods,1,7.25,7.25,4.0,cash
2026-09-30,TX-B3_growing_supermarket-d45-001089,Jeddah - Corniche,Jeddah,Tomato Paste 800g,GRW-TOM-04,Canned Goods,1,7.25,7.25,4.0,card
2026-09-30,TX-B3_growing_supermarket-d45-001090,Jeddah - Corniche,Jeddah,Tomato Paste 800g,GRW-TOM-04,Canned Goods,1,7.25,7.25,4.0,mada
2026-09-30,TX-B3_growing_supermarket-d45-001091,Jeddah - Corniche,Jeddah,Tomato Paste 800g,GRW-TOM-04,Canned Goods,1,7.25,7.25,4.0,mada
2026-09-30,TX-B3_growing_supermarket-d45-001092,Jeddah - Corniche,Jeddah,Tomato Paste 800g,GRW-TOM-04,Canned Goods,1,7.25,7.25,4.0,cash
2026-09-30,TX-B3_growing_supermarket-d45-001093,Jeddah - Corniche,Jeddah,Tomato Paste 800g,GRW-TOM-04,Canned Goods,1,7.25,7.25,4.0,mada
2026-09-30,TX-B3_growing_supermarket-d45-001094,Jeddah - Corniche,Jeddah,Tomato Paste 800g,GRW-TOM-04,Canned Goods,1,7.25,7.25,4.0,card
2026-09-30,TX-B3_growing_supermarket-d45-001095,Jeddah - Corniche,Jeddah,Tomato Paste 800g,GRW-TOM-04,Canned Goods,1,7.25,7.25,4.0,cash
2026-10-01,TX-B3_growing_supermarket-d45-001096,Jeddah - Corniche,Jeddah,Tomato Paste 800g,GRW-TOM-04,Canned Goods,1,7.25,7.25,4.0,mada
2026-10-01,TX-B3_growing_supermarket-d45-001097,Jeddah - Corniche,Jeddah,Tomato Paste 800g,GRW-TOM-04,Canned Goods,1,7.25,7.25,4.0,mada
2026-10-01,TX-B3_growing_supermarket-d45-001098,Jeddah - Corniche,Jeddah,Tomato Paste 800g,GRW-TOM-04,Canned Goods,1,7.25,7.25,4.0,card
2026-10-01,TX-B3_growing_supermarket-d45-001099,Jeddah - Corniche,Jeddah,Tomato Paste 800g,GRW-TOM-04,Canned Goods,1,7.25,7.25,4.0,card
2026-10-01,TX-B3_growing_supermarket-d45-001100,Jeddah - Corniche,Jeddah,Tomato Paste 800g,GRW-TOM-04,Canned Goods,1,7.25,7.25,4.0,card
2026-10-01,TX-B3_growing_supermarket-d45-001101,Jeddah - Corniche,Jeddah,Tomato Paste 800g,GRW-TOM-04,Canned Goods,1,7.25,7.25,4.0,card
2026-10-01,TX-B3_growing_supermarket-d45-001102,Jeddah - Corniche,Jeddah,Tomato Paste 800g,GRW-TOM-04,Canned Goods,1,7.25,7.25,4.0,cash
2026-10-01,TX-B3_growing_supermarket-d45-001103,Jeddah - Corniche,Jeddah,Tomato Paste 800g,GRW-TOM-04,Canned Goods,1,7.25,7.25,4.0,mada
2026-10-01,TX-B3_growing_supermarket-d45-001104,Jeddah - Corniche,Jeddah,Tomato Paste 800g,GRW-TOM-04,Canned Goods,1,7.25,7.25,4.0,mada
2026-10-02,TX-B3_growing_supermarket-d45-001105,Jeddah - Corniche,Jeddah,Tomato Paste 800g,GRW-TOM-04,Canned Goods,1,7.25,7.25,4.0,mada
2026-10-02,TX-B3_growing_supermarket-d45-001106,Jeddah - Corniche,Jeddah,Tomato Paste 800g,GRW-TOM-04,Canned Goods,1,7.25,7.25,4.0,mada
2026-10-02,TX-B3_growing_supermarket-d45-001107,Jeddah - Corniche,Jeddah,Tomato Paste 800g,GRW-TOM-04,Canned Goods,1,7.25,7.25,4.0,mada
2026-10-02,TX-B3_growing_supermarket-d45-001108,Jeddah - Corniche,Jeddah,Tomato Paste 800g,GRW-TOM-04,Canned Goods,1,7.25,7.25,4.0,cash
2026-10-02,TX-B3_growing_supermarket-d45-001109,Jeddah - Corniche,Jeddah,Tomato Paste 800g,GRW-TOM-04,Canned Goods,1,7.25,7.25,4.0,card
2026-10-02,TX-B3_growing_supermarket-d45-001110,Jeddah - Corniche,Jeddah,Tomato Paste 800g,GRW-TOM-04,Canned Goods,1,7.25,7.25,4.0,mada
2026-10-02,TX-B3_growing_supermarket-d45-001111,Jeddah - Corniche,Jeddah,Tomato Paste 800g,GRW-TOM-04,Canned Goods,1,7.25,7.25,4.0,cash
2026-10-02,TX-B3_growing_supermarket-d45-001112,Jeddah - Corniche,Jeddah,Tomato Paste 800g,GRW-TOM-04,Canned Goods,1,7.25,7.25,4.0,mada
2026-10-02,TX-B3_growing_supermarket-d45-001113,Jeddah - Corniche,Jeddah,Tomato Paste 800g,GRW-TOM-04,Canned Goods,1,7.25,7.25,4.0,card
2026-10-02,TX-B3_growing_supermarket-d45-001114,Jeddah - Corniche,Jeddah,Tomato Paste 800g,GRW-TOM-04,Canned Goods,1,7.25,7.25,4.0,cash
2026-10-02,TX-B3_growing_supermarket-d45-001115,Jeddah - Corniche,Jeddah,Tomato Paste 800g,GRW-TOM-04,Canned Goods,1,7.25,7.25,4.0,mada
2026-10-02,TX-B3_growing_supermarket-d45-001116,Jeddah - Corniche,Jeddah,Tomato Paste 800g,GRW-TOM-04,Canned Goods,1,7.25,7.25,4.0,cash
2026-10-02,TX-B3_growing_supermarket-d45-001117,Jeddah - Corniche,Jeddah,Tomato Paste 800g,GRW-TOM-04,Canned Goods,1,7.25,7.25,4.0,card
2026-10-03,TX-B3_growing_supermarket-d45-001118,Jeddah - Corniche,Jeddah,Tomato Paste 800g,GRW-TOM-04,Canned Goods,1,7.25,7.25,4.0,mada
2026-10-03,TX-B3_growing_supermarket-d45-001119,Jeddah - Corniche,Jeddah,Tomato Paste 800g,GRW-TOM-04,Canned Goods,1,7.25,7.25,4.0,card
2026-10-03,TX-B3_growing_supermarket-d45-001120,Jeddah - Corniche,Jeddah,Tomato Paste 800g,GRW-TOM-04,Canned Goods,1,7.25,7.25,4.0,cash
2026-10-03,TX-B3_growing_supermarket-d45-001121,Jeddah - Corniche,Jeddah,Tomato Paste 800g,GRW-TOM-04,Canned Goods,1,7.25,7.25,4.0,card
2026-10-03,TX-B3_growing_supermarket-d45-001122,Jeddah - Corniche,Jeddah,Tomato Paste 800g,GRW-TOM-04,Canned Goods,1,7.25,7.25,4.0,mada
2026-10-03,TX-B3_growing_supermarket-d45-001123,Jeddah - Corniche,Jeddah,Tomato Paste 800g,GRW-TOM-04,Canned Goods,1,7.25,7.25,4.0,cash
2026-10-03,TX-B3_growing_supermarket-d45-001124,Jeddah - Corniche,Jeddah,Tomato Paste 800g,GRW-TOM-04,Canned Goods,1,7.25,7.25,4.0,cash
2026-10-03,TX-B3_growing_supermarket-d45-001125,Jeddah - Corniche,Jeddah,Tomato Paste 800g,GRW-TOM-04,Canned Goods,1,7.25,7.25,4.0,card
2026-10-03,TX-B3_growing_supermarket-d45-001126,Jeddah - Corniche,Jeddah,Tomato Paste 800g,GRW-TOM-04,Canned Goods,1,7.25,7.25,4.0,card
2026-10-03,TX-B3_growing_supermarket-d45-001127,Jeddah - Corniche,Jeddah,Tomato Paste 800g,GRW-TOM-04,Canned Goods,1,7.25,7.25,4.0,mada
2026-10-03,TX-B3_growing_supermarket-d45-001128,Jeddah - Corniche,Jeddah,Tomato Paste 800g,GRW-TOM-04,Canned Goods,1,7.25,7.25,4.0,mada
2026-10-03,TX-B3_growing_supermarket-d45-001129,Jeddah - Corniche,Jeddah,Tomato Paste 800g,GRW-TOM-04,Canned Goods,1,7.25,7.25,4.0,cash
2026-10-03,TX-B3_growing_supermarket-d45-001130,Jeddah - Corniche,Jeddah,Tomato Paste 800g,GRW-TOM-04,Canned Goods,1,7.25,7.25,4.0,cash
2026-10-03,TX-B3_growing_supermarket-d45-001131,Jeddah - Corniche,Jeddah,Tomato Paste 800g,GRW-TOM-04,Canned Goods,1,7.25,7.25,4.0,mada
2026-10-03,TX-B3_growing_supermarket-d45-001132,Jeddah - Corniche,Jeddah,Tomato Paste 800g,GRW-TOM-04,Canned Goods,1,7.25,7.25,4.0,cash
2026-10-04,TX-B3_growing_supermarket-d45-001133,Jeddah - Corniche,Jeddah,Tomato Paste 800g,GRW-TOM-04,Canned Goods,1,7.25,7.25,4.0,mada
2026-10-04,TX-B3_growing_supermarket-d45-001134,Jeddah - Corniche,Jeddah,Tomato Paste 800g,GRW-TOM-04,Canned Goods,1,7.25,7.25,4.0,card
2026-10-04,TX-B3_growing_supermarket-d45-001135,Jeddah - Corniche,Jeddah,Tomato Paste 800g,GRW-TOM-04,Canned Goods,1,7.25,7.25,4.0,cash
2026-10-04,TX-B3_growing_supermarket-d45-001136,Jeddah - Corniche,Jeddah,Tomato Paste 800g,GRW-TOM-04,Canned Goods,1,7.25,7.25,4.0,card
2026-10-04,TX-B3_growing_supermarket-d45-001137,Jeddah - Corniche,Jeddah,Tomato Paste 800g,GRW-TOM-04,Canned Goods,1,7.25,7.25,4.0,mada
2026-10-04,TX-B3_growing_supermarket-d45-001138,Jeddah - Corniche,Jeddah,Tomato Paste 800g,GRW-TOM-04,Canned Goods,1,7.25,7.25,4.0,card
2026-10-04,TX-B3_growing_supermarket-d45-001139,Jeddah - Corniche,Jeddah,Tomato Paste 800g,GRW-TOM-04,Canned Goods,1,7.25,7.25,4.0,card
2026-10-04,TX-B3_growing_supermarket-d45-001140,Jeddah - Corniche,Jeddah,Tomato Paste 800g,GRW-TOM-04,Canned Goods,1,7.25,7.25,4.0,cash
2026-10-04,TX-B3_growing_supermarket-d45-001141,Jeddah - Corniche,Jeddah,Tomato Paste 800g,GRW-TOM-04,Canned Goods,1,7.25,7.25,4.0,cash
2026-10-04,TX-B3_growing_supermarket-d45-001142,Jeddah - Corniche,Jeddah,Tomato Paste 800g,GRW-TOM-04,Canned Goods,1,7.25,7.25,4.0,mada
2026-10-05,TX-B3_growing_supermarket-d45-001143,Jeddah - Corniche,Jeddah,Tomato Paste 800g,GRW-TOM-04,Canned Goods,1,7.25,7.25,4.0,card
2026-10-05,TX-B3_growing_supermarket-d45-001144,Jeddah - Corniche,Jeddah,Tomato Paste 800g,GRW-TOM-04,Canned Goods,1,7.25,7.25,4.0,mada
2026-10-05,TX-B3_growing_supermarket-d45-001145,Jeddah - Corniche,Jeddah,Tomato Paste 800g,GRW-TOM-04,Canned Goods,1,7.25,7.25,4.0,cash
2026-10-05,TX-B3_growing_supermarket-d45-001146,Jeddah - Corniche,Jeddah,Tomato Paste 800g,GRW-TOM-04,Canned Goods,1,7.25,7.25,4.0,card
2026-10-05,TX-B3_growing_supermarket-d45-001147,Jeddah - Corniche,Jeddah,Tomato Paste 800g,GRW-TOM-04,Canned Goods,1,7.25,7.25,4.0,mada
2026-10-05,TX-B3_growing_supermarket-d45-001148,Jeddah - Corniche,Jeddah,Tomato Paste 800g,GRW-TOM-04,Canned Goods,1,7.25,7.25,4.0,cash
2026-10-05,TX-B3_growing_supermarket-d45-001149,Jeddah - Corniche,Jeddah,Tomato Paste 800g,GRW-TOM-04,Canned Goods,1,7.25,7.25,4.0,cash
2026-10-05,TX-B3_growing_supermarket-d45-001150,Jeddah - Corniche,Jeddah,Tomato Paste 800g,GRW-TOM-04,Canned Goods,1,7.25,7.25,4.0,mada
2026-10-05,TX-B3_growing_supermarket-d45-001151,Jeddah - Corniche,Jeddah,Tomato Paste 800g,GRW-TOM-04,Canned Goods,1,7.25,7.25,4.0,mada
2026-10-05,TX-B3_growing_supermarket-d45-001152,Jeddah - Corniche,Jeddah,Tomato Paste 800g,GRW-TOM-04,Canned Goods,1,7.25,7.25,4.0,mada
2026-10-05,TX-B3_growing_supermarket-d45-001153,Jeddah - Corniche,Jeddah,Tomato Paste 800g,GRW-TOM-04,Canned Goods,1,7.25,7.25,4.0,card
2026-10-05,TX-B3_growing_supermarket-d45-001154,Jeddah - Corniche,Jeddah,Tomato Paste 800g,GRW-TOM-04,Canned Goods,1,7.25,7.25,4.0,cash
2026-10-05,TX-B3_growing_supermarket-d45-001155,Jeddah - Corniche,Jeddah,Tomato Paste 800g,GRW-TOM-04,Canned Goods,1,7.25,7.25,4.0,card
2026-10-05,TX-B3_growing_supermarket-d45-001156,Jeddah - Corniche,Jeddah,Tomato Paste 800g,GRW-TOM-04,Canned Goods,1,7.25,7.25,4.0,cash
2026-10-05,TX-B3_growing_supermarket-d45-001157,Jeddah - Corniche,Jeddah,Tomato Paste 800g,GRW-TOM-04,Canned Goods,1,7.25,7.25,4.0,mada
2026-10-05,TX-B3_growing_supermarket-d45-001158,Jeddah - Corniche,Jeddah,Tomato Paste 800g,GRW-TOM-04,Canned Goods,1,7.25,7.25,4.0,card
2026-10-05,TX-B3_growing_supermarket-d45-001159,Jeddah - Corniche,Jeddah,Tomato Paste 800g,GRW-TOM-04,Canned Goods,1,7.25,7.25,4.0,card
2026-10-05,TX-B3_growing_supermarket-d45-001160,Jeddah - Corniche,Jeddah,Tomato Paste 800g,GRW-TOM-04,Canned Goods,1,7.25,7.25,4.0,cash
2026-10-05,TX-B3_growing_supermarket-d45-001161,Jeddah - Corniche,Jeddah,Tomato Paste 800g,GRW-TOM-04,Canned Goods,1,7.25,7.25,4.0,card
2026-10-05,TX-B3_growing_supermarket-d45-001162,Jeddah - Corniche,Jeddah,Tomato Paste 800g,GRW-TOM-04,Canned Goods,1,7.25,7.25,4.0,mada
2026-10-06,TX-B3_growing_supermarket-d45-001163,Jeddah - Corniche,Jeddah,Tomato Paste 800g,GRW-TOM-04,Canned Goods,1,7.25,7.25,4.0,cash
2026-10-06,TX-B3_growing_supermarket-d45-001164,Jeddah - Corniche,Jeddah,Tomato Paste 800g,GRW-TOM-04,Canned Goods,1,7.25,7.25,4.0,card
2026-10-06,TX-B3_growing_supermarket-d45-001165,Jeddah - Corniche,Jeddah,Tomato Paste 800g,GRW-TOM-04,Canned Goods,1,7.25,7.25,4.0,card
2026-10-06,TX-B3_growing_supermarket-d45-001166,Jeddah - Corniche,Jeddah,Tomato Paste 800g,GRW-TOM-04,Canned Goods,1,7.25,7.25,4.0,card
2026-10-06,TX-B3_growing_supermarket-d45-001167,Jeddah - Corniche,Jeddah,Tomato Paste 800g,GRW-TOM-04,Canned Goods,1,7.25,7.25,4.0,card
2026-10-06,TX-B3_growing_supermarket-d45-001168,Jeddah - Corniche,Jeddah,Tomato Paste 800g,GRW-TOM-04,Canned Goods,1,7.25,7.25,4.0,cash
2026-10-06,TX-B3_growing_supermarket-d45-001169,Jeddah - Corniche,Jeddah,Tomato Paste 800g,GRW-TOM-04,Canned Goods,1,7.25,7.25,4.0,card
2026-10-06,TX-B3_growing_supermarket-d45-001170,Jeddah - Corniche,Jeddah,Tomato Paste 800g,GRW-TOM-04,Canned Goods,1,7.25,7.25,4.0,mada
2026-10-06,TX-B3_growing_supermarket-d45-001171,Jeddah - Corniche,Jeddah,Tomato Paste 800g,GRW-TOM-04,Canned Goods,1,7.25,7.25,4.0,mada
2026-10-06,TX-B3_growing_supermarket-d45-001172,Jeddah - Corniche,Jeddah,Tomato Paste 800g,GRW-TOM-04,Canned Goods,1,7.25,7.25,4.0,card
2026-10-06,TX-B3_growing_supermarket-d45-001173,Jeddah - Corniche,Jeddah,Tomato Paste 800g,GRW-TOM-04,Canned Goods,1,7.25,7.25,4.0,mada
2026-10-06,TX-B3_growing_supermarket-d45-001174,Jeddah - Corniche,Jeddah,Tomato Paste 800g,GRW-TOM-04,Canned Goods,1,7.25,7.25,4.0,cash
2026-10-06,TX-B3_growing_supermarket-d45-001175,Jeddah - Corniche,Jeddah,Tomato Paste 800g,GRW-TOM-04,Canned Goods,1,7.25,7.25,4.0,cash
2026-10-06,TX-B3_growing_supermarket-d45-001176,Jeddah - Corniche,Jeddah,Tomato Paste 800g,GRW-TOM-04,Canned Goods,1,7.25,7.25,4.0,mada
2026-10-06,TX-B3_growing_supermarket-d45-001177,Jeddah - Corniche,Jeddah,Tomato Paste 800g,GRW-TOM-04,Canned Goods,1,7.25,7.25,4.0,card
2026-10-06,TX-B3_growing_supermarket-d45-001178,Jeddah - Corniche,Jeddah,Tomato Paste 800g,GRW-TOM-04,Canned Goods,1,7.25,7.25,4.0,mada
2026-10-07,TX-B3_growing_supermarket-d45-001179,Jeddah - Corniche,Jeddah,Tomato Paste 800g,GRW-TOM-04,Canned Goods,1,7.25,7.25,4.0,cash
2026-10-07,TX-B3_growing_supermarket-d45-001180,Jeddah - Corniche,Jeddah,Tomato Paste 800g,GRW-TOM-04,Canned Goods,1,7.25,7.25,4.0,cash
2026-10-07,TX-B3_growing_supermarket-d45-001181,Jeddah - Corniche,Jeddah,Tomato Paste 800g,GRW-TOM-04,Canned Goods,1,7.25,7.25,4.0,card
2026-10-07,TX-B3_growing_supermarket-d45-001182,Jeddah - Corniche,Jeddah,Tomato Paste 800g,GRW-TOM-04,Canned Goods,1,7.25,7.25,4.0,card
2026-10-07,TX-B3_growing_supermarket-d45-001183,Jeddah - Corniche,Jeddah,Tomato Paste 800g,GRW-TOM-04,Canned Goods,1,7.25,7.25,4.0,card
2026-10-07,TX-B3_growing_supermarket-d45-001184,Jeddah - Corniche,Jeddah,Tomato Paste 800g,GRW-TOM-04,Canned Goods,1,7.25,7.25,4.0,mada
2026-10-07,TX-B3_growing_supermarket-d45-001185,Jeddah - Corniche,Jeddah,Tomato Paste 800g,GRW-TOM-04,Canned Goods,1,7.25,7.25,4.0,card
2026-10-07,TX-B3_growing_supermarket-d45-001186,Jeddah - Corniche,Jeddah,Tomato Paste 800g,GRW-TOM-04,Canned Goods,1,7.25,7.25,4.0,card
2026-10-07,TX-B3_growing_supermarket-d45-001187,Jeddah - Corniche,Jeddah,Tomato Paste 800g,GRW-TOM-04,Canned Goods,1,7.25,7.25,4.0,card
2026-10-07,TX-B3_growing_supermarket-d45-001188,Jeddah - Corniche,Jeddah,Tomato Paste 800g,GRW-TOM-04,Canned Goods,1,7.25,7.25,4.0,card
2026-10-07,TX-B3_growing_supermarket-d45-001189,Jeddah - Corniche,Jeddah,Tomato Paste 800g,GRW-TOM-04,Canned Goods,1,7.25,7.25,4.0,mada
2026-10-07,TX-B3_growing_supermarket-d45-001190,Jeddah - Corniche,Jeddah,Tomato Paste 800g,GRW-TOM-04,Canned Goods,1,7.25,7.25,4.0,card
2026-10-07,TX-B3_growing_supermarket-d45-001191,Jeddah - Corniche,Jeddah,Tomato Paste 800g,GRW-TOM-04,Canned Goods,1,7.25,7.25,4.0,card
2026-10-07,TX-B3_growing_supermarket-d45-001192,Jeddah - Corniche,Jeddah,Tomato Paste 800g,GRW-TOM-04,Canned Goods,1,7.25,7.25,4.0,mada
2026-10-08,TX-B3_growing_supermarket-d45-001193,Jeddah - Corniche,Jeddah,Tomato Paste 800g,GRW-TOM-04,Canned Goods,1,7.25,7.25,4.0,cash
2026-10-08,TX-B3_growing_supermarket-d45-001194,Jeddah - Corniche,Jeddah,Tomato Paste 800g,GRW-TOM-04,Canned Goods,1,7.25,7.25,4.0,cash
2026-10-08,TX-B3_growing_supermarket-d45-001195,Jeddah - Corniche,Jeddah,Tomato Paste 800g,GRW-TOM-04,Canned Goods,1,7.25,7.25,4.0,mada
2026-10-08,TX-B3_growing_supermarket-d45-001196,Jeddah - Corniche,Jeddah,Tomato Paste 800g,GRW-TOM-04,Canned Goods,1,7.25,7.25,4.0,mada
2026-10-08,TX-B3_growing_supermarket-d45-001197,Jeddah - Corniche,Jeddah,Tomato Paste 800g,GRW-TOM-04,Canned Goods,1,7.25,7.25,4.0,card
2026-10-08,TX-B3_growing_supermarket-d45-001198,Jeddah - Corniche,Jeddah,Tomato Paste 800g,GRW-TOM-04,Canned Goods,1,7.25,7.25,4.0,cash
2026-10-08,TX-B3_growing_supermarket-d45-001199,Jeddah - Corniche,Jeddah,Tomato Paste 800g,GRW-TOM-04,Canned Goods,1,7.25,7.25,4.0,mada
2026-10-08,TX-B3_growing_supermarket-d45-001200,Jeddah - Corniche,Jeddah,Tomato Paste 800g,GRW-TOM-04,Canned Goods,1,7.25,7.25,4.0,card
2026-10-08,TX-B3_growing_supermarket-d45-001201,Jeddah - Corniche,Jeddah,Tomato Paste 800g,GRW-TOM-04,Canned Goods,1,7.25,7.25,4.0,cash
2026-10-08,TX-B3_growing_supermarket-d45-001202,Jeddah - Corniche,Jeddah,Tomato Paste 800g,GRW-TOM-04,Canned Goods,1,7.25,7.25,4.0,mada
2026-10-08,TX-B3_growing_supermarket-d45-001203,Jeddah - Corniche,Jeddah,Tomato Paste 800g,GRW-TOM-04,Canned Goods,1,7.25,7.25,4.0,cash
2026-10-08,TX-B3_growing_supermarket-d45-001204,Jeddah - Corniche,Jeddah,Tomato Paste 800g,GRW-TOM-04,Canned Goods,1,7.25,7.25,4.0,cash
2026-10-08,TX-B3_growing_supermarket-d45-001205,Jeddah - Corniche,Jeddah,Tomato Paste 800g,GRW-TOM-04,Canned Goods,1,7.25,7.25,4.0,mada
2026-10-08,TX-B3_growing_supermarket-d45-001206,Jeddah - Corniche,Jeddah,Tomato Paste 800g,GRW-TOM-04,Canned Goods,1,7.25,7.25,4.0,card
2026-10-08,TX-B3_growing_supermarket-d45-001207,Jeddah - Corniche,Jeddah,Tomato Paste 800g,GRW-TOM-04,Canned Goods,1,7.25,7.25,4.0,card
2026-10-08,TX-B3_growing_supermarket-d45-001208,Jeddah - Corniche,Jeddah,Tomato Paste 800g,GRW-TOM-04,Canned Goods,1,7.25,7.25,4.0,mada
2026-10-08,TX-B3_growing_supermarket-d45-001209,Jeddah - Corniche,Jeddah,Tomato Paste 800g,GRW-TOM-04,Canned Goods,1,7.25,7.25,4.0,card
2026-10-09,TX-B3_growing_supermarket-d45-001210,Jeddah - Corniche,Jeddah,Tomato Paste 800g,GRW-TOM-04,Canned Goods,1,7.25,7.25,4.0,mada
2026-10-09,TX-B3_growing_supermarket-d45-001211,Jeddah - Corniche,Jeddah,Tomato Paste 800g,GRW-TOM-04,Canned Goods,1,7.25,7.25,4.0,mada
2026-10-09,TX-B3_growing_supermarket-d45-001212,Jeddah - Corniche,Jeddah,Tomato Paste 800g,GRW-TOM-04,Canned Goods,1,7.25,7.25,4.0,cash
2026-10-09,TX-B3_growing_supermarket-d45-001213,Jeddah - Corniche,Jeddah,Tomato Paste 800g,GRW-TOM-04,Canned Goods,1,7.25,7.25,4.0,mada
2026-10-09,TX-B3_growing_supermarket-d45-001214,Jeddah - Corniche,Jeddah,Tomato Paste 800g,GRW-TOM-04,Canned Goods,1,7.25,7.25,4.0,cash
2026-10-09,TX-B3_growing_supermarket-d45-001215,Jeddah - Corniche,Jeddah,Tomato Paste 800g,GRW-TOM-04,Canned Goods,1,7.25,7.25,4.0,cash
2026-10-09,TX-B3_growing_supermarket-d45-001216,Jeddah - Corniche,Jeddah,Tomato Paste 800g,GRW-TOM-04,Canned Goods,1,7.25,7.25,4.0,card
2026-10-09,TX-B3_growing_supermarket-d45-001217,Jeddah - Corniche,Jeddah,Tomato Paste 800g,GRW-TOM-04,Canned Goods,1,7.25,7.25,4.0,card
2026-10-09,TX-B3_growing_supermarket-d45-001218,Jeddah - Corniche,Jeddah,Tomato Paste 800g,GRW-TOM-04,Canned Goods,1,7.25,7.25,4.0,card
2026-10-09,TX-B3_growing_supermarket-d45-001219,Jeddah - Corniche,Jeddah,Tomato Paste 800g,GRW-TOM-04,Canned Goods,1,7.25,7.25,4.0,card
2026-10-09,TX-B3_growing_supermarket-d45-001220,Jeddah - Corniche,Jeddah,Tomato Paste 800g,GRW-TOM-04,Canned Goods,1,7.25,7.25,4.0,cash
2026-10-09,TX-B3_growing_supermarket-d45-001221,Jeddah - Corniche,Jeddah,Tomato Paste 800g,GRW-TOM-04,Canned Goods,1,7.25,7.25,4.0,mada
2026-10-09,TX-B3_growing_supermarket-d45-001222,Jeddah - Corniche,Jeddah,Tomato Paste 800g,GRW-TOM-04,Canned Goods,1,7.25,7.25,4.0,cash
2026-10-09,TX-B3_growing_supermarket-d45-001223,Jeddah - Corniche,Jeddah,Tomato Paste 800g,GRW-TOM-04,Canned Goods,1,7.25,7.25,4.0,mada
2026-10-09,TX-B3_growing_supermarket-d45-001224,Jeddah - Corniche,Jeddah,Tomato Paste 800g,GRW-TOM-04,Canned Goods,1,7.25,7.25,4.0,card
2026-10-09,TX-B3_growing_supermarket-d45-001225,Jeddah - Corniche,Jeddah,Tomato Paste 800g,GRW-TOM-04,Canned Goods,1,7.25,7.25,4.0,mada
2026-10-10,TX-B3_growing_supermarket-d45-001226,Jeddah - Corniche,Jeddah,Tomato Paste 800g,GRW-TOM-04,Canned Goods,1,7.25,7.25,4.0,mada
2026-10-10,TX-B3_growing_supermarket-d45-001227,Jeddah - Corniche,Jeddah,Tomato Paste 800g,GRW-TOM-04,Canned Goods,1,7.25,7.25,4.0,card
2026-10-10,TX-B3_growing_supermarket-d45-001228,Jeddah - Corniche,Jeddah,Tomato Paste 800g,GRW-TOM-04,Canned Goods,1,7.25,7.25,4.0,card
2026-10-10,TX-B3_growing_supermarket-d45-001229,Jeddah - Corniche,Jeddah,Tomato Paste 800g,GRW-TOM-04,Canned Goods,1,7.25,7.25,4.0,cash
2026-10-10,TX-B3_growing_supermarket-d45-001230,Jeddah - Corniche,Jeddah,Tomato Paste 800g,GRW-TOM-04,Canned Goods,1,7.25,7.25,4.0,mada
2026-10-10,TX-B3_growing_supermarket-d45-001231,Jeddah - Corniche,Jeddah,Tomato Paste 800g,GRW-TOM-04,Canned Goods,1,7.25,7.25,4.0,cash
2026-10-10,TX-B3_growing_supermarket-d45-001232,Jeddah - Corniche,Jeddah,Tomato Paste 800g,GRW-TOM-04,Canned Goods,1,7.25,7.25,4.0,cash
2026-10-10,TX-B3_growing_supermarket-d45-001233,Jeddah - Corniche,Jeddah,Tomato Paste 800g,GRW-TOM-04,Canned Goods,1,7.25,7.25,4.0,card
2026-10-10,TX-B3_growing_supermarket-d45-001234,Jeddah - Corniche,Jeddah,Tomato Paste 800g,GRW-TOM-04,Canned Goods,1,7.25,7.25,4.0,card
2026-10-10,TX-B3_growing_supermarket-d45-001235,Jeddah - Corniche,Jeddah,Tomato Paste 800g,GRW-TOM-04,Canned Goods,1,7.25,7.25,4.0,card
2026-10-10,TX-B3_growing_supermarket-d45-001236,Jeddah - Corniche,Jeddah,Tomato Paste 800g,GRW-TOM-04,Canned Goods,1,7.25,7.25,4.0,cash
2026-10-10,TX-B3_growing_supermarket-d45-001237,Jeddah - Corniche,Jeddah,Tomato Paste 800g,GRW-TOM-04,Canned Goods,1,7.25,7.25,4.0,cash
2026-09-26,TX-B3_growing_supermarket-d45-001238,Jeddah - Corniche,Jeddah,Eggs 30pc Tray,GRW-EGG-05,Dairy,1,21.0,21.0,14.0,cash
2026-09-26,TX-B3_growing_supermarket-d45-001239,Jeddah - Corniche,Jeddah,Eggs 30pc Tray,GRW-EGG-05,Dairy,1,21.0,21.0,14.0,cash
2026-09-26,TX-B3_growing_supermarket-d45-001240,Jeddah - Corniche,Jeddah,Eggs 30pc Tray,GRW-EGG-05,Dairy,1,21.0,21.0,14.0,mada
2026-09-26,TX-B3_growing_supermarket-d45-001241,Jeddah - Corniche,Jeddah,Eggs 30pc Tray,GRW-EGG-05,Dairy,1,21.0,21.0,14.0,mada
2026-09-26,TX-B3_growing_supermarket-d45-001242,Jeddah - Corniche,Jeddah,Eggs 30pc Tray,GRW-EGG-05,Dairy,1,21.0,21.0,14.0,mada
2026-09-26,TX-B3_growing_supermarket-d45-001243,Jeddah - Corniche,Jeddah,Eggs 30pc Tray,GRW-EGG-05,Dairy,1,21.0,21.0,14.0,mada
2026-09-26,TX-B3_growing_supermarket-d45-001244,Jeddah - Corniche,Jeddah,Eggs 30pc Tray,GRW-EGG-05,Dairy,1,21.0,21.0,14.0,cash
2026-09-26,TX-B3_growing_supermarket-d45-001245,Jeddah - Corniche,Jeddah,Eggs 30pc Tray,GRW-EGG-05,Dairy,1,21.0,21.0,14.0,cash
2026-09-26,TX-B3_growing_supermarket-d45-001246,Jeddah - Corniche,Jeddah,Eggs 30pc Tray,GRW-EGG-05,Dairy,1,21.0,21.0,14.0,card
2026-09-26,TX-B3_growing_supermarket-d45-001247,Jeddah - Corniche,Jeddah,Eggs 30pc Tray,GRW-EGG-05,Dairy,1,21.0,21.0,14.0,card
2026-09-26,TX-B3_growing_supermarket-d45-001248,Jeddah - Corniche,Jeddah,Eggs 30pc Tray,GRW-EGG-05,Dairy,1,21.0,21.0,14.0,mada
2026-09-26,TX-B3_growing_supermarket-d45-001249,Jeddah - Corniche,Jeddah,Eggs 30pc Tray,GRW-EGG-05,Dairy,1,21.0,21.0,14.0,mada
2026-09-26,TX-B3_growing_supermarket-d45-001250,Jeddah - Corniche,Jeddah,Eggs 30pc Tray,GRW-EGG-05,Dairy,1,21.0,21.0,14.0,card
2026-09-26,TX-B3_growing_supermarket-d45-001251,Jeddah - Corniche,Jeddah,Eggs 30pc Tray,GRW-EGG-05,Dairy,1,21.0,21.0,14.0,mada
2026-09-27,TX-B3_growing_supermarket-d45-001252,Jeddah - Corniche,Jeddah,Eggs 30pc Tray,GRW-EGG-05,Dairy,1,21.0,21.0,14.0,mada
2026-09-27,TX-B3_growing_supermarket-d45-001253,Jeddah - Corniche,Jeddah,Eggs 30pc Tray,GRW-EGG-05,Dairy,1,21.0,21.0,14.0,card
2026-09-27,TX-B3_growing_supermarket-d45-001254,Jeddah - Corniche,Jeddah,Eggs 30pc Tray,GRW-EGG-05,Dairy,1,21.0,21.0,14.0,mada
2026-09-27,TX-B3_growing_supermarket-d45-001255,Jeddah - Corniche,Jeddah,Eggs 30pc Tray,GRW-EGG-05,Dairy,1,21.0,21.0,14.0,mada
2026-09-27,TX-B3_growing_supermarket-d45-001256,Jeddah - Corniche,Jeddah,Eggs 30pc Tray,GRW-EGG-05,Dairy,1,21.0,21.0,14.0,mada
2026-09-27,TX-B3_growing_supermarket-d45-001257,Jeddah - Corniche,Jeddah,Eggs 30pc Tray,GRW-EGG-05,Dairy,1,21.0,21.0,14.0,mada
2026-09-27,TX-B3_growing_supermarket-d45-001258,Jeddah - Corniche,Jeddah,Eggs 30pc Tray,GRW-EGG-05,Dairy,1,21.0,21.0,14.0,cash
2026-09-27,TX-B3_growing_supermarket-d45-001259,Jeddah - Corniche,Jeddah,Eggs 30pc Tray,GRW-EGG-05,Dairy,1,21.0,21.0,14.0,mada
2026-09-27,TX-B3_growing_supermarket-d45-001260,Jeddah - Corniche,Jeddah,Eggs 30pc Tray,GRW-EGG-05,Dairy,1,21.0,21.0,14.0,card
2026-09-27,TX-B3_growing_supermarket-d45-001261,Jeddah - Corniche,Jeddah,Eggs 30pc Tray,GRW-EGG-05,Dairy,1,21.0,21.0,14.0,cash
2026-09-27,TX-B3_growing_supermarket-d45-001262,Jeddah - Corniche,Jeddah,Eggs 30pc Tray,GRW-EGG-05,Dairy,1,21.0,21.0,14.0,mada
2026-09-27,TX-B3_growing_supermarket-d45-001263,Jeddah - Corniche,Jeddah,Eggs 30pc Tray,GRW-EGG-05,Dairy,1,21.0,21.0,14.0,cash
2026-09-27,TX-B3_growing_supermarket-d45-001264,Jeddah - Corniche,Jeddah,Eggs 30pc Tray,GRW-EGG-05,Dairy,1,21.0,21.0,14.0,cash
2026-09-27,TX-B3_growing_supermarket-d45-001265,Jeddah - Corniche,Jeddah,Eggs 30pc Tray,GRW-EGG-05,Dairy,1,21.0,21.0,14.0,mada
2026-09-28,TX-B3_growing_supermarket-d45-001266,Jeddah - Corniche,Jeddah,Eggs 30pc Tray,GRW-EGG-05,Dairy,1,21.0,21.0,14.0,card
2026-09-28,TX-B3_growing_supermarket-d45-001267,Jeddah - Corniche,Jeddah,Eggs 30pc Tray,GRW-EGG-05,Dairy,1,21.0,21.0,14.0,card
2026-09-28,TX-B3_growing_supermarket-d45-001268,Jeddah - Corniche,Jeddah,Eggs 30pc Tray,GRW-EGG-05,Dairy,1,21.0,21.0,14.0,cash
2026-09-28,TX-B3_growing_supermarket-d45-001269,Jeddah - Corniche,Jeddah,Eggs 30pc Tray,GRW-EGG-05,Dairy,1,21.0,21.0,14.0,cash
2026-09-28,TX-B3_growing_supermarket-d45-001270,Jeddah - Corniche,Jeddah,Eggs 30pc Tray,GRW-EGG-05,Dairy,1,21.0,21.0,14.0,card
2026-09-28,TX-B3_growing_supermarket-d45-001271,Jeddah - Corniche,Jeddah,Eggs 30pc Tray,GRW-EGG-05,Dairy,1,21.0,21.0,14.0,card
2026-09-28,TX-B3_growing_supermarket-d45-001272,Jeddah - Corniche,Jeddah,Eggs 30pc Tray,GRW-EGG-05,Dairy,1,21.0,21.0,14.0,card
2026-09-28,TX-B3_growing_supermarket-d45-001273,Jeddah - Corniche,Jeddah,Eggs 30pc Tray,GRW-EGG-05,Dairy,1,21.0,21.0,14.0,cash
2026-09-28,TX-B3_growing_supermarket-d45-001274,Jeddah - Corniche,Jeddah,Eggs 30pc Tray,GRW-EGG-05,Dairy,1,21.0,21.0,14.0,cash
2026-09-28,TX-B3_growing_supermarket-d45-001275,Jeddah - Corniche,Jeddah,Eggs 30pc Tray,GRW-EGG-05,Dairy,1,21.0,21.0,14.0,cash
2026-09-29,TX-B3_growing_supermarket-d45-001276,Jeddah - Corniche,Jeddah,Eggs 30pc Tray,GRW-EGG-05,Dairy,1,21.0,21.0,14.0,card
2026-09-29,TX-B3_growing_supermarket-d45-001277,Jeddah - Corniche,Jeddah,Eggs 30pc Tray,GRW-EGG-05,Dairy,1,21.0,21.0,14.0,mada
2026-09-29,TX-B3_growing_supermarket-d45-001278,Jeddah - Corniche,Jeddah,Eggs 30pc Tray,GRW-EGG-05,Dairy,1,21.0,21.0,14.0,card
2026-09-29,TX-B3_growing_supermarket-d45-001279,Jeddah - Corniche,Jeddah,Eggs 30pc Tray,GRW-EGG-05,Dairy,1,21.0,21.0,14.0,cash
2026-09-29,TX-B3_growing_supermarket-d45-001280,Jeddah - Corniche,Jeddah,Eggs 30pc Tray,GRW-EGG-05,Dairy,1,21.0,21.0,14.0,card
2026-09-29,TX-B3_growing_supermarket-d45-001281,Jeddah - Corniche,Jeddah,Eggs 30pc Tray,GRW-EGG-05,Dairy,1,21.0,21.0,14.0,cash
2026-09-29,TX-B3_growing_supermarket-d45-001282,Jeddah - Corniche,Jeddah,Eggs 30pc Tray,GRW-EGG-05,Dairy,1,21.0,21.0,14.0,card
2026-09-29,TX-B3_growing_supermarket-d45-001283,Jeddah - Corniche,Jeddah,Eggs 30pc Tray,GRW-EGG-05,Dairy,1,21.0,21.0,14.0,mada
2026-09-29,TX-B3_growing_supermarket-d45-001284,Jeddah - Corniche,Jeddah,Eggs 30pc Tray,GRW-EGG-05,Dairy,1,21.0,21.0,14.0,card
2026-09-29,TX-B3_growing_supermarket-d45-001285,Jeddah - Corniche,Jeddah,Eggs 30pc Tray,GRW-EGG-05,Dairy,1,21.0,21.0,14.0,cash
2026-09-29,TX-B3_growing_supermarket-d45-001286,Jeddah - Corniche,Jeddah,Eggs 30pc Tray,GRW-EGG-05,Dairy,1,21.0,21.0,14.0,mada
2026-09-29,TX-B3_growing_supermarket-d45-001287,Jeddah - Corniche,Jeddah,Eggs 30pc Tray,GRW-EGG-05,Dairy,1,21.0,21.0,14.0,mada
2026-09-30,TX-B3_growing_supermarket-d45-001288,Jeddah - Corniche,Jeddah,Eggs 30pc Tray,GRW-EGG-05,Dairy,1,21.0,21.0,14.0,mada
2026-09-30,TX-B3_growing_supermarket-d45-001289,Jeddah - Corniche,Jeddah,Eggs 30pc Tray,GRW-EGG-05,Dairy,1,21.0,21.0,14.0,mada
2026-09-30,TX-B3_growing_supermarket-d45-001290,Jeddah - Corniche,Jeddah,Eggs 30pc Tray,GRW-EGG-05,Dairy,1,21.0,21.0,14.0,cash
2026-09-30,TX-B3_growing_supermarket-d45-001291,Jeddah - Corniche,Jeddah,Eggs 30pc Tray,GRW-EGG-05,Dairy,1,21.0,21.0,14.0,cash
2026-09-30,TX-B3_growing_supermarket-d45-001292,Jeddah - Corniche,Jeddah,Eggs 30pc Tray,GRW-EGG-05,Dairy,1,21.0,21.0,14.0,mada
2026-09-30,TX-B3_growing_supermarket-d45-001293,Jeddah - Corniche,Jeddah,Eggs 30pc Tray,GRW-EGG-05,Dairy,1,21.0,21.0,14.0,card
2026-09-30,TX-B3_growing_supermarket-d45-001294,Jeddah - Corniche,Jeddah,Eggs 30pc Tray,GRW-EGG-05,Dairy,1,21.0,21.0,14.0,cash
2026-09-30,TX-B3_growing_supermarket-d45-001295,Jeddah - Corniche,Jeddah,Eggs 30pc Tray,GRW-EGG-05,Dairy,1,21.0,21.0,14.0,card
2026-09-30,TX-B3_growing_supermarket-d45-001296,Jeddah - Corniche,Jeddah,Eggs 30pc Tray,GRW-EGG-05,Dairy,1,21.0,21.0,14.0,card
2026-09-30,TX-B3_growing_supermarket-d45-001297,Jeddah - Corniche,Jeddah,Eggs 30pc Tray,GRW-EGG-05,Dairy,1,21.0,21.0,14.0,card
2026-09-30,TX-B3_growing_supermarket-d45-001298,Jeddah - Corniche,Jeddah,Eggs 30pc Tray,GRW-EGG-05,Dairy,1,21.0,21.0,14.0,mada
2026-09-30,TX-B3_growing_supermarket-d45-001299,Jeddah - Corniche,Jeddah,Eggs 30pc Tray,GRW-EGG-05,Dairy,1,21.0,21.0,14.0,cash
2026-09-30,TX-B3_growing_supermarket-d45-001300,Jeddah - Corniche,Jeddah,Eggs 30pc Tray,GRW-EGG-05,Dairy,1,21.0,21.0,14.0,card
2026-09-30,TX-B3_growing_supermarket-d45-001301,Jeddah - Corniche,Jeddah,Eggs 30pc Tray,GRW-EGG-05,Dairy,1,21.0,21.0,14.0,cash
2026-09-30,TX-B3_growing_supermarket-d45-001302,Jeddah - Corniche,Jeddah,Eggs 30pc Tray,GRW-EGG-05,Dairy,1,21.0,21.0,14.0,cash
2026-09-30,TX-B3_growing_supermarket-d45-001303,Jeddah - Corniche,Jeddah,Eggs 30pc Tray,GRW-EGG-05,Dairy,1,21.0,21.0,14.0,card
2026-10-01,TX-B3_growing_supermarket-d45-001304,Jeddah - Corniche,Jeddah,Eggs 30pc Tray,GRW-EGG-05,Dairy,1,21.0,21.0,14.0,card
2026-10-01,TX-B3_growing_supermarket-d45-001305,Jeddah - Corniche,Jeddah,Eggs 30pc Tray,GRW-EGG-05,Dairy,1,21.0,21.0,14.0,cash
2026-10-01,TX-B3_growing_supermarket-d45-001306,Jeddah - Corniche,Jeddah,Eggs 30pc Tray,GRW-EGG-05,Dairy,1,21.0,21.0,14.0,mada
2026-10-01,TX-B3_growing_supermarket-d45-001307,Jeddah - Corniche,Jeddah,Eggs 30pc Tray,GRW-EGG-05,Dairy,1,21.0,21.0,14.0,mada
2026-10-01,TX-B3_growing_supermarket-d45-001308,Jeddah - Corniche,Jeddah,Eggs 30pc Tray,GRW-EGG-05,Dairy,1,21.0,21.0,14.0,mada
2026-10-01,TX-B3_growing_supermarket-d45-001309,Jeddah - Corniche,Jeddah,Eggs 30pc Tray,GRW-EGG-05,Dairy,1,21.0,21.0,14.0,cash
2026-10-01,TX-B3_growing_supermarket-d45-001310,Jeddah - Corniche,Jeddah,Eggs 30pc Tray,GRW-EGG-05,Dairy,1,21.0,21.0,14.0,cash
2026-10-01,TX-B3_growing_supermarket-d45-001311,Jeddah - Corniche,Jeddah,Eggs 30pc Tray,GRW-EGG-05,Dairy,1,21.0,21.0,14.0,cash
2026-10-01,TX-B3_growing_supermarket-d45-001312,Jeddah - Corniche,Jeddah,Eggs 30pc Tray,GRW-EGG-05,Dairy,1,21.0,21.0,14.0,card
2026-10-01,TX-B3_growing_supermarket-d45-001313,Jeddah - Corniche,Jeddah,Eggs 30pc Tray,GRW-EGG-05,Dairy,1,21.0,21.0,14.0,card
2026-10-01,TX-B3_growing_supermarket-d45-001314,Jeddah - Corniche,Jeddah,Eggs 30pc Tray,GRW-EGG-05,Dairy,1,21.0,21.0,14.0,cash
2026-10-01,TX-B3_growing_supermarket-d45-001315,Jeddah - Corniche,Jeddah,Eggs 30pc Tray,GRW-EGG-05,Dairy,1,21.0,21.0,14.0,cash
2026-10-01,TX-B3_growing_supermarket-d45-001316,Jeddah - Corniche,Jeddah,Eggs 30pc Tray,GRW-EGG-05,Dairy,1,21.0,21.0,14.0,card
2026-10-02,TX-B3_growing_supermarket-d45-001317,Jeddah - Corniche,Jeddah,Eggs 30pc Tray,GRW-EGG-05,Dairy,1,21.0,21.0,14.0,cash
2026-10-02,TX-B3_growing_supermarket-d45-001318,Jeddah - Corniche,Jeddah,Eggs 30pc Tray,GRW-EGG-05,Dairy,1,21.0,21.0,14.0,cash
2026-10-02,TX-B3_growing_supermarket-d45-001319,Jeddah - Corniche,Jeddah,Eggs 30pc Tray,GRW-EGG-05,Dairy,1,21.0,21.0,14.0,card
2026-10-02,TX-B3_growing_supermarket-d45-001320,Jeddah - Corniche,Jeddah,Eggs 30pc Tray,GRW-EGG-05,Dairy,1,21.0,21.0,14.0,mada
2026-10-02,TX-B3_growing_supermarket-d45-001321,Jeddah - Corniche,Jeddah,Eggs 30pc Tray,GRW-EGG-05,Dairy,1,21.0,21.0,14.0,cash
2026-10-02,TX-B3_growing_supermarket-d45-001322,Jeddah - Corniche,Jeddah,Eggs 30pc Tray,GRW-EGG-05,Dairy,1,21.0,21.0,14.0,cash
2026-10-02,TX-B3_growing_supermarket-d45-001323,Jeddah - Corniche,Jeddah,Eggs 30pc Tray,GRW-EGG-05,Dairy,1,21.0,21.0,14.0,cash
2026-10-02,TX-B3_growing_supermarket-d45-001324,Jeddah - Corniche,Jeddah,Eggs 30pc Tray,GRW-EGG-05,Dairy,1,21.0,21.0,14.0,card
2026-10-02,TX-B3_growing_supermarket-d45-001325,Jeddah - Corniche,Jeddah,Eggs 30pc Tray,GRW-EGG-05,Dairy,1,21.0,21.0,14.0,card
2026-10-03,TX-B3_growing_supermarket-d45-001326,Jeddah - Corniche,Jeddah,Eggs 30pc Tray,GRW-EGG-05,Dairy,1,21.0,21.0,14.0,mada
2026-10-03,TX-B3_growing_supermarket-d45-001327,Jeddah - Corniche,Jeddah,Eggs 30pc Tray,GRW-EGG-05,Dairy,1,21.0,21.0,14.0,card
2026-10-03,TX-B3_growing_supermarket-d45-001328,Jeddah - Corniche,Jeddah,Eggs 30pc Tray,GRW-EGG-05,Dairy,1,21.0,21.0,14.0,cash
2026-10-03,TX-B3_growing_supermarket-d45-001329,Jeddah - Corniche,Jeddah,Eggs 30pc Tray,GRW-EGG-05,Dairy,1,21.0,21.0,14.0,card
2026-10-03,TX-B3_growing_supermarket-d45-001330,Jeddah - Corniche,Jeddah,Eggs 30pc Tray,GRW-EGG-05,Dairy,1,21.0,21.0,14.0,mada
2026-10-03,TX-B3_growing_supermarket-d45-001331,Jeddah - Corniche,Jeddah,Eggs 30pc Tray,GRW-EGG-05,Dairy,1,21.0,21.0,14.0,cash
2026-10-03,TX-B3_growing_supermarket-d45-001332,Jeddah - Corniche,Jeddah,Eggs 30pc Tray,GRW-EGG-05,Dairy,1,21.0,21.0,14.0,mada
2026-10-03,TX-B3_growing_supermarket-d45-001333,Jeddah - Corniche,Jeddah,Eggs 30pc Tray,GRW-EGG-05,Dairy,1,21.0,21.0,14.0,mada
2026-10-04,TX-B3_growing_supermarket-d45-001334,Jeddah - Corniche,Jeddah,Eggs 30pc Tray,GRW-EGG-05,Dairy,1,21.0,21.0,14.0,card
2026-10-04,TX-B3_growing_supermarket-d45-001335,Jeddah - Corniche,Jeddah,Eggs 30pc Tray,GRW-EGG-05,Dairy,1,21.0,21.0,14.0,card
2026-10-04,TX-B3_growing_supermarket-d45-001336,Jeddah - Corniche,Jeddah,Eggs 30pc Tray,GRW-EGG-05,Dairy,1,21.0,21.0,14.0,cash
2026-10-04,TX-B3_growing_supermarket-d45-001337,Jeddah - Corniche,Jeddah,Eggs 30pc Tray,GRW-EGG-05,Dairy,1,21.0,21.0,14.0,cash
2026-10-04,TX-B3_growing_supermarket-d45-001338,Jeddah - Corniche,Jeddah,Eggs 30pc Tray,GRW-EGG-05,Dairy,1,21.0,21.0,14.0,mada
2026-10-04,TX-B3_growing_supermarket-d45-001339,Jeddah - Corniche,Jeddah,Eggs 30pc Tray,GRW-EGG-05,Dairy,1,21.0,21.0,14.0,mada
2026-10-04,TX-B3_growing_supermarket-d45-001340,Jeddah - Corniche,Jeddah,Eggs 30pc Tray,GRW-EGG-05,Dairy,1,21.0,21.0,14.0,card
2026-10-04,TX-B3_growing_supermarket-d45-001341,Jeddah - Corniche,Jeddah,Eggs 30pc Tray,GRW-EGG-05,Dairy,1,21.0,21.0,14.0,card
2026-10-04,TX-B3_growing_supermarket-d45-001342,Jeddah - Corniche,Jeddah,Eggs 30pc Tray,GRW-EGG-05,Dairy,1,21.0,21.0,14.0,cash
2026-10-04,TX-B3_growing_supermarket-d45-001343,Jeddah - Corniche,Jeddah,Eggs 30pc Tray,GRW-EGG-05,Dairy,1,21.0,21.0,14.0,mada
2026-10-04,TX-B3_growing_supermarket-d45-001344,Jeddah - Corniche,Jeddah,Eggs 30pc Tray,GRW-EGG-05,Dairy,1,21.0,21.0,14.0,card
2026-10-04,TX-B3_growing_supermarket-d45-001345,Jeddah - Corniche,Jeddah,Eggs 30pc Tray,GRW-EGG-05,Dairy,1,21.0,21.0,14.0,cash
2026-10-04,TX-B3_growing_supermarket-d45-001346,Jeddah - Corniche,Jeddah,Eggs 30pc Tray,GRW-EGG-05,Dairy,1,21.0,21.0,14.0,cash
2026-10-04,TX-B3_growing_supermarket-d45-001347,Jeddah - Corniche,Jeddah,Eggs 30pc Tray,GRW-EGG-05,Dairy,1,21.0,21.0,14.0,card
2026-10-04,TX-B3_growing_supermarket-d45-001348,Jeddah - Corniche,Jeddah,Eggs 30pc Tray,GRW-EGG-05,Dairy,1,21.0,21.0,14.0,mada
2026-10-05,TX-B3_growing_supermarket-d45-001349,Jeddah - Corniche,Jeddah,Eggs 30pc Tray,GRW-EGG-05,Dairy,1,21.0,21.0,14.0,cash
2026-10-05,TX-B3_growing_supermarket-d45-001350,Jeddah - Corniche,Jeddah,Eggs 30pc Tray,GRW-EGG-05,Dairy,1,21.0,21.0,14.0,card
2026-10-05,TX-B3_growing_supermarket-d45-001351,Jeddah - Corniche,Jeddah,Eggs 30pc Tray,GRW-EGG-05,Dairy,1,21.0,21.0,14.0,card
2026-10-05,TX-B3_growing_supermarket-d45-001352,Jeddah - Corniche,Jeddah,Eggs 30pc Tray,GRW-EGG-05,Dairy,1,21.0,21.0,14.0,card
2026-10-05,TX-B3_growing_supermarket-d45-001353,Jeddah - Corniche,Jeddah,Eggs 30pc Tray,GRW-EGG-05,Dairy,1,21.0,21.0,14.0,mada
2026-10-05,TX-B3_growing_supermarket-d45-001354,Jeddah - Corniche,Jeddah,Eggs 30pc Tray,GRW-EGG-05,Dairy,1,21.0,21.0,14.0,cash
2026-10-05,TX-B3_growing_supermarket-d45-001355,Jeddah - Corniche,Jeddah,Eggs 30pc Tray,GRW-EGG-05,Dairy,1,21.0,21.0,14.0,cash
2026-10-05,TX-B3_growing_supermarket-d45-001356,Jeddah - Corniche,Jeddah,Eggs 30pc Tray,GRW-EGG-05,Dairy,1,21.0,21.0,14.0,mada
2026-10-05,TX-B3_growing_supermarket-d45-001357,Jeddah - Corniche,Jeddah,Eggs 30pc Tray,GRW-EGG-05,Dairy,1,21.0,21.0,14.0,mada
2026-10-05,TX-B3_growing_supermarket-d45-001358,Jeddah - Corniche,Jeddah,Eggs 30pc Tray,GRW-EGG-05,Dairy,1,21.0,21.0,14.0,card
2026-10-05,TX-B3_growing_supermarket-d45-001359,Jeddah - Corniche,Jeddah,Eggs 30pc Tray,GRW-EGG-05,Dairy,1,21.0,21.0,14.0,cash
2026-10-05,TX-B3_growing_supermarket-d45-001360,Jeddah - Corniche,Jeddah,Eggs 30pc Tray,GRW-EGG-05,Dairy,1,21.0,21.0,14.0,cash
2026-10-05,TX-B3_growing_supermarket-d45-001361,Jeddah - Corniche,Jeddah,Eggs 30pc Tray,GRW-EGG-05,Dairy,1,21.0,21.0,14.0,card
2026-10-05,TX-B3_growing_supermarket-d45-001362,Jeddah - Corniche,Jeddah,Eggs 30pc Tray,GRW-EGG-05,Dairy,1,21.0,21.0,14.0,mada
2026-10-05,TX-B3_growing_supermarket-d45-001363,Jeddah - Corniche,Jeddah,Eggs 30pc Tray,GRW-EGG-05,Dairy,1,21.0,21.0,14.0,cash
2026-10-06,TX-B3_growing_supermarket-d45-001364,Jeddah - Corniche,Jeddah,Eggs 30pc Tray,GRW-EGG-05,Dairy,1,21.0,21.0,14.0,cash
2026-10-06,TX-B3_growing_supermarket-d45-001365,Jeddah - Corniche,Jeddah,Eggs 30pc Tray,GRW-EGG-05,Dairy,1,21.0,21.0,14.0,card
2026-10-06,TX-B3_growing_supermarket-d45-001366,Jeddah - Corniche,Jeddah,Eggs 30pc Tray,GRW-EGG-05,Dairy,1,21.0,21.0,14.0,cash
2026-10-06,TX-B3_growing_supermarket-d45-001367,Jeddah - Corniche,Jeddah,Eggs 30pc Tray,GRW-EGG-05,Dairy,1,21.0,21.0,14.0,cash
2026-10-06,TX-B3_growing_supermarket-d45-001368,Jeddah - Corniche,Jeddah,Eggs 30pc Tray,GRW-EGG-05,Dairy,1,21.0,21.0,14.0,card
2026-10-06,TX-B3_growing_supermarket-d45-001369,Jeddah - Corniche,Jeddah,Eggs 30pc Tray,GRW-EGG-05,Dairy,1,21.0,21.0,14.0,card
2026-10-06,TX-B3_growing_supermarket-d45-001370,Jeddah - Corniche,Jeddah,Eggs 30pc Tray,GRW-EGG-05,Dairy,1,21.0,21.0,14.0,cash
2026-10-06,TX-B3_growing_supermarket-d45-001371,Jeddah - Corniche,Jeddah,Eggs 30pc Tray,GRW-EGG-05,Dairy,1,21.0,21.0,14.0,card
2026-10-07,TX-B3_growing_supermarket-d45-001372,Jeddah - Corniche,Jeddah,Eggs 30pc Tray,GRW-EGG-05,Dairy,1,21.0,21.0,14.0,mada
2026-10-07,TX-B3_growing_supermarket-d45-001373,Jeddah - Corniche,Jeddah,Eggs 30pc Tray,GRW-EGG-05,Dairy,1,21.0,21.0,14.0,card
2026-10-07,TX-B3_growing_supermarket-d45-001374,Jeddah - Corniche,Jeddah,Eggs 30pc Tray,GRW-EGG-05,Dairy,1,21.0,21.0,14.0,card
2026-10-07,TX-B3_growing_supermarket-d45-001375,Jeddah - Corniche,Jeddah,Eggs 30pc Tray,GRW-EGG-05,Dairy,1,21.0,21.0,14.0,mada
2026-10-07,TX-B3_growing_supermarket-d45-001376,Jeddah - Corniche,Jeddah,Eggs 30pc Tray,GRW-EGG-05,Dairy,1,21.0,21.0,14.0,card
2026-10-07,TX-B3_growing_supermarket-d45-001377,Jeddah - Corniche,Jeddah,Eggs 30pc Tray,GRW-EGG-05,Dairy,1,21.0,21.0,14.0,mada
2026-10-07,TX-B3_growing_supermarket-d45-001378,Jeddah - Corniche,Jeddah,Eggs 30pc Tray,GRW-EGG-05,Dairy,1,21.0,21.0,14.0,mada
2026-10-07,TX-B3_growing_supermarket-d45-001379,Jeddah - Corniche,Jeddah,Eggs 30pc Tray,GRW-EGG-05,Dairy,1,21.0,21.0,14.0,card
2026-10-07,TX-B3_growing_supermarket-d45-001380,Jeddah - Corniche,Jeddah,Eggs 30pc Tray,GRW-EGG-05,Dairy,1,21.0,21.0,14.0,cash
2026-10-07,TX-B3_growing_supermarket-d45-001381,Jeddah - Corniche,Jeddah,Eggs 30pc Tray,GRW-EGG-05,Dairy,1,21.0,21.0,14.0,cash
2026-10-07,TX-B3_growing_supermarket-d45-001382,Jeddah - Corniche,Jeddah,Eggs 30pc Tray,GRW-EGG-05,Dairy,1,21.0,21.0,14.0,cash
2026-10-07,TX-B3_growing_supermarket-d45-001383,Jeddah - Corniche,Jeddah,Eggs 30pc Tray,GRW-EGG-05,Dairy,1,21.0,21.0,14.0,card
2026-10-08,TX-B3_growing_supermarket-d45-001384,Jeddah - Corniche,Jeddah,Eggs 30pc Tray,GRW-EGG-05,Dairy,1,21.0,21.0,14.0,cash
2026-10-08,TX-B3_growing_supermarket-d45-001385,Jeddah - Corniche,Jeddah,Eggs 30pc Tray,GRW-EGG-05,Dairy,1,21.0,21.0,14.0,cash
2026-10-08,TX-B3_growing_supermarket-d45-001386,Jeddah - Corniche,Jeddah,Eggs 30pc Tray,GRW-EGG-05,Dairy,1,21.0,21.0,14.0,cash
2026-10-08,TX-B3_growing_supermarket-d45-001387,Jeddah - Corniche,Jeddah,Eggs 30pc Tray,GRW-EGG-05,Dairy,1,21.0,21.0,14.0,cash
2026-10-08,TX-B3_growing_supermarket-d45-001388,Jeddah - Corniche,Jeddah,Eggs 30pc Tray,GRW-EGG-05,Dairy,1,21.0,21.0,14.0,card
2026-10-08,TX-B3_growing_supermarket-d45-001389,Jeddah - Corniche,Jeddah,Eggs 30pc Tray,GRW-EGG-05,Dairy,1,21.0,21.0,14.0,cash
2026-10-08,TX-B3_growing_supermarket-d45-001390,Jeddah - Corniche,Jeddah,Eggs 30pc Tray,GRW-EGG-05,Dairy,1,21.0,21.0,14.0,card
2026-10-08,TX-B3_growing_supermarket-d45-001391,Jeddah - Corniche,Jeddah,Eggs 30pc Tray,GRW-EGG-05,Dairy,1,21.0,21.0,14.0,mada
2026-10-08,TX-B3_growing_supermarket-d45-001392,Jeddah - Corniche,Jeddah,Eggs 30pc Tray,GRW-EGG-05,Dairy,1,21.0,21.0,14.0,cash
2026-10-08,TX-B3_growing_supermarket-d45-001393,Jeddah - Corniche,Jeddah,Eggs 30pc Tray,GRW-EGG-05,Dairy,1,21.0,21.0,14.0,mada
2026-10-08,TX-B3_growing_supermarket-d45-001394,Jeddah - Corniche,Jeddah,Eggs 30pc Tray,GRW-EGG-05,Dairy,1,21.0,21.0,14.0,cash
2026-10-08,TX-B3_growing_supermarket-d45-001395,Jeddah - Corniche,Jeddah,Eggs 30pc Tray,GRW-EGG-05,Dairy,1,21.0,21.0,14.0,card
2026-10-08,TX-B3_growing_supermarket-d45-001396,Jeddah - Corniche,Jeddah,Eggs 30pc Tray,GRW-EGG-05,Dairy,1,21.0,21.0,14.0,mada
2026-10-08,TX-B3_growing_supermarket-d45-001397,Jeddah - Corniche,Jeddah,Eggs 30pc Tray,GRW-EGG-05,Dairy,1,21.0,21.0,14.0,cash
2026-10-09,TX-B3_growing_supermarket-d45-001398,Jeddah - Corniche,Jeddah,Eggs 30pc Tray,GRW-EGG-05,Dairy,1,21.0,21.0,14.0,mada
2026-10-09,TX-B3_growing_supermarket-d45-001399,Jeddah - Corniche,Jeddah,Eggs 30pc Tray,GRW-EGG-05,Dairy,1,21.0,21.0,14.0,cash
2026-10-09,TX-B3_growing_supermarket-d45-001400,Jeddah - Corniche,Jeddah,Eggs 30pc Tray,GRW-EGG-05,Dairy,1,21.0,21.0,14.0,mada
2026-10-09,TX-B3_growing_supermarket-d45-001401,Jeddah - Corniche,Jeddah,Eggs 30pc Tray,GRW-EGG-05,Dairy,1,21.0,21.0,14.0,cash
2026-10-09,TX-B3_growing_supermarket-d45-001402,Jeddah - Corniche,Jeddah,Eggs 30pc Tray,GRW-EGG-05,Dairy,1,21.0,21.0,14.0,mada
2026-10-09,TX-B3_growing_supermarket-d45-001403,Jeddah - Corniche,Jeddah,Eggs 30pc Tray,GRW-EGG-05,Dairy,1,21.0,21.0,14.0,cash
2026-10-09,TX-B3_growing_supermarket-d45-001404,Jeddah - Corniche,Jeddah,Eggs 30pc Tray,GRW-EGG-05,Dairy,1,21.0,21.0,14.0,card
2026-10-09,TX-B3_growing_supermarket-d45-001405,Jeddah - Corniche,Jeddah,Eggs 30pc Tray,GRW-EGG-05,Dairy,1,21.0,21.0,14.0,mada
2026-10-09,TX-B3_growing_supermarket-d45-001406,Jeddah - Corniche,Jeddah,Eggs 30pc Tray,GRW-EGG-05,Dairy,1,21.0,21.0,14.0,card
2026-10-09,TX-B3_growing_supermarket-d45-001407,Jeddah - Corniche,Jeddah,Eggs 30pc Tray,GRW-EGG-05,Dairy,1,21.0,21.0,14.0,card
2026-10-09,TX-B3_growing_supermarket-d45-001408,Jeddah - Corniche,Jeddah,Eggs 30pc Tray,GRW-EGG-05,Dairy,1,21.0,21.0,14.0,card
2026-10-09,TX-B3_growing_supermarket-d45-001409,Jeddah - Corniche,Jeddah,Eggs 30pc Tray,GRW-EGG-05,Dairy,1,21.0,21.0,14.0,mada
2026-10-09,TX-B3_growing_supermarket-d45-001410,Jeddah - Corniche,Jeddah,Eggs 30pc Tray,GRW-EGG-05,Dairy,1,21.0,21.0,14.0,card
2026-10-09,TX-B3_growing_supermarket-d45-001411,Jeddah - Corniche,Jeddah,Eggs 30pc Tray,GRW-EGG-05,Dairy,1,21.0,21.0,14.0,mada
2026-10-10,TX-B3_growing_supermarket-d45-001412,Jeddah - Corniche,Jeddah,Eggs 30pc Tray,GRW-EGG-05,Dairy,1,21.0,21.0,14.0,mada
2026-10-10,TX-B3_growing_supermarket-d45-001413,Jeddah - Corniche,Jeddah,Eggs 30pc Tray,GRW-EGG-05,Dairy,1,21.0,21.0,14.0,cash
2026-10-10,TX-B3_growing_supermarket-d45-001414,Jeddah - Corniche,Jeddah,Eggs 30pc Tray,GRW-EGG-05,Dairy,1,21.0,21.0,14.0,cash
2026-10-10,TX-B3_growing_supermarket-d45-001415,Jeddah - Corniche,Jeddah,Eggs 30pc Tray,GRW-EGG-05,Dairy,1,21.0,21.0,14.0,mada
2026-10-10,TX-B3_growing_supermarket-d45-001416,Jeddah - Corniche,Jeddah,Eggs 30pc Tray,GRW-EGG-05,Dairy,1,21.0,21.0,14.0,card
2026-10-10,TX-B3_growing_supermarket-d45-001417,Jeddah - Corniche,Jeddah,Eggs 30pc Tray,GRW-EGG-05,Dairy,1,21.0,21.0,14.0,card
2026-10-10,TX-B3_growing_supermarket-d45-001418,Jeddah - Corniche,Jeddah,Eggs 30pc Tray,GRW-EGG-05,Dairy,1,21.0,21.0,14.0,cash
2026-10-10,TX-B3_growing_supermarket-d45-001419,Jeddah - Corniche,Jeddah,Eggs 30pc Tray,GRW-EGG-05,Dairy,1,21.0,21.0,14.0,cash
2026-10-10,TX-B3_growing_supermarket-d45-001420,Jeddah - Corniche,Jeddah,Eggs 30pc Tray,GRW-EGG-05,Dairy,1,21.0,21.0,14.0,card
2026-10-10,TX-B3_growing_supermarket-d45-001421,Jeddah - Corniche,Jeddah,Eggs 30pc Tray,GRW-EGG-05,Dairy,1,21.0,21.0,14.0,card
2026-10-10,TX-B3_growing_supermarket-d45-001422,Jeddah - Corniche,Jeddah,Eggs 30pc Tray,GRW-EGG-05,Dairy,1,21.0,21.0,14.0,card
2026-10-10,TX-B3_growing_supermarket-d45-001423,Jeddah - Corniche,Jeddah,Eggs 30pc Tray,GRW-EGG-05,Dairy,1,21.0,21.0,14.0,mada
2026-09-26,TX-B3_growing_supermarket-d45-001424,Jeddah - Corniche,Jeddah,Black Tea 100 bags,CTL-TEA-06,Beverages,1,15.0,15.0,9.5,card
2026-09-26,TX-B3_growing_supermarket-d45-001425,Jeddah - Corniche,Jeddah,Black Tea 100 bags,CTL-TEA-06,Beverages,1,15.0,15.0,9.5,card
2026-09-26,TX-B3_growing_supermarket-d45-001426,Jeddah - Corniche,Jeddah,Black Tea 100 bags,CTL-TEA-06,Beverages,1,15.0,15.0,9.5,card
2026-09-26,TX-B3_growing_supermarket-d45-001427,Jeddah - Corniche,Jeddah,Black Tea 100 bags,CTL-TEA-06,Beverages,1,15.0,15.0,9.5,card
2026-09-27,TX-B3_growing_supermarket-d45-001428,Jeddah - Corniche,Jeddah,Black Tea 100 bags,CTL-TEA-06,Beverages,1,15.0,15.0,9.5,card
2026-09-27,TX-B3_growing_supermarket-d45-001429,Jeddah - Corniche,Jeddah,Black Tea 100 bags,CTL-TEA-06,Beverages,1,15.0,15.0,9.5,cash
2026-09-27,TX-B3_growing_supermarket-d45-001430,Jeddah - Corniche,Jeddah,Black Tea 100 bags,CTL-TEA-06,Beverages,1,15.0,15.0,9.5,mada
2026-09-27,TX-B3_growing_supermarket-d45-001431,Jeddah - Corniche,Jeddah,Black Tea 100 bags,CTL-TEA-06,Beverages,1,15.0,15.0,9.5,cash
2026-09-27,TX-B3_growing_supermarket-d45-001432,Jeddah - Corniche,Jeddah,Black Tea 100 bags,CTL-TEA-06,Beverages,1,15.0,15.0,9.5,mada
2026-09-27,TX-B3_growing_supermarket-d45-001433,Jeddah - Corniche,Jeddah,Black Tea 100 bags,CTL-TEA-06,Beverages,1,15.0,15.0,9.5,card
2026-09-28,TX-B3_growing_supermarket-d45-001434,Jeddah - Corniche,Jeddah,Black Tea 100 bags,CTL-TEA-06,Beverages,1,15.0,15.0,9.5,cash
2026-09-28,TX-B3_growing_supermarket-d45-001435,Jeddah - Corniche,Jeddah,Black Tea 100 bags,CTL-TEA-06,Beverages,1,15.0,15.0,9.5,card
2026-09-28,TX-B3_growing_supermarket-d45-001436,Jeddah - Corniche,Jeddah,Black Tea 100 bags,CTL-TEA-06,Beverages,1,15.0,15.0,9.5,mada
2026-09-29,TX-B3_growing_supermarket-d45-001437,Jeddah - Corniche,Jeddah,Black Tea 100 bags,CTL-TEA-06,Beverages,1,15.0,15.0,9.5,cash
2026-09-29,TX-B3_growing_supermarket-d45-001438,Jeddah - Corniche,Jeddah,Black Tea 100 bags,CTL-TEA-06,Beverages,1,15.0,15.0,9.5,card
2026-09-29,TX-B3_growing_supermarket-d45-001439,Jeddah - Corniche,Jeddah,Black Tea 100 bags,CTL-TEA-06,Beverages,1,15.0,15.0,9.5,card
2026-09-29,TX-B3_growing_supermarket-d45-001440,Jeddah - Corniche,Jeddah,Black Tea 100 bags,CTL-TEA-06,Beverages,1,15.0,15.0,9.5,mada
2026-09-29,TX-B3_growing_supermarket-d45-001441,Jeddah - Corniche,Jeddah,Black Tea 100 bags,CTL-TEA-06,Beverages,1,15.0,15.0,9.5,card
2026-09-30,TX-B3_growing_supermarket-d45-001442,Jeddah - Corniche,Jeddah,Black Tea 100 bags,CTL-TEA-06,Beverages,1,15.0,15.0,9.5,mada
2026-09-30,TX-B3_growing_supermarket-d45-001443,Jeddah - Corniche,Jeddah,Black Tea 100 bags,CTL-TEA-06,Beverages,1,15.0,15.0,9.5,mada
2026-09-30,TX-B3_growing_supermarket-d45-001444,Jeddah - Corniche,Jeddah,Black Tea 100 bags,CTL-TEA-06,Beverages,1,15.0,15.0,9.5,mada
2026-09-30,TX-B3_growing_supermarket-d45-001445,Jeddah - Corniche,Jeddah,Black Tea 100 bags,CTL-TEA-06,Beverages,1,15.0,15.0,9.5,mada
2026-09-30,TX-B3_growing_supermarket-d45-001446,Jeddah - Corniche,Jeddah,Black Tea 100 bags,CTL-TEA-06,Beverages,1,15.0,15.0,9.5,cash
2026-09-30,TX-B3_growing_supermarket-d45-001447,Jeddah - Corniche,Jeddah,Black Tea 100 bags,CTL-TEA-06,Beverages,1,15.0,15.0,9.5,card
2026-09-30,TX-B3_growing_supermarket-d45-001448,Jeddah - Corniche,Jeddah,Black Tea 100 bags,CTL-TEA-06,Beverages,1,15.0,15.0,9.5,mada
2026-10-01,TX-B3_growing_supermarket-d45-001449,Jeddah - Corniche,Jeddah,Black Tea 100 bags,CTL-TEA-06,Beverages,1,15.0,15.0,9.5,card
2026-10-01,TX-B3_growing_supermarket-d45-001450,Jeddah - Corniche,Jeddah,Black Tea 100 bags,CTL-TEA-06,Beverages,1,15.0,15.0,9.5,cash
2026-10-01,TX-B3_growing_supermarket-d45-001451,Jeddah - Corniche,Jeddah,Black Tea 100 bags,CTL-TEA-06,Beverages,1,15.0,15.0,9.5,card
2026-10-01,TX-B3_growing_supermarket-d45-001452,Jeddah - Corniche,Jeddah,Black Tea 100 bags,CTL-TEA-06,Beverages,1,15.0,15.0,9.5,cash
2026-10-01,TX-B3_growing_supermarket-d45-001453,Jeddah - Corniche,Jeddah,Black Tea 100 bags,CTL-TEA-06,Beverages,1,15.0,15.0,9.5,card
2026-10-01,TX-B3_growing_supermarket-d45-001454,Jeddah - Corniche,Jeddah,Black Tea 100 bags,CTL-TEA-06,Beverages,1,15.0,15.0,9.5,card
2026-10-01,TX-B3_growing_supermarket-d45-001455,Jeddah - Corniche,Jeddah,Black Tea 100 bags,CTL-TEA-06,Beverages,1,15.0,15.0,9.5,mada
2026-10-02,TX-B3_growing_supermarket-d45-001456,Jeddah - Corniche,Jeddah,Black Tea 100 bags,CTL-TEA-06,Beverages,1,15.0,15.0,9.5,card
2026-10-02,TX-B3_growing_supermarket-d45-001457,Jeddah - Corniche,Jeddah,Black Tea 100 bags,CTL-TEA-06,Beverages,1,15.0,15.0,9.5,card
2026-10-02,TX-B3_growing_supermarket-d45-001458,Jeddah - Corniche,Jeddah,Black Tea 100 bags,CTL-TEA-06,Beverages,1,15.0,15.0,9.5,mada
2026-10-02,TX-B3_growing_supermarket-d45-001459,Jeddah - Corniche,Jeddah,Black Tea 100 bags,CTL-TEA-06,Beverages,1,15.0,15.0,9.5,card
2026-10-02,TX-B3_growing_supermarket-d45-001460,Jeddah - Corniche,Jeddah,Black Tea 100 bags,CTL-TEA-06,Beverages,1,15.0,15.0,9.5,mada
2026-10-03,TX-B3_growing_supermarket-d45-001461,Jeddah - Corniche,Jeddah,Black Tea 100 bags,CTL-TEA-06,Beverages,1,15.0,15.0,9.5,mada
2026-10-03,TX-B3_growing_supermarket-d45-001462,Jeddah - Corniche,Jeddah,Black Tea 100 bags,CTL-TEA-06,Beverages,1,15.0,15.0,9.5,mada
2026-10-03,TX-B3_growing_supermarket-d45-001463,Jeddah - Corniche,Jeddah,Black Tea 100 bags,CTL-TEA-06,Beverages,1,15.0,15.0,9.5,cash
2026-10-03,TX-B3_growing_supermarket-d45-001464,Jeddah - Corniche,Jeddah,Black Tea 100 bags,CTL-TEA-06,Beverages,1,15.0,15.0,9.5,cash
2026-10-03,TX-B3_growing_supermarket-d45-001465,Jeddah - Corniche,Jeddah,Black Tea 100 bags,CTL-TEA-06,Beverages,1,15.0,15.0,9.5,cash
2026-10-03,TX-B3_growing_supermarket-d45-001466,Jeddah - Corniche,Jeddah,Black Tea 100 bags,CTL-TEA-06,Beverages,1,15.0,15.0,9.5,card
2026-10-03,TX-B3_growing_supermarket-d45-001467,Jeddah - Corniche,Jeddah,Black Tea 100 bags,CTL-TEA-06,Beverages,1,15.0,15.0,9.5,card
2026-10-04,TX-B3_growing_supermarket-d45-001468,Jeddah - Corniche,Jeddah,Black Tea 100 bags,CTL-TEA-06,Beverages,1,15.0,15.0,9.5,mada
2026-10-04,TX-B3_growing_supermarket-d45-001469,Jeddah - Corniche,Jeddah,Black Tea 100 bags,CTL-TEA-06,Beverages,1,15.0,15.0,9.5,mada
2026-10-04,TX-B3_growing_supermarket-d45-001470,Jeddah - Corniche,Jeddah,Black Tea 100 bags,CTL-TEA-06,Beverages,1,15.0,15.0,9.5,mada
2026-10-04,TX-B3_growing_supermarket-d45-001471,Jeddah - Corniche,Jeddah,Black Tea 100 bags,CTL-TEA-06,Beverages,1,15.0,15.0,9.5,cash
2026-10-04,TX-B3_growing_supermarket-d45-001472,Jeddah - Corniche,Jeddah,Black Tea 100 bags,CTL-TEA-06,Beverages,1,15.0,15.0,9.5,card
2026-10-04,TX-B3_growing_supermarket-d45-001473,Jeddah - Corniche,Jeddah,Black Tea 100 bags,CTL-TEA-06,Beverages,1,15.0,15.0,9.5,card
2026-10-05,TX-B3_growing_supermarket-d45-001474,Jeddah - Corniche,Jeddah,Black Tea 100 bags,CTL-TEA-06,Beverages,1,15.0,15.0,9.5,card
2026-10-05,TX-B3_growing_supermarket-d45-001475,Jeddah - Corniche,Jeddah,Black Tea 100 bags,CTL-TEA-06,Beverages,1,15.0,15.0,9.5,cash
2026-10-05,TX-B3_growing_supermarket-d45-001476,Jeddah - Corniche,Jeddah,Black Tea 100 bags,CTL-TEA-06,Beverages,1,15.0,15.0,9.5,cash
2026-10-05,TX-B3_growing_supermarket-d45-001477,Jeddah - Corniche,Jeddah,Black Tea 100 bags,CTL-TEA-06,Beverages,1,15.0,15.0,9.5,cash
2026-10-05,TX-B3_growing_supermarket-d45-001478,Jeddah - Corniche,Jeddah,Black Tea 100 bags,CTL-TEA-06,Beverages,1,15.0,15.0,9.5,cash
2026-10-05,TX-B3_growing_supermarket-d45-001479,Jeddah - Corniche,Jeddah,Black Tea 100 bags,CTL-TEA-06,Beverages,1,15.0,15.0,9.5,cash
2026-10-05,TX-B3_growing_supermarket-d45-001480,Jeddah - Corniche,Jeddah,Black Tea 100 bags,CTL-TEA-06,Beverages,1,15.0,15.0,9.5,cash
2026-10-06,TX-B3_growing_supermarket-d45-001481,Jeddah - Corniche,Jeddah,Black Tea 100 bags,CTL-TEA-06,Beverages,1,15.0,15.0,9.5,card
2026-10-06,TX-B3_growing_supermarket-d45-001482,Jeddah - Corniche,Jeddah,Black Tea 100 bags,CTL-TEA-06,Beverages,1,15.0,15.0,9.5,mada
2026-10-06,TX-B3_growing_supermarket-d45-001483,Jeddah - Corniche,Jeddah,Black Tea 100 bags,CTL-TEA-06,Beverages,1,15.0,15.0,9.5,mada
2026-10-06,TX-B3_growing_supermarket-d45-001484,Jeddah - Corniche,Jeddah,Black Tea 100 bags,CTL-TEA-06,Beverages,1,15.0,15.0,9.5,mada
2026-10-06,TX-B3_growing_supermarket-d45-001485,Jeddah - Corniche,Jeddah,Black Tea 100 bags,CTL-TEA-06,Beverages,1,15.0,15.0,9.5,cash
2026-10-06,TX-B3_growing_supermarket-d45-001486,Jeddah - Corniche,Jeddah,Black Tea 100 bags,CTL-TEA-06,Beverages,1,15.0,15.0,9.5,card
2026-10-06,TX-B3_growing_supermarket-d45-001487,Jeddah - Corniche,Jeddah,Black Tea 100 bags,CTL-TEA-06,Beverages,1,15.0,15.0,9.5,card
2026-10-07,TX-B3_growing_supermarket-d45-001488,Jeddah - Corniche,Jeddah,Black Tea 100 bags,CTL-TEA-06,Beverages,1,15.0,15.0,9.5,cash
2026-10-07,TX-B3_growing_supermarket-d45-001489,Jeddah - Corniche,Jeddah,Black Tea 100 bags,CTL-TEA-06,Beverages,1,15.0,15.0,9.5,card
2026-10-07,TX-B3_growing_supermarket-d45-001490,Jeddah - Corniche,Jeddah,Black Tea 100 bags,CTL-TEA-06,Beverages,1,15.0,15.0,9.5,card
2026-10-07,TX-B3_growing_supermarket-d45-001491,Jeddah - Corniche,Jeddah,Black Tea 100 bags,CTL-TEA-06,Beverages,1,15.0,15.0,9.5,cash
2026-10-07,TX-B3_growing_supermarket-d45-001492,Jeddah - Corniche,Jeddah,Black Tea 100 bags,CTL-TEA-06,Beverages,1,15.0,15.0,9.5,cash
2026-10-07,TX-B3_growing_supermarket-d45-001493,Jeddah - Corniche,Jeddah,Black Tea 100 bags,CTL-TEA-06,Beverages,1,15.0,15.0,9.5,card
2026-10-08,TX-B3_growing_supermarket-d45-001494,Jeddah - Corniche,Jeddah,Black Tea 100 bags,CTL-TEA-06,Beverages,1,15.0,15.0,9.5,cash
2026-10-08,TX-B3_growing_supermarket-d45-001495,Jeddah - Corniche,Jeddah,Black Tea 100 bags,CTL-TEA-06,Beverages,1,15.0,15.0,9.5,card
2026-10-08,TX-B3_growing_supermarket-d45-001496,Jeddah - Corniche,Jeddah,Black Tea 100 bags,CTL-TEA-06,Beverages,1,15.0,15.0,9.5,mada
2026-10-08,TX-B3_growing_supermarket-d45-001497,Jeddah - Corniche,Jeddah,Black Tea 100 bags,CTL-TEA-06,Beverages,1,15.0,15.0,9.5,mada
2026-10-09,TX-B3_growing_supermarket-d45-001498,Jeddah - Corniche,Jeddah,Black Tea 100 bags,CTL-TEA-06,Beverages,1,15.0,15.0,9.5,cash
2026-10-09,TX-B3_growing_supermarket-d45-001499,Jeddah - Corniche,Jeddah,Black Tea 100 bags,CTL-TEA-06,Beverages,1,15.0,15.0,9.5,mada
2026-10-09,TX-B3_growing_supermarket-d45-001500,Jeddah - Corniche,Jeddah,Black Tea 100 bags,CTL-TEA-06,Beverages,1,15.0,15.0,9.5,mada
2026-10-09,TX-B3_growing_supermarket-d45-001501,Jeddah - Corniche,Jeddah,Black Tea 100 bags,CTL-TEA-06,Beverages,1,15.0,15.0,9.5,cash
2026-10-09,TX-B3_growing_supermarket-d45-001502,Jeddah - Corniche,Jeddah,Black Tea 100 bags,CTL-TEA-06,Beverages,1,15.0,15.0,9.5,mada
2026-10-10,TX-B3_growing_supermarket-d45-001503,Jeddah - Corniche,Jeddah,Black Tea 100 bags,CTL-TEA-06,Beverages,1,15.0,15.0,9.5,mada
2026-10-10,TX-B3_growing_supermarket-d45-001504,Jeddah - Corniche,Jeddah,Black Tea 100 bags,CTL-TEA-06,Beverages,1,15.0,15.0,9.5,cash
2026-10-10,TX-B3_growing_supermarket-d45-001505,Jeddah - Corniche,Jeddah,Black Tea 100 bags,CTL-TEA-06,Beverages,1,15.0,15.0,9.5,card
2026-10-10,TX-B3_growing_supermarket-d45-001506,Jeddah - Corniche,Jeddah,Black Tea 100 bags,CTL-TEA-06,Beverages,1,15.0,15.0,9.5,mada
2026-10-10,TX-B3_growing_supermarket-d45-001507,Jeddah - Corniche,Jeddah,Black Tea 100 bags,CTL-TEA-06,Beverages,1,15.0,15.0,9.5,cash
2026-10-10,TX-B3_growing_supermarket-d45-001508,Jeddah - Corniche,Jeddah,Black Tea 100 bags,CTL-TEA-06,Beverages,1,15.0,15.0,9.5,card
2026-10-10,TX-B3_growing_supermarket-d45-001509,Jeddah - Corniche,Jeddah,Black Tea 100 bags,CTL-TEA-06,Beverages,1,15.0,15.0,9.5,cash
2026-10-10,TX-B3_growing_supermarket-d45-001510,Jeddah - Corniche,Jeddah,Black Tea 100 bags,CTL-TEA-06,Beverages,1,15.0,15.0,9.5,mada
2026-10-10,TX-B3_growing_supermarket-d45-001511,Jeddah - Corniche,Jeddah,Black Tea 100 bags,CTL-TEA-06,Beverages,1,15.0,15.0,9.5,mada
