Date,Transaction ID,Branch,City,Product,SKU,Category,Qty,Unit Price SAR,Total SAR,Cost SAR,Payment Method
2026-09-10,TX-B3_growing_supermarket-d30-000001,Jeddah - Corniche,Jeddah,Basmati Rice 5kg,GRW-RIC-01,Rice & Grains,1,49.0,49.0,32.0,mada
2026-09-10,TX-B3_growing_supermarket-d30-000002,Jeddah - Corniche,Jeddah,Basmati Rice 5kg,GRW-RIC-01,Rice & Grains,1,49.0,49.0,32.0,mada
2026-09-10,TX-B3_growing_supermarket-d30-000003,Jeddah - Corniche,Jeddah,Basmati Rice 5kg,GRW-RIC-01,Rice & Grains,1,49.0,49.0,32.0,mada
2026-09-10,TX-B3_growing_supermarket-d30-000004,Jeddah - Corniche,Jeddah,Basmati Rice 5kg,GRW-RIC-01,Rice & Grains,1,49.0,49.0,32.0,mada
2026-09-10,TX-B3_growing_supermarket-d30-000005,Jeddah - Corniche,Jeddah,Basmati Rice 5kg,GRW-RIC-01,Rice & Grains,1,49.0,49.0,32.0,card
2026-09-10,TX-B3_growing_supermarket-d30-000006,Jeddah - Corniche,Jeddah,Basmati Rice 5kg,GRW-RIC-01,Rice & Grains,1,49.0,49.0,32.0,cash
2026-09-10,TX-B3_growing_supermarket-d30-000007,Jeddah - Corniche,Jeddah,Basmati Rice 5kg,GRW-RIC-01,Rice & Grains,1,49.0,49.0,32.0,card
2026-09-10,TX-B3_growing_supermarket-d30-000008,Jeddah - Corniche,Jeddah,Basmati Rice 5kg,GRW-RIC-01,Rice & Grains,1,49.0,49.0,32.0,cash
2026-09-10,TX-B3_growing_supermarket-d30-000009,Jeddah - Corniche,Jeddah,Basmati Rice 5kg,GRW-RIC-01,Rice & Grains,1,49.0,49.0,32.0,card
2026-09-10,TX-B3_growing_supermarket-d30-000010,Jeddah - Corniche,Jeddah,Basmati Rice 5kg,GRW-RIC-01,Rice & Grains,1,49.0,49.0,32.0,card
2026-09-10,TX-B3_growing_supermarket-d30-000011,Jeddah - Corniche,Jeddah,Basmati Rice 5kg,GRW-RIC-01,Rice & Grains,1,49.0,49.0,32.0,card
2026-09-10,TX-B3_growing_supermarket-d30-000012,Jeddah - Corniche,Jeddah,Basmati Rice 5kg,GRW-RIC-01,Rice & Grains,1,49.0,49.0,32.0,card
2026-09-10,TX-B3_growing_supermarket-d30-000013,Jeddah - Corniche,Jeddah,Basmati Rice 5kg,GRW-RIC-01,Rice & Grains,1,49.0,49.0,32.0,cash
2026-09-10,TX-B3_growing_supermarket-d30-000014,Jeddah - Corniche,Jeddah,Basmati Rice 5kg,GRW-RIC-01,Rice & Grains,1,49.0,49.0,32.0,card
2026-09-10,TX-B3_growing_supermarket-d30-000015,Jeddah - Corniche,Jeddah,Basmati Rice 5kg,GRW-RIC-01,Rice & Grains,1,49.0,49.0,32.0,cash
2026-09-10,TX-B3_growing_supermarket-d30-000016,Jeddah - Corniche,Jeddah,Basmati Rice 5kg,GRW-RIC-01,Rice & Grains,1,49.0,49.0,32.0,cash
2026-09-10,TX-B3_growing_supermarket-d30-000017,Jeddah - Corniche,Jeddah,Basmati Rice 5kg,GRW-RIC-01,Rice & Grains,1,49.0,49.0,32.0,mada
2026-09-10,TX-B3_growing_supermarket-d30-000018,Jeddah - Corniche,Jeddah,Basmati Rice 5kg,GRW-RIC-01,Rice & Grains,1,49.0,49.0,32.0,cash
2026-09-10,TX-B3_growing_supermarket-d30-000019,Jeddah - Corniche,Jeddah,Basmati Rice 5kg,GRW-RIC-01,Rice & Grains,1,49.0,49.0,32.0,cash
2026-09-10,TX-B3_growing_supermarket-d30-000020,Jeddah - Corniche,Jeddah,Basmati Rice 5kg,GRW-RIC-01,Rice & Grains,1,49.0,49.0,32.0,card
2026-09-10,TX-B3_growing_supermarket-d30-000021,Jeddah - Corniche,Jeddah,Basmati Rice 5kg,GRW-RIC-01,Rice & Grains,1,49.0,49.0,32.0,card
2026-09-10,TX-B3_growing_supermarket-d30-000022,Jeddah - Corniche,Jeddah,Basmati Rice 5kg,GRW-RIC-01,Rice & Grains,1,49.0,49.0,32.0,card
2026-09-10,TX-B3_growing_supermarket-d30-000023,Jeddah - Corniche,Jeddah,Basmati Rice 5kg,GRW-RIC-01,Rice & Grains,1,49.0,49.0,32.0,cash
2026-09-11,TX-B3_growing_supermarket-d30-000024,Jeddah - Corniche,Jeddah,Basmati Rice 5kg,GRW-RIC-01,Rice & Grains,1,49.0,49.0,32.0,card
2026-09-11,TX-B3_growing_supermarket-d30-000025,Jeddah - Corniche,Jeddah,Basmati Rice 5kg,GRW-RIC-01,Rice & Grains,1,49.0,49.0,32.0,card
2026-09-11,TX-B3_growing_supermarket-d30-000026,Jeddah - Corniche,Jeddah,Basmati Rice 5kg,GRW-RIC-01,Rice & Grains,1,49.0,49.0,32.0,mada
2026-09-11,TX-B3_growing_supermarket-d30-000027,Jeddah - Corniche,Jeddah,Basmati Rice 5kg,GRW-RIC-01,Rice & Grains,1,49.0,49.0,32.0,card
2026-09-11,TX-B3_growing_supermarket-d30-000028,Jeddah - Corniche,Jeddah,Basmati Rice 5kg,GRW-RIC-01,Rice & Grains,1,49.0,49.0,32.0,mada
2026-09-11,TX-B3_growing_supermarket-d30-000029,Jeddah - Corniche,Jeddah,Basmati Rice 5kg,GRW-RIC-01,Rice & Grains,1,49.0,49.0,32.0,card
2026-09-11,TX-B3_growing_supermarket-d30-000030,Jeddah - Corniche,Jeddah,Basmati Rice 5kg,GRW-RIC-01,Rice & Grains,1,49.0,49.0,32.0,mada
2026-09-11,TX-B3_growing_supermarket-d30-000031,Jeddah - Corniche,Jeddah,Basmati Rice 5kg,GRW-RIC-01,Rice & Grains,1,49.0,49.0,32.0,cash
2026-09-11,TX-B3_growing_supermarket-d30-000032,Jeddah - Corniche,Jeddah,Basmati Rice 5kg,GRW-RIC-01,Rice & Grains,1,49.0,49.0,32.0,mada
2026-09-11,TX-B3_growing_supermarket-d30-000033,Jeddah - Corniche,Jeddah,Basmati Rice 5kg,GRW-RIC-01,Rice & Grains,1,49.0,49.0,32.0,mada
2026-09-11,TX-B3_growing_supermarket-d30-000034,Jeddah - Corniche,Jeddah,Basmati Rice 5kg,GRW-RIC-01,Rice & Grains,1,49.0,49.0,32.0,cash
2026-09-11,TX-B3_growing_supermarket-d30-000035,Jeddah - Corniche,Jeddah,Basmati Rice 5kg,GRW-RIC-01,Rice & Grains,1,49.0,49.0,32.0,cash
2026-09-11,TX-B3_growing_supermarket-d30-000036,Jeddah - Corniche,Jeddah,Basmati Rice 5kg,GRW-RIC-01,Rice & Grains,1,49.0,49.0,32.0,cash
2026-09-11,TX-B3_growing_supermarket-d30-000037,Jeddah - Corniche,Jeddah,Basmati Rice 5kg,GRW-RIC-01,Rice & Grains,1,49.0,49.0,32.0,card
2026-09-11,TX-B3_growing_supermarket-d30-000038,Jeddah - Corniche,Jeddah,Basmati Rice 5kg,GRW-RIC-01,Rice & Grains,1,49.0,49.0,32.0,cash
2026-09-11,TX-B3_growing_supermarket-d30-000039,Jeddah - Corniche,Jeddah,Basmati Rice 5kg,GRW-RIC-01,Rice & Grains,1,49.0,49.0,32.0,cash
2026-09-11,TX-B3_growing_supermarket-d30-000040,Jeddah - Corniche,Jeddah,Basmati Rice 5kg,GRW-RIC-01,Rice & Grains,1,49.0,49.0,32.0,mada
2026-09-11,TX-B3_growing_supermarket-d30-000041,Jeddah - Corniche,Jeddah,Basmati Rice 5kg,GRW-RIC-01,Rice & Grains,1,49.0,49.0,32.0,cash
2026-09-12,TX-B3_growing_supermarket-d30-000042,Jeddah - Corniche,Jeddah,Basmati Rice 5kg,GRW-RIC-01,Rice & Grains,1,49.0,49.0,32.0,card
2026-09-12,TX-B3_growing_supermarket-d30-000043,Jeddah - Corniche,Jeddah,Basmati Rice 5kg,GRW-RIC-01,Rice & Grains,1,49.0,49.0,32.0,cash
2026-09-12,TX-B3_growing_supermarket-d30-000044,Jeddah - Corniche,Jeddah,Basmati Rice 5kg,GRW-RIC-01,Rice & Grains,1,49.0,49.0,32.0,cash
2026-09-12,TX-B3_growing_supermarket-d30-000045,Jeddah - Corniche,Jeddah,Basmati Rice 5kg,GRW-RIC-01,Rice & Grains,1,49.0,49.0,32.0,mada
2026-09-12,TX-B3_growing_supermarket-d30-000046,Jeddah - Corniche,Jeddah,Basmati Rice 5kg,GRW-RIC-01,Rice & Grains,1,49.0,49.0,32.0,cash
2026-09-12,TX-B3_growing_supermarket-d30-000047,Jeddah - Corniche,Jeddah,Basmati Rice 5kg,GRW-RIC-01,Rice & Grains,1,49.0,49.0,32.0,cash
2026-09-12,TX-B3_growing_supermarket-d30-000048,Jeddah - Corniche,Jeddah,Basmati Rice 5kg,GRW-RIC-01,Rice & Grains,1,49.0,49.0,32.0,mada
2026-09-12,TX-B3_growing_supermarket-d30-000049,Jeddah - Corniche,Jeddah,Basmati Rice 5kg,GRW-RIC-01,Rice & Grains,1,49.0,49.0,32.0,cash
2026-09-12,TX-B3_growing_supermarket-d30-000050,Jeddah - Corniche,Jeddah,Basmati Rice 5kg,GRW-RIC-01,Rice & Grains,1,49.0,49.0,32.0,cash
2026-09-12,TX-B3_growing_supermarket-d30-000051,Jeddah - Corniche,Jeddah,Basmati Rice 5kg,GRW-RIC-01,Rice & Grains,1,49.0,49.0,32.0,cash
2026-09-12,TX-B3_growing_supermarket-d30-000052,Jeddah - Corniche,Jeddah,Basmati Rice 5kg,GRW-RIC-01,Rice & Grains,1,49.0,49.0,32.0,mada
2026-09-12,TX-B3_growing_supermarket-d30-000053,Jeddah - Corniche,Jeddah,Basmati Rice 5kg,GRW-RIC-01,Rice & Grains,1,49.0,49.0,32.0,card
2026-09-12,TX-B3_growing_supermarket-d30-000054,Jeddah - Corniche,Jeddah,Basmati Rice 5kg,GRW-RIC-01,Rice & Grains,1,49.0,49.0,32.0,cash
2026-09-12,TX-B3_growing_supermarket-d30-000055,Jeddah - Corniche,Jeddah,Basmati Rice 5kg,GRW-RIC-01,Rice & Grains,1,49.0,49.0,32.0,mada
2026-09-12,TX-B3_growing_supermarket-d30-000056,Jeddah - Corniche,Jeddah,Basmati Rice 5kg,GRW-RIC-01,Rice & Grains,1,49.0,49.0,32.0,cash
2026-09-12,TX-B3_growing_supermarket-d30-000057,Jeddah - Corniche,Jeddah,Basmati Rice 5kg,GRW-RIC-01,Rice & Grains,1,49.0,49.0,32.0,card
2026-09-12,TX-B3_growing_supermarket-d30-000058,Jeddah - Corniche,Jeddah,Basmati Rice 5kg,GRW-RIC-01,Rice & Grains,1,49.0,49.0,32.0,mada
2026-09-12,TX-B3_growing_supermarket-d30-000059,Jeddah - Corniche,Jeddah,Basmati Rice 5kg,GRW-RIC-01,Rice & Grains,1,49.0,49.0,32.0,mada
2026-09-13,TX-B3_growing_supermarket-d30-000060,Jeddah - Corniche,Jeddah,Basmati Rice 5kg,GRW-RIC-01,Rice & Grains,1,49.0,49.0,32.0,mada
2026-09-13,TX-B3_growing_supermarket-d30-000061,Jeddah - Corniche,Jeddah,Basmati Rice 5kg,GRW-RIC-01,Rice & Grains,1,49.0,49.0,32.0,mada
2026-09-13,TX-B3_growing_supermarket-d30-000062,Jeddah - Corniche,Jeddah,Basmati Rice 5kg,GRW-RIC-01,Rice & Grains,1,49.0,49.0,32.0,mada
2026-09-13,TX-B3_growing_supermarket-d30-000063,Jeddah - Corniche,Jeddah,Basmati Rice 5kg,GRW-RIC-01,Rice & Grains,1,49.0,49.0,32.0,mada
2026-09-13,TX-B3_growing_supermarket-d30-000064,Jeddah - Corniche,Jeddah,Basmati Rice 5kg,GRW-RIC-01,Rice & Grains,1,49.0,49.0,32.0,card
2026-09-13,TX-B3_growing_supermarket-d30-000065,Jeddah - Corniche,Jeddah,Basmati Rice 5kg,GRW-RIC-01,Rice & Grains,1,49.0,49.0,32.0,mada
2026-09-13,TX-B3_growing_supermarket-d30-000066,Jeddah - Corniche,Jeddah,Basmati Rice 5kg,GRW-RIC-01,Rice & Grains,1,49.0,49.0,32.0,cash
2026-09-13,TX-B3_growing_supermarket-d30-000067,Jeddah - Corniche,Jeddah,Basmati Rice 5kg,GRW-RIC-01,Rice & Grains,1,49.0,49.0,32.0,mada
2026-09-13,TX-B3_growing_supermarket-d30-000068,Jeddah - Corniche,Jeddah,Basmati Rice 5kg,GRW-RIC-01,Rice & Grains,1,49.0,49.0,32.0,mada
2026-09-13,TX-B3_growing_supermarket-d30-000069,Jeddah - Corniche,Jeddah,Basmati Rice 5kg,GRW-RIC-01,Rice & Grains,1,49.0,49.0,32.0,cash
2026-09-13,TX-B3_growing_supermarket-d30-000070,Jeddah - Corniche,Jeddah,Basmati Rice 5kg,GRW-RIC-01,Rice & Grains,1,49.0,49.0,32.0,card
2026-09-13,TX-B3_growing_supermarket-d30-000071,Jeddah - Corniche,Jeddah,Basmati Rice 5kg,GRW-RIC-01,Rice & Grains,1,49.0,49.0,32.0,card
2026-09-13,TX-B3_growing_supermarket-d30-000072,Jeddah - Corniche,Jeddah,Basmati Rice 5kg,GRW-RIC-01,Rice & Grains,1,49.0,49.0,32.0,mada
2026-09-13,TX-B3_growing_supermarket-d30-000073,Jeddah - Corniche,Jeddah,Basmati Rice 5kg,GRW-RIC-01,Rice & Grains,1,49.0,49.0,32.0,cash
2026-09-13,TX-B3_growing_supermarket-d30-000074,Jeddah - Corniche,Jeddah,Basmati Rice 5kg,GRW-RIC-01,Rice & Grains,1,49.0,49.0,32.0,cash
2026-09-13,TX-B3_growing_supermarket-d30-000075,Jeddah - Corniche,Jeddah,Basmati Rice 5kg,GRW-RIC-01,Rice & Grains,1,49.0,49.0,32.0,card
2026-09-13,TX-B3_growing_supermarket-d30-000076,Jeddah - Corniche,Jeddah,Basmati Rice 5kg,GRW-RIC-01,Rice & Grains,1,49.0,49.0,32.0,mada
2026-09-13,TX-B3_growing_supermarket-d30-000077,Jeddah - Corniche,Jeddah,Basmati Rice 5kg,GRW-RIC-01,Rice & Grains,1,49.0,49.0,32.0,cash
2026-09-13,TX-B3_growing_supermarket-d30-000078,Jeddah - Corniche,Jeddah,Basmati Rice 5kg,GRW-RIC-01,Rice & Grains,1,49.0,49.0,32.0,card
2026-09-13,TX-B3_growing_supermarket-d30-000079,Jeddah - Corniche,Jeddah,Basmati Rice 5kg,GRW-RIC-01,Rice & Grains,1,49.0,49.0,32.0,card
2026-09-13,TX-B3_growing_supermarket-d30-000080,Jeddah - Corniche,Jeddah,Basmati Rice 5kg,GRW-RIC-01,Rice & Grains,1,49.0,49.0,32.0,cash
2026-09-13,TX-B3_growing_supermarket-d30-000081,Jeddah - Corniche,Jeddah,Basmati Rice 5kg,GRW-RIC-01,Rice & Grains,1,49.0,49.0,32.0,mada
2026-09-13,TX-B3_growing_supermarket-d30-000082,Jeddah - Corniche,Jeddah,Basmati Rice 5kg,GRW-RIC-01,Rice & Grains,1,49.0,49.0,32.0,mada
2026-09-13,TX-B3_growing_supermarket-d30-000083,Jeddah - Corniche,Jeddah,Basmati Rice 5kg,GRW-RIC-01,Rice & Grains,1,49.0,49.0,32.0,card
2026-09-13,TX-B3_growing_supermarket-d30-000084,Jeddah - Corniche,Jeddah,Basmati Rice 5kg,GRW-RIC-01,Rice & Grains,1,49.0,49.0,32.0,cash
2026-09-13,TX-B3_growing_supermarket-d30-000085,Jeddah - Corniche,Jeddah,Basmati Rice 5kg,GRW-RIC-01,Rice & Grains,1,49.0,49.0,32.0,mada
2026-09-13,TX-B3_growing_supermarket-d30-000086,Jeddah - Corniche,Jeddah,Basmati Rice 5kg,GRW-RIC-01,Rice & Grains,1,49.0,49.0,32.0,cash
2026-09-13,TX-B3_growing_supermarket-d30-000087,Jeddah - Corniche,Jeddah,Basmati Rice 5kg,GRW-RIC-01,Rice & Grains,1,49.0,49.0,32.0,cash
2026-09-13,TX-B3_growing_supermarket-d30-000088,Jeddah - Corniche,Jeddah,Basmati Rice 5kg,GRW-RIC-01,Rice & Grains,1,49.0,49.0,32.0,card
2026-09-13,TX-B3_growing_supermarket-d30-000089,Jeddah - Corniche,Jeddah,Basmati Rice 5kg,GRW-RIC-01,Rice & Grains,1,49.0,49.0,32.0,cash
2026-09-14,TX-B3_growing_supermarket-d30-000090,Jeddah - Corniche,Jeddah,Basmati Rice 5kg,GRW-RIC-01,Rice & Grains,1,49.0,49.0,32.0,mada
2026-09-14,TX-B3_growing_supermarket-d30-000091,Jeddah - Corniche,Jeddah,Basmati Rice 5kg,GRW-RIC-01,Rice & Grains,1,49.0,49.0,32.0,mada
2026-09-14,TX-B3_growing_supermarket-d30-000092,Jeddah - Corniche,Jeddah,Basmati Rice 5kg,GRW-RIC-01,Rice & Grains,1,49.0,49.0,32.0,cash
2026-09-14,TX-B3_growing_supermarket-d30-000093,Jeddah - Corniche,Jeddah,Basmati Rice 5kg,GRW-RIC-01,Rice & Grains,1,49.0,49.0,32.0,cash
2026-09-14,TX-B3_growing_supermarket-d30-000094,Jeddah - Corniche,Jeddah,Basmati Rice 5kg,GRW-RIC-01,Rice & Grains,1,49.0,49.0,32.0,mada
2026-09-14,TX-B3_growing_supermarket-d30-000095,Jeddah - Corniche,Jeddah,Basmati Rice 5kg,GRW-RIC-01,Rice & Grains,1,49.0,49.0,32.0,cash
2026-09-14,TX-B3_growing_supermarket-d30-000096,Jeddah - Corniche,Jeddah,Basmati Rice 5kg,GRW-RIC-01,Rice & Grains,1,49.0,49.0,32.0,mada
2026-09-14,TX-B3_growing_supermarket-d30-000097,Jeddah - Corniche,Jeddah,Basmati Rice 5kg,GRW-RIC-01,Rice & Grains,1,49.0,49.0,32.0,cash
2026-09-14,TX-B3_growing_supermarket-d30-000098,Jeddah - Corniche,Jeddah,Basmati Rice 5kg,GRW-RIC-01,Rice & Grains,1,49.0,49.0,32.0,cash
2026-09-14,TX-B3_growing_supermarket-d30-000099,Jeddah - Corniche,Jeddah,Basmati Rice 5kg,GRW-RIC-01,Rice & Grains,1,49.0,49.0,32.0,card
2026-09-14,TX-B3_growing_supermarket-d30-000100,Jeddah - Corniche,Jeddah,Basmati Rice 5kg,GRW-RIC-01,Rice & Grains,1,49.0,49.0,32.0,mada
2026-09-14,TX-B3_growing_supermarket-d30-000101,Jeddah - Corniche,Jeddah,Basmati Rice 5kg,GRW-RIC-01,Rice & Grains,1,49.0,49.0,32.0,cash
2026-09-14,TX-B3_growing_supermarket-d30-000102,Jeddah - Corniche,Jeddah,Basmati Rice 5kg,GRW-RIC-01,Rice & Grains,1,49.0,49.0,32.0,cash
2026-09-14,TX-B3_growing_supermarket-d30-000103,Jeddah - Corniche,Jeddah,Basmati Rice 5kg,GRW-RIC-01,Rice & Grains,1,49.0,49.0,32.0,mada
2026-09-14,TX-B3_growing_supermarket-d30-000104,Jeddah - Corniche,Jeddah,Basmati Rice 5kg,GRW-RIC-01,Rice & Grains,1,49.0,49.0,32.0,mada
2026-09-14,TX-B3_growing_supermarket-d30-000105,Jeddah - Corniche,Jeddah,Basmati Rice 5kg,GRW-RIC-01,Rice & Grains,1,49.0,49.0,32.0,mada
2026-09-14,TX-B3_growing_supermarket-d30-000106,Jeddah - Corniche,Jeddah,Basmati Rice 5kg,GRW-RIC-01,Rice & Grains,1,49.0,49.0,32.0,card
2026-09-14,TX-B3_growing_supermarket-d30-000107,Jeddah - Corniche,Jeddah,Basmati Rice 5kg,GRW-RIC-01,Rice & Grains,1,49.0,49.0,32.0,cash
2026-09-14,TX-B3_growing_supermarket-d30-000108,Jeddah - Corniche,Jeddah,Basmati Rice 5kg,GRW-RIC-01,Rice & Grains,1,49.0,49.0,32.0,card
2026-09-14,TX-B3_growing_supermarket-d30-000109,Jeddah - Corniche,Jeddah,Basmati Rice 5kg,GRW-RIC-01,Rice & Grains,1,49.0,49.0,32.0,cash
2026-09-14,TX-B3_growing_supermarket-d30-000110,Jeddah - Corniche,Jeddah,Basmati Rice 5kg,GRW-RIC-01,Rice & Grains,1,49.0,49.0,32.0,cash
2026-09-15,TX-B3_growing_supermarket-d30-000111,Jeddah - Corniche,Jeddah,Basmati Rice 5kg,GRW-RIC-01,Rice & Grains,1,49.0,49.0,32.0,cash
2026-09-15,TX-B3_growing_supermarket-d30-000112,Jeddah - Corniche,Jeddah,Basmati Rice 5kg,GRW-RIC-01,Rice & Grains,1,49.0,49.0,32.0,cash
2026-09-15,TX-B3_growing_supermarket-d30-000113,Jeddah - Corniche,Jeddah,Basmati Rice 5kg,GRW-RIC-01,Rice & Grains,1,49.0,49.0,32.0,mada
2026-09-15,TX-B3_growing_supermarket-d30-000114,Jeddah - Corniche,Jeddah,Basmati Rice 5kg,GRW-RIC-01,Rice & Grains,1,49.0,49.0,32.0,cash
2026-09-15,TX-B3_growing_supermarket-d30-000115,Jeddah - Corniche,Jeddah,Basmati Rice 5kg,GRW-RIC-01,Rice & Grains,1,49.0,49.0,32.0,cash
2026-09-15,TX-B3_growing_supermarket-d30-000116,Jeddah - Corniche,Jeddah,Basmati Rice 5kg,GRW-RIC-01,Rice & Grains,1,49.0,49.0,32.0,card
2026-09-15,TX-B3_growing_supermarket-d30-000117,Jeddah - Corniche,Jeddah,Basmati Rice 5kg,GRW-RIC-01,Rice & Grains,1,49.0,49.0,32.0,mada
2026-09-15,TX-B3_growing_supermarket-d30-000118,Jeddah - Corniche,Jeddah,Basmati Rice 5kg,GRW-RIC-01,Rice & Grains,1,49.0,49.0,32.0,cash
2026-09-15,TX-B3_growing_supermarket-d30-000119,Jeddah - Corniche,Jeddah,Basmati Rice 5kg,GRW-RIC-01,Rice & Grains,1,49.0,49.0,32.0,cash
2026-09-15,TX-B3_growing_supermarket-d30-000120,Jeddah - Corniche,Jeddah,Basmati Rice 5kg,GRW-RIC-01,Rice & Grains,1,49.0,49.0,32.0,cash
2026-09-15,TX-B3_growing_supermarket-d30-000121,Jeddah - Corniche,Jeddah,Basmati Rice 5kg,GRW-RIC-01,Rice & Grains,1,49.0,49.0,32.0,mada
2026-09-15,TX-B3_growing_supermarket-d30-000122,Jeddah - Corniche,Jeddah,Basmati Rice 5kg,GRW-RIC-01,Rice & Grains,1,49.0,49.0,32.0,cash
2026-09-15,TX-B3_growing_supermarket-d30-000123,Jeddah - Corniche,Jeddah,Basmati Rice 5kg,GRW-RIC-01,Rice & Grains,1,49.0,49.0,32.0,card
2026-09-15,TX-B3_growing_supermarket-d30-000124,Jeddah - Corniche,Jeddah,Basmati Rice 5kg,GRW-RIC-01,Rice & Grains,1,49.0,49.0,32.0,card
2026-09-15,TX-B3_growing_supermarket-d30-000125,Jeddah - Corniche,Jeddah,Basmati Rice 5kg,GRW-RIC-01,Rice & Grains,1,49.0,49.0,32.0,mada
2026-09-15,TX-B3_growing_supermarket-d30-000126,Jeddah - Corniche,Jeddah,Basmati Rice 5kg,GRW-RIC-01,Rice & Grains,1,49.0,49.0,32.0,card
2026-09-15,TX-B3_growing_supermarket-d30-000127,Jeddah - Corniche,Jeddah,Basmati Rice 5kg,GRW-RIC-01,Rice & Grains,1,49.0,49.0,32.0,cash
2026-09-15,TX-B3_growing_supermarket-d30-000128,Jeddah - Corniche,Jeddah,Basmati Rice 5kg,GRW-RIC-01,Rice & Grains,1,49.0,49.0,32.0,cash
2026-09-15,TX-B3_growing_supermarket-d30-000129,Jeddah - Corniche,Jeddah,Basmati Rice 5kg,GRW-RIC-01,Rice & Grains,1,49.0,49.0,32.0,cash
2026-09-15,TX-B3_growing_supermarket-d30-000130,Jeddah - Corniche,Jeddah,Basmati Rice 5kg,GRW-RIC-01,Rice & Grains,1,49.0,49.0,32.0,mada
2026-09-15,TX-B3_growing_supermarket-d30-000131,Jeddah - Corniche,Jeddah,Basmati Rice 5kg,GRW-RIC-01,Rice & Grains,1,49.0,49.0,32.0,card
2026-09-15,TX-B3_growing_supermarket-d30-000132,Jeddah - Corniche,Jeddah,Basmati Rice 5kg,GRW-RIC-01,Rice & Grains,1,49.0,49.0,32.0,card
2026-09-15,TX-B3_growing_supermarket-d30-000133,Jeddah - Corniche,Jeddah,Basmati Rice 5kg,GRW-RIC-01,Rice & Grains,1,49.0,49.0,32.0,mada
2026-09-16,TX-B3_growing_supermarket-d30-000134,Jeddah - Corniche,Jeddah,Basmati Rice 5kg,GRW-RIC-01,Rice & Grains,1,49.0,49.0,32.0,card
2026-09-16,TX-B3_growing_supermarket-d30-000135,Jeddah - Corniche,Jeddah,Basmati Rice 5kg,GRW-RIC-01,Rice & Grains,1,49.0,49.0,32.0,mada
2026-09-16,TX-B3_growing_supermarket-d30-000136,Jeddah - Corniche,Jeddah,Basmati Rice 5kg,GRW-RIC-01,Rice & Grains,1,49.0,49.0,32.0,cash
2026-09-16,TX-B3_growing_supermarket-d30-000137,Jeddah - Corniche,Jeddah,Basmati Rice 5kg,GRW-RIC-01,Rice & Grains,1,49.0,49.0,32.0,cash
2026-09-16,TX-B3_growing_supermarket-d30-000138,Jeddah - Corniche,Jeddah,Basmati Rice 5kg,GRW-RIC-01,Rice & Grains,1,49.0,49.0,32.0,mada
2026-09-16,TX-B3_growing_supermarket-d30-000139,Jeddah - Corniche,Jeddah,Basmati Rice 5kg,GRW-RIC-01,Rice & Grains,1,49.0,49.0,32.0,card
2026-09-16,TX-B3_growing_supermarket-d30-000140,Jeddah - Corniche,Jeddah,Basmati Rice 5kg,GRW-RIC-01,Rice & Grains,1,49.0,49.0,32.0,card
2026-09-16,TX-B3_growing_supermarket-d30-000141,Jeddah - Corniche,Jeddah,Basmati Rice 5kg,GRW-RIC-01,Rice & Grains,1,49.0,49.0,32.0,mada
2026-09-16,TX-B3_growing_supermarket-d30-000142,Jeddah - Corniche,Jeddah,Basmati Rice 5kg,GRW-RIC-01,Rice & Grains,1,49.0,49.0,32.0,mada
2026-09-16,TX-B3_growing_supermarket-d30-000143,Jeddah - Corniche,Jeddah,Basmati Rice 5kg,GRW-RIC-01,Rice & Grains,1,49.0,49.0,32.0,mada
2026-09-16,TX-B3_growing_supermarket-d30-000144,Jeddah - Corniche,Jeddah,Basmati Rice 5kg,GRW-RIC-01,Rice & Grains,1,49.0,49.0,32.0,card
2026-09-16,TX-B3_growing_supermarket-d30-000145,Jeddah - Corniche,Jeddah,Basmati Rice 5kg,GRW-RIC-01,Rice & Grains,1,49.0,49.0,32.0,cash
2026-09-16,TX-B3_growing_supermarket-d30-000146,Jeddah - Corniche,Jeddah,Basmati Rice 5kg,GRW-RIC-01,Rice & Grains,1,49.0,49.0,32.0,card
2026-09-16,TX-B3_growing_supermarket-d30-000147,Jeddah - Corniche,Jeddah,Basmati Rice 5kg,GRW-RIC-01,Rice & Grains,1,49.0,49.0,32.0,card
2026-09-16,TX-B3_growing_supermarket-d30-000148,Jeddah - Corniche,Jeddah,Basmati Rice 5kg,GRW-RIC-01,Rice & Grains,1,49.0,49.0,32.0,card
2026-09-16,TX-B3_growing_supermarket-d30-000149,Jeddah - Corniche,Jeddah,Basmati Rice 5kg,GRW-RIC-01,Rice & Grains,1,49.0,49.0,32.0,card
2026-09-16,TX-B3_growing_supermarket-d30-000150,Jeddah - Corniche,Jeddah,Basmati Rice 5kg,GRW-RIC-01,Rice & Grains,1,49.0,49.0,32.0,card
2026-09-16,TX-B3_growing_supermarket-d30-000151,Jeddah - Corniche,Jeddah,Basmati Rice 5kg,GRW-RIC-01,Rice & Grains,1,49.0,49.0,32.0,mada
2026-09-16,TX-B3_growing_supermarket-d30-000152,Jeddah - Corniche,Jeddah,Basmati Rice 5kg,GRW-RIC-01,Rice & Grains,1,49.0,49.0,32.0,mada
2026-09-16,TX-B3_growing_supermarket-d30-000153,Jeddah - Corniche,Jeddah,Basmati Rice 5kg,GRW-RIC-01,Rice & Grains,1,49.0,49.0,32.0,card
2026-09-16,TX-B3_growing_supermarket-d30-000154,Jeddah - Corniche,Jeddah,Basmati Rice 5kg,GRW-RIC-01,Rice & Grains,1,49.0,49.0,32.0,mada
2026-09-16,TX-B3_growing_supermarket-d30-000155,Jeddah - Corniche,Jeddah,Basmati Rice 5kg,GRW-RIC-01,Rice & Grains,1,49.0,49.0,32.0,card
2026-09-16,TX-B3_growing_supermarket-d30-000156,Jeddah - Corniche,Jeddah,Basmati Rice 5kg,GRW-RIC-01,Rice & Grains,1,49.0,49.0,32.0,mada
2026-09-16,TX-B3_growing_supermarket-d30-000157,Jeddah - Corniche,Jeddah,Basmati Rice 5kg,GRW-RIC-01,Rice & Grains,1,49.0,49.0,32.0,cash
2026-09-17,TX-B3_growing_supermarket-d30-000158,Jeddah - Corniche,Jeddah,Basmati Rice 5kg,GRW-RIC-01,Rice & Grains,1,49.0,49.0,32.0,cash
2026-09-17,TX-B3_growing_supermarket-d30-000159,Jeddah - Corniche,Jeddah,Basmati Rice 5kg,GRW-RIC-01,Rice & Grains,1,49.0,49.0,32.0,cash
2026-09-17,TX-B3_growing_supermarket-d30-000160,Jeddah - Corniche,Jeddah,Basmati Rice 5kg,GRW-RIC-01,Rice & Grains,1,49.0,49.0,32.0,mada
2026-09-17,TX-B3_growing_supermarket-d30-000161,Jeddah - Corniche,Jeddah,Basmati Rice 5kg,GRW-RIC-01,Rice & Grains,1,49.0,49.0,32.0,cash
2026-09-17,TX-B3_growing_supermarket-d30-000162,Jeddah - Corniche,Jeddah,Basmati Rice 5kg,GRW-RIC-01,Rice & Grains,1,49.0,49.0,32.0,mada
2026-09-17,TX-B3_growing_supermarket-d30-000163,Jeddah - Corniche,Jeddah,Basmati Rice 5kg,GRW-RIC-01,Rice & Grains,1,49.0,49.0,32.0,card
2026-09-17,TX-B3_growing_supermarket-d30-000164,Jeddah - Corniche,Jeddah,Basmati Rice 5kg,GRW-RIC-01,Rice & Grains,1,49.0,49.0,32.0,cash
2026-09-17,TX-B3_growing_supermarket-d30-000165,Jeddah - Corniche,Jeddah,Basmati Rice 5kg,GRW-RIC-01,Rice & Grains,1,49.0,49.0,32.0,card
2026-09-17,TX-B3_growing_supermarket-d30-000166,Jeddah - Corniche,Jeddah,Basmati Rice 5kg,GRW-RIC-01,Rice & Grains,1,49.0,49.0,32.0,cash
2026-09-17,TX-B3_growing_supermarket-d30-000167,Jeddah - Corniche,Jeddah,Basmati Rice 5kg,GRW-RIC-01,Rice & Grains,1,49.0,49.0,32.0,card
2026-09-17,TX-B3_growing_supermarket-d30-000168,Jeddah - Corniche,Jeddah,Basmati Rice 5kg,GRW-RIC-01,Rice & Grains,1,49.0,49.0,32.0,card
2026-09-17,TX-B3_growing_supermarket-d30-000169,Jeddah - Corniche,Jeddah,Basmati Rice 5kg,GRW-RIC-01,Rice & Grains,1,49.0,49.0,32.0,card
2026-09-17,TX-B3_growing_supermarket-d30-000170,Jeddah - Corniche,Jeddah,Basmati Rice 5kg,GRW-RIC-01,Rice & Grains,1,49.0,49.0,32.0,card
2026-09-17,TX-B3_growing_supermarket-d30-000171,Jeddah - Corniche,Jeddah,Basmati Rice 5kg,GRW-RIC-01,Rice & Grains,1,49.0,49.0,32.0,card
2026-09-17,TX-B3_growing_supermarket-d30-000172,Jeddah - Corniche,Jeddah,Basmati Rice 5kg,GRW-RIC-01,Rice & Grains,1,49.0,49.0,32.0,cash
2026-09-17,TX-B3_growing_supermarket-d30-000173,Jeddah - Corniche,Jeddah,Basmati Rice 5kg,GRW-RIC-01,Rice & Grains,1,49.0,49.0,32.0,cash
2026-09-17,TX-B3_growing_supermarket-d30-000174,Jeddah - Corniche,Jeddah,Basmati Rice 5kg,GRW-RIC-01,Rice & Grains,1,49.0,49.0,32.0,mada
2026-09-17,TX-B3_growing_supermarket-d30-000175,Jeddah - Corniche,Jeddah,Basmati Rice 5kg,GRW-RIC-01,Rice & Grains,1,49.0,49.0,32.0,card
2026-09-17,TX-B3_growing_supermarket-d30-000176,Jeddah - Corniche,Jeddah,Basmati Rice 5kg,GRW-RIC-01,Rice & Grains,1,49.0,49.0,32.0,card
2026-09-17,TX-B3_growing_supermarket-d30-000177,Jeddah - Corniche,Jeddah,Basmati Rice 5kg,GRW-RIC-01,Rice & Grains,1,49.0,49.0,32.0,mada
2026-09-17,TX-B3_growing_supermarket-d30-000178,Jeddah - Corniche,Jeddah,Basmati Rice 5kg,GRW-RIC-01,Rice & Grains,1,49.0,49.0,32.0,cash
2026-09-17,TX-B3_growing_supermarket-d30-000179,Jeddah - Corniche,Jeddah,Basmati Rice 5kg,GRW-RIC-01,Rice & Grains,1,49.0,49.0,32.0,card
2026-09-17,TX-B3_growing_supermarket-d30-000180,Jeddah - Corniche,Jeddah,Basmati Rice 5kg,GRW-RIC-01,Rice & Grains,1,49.0,49.0,32.0,mada
2026-09-17,TX-B3_growing_supermarket-d30-000181,Jeddah - Corniche,Jeddah,Basmati Rice 5kg,GRW-RIC-01,Rice & Grains,1,49.0,49.0,32.0,cash
2026-09-17,TX-B3_growing_supermarket-d30-000182,Jeddah - Corniche,Jeddah,Basmati Rice 5kg,GRW-RIC-01,Rice & Grains,1,49.0,49.0,32.0,cash
2026-09-17,TX-B3_growing_supermarket-d30-000183,Jeddah - Corniche,Jeddah,Basmati Rice 5kg,GRW-RIC-01,Rice & Grains,1,49.0,49.0,32.0,cash
2026-09-17,TX-B3_growing_supermarket-d30-000184,Jeddah - Corniche,Jeddah,Basmati Rice 5kg,GRW-RIC-01,Rice & Grains,1,49.0,49.0,32.0,card
2026-09-17,TX-B3_growing_supermarket-d30-000185,Jeddah - Corniche,Jeddah,Basmati Rice 5kg,GRW-RIC-01,Rice & Grains,1,49.0,49.0,32.0,cash
2026-09-17,TX-B3_growing_supermarket-d30-000186,Jeddah - Corniche,Jeddah,Basmati Rice 5kg,GRW-RIC-01,Rice & Grains,1,49.0,49.0,32.0,mada
2026-09-18,TX-B3_growing_supermarket-d30-000187,Jeddah - Corniche,Jeddah,Basmati Rice 5kg,GRW-RIC-01,Rice & Grains,1,49.0,49.0,32.0,card
2026-09-18,TX-B3_growing_supermarket-d30-000188,Jeddah - Corniche,Jeddah,Basmati Rice 5kg,GRW-RIC-01,Rice & Grains,1,49.0,49.0,32.0,cash
2026-09-18,TX-B3_growing_supermarket-d30-000189,Jeddah - Corniche,Jeddah,Basmati Rice 5kg,GRW-RIC-01,Rice & Grains,1,49.0,49.0,32.0,cash
2026-09-18,TX-B3_growing_supermarket-d30-000190,Jeddah - Corniche,Jeddah,Basmati Rice 5kg,GRW-RIC-01,Rice & Grains,1,49.0,49.0,32.0,card
2026-09-18,TX-B3_growing_supermarket-d30-000191,Jeddah - Corniche,Jeddah,Basmati Rice 5kg,GRW-RIC-01,Rice & Grains,1,49.0,49.0,32.0,card
2026-09-18,TX-B3_growing_supermarket-d30-000192,Jeddah - Corniche,Jeddah,Basmati Rice 5kg,GRW-RIC-01,Rice & Grains,1,49.0,49.0,32.0,mada
2026-09-18,TX-B3_growing_supermarket-d30-000193,Jeddah - Corniche,Jeddah,Basmati Rice 5kg,GRW-RIC-01,Rice & Grains,1,49.0,49.0,32.0,mada
2026-09-18,TX-B3_growing_supermarket-d30-000194,Jeddah - Corniche,Jeddah,Basmati Rice 5kg,GRW-RIC-01,Rice & Grains,1,49.0,49.0,32.0,cash
2026-09-18,TX-B3_growing_supermarket-d30-000195,Jeddah - Corniche,Jeddah,Basmati Rice 5kg,GRW-RIC-01,Rice & Grains,1,49.0,49.0,32.0,card
2026-09-18,TX-B3_growing_supermarket-d30-000196,Jeddah - Corniche,Jeddah,Basmati Rice 5kg,GRW-RIC-01,Rice & Grains,1,49.0,49.0,32.0,cash
2026-09-18,TX-B3_growing_supermarket-d30-000197,Jeddah - Corniche,Jeddah,Basmati Rice 5kg,GRW-RIC-01,Rice & Grains,1,49.0,49.0,32.0,cash
2026-09-18,TX-B3_growing_supermarket-d30-000198,Jeddah - Corniche,Jeddah,Basmati Rice 5kg,GRW-RIC-01,Rice & Grains,1,49.0,49.0,32.0,mada
2026-09-18,TX-B3_growing_supermarket-d30-000199,Jeddah - Corniche,Jeddah,Basmati Rice 5kg,GRW-RIC-01,Rice & Grains,1,49.0,49.0,32.0,card
2026-09-18,TX-B3_growing_supermarket-d30-000200,Jeddah - Corniche,Jeddah,Basmati Rice 5kg,GRW-RIC-01,Rice & Grains,1,49.0,49.0,32.0,card
2026-09-18,TX-B3_growing_supermarket-d30-000201,Jeddah - Corniche,Jeddah,Basmati Rice 5kg,GRW-RIC-01,Rice & Grains,1,49.0,49.0,32.0,card
2026-09-18,TX-B3_growing_supermarket-d30-000202,Jeddah - Corniche,Jeddah,Basmati Rice 5kg,GRW-RIC-01,Rice & Grains,1,49.0,49.0,32.0,mada
2026-09-18,TX-B3_growing_supermarket-d30-000203,Jeddah - Corniche,Jeddah,Basmati Rice 5kg,GRW-RIC-01,Rice & Grains,1,49.0,49.0,32.0,cash
2026-09-18,TX-B3_growing_supermarket-d30-000204,Jeddah - Corniche,Jeddah,Basmati Rice 5kg,GRW-RIC-01,Rice & Grains,1,49.0,49.0,32.0,card
2026-09-18,TX-B3_growing_supermarket-d30-000205,Jeddah - Corniche,Jeddah,Basmati Rice 5kg,GRW-RIC-01,Rice & Grains,1,49.0,49.0,32.0,card
2026-09-18,TX-B3_growing_supermarket-d30-000206,Jeddah - Corniche,Jeddah,Basmati Rice 5kg,GRW-RIC-01,Rice & Grains,1,49.0,49.0,32.0,card
2026-09-18,TX-B3_growing_supermarket-d30-000207,Jeddah - Corniche,Jeddah,Basmati Rice 5kg,GRW-RIC-01,Rice & Grains,1,49.0,49.0,32.0,cash
2026-09-18,TX-B3_growing_supermarket-d30-000208,Jeddah - Corniche,Jeddah,Basmati Rice 5kg,GRW-RIC-01,Rice & Grains,1,49.0,49.0,32.0,card
2026-09-19,TX-B3_growing_supermarket-d30-000209,Jeddah - Corniche,Jeddah,Basmati Rice 5kg,GRW-RIC-01,Rice & Grains,1,49.0,49.0,32.0,card
2026-09-19,TX-B3_growing_supermarket-d30-000210,Jeddah - Corniche,Jeddah,Basmati Rice 5kg,GRW-RIC-01,Rice & Grains,1,49.0,49.0,32.0,card
2026-09-19,TX-B3_growing_supermarket-d30-000211,Jeddah - Corniche,Jeddah,Basmati Rice 5kg,GRW-RIC-01,Rice & Grains,1,49.0,49.0,32.0,mada
2026-09-19,TX-B3_growing_supermarket-d30-000212,Jeddah - Corniche,Jeddah,Basmati Rice 5kg,GRW-RIC-01,Rice & Grains,1,49.0,49.0,32.0,card
2026-09-19,TX-B3_growing_supermarket-d30-000213,Jeddah - Corniche,Jeddah,Basmati Rice 5kg,GRW-RIC-01,Rice & Grains,1,49.0,49.0,32.0,card
2026-09-19,TX-B3_growing_supermarket-d30-000214,Jeddah - Corniche,Jeddah,Basmati Rice 5kg,GRW-RIC-01,Rice & Grains,1,49.0,49.0,32.0,card
2026-09-19,TX-B3_growing_supermarket-d30-000215,Jeddah - Corniche,Jeddah,Basmati Rice 5kg,GRW-RIC-01,Rice & Grains,1,49.0,49.0,32.0,cash
2026-09-19,TX-B3_growing_supermarket-d30-000216,Jeddah - Corniche,Jeddah,Basmati Rice 5kg,GRW-RIC-01,Rice & Grains,1,49.0,49.0,32.0,card
2026-09-19,TX-B3_growing_supermarket-d30-000217,Jeddah - Corniche,Jeddah,Basmati Rice 5kg,GRW-RIC-01,Rice & Grains,1,49.0,49.0,32.0,cash
2026-09-19,TX-B3_growing_supermarket-d30-000218,Jeddah - Corniche,Jeddah,Basmati Rice 5kg,GRW-RIC-01,Rice & Grains,1,49.0,49.0,32.0,mada
2026-09-19,TX-B3_growing_supermarket-d30-000219,Jeddah - Corniche,Jeddah,Basmati Rice 5kg,GRW-RIC-01,Rice & Grains,1,49.0,49.0,32.0,mada
2026-09-19,TX-B3_growing_supermarket-d30-000220,Jeddah - Corniche,Jeddah,Basmati Rice 5kg,GRW-RIC-01,Rice & Grains,1,49.0,49.0,32.0,cash
2026-09-19,TX-B3_growing_supermarket-d30-000221,Jeddah - Corniche,Jeddah,Basmati Rice 5kg,GRW-RIC-01,Rice & Grains,1,49.0,49.0,32.0,mada
2026-09-19,TX-B3_growing_supermarket-d30-000222,Jeddah - Corniche,Jeddah,Basmati Rice 5kg,GRW-RIC-01,Rice & Grains,1,49.0,49.0,32.0,mada
2026-09-19,TX-B3_growing_supermarket-d30-000223,Jeddah - Corniche,Jeddah,Basmati Rice 5kg,GRW-RIC-01,Rice & Grains,1,49.0,49.0,32.0,card
2026-09-19,TX-B3_growing_supermarket-d30-000224,Jeddah - Corniche,Jeddah,Basmati Rice 5kg,GRW-RIC-01,Rice & Grains,1,49.0,49.0,32.0,card
2026-09-19,TX-B3_growing_supermarket-d30-000225,Jeddah - Corniche,Jeddah,Basmati Rice 5kg,GRW-RIC-01,Rice & Grains,1,49.0,49.0,32.0,mada
2026-09-19,TX-B3_growing_supermarket-d30-000226,Jeddah - Corniche,Jeddah,Basmati Rice 5kg,GRW-RIC-01,Rice & Grains,1,49.0,49.0,32.0,card
2026-09-20,TX-B3_growing_supermarket-d30-000227,Jeddah - Corniche,Jeddah,Basmati Rice 5kg,GRW-RIC-01,Rice & Grains,1,49.0,49.0,32.0,cash
2026-09-20,TX-B3_growing_supermarket-d30-000228,Jeddah - Corniche,Jeddah,Basmati Rice 5kg,GRW-RIC-01,Rice & Grains,1,49.0,49.0,32.0,cash
2026-09-20,TX-B3_growing_supermarket-d30-000229,Jeddah - Corniche,Jeddah,Basmati Rice 5kg,GRW-RIC-01,Rice & Grains,1,49.0,49.0,32.0,cash
2026-09-20,TX-B3_growing_supermarket-d30-000230,Jeddah - Corniche,Jeddah,Basmati Rice 5kg,GRW-RIC-01,Rice & Grains,1,49.0,49.0,32.0,card
2026-09-20,TX-B3_growing_supermarket-d30-000231,Jeddah - Corniche,Jeddah,Basmati Rice 5kg,GRW-RIC-01,Rice & Grains,1,49.0,49.0,32.0,cash
2026-09-20,TX-B3_growing_supermarket-d30-000232,Jeddah - Corniche,Jeddah,Basmati Rice 5kg,GRW-RIC-01,Rice & Grains,1,49.0,49.0,32.0,mada
2026-09-20,TX-B3_growing_supermarket-d30-000233,Jeddah - Corniche,Jeddah,Basmati Rice 5kg,GRW-RIC-01,Rice & Grains,1,49.0,49.0,32.0,cash
2026-09-20,TX-B3_growing_supermarket-d30-000234,Jeddah - Corniche,Jeddah,Basmati Rice 5kg,GRW-RIC-01,Rice & Grains,1,49.0,49.0,32.0,mada
2026-09-20,TX-B3_growing_supermarket-d30-000235,Jeddah - Corniche,Jeddah,Basmati Rice 5kg,GRW-RIC-01,Rice & Grains,1,49.0,49.0,32.0,cash
2026-09-20,TX-B3_growing_supermarket-d30-000236,Jeddah - Corniche,Jeddah,Basmati Rice 5kg,GRW-RIC-01,Rice & Grains,1,49.0,49.0,32.0,mada
2026-09-20,TX-B3_growing_supermarket-d30-000237,Jeddah - Corniche,Jeddah,Basmati Rice 5kg,GRW-RIC-01,Rice & Grains,1,49.0,49.0,32.0,card
2026-09-20,TX-B3_growing_supermarket-d30-000238,Jeddah - Corniche,Jeddah,Basmati Rice 5kg,GRW-RIC-01,Rice & Grains,1,49.0,49.0,32.0,card
2026-09-20,TX-B3_growing_supermarket-d30-000239,Jeddah - Corniche,Jeddah,Basmati Rice 5kg,GRW-RIC-01,Rice & Grains,1,49.0,49.0,32.0,mada
2026-09-20,TX-B3_growing_supermarket-d30-000240,Jeddah - Corniche,Jeddah,Basmati Rice 5kg,GRW-RIC-01,Rice & Grains,1,49.0,49.0,32.0,cash
2026-09-20,TX-B3_growing_supermarket-d30-000241,Jeddah - Corniche,Jeddah,Basmati Rice 5kg,GRW-RIC-01,Rice & Grains,1,49.0,49.0,32.0,mada
2026-09-20,TX-B3_growing_supermarket-d30-000242,Jeddah - Corniche,Jeddah,Basmati Rice 5kg,GRW-RIC-01,Rice & Grains,1,49.0,49.0,32.0,card
2026-09-20,TX-B3_growing_supermarket-d30-000243,Jeddah - Corniche,Jeddah,Basmati Rice 5kg,GRW-RIC-01,Rice & Grains,1,49.0,49.0,32.0,card
2026-09-20,TX-B3_growing_supermarket-d30-000244,Jeddah - Corniche,Jeddah,Basmati Rice 5kg,GRW-RIC-01,Rice & Grains,1,49.0,49.0,32.0,cash
2026-09-20,TX-B3_growing_supermarket-d30-000245,Jeddah - Corniche,Jeddah,Basmati Rice 5kg,GRW-RIC-01,Rice & Grains,1,49.0,49.0,32.0,cash
2026-09-20,TX-B3_growing_supermarket-d30-000246,Jeddah - Corniche,Jeddah,Basmati Rice 5kg,GRW-RIC-01,Rice & Grains,1,49.0,49.0,32.0,cash
2026-09-20,TX-B3_growing_supermarket-d30-000247,Jeddah - Corniche,Jeddah,Basmati Rice 5kg,GRW-RIC-01,Rice & Grains,1,49.0,49.0,32.0,card
2026-09-20,TX-B3_growing_supermarket-d30-000248,Jeddah - Corniche,Jeddah,Basmati Rice 5kg,GRW-RIC-01,Rice & Grains,1,49.0,49.0,32.0,mada
2026-09-20,TX-B3_growing_supermarket-d30-000249,Jeddah - Corniche,Jeddah,Basmati Rice 5kg,GRW-RIC-01,Rice & Grains,1,49.0,49.0,32.0,card
2026-09-20,TX-B3_growing_supermarket-d30-000250,Jeddah - Corniche,Jeddah,Basmati Rice 5kg,GRW-RIC-01,Rice & Grains,1,49.0,49.0,32.0,card
2026-09-20,TX-B3_growing_supermarket-d30-000251,Jeddah - Corniche,Jeddah,Basmati Rice 5kg,GRW-RIC-01,Rice & Grains,1,49.0,49.0,32.0,card
2026-09-20,TX-B3_growing_supermarket-d30-000252,Jeddah - Corniche,Jeddah,Basmati Rice 5kg,GRW-RIC-01,Rice & Grains,1,49.0,49.0,32.0,mada
2026-09-21,TX-B3_growing_supermarket-d30-000253,Jeddah - Corniche,Jeddah,Basmati Rice 5kg,GRW-RIC-01,Rice & Grains,1,49.0,49.0,32.0,mada
2026-09-21,TX-B3_growing_supermarket-d30-000254,Jeddah - Corniche,Jeddah,Basmati Rice 5kg,GRW-RIC-01,Rice & Grains,1,49.0,49.0,32.0,mada
2026-09-21,TX-B3_growing_supermarket-d30-000255,Jeddah - Corniche,Jeddah,Basmati Rice 5kg,GRW-RIC-01,Rice & Grains,1,49.0,49.0,32.0,card
2026-09-21,TX-B3_growing_supermarket-d30-000256,Jeddah - Corniche,Jeddah,Basmati Rice 5kg,GRW-RIC-01,Rice & Grains,1,49.0,49.0,32.0,card
2026-09-21,TX-B3_growing_supermarket-d30-000257,Jeddah - Corniche,Jeddah,Basmati Rice 5kg,GRW-RIC-01,Rice & Grains,1,49.0,49.0,32.0,cash
2026-09-21,TX-B3_growing_supermarket-d30-000258,Jeddah - Corniche,Jeddah,Basmati Rice 5kg,GRW-RIC-01,Rice & Grains,1,49.0,49.0,32.0,card
2026-09-21,TX-B3_growing_supermarket-d30-000259,Jeddah - Corniche,Jeddah,Basmati Rice 5kg,GRW-RIC-01,Rice & Grains,1,49.0,49.0,32.0,mada
2026-09-21,TX-B3_growing_supermarket-d30-000260,Jeddah - Corniche,Jeddah,Basmati Rice 5kg,GRW-RIC-01,Rice & Grains,1,49.0,49.0,32.0,mada
2026-09-21,TX-B3_growing_supermarket-d30-000261,Jeddah - Corniche,Jeddah,Basmati Rice 5kg,GRW-RIC-01,Rice & Grains,1,49.0,49.0,32.0,cash
2026-09-21,TX-B3_growing_supermarket-d30-000262,Jeddah - Corniche,Jeddah,Basmati Rice 5kg,GRW-RIC-01,Rice & Grains,1,49.0,49.0,32.0,cash
2026-09-21,TX-B3_growing_supermarket-d30-000263,Jeddah - Corniche,Jeddah,Basmati Rice 5kg,GRW-RIC-01,Rice & Grains,1,49.0,49.0,32.0,card
2026-09-21,TX-B3_growing_supermarket-d30-000264,Jeddah - Corniche,Jeddah,Basmati Rice 5kg,GRW-RIC-01,Rice & Grains,1,49.0,49.0,32.0,mada
2026-09-21,TX-B3_growing_supermarket-d30-000265,Jeddah - Corniche,Jeddah,Basmati Rice 5kg,GRW-RIC-01,Rice & Grains,1,49.0,49.0,32.0,cash
2026-09-21,TX-B3_growing_supermarket-d30-000266,Jeddah - Corniche,Jeddah,Basmati Rice 5kg,GRW-RIC-01,Rice & Grains,1,49.0,49.0,32.0,mada
2026-09-21,TX-B3_growing_supermarket-d30-000267,Jeddah - Corniche,Jeddah,Basmati Rice 5kg,GRW-RIC-01,Rice & Grains,1,49.0,49.0,32.0,card
2026-09-21,TX-B3_growing_supermarket-d30-000268,Jeddah - Corniche,Jeddah,Basmati Rice 5kg,GRW-RIC-01,Rice & Grains,1,49.0,49.0,32.0,cash
2026-09-21,TX-B3_growing_supermarket-d30-000269,Jeddah - Corniche,Jeddah,Basmati Rice 5kg,GRW-RIC-01,Rice & Grains,1,49.0,49.0,32.0,cash
2026-09-21,TX-B3_growing_supermarket-d30-000270,Jeddah - Corniche,Jeddah,Basmati Rice 5kg,GRW-RIC-01,Rice & Grains,1,49.0,49.0,32.0,card
2026-09-21,TX-B3_growing_supermarket-d30-000271,Jeddah - Corniche,Jeddah,Basmati Rice 5kg,GRW-RIC-01,Rice & Grains,1,49.0,49.0,32.0,card
2026-09-21,TX-B3_growing_supermarket-d30-000272,Jeddah - Corniche,Jeddah,Basmati Rice 5kg,GRW-RIC-01,Rice & Grains,1,49.0,49.0,32.0,card
2026-09-21,TX-B3_growing_supermarket-d30-000273,Jeddah - Corniche,Jeddah,Basmati Rice 5kg,GRW-RIC-01,Rice & Grains,1,49.0,49.0,32.0,card
2026-09-21,TX-B3_growing_supermarket-d30-000274,Jeddah - Corniche,Jeddah,Basmati Rice 5kg,GRW-RIC-01,Rice & Grains,1,49.0,49.0,32.0,mada
2026-09-21,TX-B3_growing_supermarket-d30-000275,Jeddah - Corniche,Jeddah,Basmati Rice 5kg,GRW-RIC-01,Rice & Grains,1,49.0,49.0,32.0,cash
2026-09-21,TX-B3_growing_supermarket-d30-000276,Jeddah - Corniche,Jeddah,Basmati Rice 5kg,GRW-RIC-01,Rice & Grains,1,49.0,49.0,32.0,card
2026-09-22,TX-B3_growing_supermarket-d30-000277,Jeddah - Corniche,Jeddah,Basmati Rice 5kg,GRW-RIC-01,Rice & Grains,1,49.0,49.0,32.0,cash
2026-09-22,TX-B3_growing_supermarket-d30-000278,Jeddah - Corniche,Jeddah,Basmati Rice 5kg,GRW-RIC-01,Rice & Grains,1,49.0,49.0,32.0,cash
2026-09-22,TX-B3_growing_supermarket-d30-000279,Jeddah - Corniche,Jeddah,Basmati Rice 5kg,GRW-RIC-01,Rice & Grains,1,49.0,49.0,32.0,cash
2026-09-22,TX-B3_growing_supermarket-d30-000280,Jeddah - Corniche,Jeddah,Basmati Rice 5kg,GRW-RIC-01,Rice & Grains,1,49.0,49.0,32.0,card
2026-09-22,TX-B3_growing_supermarket-d30-000281,Jeddah - Corniche,Jeddah,Basmati Rice 5kg,GRW-RIC-01,Rice & Grains,1,49.0,49.0,32.0,cash
2026-09-22,TX-B3_growing_supermarket-d30-000282,Jeddah - Corniche,Jeddah,Basmati Rice 5kg,GRW-RIC-01,Rice & Grains,1,49.0,49.0,32.0,mada
2026-09-22,TX-B3_growing_supermarket-d30-000283,Jeddah - Corniche,Jeddah,Basmati Rice 5kg,GRW-RIC-01,Rice & Grains,1,49.0,49.0,32.0,card
2026-09-22,TX-B3_growing_supermarket-d30-000284,Jeddah - Corniche,Jeddah,Basmati Rice 5kg,GRW-RIC-01,Rice & Grains,1,49.0,49.0,32.0,cash
2026-09-22,TX-B3_growing_supermarket-d30-000285,Jeddah - Corniche,Jeddah,Basmati Rice 5kg,GRW-RIC-01,Rice & Grains,1,49.0,49.0,32.0,cash
2026-09-22,TX-B3_growing_supermarket-d30-000286,Jeddah - Corniche,Jeddah,Basmati Rice 5kg,GRW-RIC-01,Rice & Grains,1,49.0,49.0,32.0,mada
2026-09-22,TX-B3_growing_supermarket-d30-000287,Jeddah - Corniche,Jeddah,Basmati Rice 5kg,GRW-RIC-01,Rice & Grains,1,49.0,49.0,32.0,cash
2026-09-22,TX-B3_growing_supermarket-d30-000288,Jeddah - Corniche,Jeddah,Basmati Rice 5kg,GRW-RIC-01,Rice & Grains,1,49.0,49.0,32.0,cash
2026-09-22,TX-B3_growing_supermarket-d30-000289,Jeddah - Corniche,Jeddah,Basmati Rice 5kg,GRW-RIC-01,Rice & Grains,1,49.0,49.0,32.0,card
2026-09-22,TX-B3_growing_supermarket-d30-000290,Jeddah - Corniche,Jeddah,Basmati Rice 5kg,GRW-RIC-01,Rice & Grains,1,49.0,49.0,32.0,mada
2026-09-22,TX-B3_growing_supermarket-d30-000291,Jeddah - Corniche,Jeddah,Basmati Rice 5kg,GRW-RIC-01,Rice & Grains,1,49.0,49.0,32.0,card
2026-09-22,TX-B3_growing_supermarket-d30-000292,Jeddah - Corniche,Jeddah,Basmati Rice 5kg,GRW-RIC-01,Rice & Grains,1,49.0,49.0,32.0,card
2026-09-22,TX-B3_growing_supermarket-d30-000293,Jeddah - Corniche,Jeddah,Basmati Rice 5kg,GRW-RIC-01,Rice & Grains,1,49.0,49.0,32.0,mada
2026-09-22,TX-B3_growing_supermarket-d30-000294,Jeddah - Corniche,Jeddah,Basmati Rice 5kg,GRW-RIC-01,Rice & Grains,1,49.0,49.0,32.0,mada
2026-09-22,TX-B3_growing_supermarket-d30-000295,Jeddah - Corniche,Jeddah,Basmati Rice 5kg,GRW-RIC-01,Rice & Grains,1,49.0,49.0,32.0,cash
2026-09-22,TX-B3_growing_supermarket-d30-000296,Jeddah - Corniche,Jeddah,Basmati Rice 5kg,GRW-RIC-01,Rice & Grains,1,49.0,49.0,32.0,mada
2026-09-22,TX-B3_growing_supermarket-d30-000297,Jeddah - Corniche,Jeddah,Basmati Rice 5kg,GRW-RIC-01,Rice & Grains,1,49.0,49.0,32.0,cash
2026-09-22,TX-B3_growing_supermarket-d30-000298,Jeddah - Corniche,Jeddah,Basmati Rice 5kg,GRW-RIC-01,Rice & Grains,1,49.0,49.0,32.0,cash
2026-09-22,TX-B3_growing_supermarket-d30-000299,Jeddah - Corniche,Jeddah,Basmati Rice 5kg,GRW-RIC-01,Rice & Grains,1,49.0,49.0,32.0,cash
2026-09-22,TX-B3_growing_supermarket-d30-000300,Jeddah - Corniche,Jeddah,Basmati Rice 5kg,GRW-RIC-01,Rice & Grains,1,49.0,49.0,32.0,cash
2026-09-22,TX-B3_growing_supermarket-d30-000301,Jeddah - Corniche,Jeddah,Basmati Rice 5kg,GRW-RIC-01,Rice & Grains,1,49.0,49.0,32.0,mada
2026-09-23,TX-B3_growing_supermarket-d30-000302,Jeddah - Corniche,Jeddah,Basmati Rice 5kg,GRW-RIC-01,Rice & Grains,1,49.0,49.0,32.0,card
2026-09-23,TX-B3_growing_supermarket-d30-000303,Jeddah - Corniche,Jeddah,Basmati Rice 5kg,GRW-RIC-01,Rice & Grains,1,49.0,49.0,32.0,cash
2026-09-23,TX-B3_growing_supermarket-d30-000304,Jeddah - Corniche,Jeddah,Basmati Rice 5kg,GRW-RIC-01,Rice & Grains,1,49.0,49.0,32.0,cash
2026-09-23,TX-B3_growing_supermarket-d30-000305,Jeddah - Corniche,Jeddah,Basmati Rice 5kg,GRW-RIC-01,Rice & Grains,1,49.0,49.0,32.0,cash
2026-09-23,TX-B3_growing_supermarket-d30-000306,Jeddah - Corniche,Jeddah,Basmati Rice 5kg,GRW-RIC-01,Rice & Grains,1,49.0,49.0,32.0,cash
2026-09-23,TX-B3_growing_supermarket-d30-000307,Jeddah - Corniche,Jeddah,Basmati Rice 5kg,GRW-RIC-01,Rice & Grains,1,49.0,49.0,32.0,cash
2026-09-23,TX-B3_growing_supermarket-d30-000308,Jeddah - Corniche,Jeddah,Basmati Rice 5kg,GRW-RIC-01,Rice & Grains,1,49.0,49.0,32.0,mada
2026-09-23,TX-B3_growing_supermarket-d30-000309,Jeddah - Corniche,Jeddah,Basmati Rice 5kg,GRW-RIC-01,Rice & Grains,1,49.0,49.0,32.0,card
2026-09-23,TX-B3_growing_supermarket-d30-000310,Jeddah - Corniche,Jeddah,Basmati Rice 5kg,GRW-RIC-01,Rice & Grains,1,49.0,49.0,32.0,card
2026-09-23,TX-B3_growing_supermarket-d30-000311,Jeddah - Corniche,Jeddah,Basmati Rice 5kg,GRW-RIC-01,Rice & Grains,1,49.0,49.0,32.0,mada
2026-09-23,TX-B3_growing_supermarket-d30-000312,Jeddah - Corniche,Jeddah,Basmati Rice 5kg,GRW-RIC-01,Rice & Grains,1,49.0,49.0,32.0,cash
2026-09-23,TX-B3_growing_supermarket-d30-000313,Jeddah - Corniche,Jeddah,Basmati Rice 5kg,GRW-RIC-01,Rice & Grains,1,49.0,49.0,32.0,card
2026-09-23,TX-B3_growing_supermarket-d30-000314,Jeddah - Corniche,Jeddah,Basmati Rice 5kg,GRW-RIC-01,Rice & Grains,1,49.0,49.0,32.0,cash
2026-09-23,TX-B3_growing_supermarket-d30-000315,Jeddah - Corniche,Jeddah,Basmati Rice 5kg,GRW-RIC-01,Rice & Grains,1,49.0,49.0,32.0,card
2026-09-23,TX-B3_growing_supermarket-d30-000316,Jeddah - Corniche,Jeddah,Basmati Rice 5kg,GRW-RIC-01,Rice & Grains,1,49.0,49.0,32.0,card
2026-09-23,TX-B3_growing_supermarket-d30-000317,Jeddah - Corniche,Jeddah,Basmati Rice 5kg,GRW-RIC-01,Rice & Grains,1,49.0,49.0,32.0,mada
2026-09-23,TX-B3_growing_supermarket-d30-000318,Jeddah - Corniche,Jeddah,Basmati Rice 5kg,GRW-RIC-01,Rice & Grains,1,49.0,49.0,32.0,mada
2026-09-23,TX-B3_growing_supermarket-d30-000319,Jeddah - Corniche,Jeddah,Basmati Rice 5kg,GRW-RIC-01,Rice & Grains,1,49.0,49.0,32.0,card
2026-09-24,TX-B3_growing_supermarket-d30-000320,Jeddah - Corniche,Jeddah,Basmati Rice 5kg,GRW-RIC-01,Rice & Grains,1,49.0,49.0,32.0,mada
2026-09-24,TX-B3_growing_supermarket-d30-000321,Jeddah - Corniche,Jeddah,Basmati Rice 5kg,GRW-RIC-01,Rice & Grains,1,49.0,49.0,32.0,mada
2026-09-24,TX-B3_growing_supermarket-d30-000322,Jeddah - Corniche,Jeddah,Basmati Rice 5kg,GRW-RIC-01,Rice & Grains,1,49.0,49.0,32.0,card
2026-09-24,TX-B3_growing_supermarket-d30-000323,Jeddah - Corniche,Jeddah,Basmati Rice 5kg,GRW-RIC-01,Rice & Grains,1,49.0,49.0,32.0,mada
2026-09-24,TX-B3_growing_supermarket-d30-000324,Jeddah - Corniche,Jeddah,Basmati Rice 5kg,GRW-RIC-01,Rice & Grains,1,49.0,49.0,32.0,mada
2026-09-24,TX-B3_growing_supermarket-d30-000325,Jeddah - Corniche,Jeddah,Basmati Rice 5kg,GRW-RIC-01,Rice & Grains,1,49.0,49.0,32.0,cash
2026-09-24,TX-B3_growing_supermarket-d30-000326,Jeddah - Corniche,Jeddah,Basmati Rice 5kg,GRW-RIC-01,Rice & Grains,1,49.0,49.0,32.0,card
2026-09-24,TX-B3_growing_supermarket-d30-000327,Jeddah - Corniche,Jeddah,Basmati Rice 5kg,GRW-RIC-01,Rice & Grains,1,49.0,49.0,32.0,card
2026-09-24,TX-B3_growing_supermarket-d30-000328,Jeddah - Corniche,Jeddah,Basmati Rice 5kg,GRW-RIC-01,Rice & Grains,1,49.0,49.0,32.0,mada
2026-09-24,TX-B3_growing_supermarket-d30-000329,Jeddah - Corniche,Jeddah,Basmati Rice 5kg,GRW-RIC-01,Rice & Grains,1,49.0,49.0,32.0,card
2026-09-24,TX-B3_growing_supermarket-d30-000330,Jeddah - Corniche,Jeddah,Basmati Rice 5kg,GRW-RIC-01,Rice & Grains,1,49.0,49.0,32.0,mada
2026-09-24,TX-B3_growing_supermarket-d30-000331,Jeddah - Corniche,Jeddah,Basmati Rice 5kg,GRW-RIC-01,Rice & Grains,1,49.0,49.0,32.0,mada
2026-09-24,TX-B3_growing_supermarket-d30-000332,Jeddah - Corniche,Jeddah,Basmati Rice 5kg,GRW-RIC-01,Rice & Grains,1,49.0,49.0,32.0,mada
2026-09-24,TX-B3_growing_supermarket-d30-000333,Jeddah - Corniche,Jeddah,Basmati Rice 5kg,GRW-RIC-01,Rice & Grains,1,49.0,49.0,32.0,cash
2026-09-24,TX-B3_growing_supermarket-d30-000334,Jeddah - Corniche,Jeddah,Basmati Rice 5kg,GRW-RIC-01,Rice & Grains,1,49.0,49.0,32.0,mada
2026-09-24,TX-B3_growing_supermarket-d30-000335,Jeddah - Corniche,Jeddah,Basmati Rice 5kg,GRW-RIC-01,Rice & Grains,1,49.0,49.0,32.0,card
2026-09-24,TX-B3_growing_supermarket-d30-000336,Jeddah - Corniche,Jeddah,Basmati Rice 5kg,GRW-RIC-01,Rice & Grains,1,49.0,49.0,32.0,mada
2026-09-24,TX-B3_growing_supermarket-d30-000337,Jeddah - Corniche,Jeddah,Basmati Rice 5kg,GRW-RIC-01,Rice & Grains,1,49.0,49.0,32.0,cash
2026-09-24,TX-B3_growing_supermarket-d30-000338,Jeddah - Corniche,Jeddah,Basmati Rice 5kg,GRW-RIC-01,Rice & Grains,1,49.0,49.0,32.0,mada
2026-09-24,TX-B3_growing_supermarket-d30-000339,Jeddah - Corniche,Jeddah,Basmati Rice 5kg,GRW-RIC-01,Rice & Grains,1,49.0,49.0,32.0,mada
2026-09-24,TX-B3_growing_supermarket-d30-000340,Jeddah - Corniche,Jeddah,Basmati Rice 5kg,GRW-RIC-01,Rice & Grains,1,49.0,49.0,32.0,card
2026-09-24,TX-B3_growing_supermarket-d30-000341,Jeddah - Corniche,Jeddah,Basmati Rice 5kg,GRW-RIC-01,Rice & Grains,1,49.0,49.0,32.0,cash
2026-09-24,TX-B3_growing_supermarket-d30-000342,Jeddah - Corniche,Jeddah,Basmati Rice 5kg,GRW-RIC-01,Rice & Grains,1,49.0,49.0,32.0,cash
2026-09-24,TX-B3_growing_supermarket-d30-000343,Jeddah - Corniche,Jeddah,Basmati Rice 5kg,GRW-RIC-01,Rice & Grains,1,49.0,49.0,32.0,card
2026-09-24,TX-B3_growing_supermarket-d30-000344,Jeddah - Corniche,Jeddah,Basmati Rice 5kg,GRW-RIC-01,Rice & Grains,1,49.0,49.0,32.0,card
2026-09-25,TX-B3_growing_supermarket-d30-000345,Jeddah - Corniche,Jeddah,Basmati Rice 5kg,GRW-RIC-01,Rice & Grains,1,49.0,49.0,32.0,cash
2026-09-25,TX-B3_growing_supermarket-d30-000346,Jeddah - Corniche,Jeddah,Basmati Rice 5kg,GRW-RIC-01,Rice & Grains,1,49.0,49.0,32.0,mada
2026-09-25,TX-B3_growing_supermarket-d30-000347,Jeddah - Corniche,Jeddah,Basmati Rice 5kg,GRW-RIC-01,Rice & Grains,1,49.0,49.0,32.0,card
2026-09-25,TX-B3_growing_supermarket-d30-000348,Jeddah - Corniche,Jeddah,Basmati Rice 5kg,GRW-RIC-01,Rice & Grains,1,49.0,49.0,32.0,cash
2026-09-25,TX-B3_growing_supermarket-d30-000349,Jeddah - Corniche,Jeddah,Basmati Rice 5kg,GRW-RIC-01,Rice & Grains,1,49.0,49.0,32.0,card
2026-09-25,TX-B3_growing_supermarket-d30-000350,Jeddah - Corniche,Jeddah,Basmati Rice 5kg,GRW-RIC-01,Rice & Grains,1,49.0,49.0,32.0,cash
2026-09-25,TX-B3_growing_supermarket-d30-000351,Jeddah - Corniche,Jeddah,Basmati Rice 5kg,GRW-RIC-01,Rice & Grains,1,49.0,49.0,32.0,card
2026-09-25,TX-B3_growing_supermarket-d30-000352,Jeddah - Corniche,Jeddah,Basmati Rice 5kg,GRW-RIC-01,Rice & Grains,1,49.0,49.0,32.0,cash
2026-09-25,TX-B3_growing_supermarket-d30-000353,Jeddah - Corniche,Jeddah,Basmati Rice 5kg,GRW-RIC-01,Rice & Grains,1,49.0,49.0,32.0,mada
2026-09-25,TX-B3_growing_supermarket-d30-000354,Jeddah - Corniche,Jeddah,Basmati Rice 5kg,GRW-RIC-01,Rice & Grains,1,49.0,49.0,32.0,card
2026-09-25,TX-B3_growing_supermarket-d30-000355,Jeddah - Corniche,Jeddah,Basmati Rice 5kg,GRW-RIC-01,Rice & Grains,1,49.0,49.0,32.0,mada
2026-09-25,TX-B3_growing_supermarket-d30-000356,Jeddah - Corniche,Jeddah,Basmati Rice 5kg,GRW-RIC-01,Rice & Grains,1,49.0,49.0,32.0,card
2026-09-25,TX-B3_growing_supermarket-d30-000357,Jeddah - Corniche,Jeddah,Basmati Rice 5kg,GRW-RIC-01,Rice & Grains,1,49.0,49.0,32.0,mada
2026-09-25,TX-B3_growing_supermarket-d30-000358,Jeddah - Corniche,Jeddah,Basmati Rice 5kg,GRW-RIC-01,Rice & Grains,1,49.0,49.0,32.0,mada
2026-09-25,TX-B3_growing_supermarket-d30-000359,Jeddah - Corniche,Jeddah,Basmati Rice 5kg,GRW-RIC-01,Rice & Grains,1,49.0,49.0,32.0,mada
2026-09-25,TX-B3_growing_supermarket-d30-000360,Jeddah - Corniche,Jeddah,Basmati Rice 5kg,GRW-RIC-01,Rice & Grains,1,49.0,49.0,32.0,cash
2026-09-25,TX-B3_growing_supermarket-d30-000361,Jeddah - Corniche,Jeddah,Basmati Rice 5kg,GRW-RIC-01,Rice & Grains,1,49.0,49.0,32.0,cash
2026-09-25,TX-B3_growing_supermarket-d30-000362,Jeddah - Corniche,Jeddah,Basmati Rice 5kg,GRW-RIC-01,Rice & Grains,1,49.0,49.0,32.0,mada
2026-09-25,TX-B3_growing_supermarket-d30-000363,Jeddah - Corniche,Jeddah,Basmati Rice 5kg,GRW-RIC-01,Rice & Grains,1,49.0,49.0,32.0,cash
2026-09-10,TX-B3_growing_supermarket-d30-000364,Jeddah - Corniche,Jeddah,Pasta 500g,GRW-PAS-02,Pasta,1,5.75,5.75,3.1,mada
2026-09-10,TX-B3_growing_supermarket-d30-000365,Jeddah - Corniche,Jeddah,Pasta 500g,GRW-PAS-02,Pasta,1,5.75,5.75,3.1,card
2026-09-10,TX-B3_growing_supermarket-d30-000366,Jeddah - Corniche,Jeddah,Pasta 500g,GRW-PAS-02,Pasta,1,5.75,5.75,3.1,mada
2026-09-10,TX-B3_growing_supermarket-d30-000367,Jeddah - Corniche,Jeddah,Pasta 500g,GRW-PAS-02,Pasta,1,5.75,5.75,3.1,card
2026-09-10,TX-B3_growing_supermarket-d30-000368,Jeddah - Corniche,Jeddah,Pasta 500g,GRW-PAS-02,Pasta,1,5.75,5.75,3.1,mada
2026-09-10,TX-B3_growing_supermarket-d30-000369,Jeddah - Corniche,Jeddah,Pasta 500g,GRW-PAS-02,Pasta,1,5.75,5.75,3.1,mada
2026-09-10,TX-B3_growing_supermarket-d30-000370,Jeddah - Corniche,Jeddah,Pasta 500g,GRW-PAS-02,Pasta,1,5.75,5.75,3.1,card
2026-09-10,TX-B3_growing_supermarket-d30-000371,Jeddah - Corniche,Jeddah,Pasta 500g,GRW-PAS-02,Pasta,1,5.75,5.75,3.1,cash
2026-09-10,TX-B3_growing_supermarket-d30-000372,Jeddah - Corniche,Jeddah,Pasta 500g,GRW-PAS-02,Pasta,1,5.75,5.75,3.1,cash
2026-09-10,TX-B3_growing_supermarket-d30-000373,Jeddah - Corniche,Jeddah,Pasta 500g,GRW-PAS-02,Pasta,1,5.75,5.75,3.1,card
2026-09-10,TX-B3_growing_supermarket-d30-000374,Jeddah - Corniche,Jeddah,Pasta 500g,GRW-PAS-02,Pasta,1,5.75,5.75,3.1,card
2026-09-10,TX-B3_growing_supermarket-d30-000375,Jeddah - Corniche,Jeddah,Pasta 500g,GRW-PAS-02,Pasta,1,5.75,5.75,3.1,mada
2026-09-10,TX-B3_growing_supermarket-d30-000376,Jeddah - Corniche,Jeddah,Pasta 500g,GRW-PAS-02,Pasta,1,5.75,5.75,3.1,mada
2026-09-10,TX-B3_growing_supermarket-d30-000377,Jeddah - Corniche,Jeddah,Pasta 500g,GRW-PAS-02,Pasta,1,5.75,5.75,3.1,card
2026-09-10,TX-B3_growing_supermarket-d30-000378,Jeddah - Corniche,Jeddah,Pasta 500g,GRW-PAS-02,Pasta,1,5.75,5.75,3.1,mada
2026-09-10,TX-B3_growing_supermarket-d30-000379,Jeddah - Corniche,Jeddah,Pasta 500g,GRW-PAS-02,Pasta,1,5.75,5.75,3.1,cash
2026-09-10,TX-B3_growing_supermarket-d30-000380,Jeddah - Corniche,Jeddah,Pasta 500g,GRW-PAS-02,Pasta,1,5.75,5.75,3.1,cash
2026-09-10,TX-B3_growing_supermarket-d30-000381,Jeddah - Corniche,Jeddah,Pasta 500g,GRW-PAS-02,Pasta,1,5.75,5.75,3.1,card
2026-09-10,TX-B3_growing_supermarket-d30-000382,Jeddah - Corniche,Jeddah,Pasta 500g,GRW-PAS-02,Pasta,1,5.75,5.75,3.1,mada
2026-09-10,TX-B3_growing_supermarket-d30-000383,Jeddah - Corniche,Jeddah,Pasta 500g,GRW-PAS-02,Pasta,1,5.75,5.75,3.1,card
2026-09-10,TX-B3_growing_supermarket-d30-000384,Jeddah - Corniche,Jeddah,Pasta 500g,GRW-PAS-02,Pasta,1,5.75,5.75,3.1,mada
2026-09-10,TX-B3_growing_supermarket-d30-000385,Jeddah - Corniche,Jeddah,Pasta 500g,GRW-PAS-02,Pasta,1,5.75,5.75,3.1,cash
2026-09-10,TX-B3_growing_supermarket-d30-000386,Jeddah - Corniche,Jeddah,Pasta 500g,GRW-PAS-02,Pasta,1,5.75,5.75,3.1,card
2026-09-10,TX-B3_growing_supermarket-d30-000387,Jeddah - Corniche,Jeddah,Pasta 500g,GRW-PAS-02,Pasta,1,5.75,5.75,3.1,card
2026-09-10,TX-B3_growing_supermarket-d30-000388,Jeddah - Corniche,Jeddah,Pasta 500g,GRW-PAS-02,Pasta,1,5.75,5.75,3.1,cash
2026-09-11,TX-B3_growing_supermarket-d30-000389,Jeddah - Corniche,Jeddah,Pasta 500g,GRW-PAS-02,Pasta,1,5.75,5.75,3.1,mada
2026-09-11,TX-B3_growing_supermarket-d30-000390,Jeddah - Corniche,Jeddah,Pasta 500g,GRW-PAS-02,Pasta,1,5.75,5.75,3.1,cash
2026-09-11,TX-B3_growing_supermarket-d30-000391,Jeddah - Corniche,Jeddah,Pasta 500g,GRW-PAS-02,Pasta,1,5.75,5.75,3.1,card
2026-09-11,TX-B3_growing_supermarket-d30-000392,Jeddah - Corniche,Jeddah,Pasta 500g,GRW-PAS-02,Pasta,1,5.75,5.75,3.1,cash
2026-09-11,TX-B3_growing_supermarket-d30-000393,Jeddah - Corniche,Jeddah,Pasta 500g,GRW-PAS-02,Pasta,1,5.75,5.75,3.1,cash
2026-09-11,TX-B3_growing_supermarket-d30-000394,Jeddah - Corniche,Jeddah,Pasta 500g,GRW-PAS-02,Pasta,1,5.75,5.75,3.1,mada
2026-09-11,TX-B3_growing_supermarket-d30-000395,Jeddah - Corniche,Jeddah,Pasta 500g,GRW-PAS-02,Pasta,1,5.75,5.75,3.1,cash
2026-09-11,TX-B3_growing_supermarket-d30-000396,Jeddah - Corniche,Jeddah,Pasta 500g,GRW-PAS-02,Pasta,1,5.75,5.75,3.1,card
2026-09-11,TX-B3_growing_supermarket-d30-000397,Jeddah - Corniche,Jeddah,Pasta 500g,GRW-PAS-02,Pasta,1,5.75,5.75,3.1,card
2026-09-11,TX-B3_growing_supermarket-d30-000398,Jeddah - Corniche,Jeddah,Pasta 500g,GRW-PAS-02,Pasta,1,5.75,5.75,3.1,cash
2026-09-11,TX-B3_growing_supermarket-d30-000399,Jeddah - Corniche,Jeddah,Pasta 500g,GRW-PAS-02,Pasta,1,5.75,5.75,3.1,cash
2026-09-11,TX-B3_growing_supermarket-d30-000400,Jeddah - Corniche,Jeddah,Pasta 500g,GRW-PAS-02,Pasta,1,5.75,5.75,3.1,card
2026-09-11,TX-B3_growing_supermarket-d30-000401,Jeddah - Corniche,Jeddah,Pasta 500g,GRW-PAS-02,Pasta,1,5.75,5.75,3.1,cash
2026-09-11,TX-B3_growing_supermarket-d30-000402,Jeddah - Corniche,Jeddah,Pasta 500g,GRW-PAS-02,Pasta,1,5.75,5.75,3.1,cash
2026-09-11,TX-B3_growing_supermarket-d30-000403,Jeddah - Corniche,Jeddah,Pasta 500g,GRW-PAS-02,Pasta,1,5.75,5.75,3.1,cash
2026-09-11,TX-B3_growing_supermarket-d30-000404,Jeddah - Corniche,Jeddah,Pasta 500g,GRW-PAS-02,Pasta,1,5.75,5.75,3.1,card
2026-09-11,TX-B3_growing_supermarket-d30-000405,Jeddah - Corniche,Jeddah,Pasta 500g,GRW-PAS-02,Pasta,1,5.75,5.75,3.1,cash
2026-09-11,TX-B3_growing_supermarket-d30-000406,Jeddah - Corniche,Jeddah,Pasta 500g,GRW-PAS-02,Pasta,1,5.75,5.75,3.1,cash
2026-09-11,TX-B3_growing_supermarket-d30-000407,Jeddah - Corniche,Jeddah,Pasta 500g,GRW-PAS-02,Pasta,1,5.75,5.75,3.1,mada
2026-09-11,TX-B3_growing_supermarket-d30-000408,Jeddah - Corniche,Jeddah,Pasta 500g,GRW-PAS-02,Pasta,1,5.75,5.75,3.1,card
2026-09-11,TX-B3_growing_supermarket-d30-000409,Jeddah - Corniche,Jeddah,Pasta 500g,GRW-PAS-02,Pasta,1,5.75,5.75,3.1,card
2026-09-11,TX-B3_growing_supermarket-d30-000410,Jeddah - Corniche,Jeddah,Pasta 500g,GRW-PAS-02,Pasta,1,5.75,5.75,3.1,card
2026-09-12,TX-B3_growing_supermarket-d30-000411,Jeddah - Corniche,Jeddah,Pasta 500g,GRW-PAS-02,Pasta,1,5.75,5.75,3.1,mada
2026-09-12,TX-B3_growing_supermarket-d30-000412,Jeddah - Corniche,Jeddah,Pasta 500g,GRW-PAS-02,Pasta,1,5.75,5.75,3.1,card
2026-09-12,TX-B3_growing_supermarket-d30-000413,Jeddah - Corniche,Jeddah,Pasta 500g,GRW-PAS-02,Pasta,1,5.75,5.75,3.1,mada
2026-09-12,TX-B3_growing_supermarket-d30-000414,Jeddah - Corniche,Jeddah,Pasta 500g,GRW-PAS-02,Pasta,1,5.75,5.75,3.1,cash
2026-09-12,TX-B3_growing_supermarket-d30-000415,Jeddah - Corniche,Jeddah,Pasta 500g,GRW-PAS-02,Pasta,1,5.75,5.75,3.1,mada
2026-09-12,TX-B3_growing_supermarket-d30-000416,Jeddah - Corniche,Jeddah,Pasta 500g,GRW-PAS-02,Pasta,1,5.75,5.75,3.1,cash
2026-09-12,TX-B3_growing_supermarket-d30-000417,Jeddah - Corniche,Jeddah,Pasta 500g,GRW-PAS-02,Pasta,1,5.75,5.75,3.1,card
2026-09-12,TX-B3_growing_supermarket-d30-000418,Jeddah - Corniche,Jeddah,Pasta 500g,GRW-PAS-02,Pasta,1,5.75,5.75,3.1,mada
2026-09-12,TX-B3_growing_supermarket-d30-000419,Jeddah - Corniche,Jeddah,Pasta 500g,GRW-PAS-02,Pasta,1,5.75,5.75,3.1,mada
2026-09-12,TX-B3_growing_supermarket-d30-000420,Jeddah - Corniche,Jeddah,Pasta 500g,GRW-PAS-02,Pasta,1,5.75,5.75,3.1,cash
2026-09-12,TX-B3_growing_supermarket-d30-000421,Jeddah - Corniche,Jeddah,Pasta 500g,GRW-PAS-02,Pasta,1,5.75,5.75,3.1,card
2026-09-12,TX-B3_growing_supermarket-d30-000422,Jeddah - Corniche,Jeddah,Pasta 500g,GRW-PAS-02,Pasta,1,5.75,5.75,3.1,cash
2026-09-12,TX-B3_growing_supermarket-d30-000423,Jeddah - Corniche,Jeddah,Pasta 500g,GRW-PAS-02,Pasta,1,5.75,5.75,3.1,card
2026-09-12,TX-B3_growing_supermarket-d30-000424,Jeddah - Corniche,Jeddah,Pasta 500g,GRW-PAS-02,Pasta,1,5.75,5.75,3.1,card
2026-09-12,TX-B3_growing_supermarket-d30-000425,Jeddah - Corniche,Jeddah,Pasta 500g,GRW-PAS-02,Pasta,1,5.75,5.75,3.1,mada
2026-09-12,TX-B3_growing_supermarket-d30-000426,Jeddah - Corniche,Jeddah,Pasta 500g,GRW-PAS-02,Pasta,1,5.75,5.75,3.1,cash
2026-09-12,TX-B3_growing_supermarket-d30-000427,Jeddah - Corniche,Jeddah,Pasta 500g,GRW-PAS-02,Pasta,1,5.75,5.75,3.1,mada
2026-09-12,TX-B3_growing_supermarket-d30-000428,Jeddah - Corniche,Jeddah,Pasta 500g,GRW-PAS-02,Pasta,1,5.75,5.75,3.1,mada
2026-09-12,TX-B3_growing_supermarket-d30-000429,Jeddah - Corniche,Jeddah,Pasta 500g,GRW-PAS-02,Pasta,1,5.75,5.75,3.1,cash
2026-09-12,TX-B3_growing_supermarket-d30-000430,Jeddah - Corniche,Jeddah,Pasta 500g,GRW-PAS-02,Pasta,1,5.75,5.75,3.1,mada
2026-09-12,TX-B3_growing_supermarket-d30-000431,Jeddah - Corniche,Jeddah,Pasta 500g,GRW-PAS-02,Pasta,1,5.75,5.75,3.1,card
2026-09-12,TX-B3_growing_supermarket-d30-000432,Jeddah - Corniche,Jeddah,Pasta 500g,GRW-PAS-02,Pasta,1,5.75,5.75,3.1,cash
2026-09-12,TX-B3_growing_supermarket-d30-000433,Jeddah - Corniche,Jeddah,Pasta 500g,GRW-PAS-02,Pasta,1,5.75,5.75,3.1,cash
2026-09-12,TX-B3_growing_supermarket-d30-000434,Jeddah - Corniche,Jeddah,Pasta 500g,GRW-PAS-02,Pasta,1,5.75,5.75,3.1,mada
2026-09-12,TX-B3_growing_supermarket-d30-000435,Jeddah - Corniche,Jeddah,Pasta 500g,GRW-PAS-02,Pasta,1,5.75,5.75,3.1,cash
2026-09-12,TX-B3_growing_supermarket-d30-000436,Jeddah - Corniche,Jeddah,Pasta 500g,GRW-PAS-02,Pasta,1,5.75,5.75,3.1,mada
2026-09-12,TX-B3_growing_supermarket-d30-000437,Jeddah - Corniche,Jeddah,Pasta 500g,GRW-PAS-02,Pasta,1,5.75,5.75,3.1,cash
2026-09-13,TX-B3_growing_supermarket-d30-000438,Jeddah - Corniche,Jeddah,Pasta 500g,GRW-PAS-02,Pasta,1,5.75,5.75,3.1,mada
2026-09-13,TX-B3_growing_supermarket-d30-000439,Jeddah - Corniche,Jeddah,Pasta 500g,GRW-PAS-02,Pasta,1,5.75,5.75,3.1,card
2026-09-13,TX-B3_growing_supermarket-d30-000440,Jeddah - Corniche,Jeddah,Pasta 500g,GRW-PAS-02,Pasta,1,5.75,5.75,3.1,cash
2026-09-13,TX-B3_growing_supermarket-d30-000441,Jeddah - Corniche,Jeddah,Pasta 500g,GRW-PAS-02,Pasta,1,5.75,5.75,3.1,mada
2026-09-13,TX-B3_growing_supermarket-d30-000442,Jeddah - Corniche,Jeddah,Pasta 500g,GRW-PAS-02,Pasta,1,5.75,5.75,3.1,card
2026-09-13,TX-B3_growing_supermarket-d30-000443,Jeddah - Corniche,Jeddah,Pasta 500g,GRW-PAS-02,Pasta,1,5.75,5.75,3.1,mada
2026-09-13,TX-B3_growing_supermarket-d30-000444,Jeddah - Corniche,Jeddah,Pasta 500g,GRW-PAS-02,Pasta,1,5.75,5.75,3.1,mada
2026-09-13,TX-B3_growing_supermarket-d30-000445,Jeddah - Corniche,Jeddah,Pasta 500g,GRW-PAS-02,Pasta,1,5.75,5.75,3.1,cash
2026-09-13,TX-B3_growing_supermarket-d30-000446,Jeddah - Corniche,Jeddah,Pasta 500g,GRW-PAS-02,Pasta,1,5.75,5.75,3.1,mada
2026-09-13,TX-B3_growing_supermarket-d30-000447,Jeddah - Corniche,Jeddah,Pasta 500g,GRW-PAS-02,Pasta,1,5.75,5.75,3.1,card
2026-09-13,TX-B3_growing_supermarket-d30-000448,Jeddah - Corniche,Jeddah,Pasta 500g,GRW-PAS-02,Pasta,1,5.75,5.75,3.1,card
2026-09-13,TX-B3_growing_supermarket-d30-000449,Jeddah - Corniche,Jeddah,Pasta 500g,GRW-PAS-02,Pasta,1,5.75,5.75,3.1,mada
2026-09-13,TX-B3_growing_supermarket-d30-000450,Jeddah - Corniche,Jeddah,Pasta 500g,GRW-PAS-02,Pasta,1,5.75,5.75,3.1,mada
2026-09-13,TX-B3_growing_supermarket-d30-000451,Jeddah - Corniche,Jeddah,Pasta 500g,GRW-PAS-02,Pasta,1,5.75,5.75,3.1,cash
2026-09-13,TX-B3_growing_supermarket-d30-000452,Jeddah - Corniche,Jeddah,Pasta 500g,GRW-PAS-02,Pasta,1,5.75,5.75,3.1,cash
2026-09-13,TX-B3_growing_supermarket-d30-000453,Jeddah - Corniche,Jeddah,Pasta 500g,GRW-PAS-02,Pasta,1,5.75,5.75,3.1,cash
2026-09-13,TX-B3_growing_supermarket-d30-000454,Jeddah - Corniche,Jeddah,Pasta 500g,GRW-PAS-02,Pasta,1,5.75,5.75,3.1,cash
2026-09-13,TX-B3_growing_supermarket-d30-000455,Jeddah - Corniche,Jeddah,Pasta 500g,GRW-PAS-02,Pasta,1,5.75,5.75,3.1,mada
2026-09-13,TX-B3_growing_supermarket-d30-000456,Jeddah - Corniche,Jeddah,Pasta 500g,GRW-PAS-02,Pasta,1,5.75,5.75,3.1,mada
2026-09-13,TX-B3_growing_supermarket-d30-000457,Jeddah - Corniche,Jeddah,Pasta 500g,GRW-PAS-02,Pasta,1,5.75,5.75,3.1,cash
2026-09-13,TX-B3_growing_supermarket-d30-000458,Jeddah - Corniche,Jeddah,Pasta 500g,GRW-PAS-02,Pasta,1,5.75,5.75,3.1,card
2026-09-13,TX-B3_growing_supermarket-d30-000459,Jeddah - Corniche,Jeddah,Pasta 500g,GRW-PAS-02,Pasta,1,5.75,5.75,3.1,cash
2026-09-13,TX-B3_growing_supermarket-d30-000460,Jeddah - Corniche,Jeddah,Pasta 500g,GRW-PAS-02,Pasta,1,5.75,5.75,3.1,card
2026-09-13,TX-B3_growing_supermarket-d30-000461,Jeddah - Corniche,Jeddah,Pasta 500g,GRW-PAS-02,Pasta,1,5.75,5.75,3.1,cash
2026-09-13,TX-B3_growing_supermarket-d30-000462,Jeddah - Corniche,Jeddah,Pasta 500g,GRW-PAS-02,Pasta,1,5.75,5.75,3.1,card
2026-09-13,TX-B3_growing_supermarket-d30-000463,Jeddah - Corniche,Jeddah,Pasta 500g,GRW-PAS-02,Pasta,1,5.75,5.75,3.1,cash
2026-09-13,TX-B3_growing_supermarket-d30-000464,Jeddah - Corniche,Jeddah,Pasta 500g,GRW-PAS-02,Pasta,1,5.75,5.75,3.1,mada
2026-09-13,TX-B3_growing_supermarket-d30-000465,Jeddah - Corniche,Jeddah,Pasta 500g,GRW-PAS-02,Pasta,1,5.75,5.75,3.1,cash
2026-09-13,TX-B3_growing_supermarket-d30-000466,Jeddah - Corniche,Jeddah,Pasta 500g,GRW-PAS-02,Pasta,1,5.75,5.75,3.1,card
2026-09-13,TX-B3_growing_supermarket-d30-000467,Jeddah - Corniche,Jeddah,Pasta 500g,GRW-PAS-02,Pasta,1,5.75,5.75,3.1,mada
2026-09-13,TX-B3_growing_supermarket-d30-000468,Jeddah - Corniche,Jeddah,Pasta 500g,GRW-PAS-02,Pasta,1,5.75,5.75,3.1,card
2026-09-13,TX-B3_growing_supermarket-d30-000469,Jeddah - Corniche,Jeddah,Pasta 500g,GRW-PAS-02,Pasta,1,5.75,5.75,3.1,mada
2026-09-13,TX-B3_growing_supermarket-d30-000470,Jeddah - Corniche,Jeddah,Pasta 500g,GRW-PAS-02,Pasta,1,5.75,5.75,3.1,cash
2026-09-13,TX-B3_growing_supermarket-d30-000471,Jeddah - Corniche,Jeddah,Pasta 500g,GRW-PAS-02,Pasta,1,5.75,5.75,3.1,card
2026-09-13,TX-B3_growing_supermarket-d30-000472,Jeddah - Corniche,Jeddah,Pasta 500g,GRW-PAS-02,Pasta,1,5.75,5.75,3.1,cash
2026-09-13,TX-B3_growing_supermarket-d30-000473,Jeddah - Corniche,Jeddah,Pasta 500g,GRW-PAS-02,Pasta,1,5.75,5.75,3.1,mada
2026-09-13,TX-B3_growing_supermarket-d30-000474,Jeddah - Corniche,Jeddah,Pasta 500g,GRW-PAS-02,Pasta,1,5.75,5.75,3.1,card
2026-09-13,TX-B3_growing_supermarket-d30-000475,Jeddah - Corniche,Jeddah,Pasta 500g,GRW-PAS-02,Pasta,1,5.75,5.75,3.1,mada
2026-09-14,TX-B3_growing_supermarket-d30-000476,Jeddah - Corniche,Jeddah,Pasta 500g,GRW-PAS-02,Pasta,1,5.75,5.75,3.1,card
2026-09-14,TX-B3_growing_supermarket-d30-000477,Jeddah - Corniche,Jeddah,Pasta 500g,GRW-PAS-02,Pasta,1,5.75,5.75,3.1,cash
2026-09-14,TX-B3_growing_supermarket-d30-000478,Jeddah - Corniche,Jeddah,Pasta 500g,GRW-PAS-02,Pasta,1,5.75,5.75,3.1,mada
2026-09-14,TX-B3_growing_supermarket-d30-000479,Jeddah - Corniche,Jeddah,Pasta 500g,GRW-PAS-02,Pasta,1,5.75,5.75,3.1,mada
2026-09-14,TX-B3_growing_supermarket-d30-000480,Jeddah - Corniche,Jeddah,Pasta 500g,GRW-PAS-02,Pasta,1,5.75,5.75,3.1,card
2026-09-14,TX-B3_growing_supermarket-d30-000481,Jeddah - Corniche,Jeddah,Pasta 500g,GRW-PAS-02,Pasta,1,5.75,5.75,3.1,card
2026-09-14,TX-B3_growing_supermarket-d30-000482,Jeddah - Corniche,Jeddah,Pasta 500g,GRW-PAS-02,Pasta,1,5.75,5.75,3.1,mada
2026-09-14,TX-B3_growing_supermarket-d30-000483,Jeddah - Corniche,Jeddah,Pasta 500g,GRW-PAS-02,Pasta,1,5.75,5.75,3.1,mada
2026-09-14,TX-B3_growing_supermarket-d30-000484,Jeddah - Corniche,Jeddah,Pasta 500g,GRW-PAS-02,Pasta,1,5.75,5.75,3.1,card
2026-09-14,TX-B3_growing_supermarket-d30-000485,Jeddah - Corniche,Jeddah,Pasta 500g,GRW-PAS-02,Pasta,1,5.75,5.75,3.1,mada
2026-09-14,TX-B3_growing_supermarket-d30-000486,Jeddah - Corniche,Jeddah,Pasta 500g,GRW-PAS-02,Pasta,1,5.75,5.75,3.1,cash
2026-09-14,TX-B3_growing_supermarket-d30-000487,Jeddah - Corniche,Jeddah,Pasta 500g,GRW-PAS-02,Pasta,1,5.75,5.75,3.1,card
2026-09-14,TX-B3_growing_supermarket-d30-000488,Jeddah - Corniche,Jeddah,Pasta 500g,GRW-PAS-02,Pasta,1,5.75,5.75,3.1,card
2026-09-14,TX-B3_growing_supermarket-d30-000489,Jeddah - Corniche,Jeddah,Pasta 500g,GRW-PAS-02,Pasta,1,5.75,5.75,3.1,cash
2026-09-14,TX-B3_growing_supermarket-d30-000490,Jeddah - Corniche,Jeddah,Pasta 500g,GRW-PAS-02,Pasta,1,5.75,5.75,3.1,card
2026-09-14,TX-B3_growing_supermarket-d30-000491,Jeddah - Corniche,Jeddah,Pasta 500g,GRW-PAS-02,Pasta,1,5.75,5.75,3.1,cash
2026-09-14,TX-B3_growing_supermarket-d30-000492,Jeddah - Corniche,Jeddah,Pasta 500g,GRW-PAS-02,Pasta,1,5.75,5.75,3.1,card
2026-09-14,TX-B3_growing_supermarket-d30-000493,Jeddah - Corniche,Jeddah,Pasta 500g,GRW-PAS-02,Pasta,1,5.75,5.75,3.1,mada
2026-09-14,TX-B3_growing_supermarket-d30-000494,Jeddah - Corniche,Jeddah,Pasta 500g,GRW-PAS-02,Pasta,1,5.75,5.75,3.1,mada
2026-09-14,TX-B3_growing_supermarket-d30-000495,Jeddah - Corniche,Jeddah,Pasta 500g,GRW-PAS-02,Pasta,1,5.75,5.75,3.1,cash
2026-09-14,TX-B3_growing_supermarket-d30-000496,Jeddah - Corniche,Jeddah,Pasta 500g,GRW-PAS-02,Pasta,1,5.75,5.75,3.1,cash
2026-09-14,TX-B3_growing_supermarket-d30-000497,Jeddah - Corniche,Jeddah,Pasta 500g,GRW-PAS-02,Pasta,1,5.75,5.75,3.1,card
2026-09-14,TX-B3_growing_supermarket-d30-000498,Jeddah - Corniche,Jeddah,Pasta 500g,GRW-PAS-02,Pasta,1,5.75,5.75,3.1,card
2026-09-14,TX-B3_growing_supermarket-d30-000499,Jeddah - Corniche,Jeddah,Pasta 500g,GRW-PAS-02,Pasta,1,5.75,5.75,3.1,card
2026-09-14,TX-B3_growing_supermarket-d30-000500,Jeddah - Corniche,Jeddah,Pasta 500g,GRW-PAS-02,Pasta,1,5.75,5.75,3.1,cash
2026-09-14,TX-B3_growing_supermarket-d30-000501,Jeddah - Corniche,Jeddah,Pasta 500g,GRW-PAS-02,Pasta,1,5.75,5.75,3.1,mada
2026-09-14,TX-B3_growing_supermarket-d30-000502,Jeddah - Corniche,Jeddah,Pasta 500g,GRW-PAS-02,Pasta,1,5.75,5.75,3.1,mada
2026-09-14,TX-B3_growing_supermarket-d30-000503,Jeddah - Corniche,Jeddah,Pasta 500g,GRW-PAS-02,Pasta,1,5.75,5.75,3.1,card
2026-09-14,TX-B3_growing_supermarket-d30-000504,Jeddah - Corniche,Jeddah,Pasta 500g,GRW-PAS-02,Pasta,1,5.75,5.75,3.1,mada
2026-09-14,TX-B3_growing_supermarket-d30-000505,Jeddah - Corniche,Jeddah,Pasta 500g,GRW-PAS-02,Pasta,1,5.75,5.75,3.1,mada
2026-09-15,TX-B3_growing_supermarket-d30-000506,Jeddah - Corniche,Jeddah,Pasta 500g,GRW-PAS-02,Pasta,1,5.75,5.75,3.1,card
2026-09-15,TX-B3_growing_supermarket-d30-000507,Jeddah - Corniche,Jeddah,Pasta 500g,GRW-PAS-02,Pasta,1,5.75,5.75,3.1,cash
2026-09-15,TX-B3_growing_supermarket-d30-000508,Jeddah - Corniche,Jeddah,Pasta 500g,GRW-PAS-02,Pasta,1,5.75,5.75,3.1,card
2026-09-15,TX-B3_growing_supermarket-d30-000509,Jeddah - Corniche,Jeddah,Pasta 500g,GRW-PAS-02,Pasta,1,5.75,5.75,3.1,mada
2026-09-15,TX-B3_growing_supermarket-d30-000510,Jeddah - Corniche,Jeddah,Pasta 500g,GRW-PAS-02,Pasta,1,5.75,5.75,3.1,cash
2026-09-15,TX-B3_growing_supermarket-d30-000511,Jeddah - Corniche,Jeddah,Pasta 500g,GRW-PAS-02,Pasta,1,5.75,5.75,3.1,mada
2026-09-15,TX-B3_growing_supermarket-d30-000512,Jeddah - Corniche,Jeddah,Pasta 500g,GRW-PAS-02,Pasta,1,5.75,5.75,3.1,mada
2026-09-15,TX-B3_growing_supermarket-d30-000513,Jeddah - Corniche,Jeddah,Pasta 500g,GRW-PAS-02,Pasta,1,5.75,5.75,3.1,cash
2026-09-15,TX-B3_growing_supermarket-d30-000514,Jeddah - Corniche,Jeddah,Pasta 500g,GRW-PAS-02,Pasta,1,5.75,5.75,3.1,card
2026-09-15,TX-B3_growing_supermarket-d30-000515,Jeddah - Corniche,Jeddah,Pasta 500g,GRW-PAS-02,Pasta,1,5.75,5.75,3.1,mada
2026-09-15,TX-B3_growing_supermarket-d30-000516,Jeddah - Corniche,Jeddah,Pasta 500g,GRW-PAS-02,Pasta,1,5.75,5.75,3.1,mada
2026-09-15,TX-B3_growing_supermarket-d30-000517,Jeddah - Corniche,Jeddah,Pasta 500g,GRW-PAS-02,Pasta,1,5.75,5.75,3.1,mada
2026-09-15,TX-B3_growing_supermarket-d30-000518,Jeddah - Corniche,Jeddah,Pasta 500g,GRW-PAS-02,Pasta,1,5.75,5.75,3.1,cash
2026-09-15,TX-B3_growing_supermarket-d30-000519,Jeddah - Corniche,Jeddah,Pasta 500g,GRW-PAS-02,Pasta,1,5.75,5.75,3.1,card
2026-09-15,TX-B3_growing_supermarket-d30-000520,Jeddah - Corniche,Jeddah,Pasta 500g,GRW-PAS-02,Pasta,1,5.75,5.75,3.1,cash
2026-09-15,TX-B3_growing_supermarket-d30-000521,Jeddah - Corniche,Jeddah,Pasta 500g,GRW-PAS-02,Pasta,1,5.75,5.75,3.1,card
2026-09-15,TX-B3_growing_supermarket-d30-000522,Jeddah - Corniche,Jeddah,Pasta 500g,GRW-PAS-02,Pasta,1,5.75,5.75,3.1,card
2026-09-15,TX-B3_growing_supermarket-d30-000523,Jeddah - Corniche,Jeddah,Pasta 500g,GRW-PAS-02,Pasta,1,5.75,5.75,3.1,mada
2026-09-15,TX-B3_growing_supermarket-d30-000524,Jeddah - Corniche,Jeddah,Pasta 500g,GRW-PAS-02,Pasta,1,5.75,5.75,3.1,card
2026-09-15,TX-B3_growing_supermarket-d30-000525,Jeddah - Corniche,Jeddah,Pasta 500g,GRW-PAS-02,Pasta,1,5.75,5.75,3.1,card
2026-09-15,TX-B3_growing_supermarket-d30-000526,Jeddah - Corniche,Jeddah,Pasta 500g,GRW-PAS-02,Pasta,1,5.75,5.75,3.1,mada
2026-09-15,TX-B3_growing_supermarket-d30-000527,Jeddah - Corniche,Jeddah,Pasta 500g,GRW-PAS-02,Pasta,1,5.75,5.75,3.1,cash
2026-09-15,TX-B3_growing_supermarket-d30-000528,Jeddah - Corniche,Jeddah,Pasta 500g,GRW-PAS-02,Pasta,1,5.75,5.75,3.1,cash
2026-09-15,TX-B3_growing_supermarket-d30-000529,Jeddah - Corniche,Jeddah,Pasta 500g,GRW-PAS-02,Pasta,1,5.75,5.75,3.1,mada
2026-09-15,TX-B3_growing_supermarket-d30-000530,Jeddah - Corniche,Jeddah,Pasta 500g,GRW-PAS-02,Pasta,1,5.75,5.75,3.1,card
2026-09-15,TX-B3_growing_supermarket-d30-000531,Jeddah - Corniche,Jeddah,Pasta 500g,GRW-PAS-02,Pasta,1,5.75,5.75,3.1,card
2026-09-16,TX-B3_growing_supermarket-d30-000532,Jeddah - Corniche,Jeddah,Pasta 500g,GRW-PAS-02,Pasta,1,5.75,5.75,3.1,mada
2026-09-16,TX-B3_growing_supermarket-d30-000533,Jeddah - Corniche,Jeddah,Pasta 500g,GRW-PAS-02,Pasta,1,5.75,5.75,3.1,cash
2026-09-16,TX-B3_growing_supermarket-d30-000534,Jeddah - Corniche,Jeddah,Pasta 500g,GRW-PAS-02,Pasta,1,5.75,5.75,3.1,cash
2026-09-16,TX-B3_growing_supermarket-d30-000535,Jeddah - Corniche,Jeddah,Pasta 500g,GRW-PAS-02,Pasta,1,5.75,5.75,3.1,mada
2026-09-16,TX-B3_growing_supermarket-d30-000536,Jeddah - Corniche,Jeddah,Pasta 500g,GRW-PAS-02,Pasta,1,5.75,5.75,3.1,cash
2026-09-16,TX-B3_growing_supermarket-d30-000537,Jeddah - Corniche,Jeddah,Pasta 500g,GRW-PAS-02,Pasta,1,5.75,5.75,3.1,mada
2026-09-16,TX-B3_growing_supermarket-d30-000538,Jeddah - Corniche,Jeddah,Pasta 500g,GRW-PAS-02,Pasta,1,5.75,5.75,3.1,card
2026-09-16,TX-B3_growing_supermarket-d30-000539,Jeddah - Corniche,Jeddah,Pasta 500g,GRW-PAS-02,Pasta,1,5.75,5.75,3.1,mada
2026-09-16,TX-B3_growing_supermarket-d30-000540,Jeddah - Corniche,Jeddah,Pasta 500g,GRW-PAS-02,Pasta,1,5.75,5.75,3.1,mada
2026-09-16,TX-B3_growing_supermarket-d30-000541,Jeddah - Corniche,Jeddah,Pasta 500g,GRW-PAS-02,Pasta,1,5.75,5.75,3.1,cash
2026-09-16,TX-B3_growing_supermarket-d30-000542,Jeddah - Corniche,Jeddah,Pasta 500g,GRW-PAS-02,Pasta,1,5.75,5.75,3.1,mada
2026-09-16,TX-B3_growing_supermarket-d30-000543,Jeddah - Corniche,Jeddah,Pasta 500g,GRW-PAS-02,Pasta,1,5.75,5.75,3.1,mada
2026-09-16,TX-B3_growing_supermarket-d30-000544,Jeddah - Corniche,Jeddah,Pasta 500g,GRW-PAS-02,Pasta,1,5.75,5.75,3.1,card
2026-09-16,TX-B3_growing_supermarket-d30-000545,Jeddah - Corniche,Jeddah,Pasta 500g,GRW-PAS-02,Pasta,1,5.75,5.75,3.1,mada
2026-09-16,TX-B3_growing_supermarket-d30-000546,Jeddah - Corniche,Jeddah,Pasta 500g,GRW-PAS-02,Pasta,1,5.75,5.75,3.1,card
2026-09-16,TX-B3_growing_supermarket-d30-000547,Jeddah - Corniche,Jeddah,Pasta 500g,GRW-PAS-02,Pasta,1,5.75,5.75,3.1,card
2026-09-16,TX-B3_growing_supermarket-d30-000548,Jeddah - Corniche,Jeddah,Pasta 500g,GRW-PAS-02,Pasta,1,5.75,5.75,3.1,card
2026-09-16,TX-B3_growing_supermarket-d30-000549,Jeddah - Corniche,Jeddah,Pasta 500g,GRW-PAS-02,Pasta,1,5.75,5.75,3.1,card
2026-09-16,TX-B3_growing_supermarket-d30-000550,Jeddah - Corniche,Jeddah,Pasta 500g,GRW-PAS-02,Pasta,1,5.75,5.75,3.1,mada
2026-09-16,TX-B3_growing_supermarket-d30-000551,Jeddah - Corniche,Jeddah,Pasta 500g,GRW-PAS-02,Pasta,1,5.75,5.75,3.1,mada
2026-09-16,TX-B3_growing_supermarket-d30-000552,Jeddah - Corniche,Jeddah,Pasta 500g,GRW-PAS-02,Pasta,1,5.75,5.75,3.1,cash
2026-09-16,TX-B3_growing_supermarket-d30-000553,Jeddah - Corniche,Jeddah,Pasta 500g,GRW-PAS-02,Pasta,1,5.75,5.75,3.1,mada
2026-09-16,TX-B3_growing_supermarket-d30-000554,Jeddah - Corniche,Jeddah,Pasta 500g,GRW-PAS-02,Pasta,1,5.75,5.75,3.1,mada
2026-09-16,TX-B3_growing_supermarket-d30-000555,Jeddah - Corniche,Jeddah,Pasta 500g,GRW-PAS-02,Pasta,1,5.75,5.75,3.1,cash
2026-09-16,TX-B3_growing_supermarket-d30-000556,Jeddah - Corniche,Jeddah,Pasta 500g,GRW-PAS-02,Pasta,1,5.75,5.75,3.1,card
2026-09-16,TX-B3_growing_supermarket-d30-000557,Jeddah - Corniche,Jeddah,Pasta 500g,GRW-PAS-02,Pasta,1,5.75,5.75,3.1,cash
2026-09-17,TX-B3_growing_supermarket-d30-000558,Jeddah - Corniche,Jeddah,Pasta 500g,GRW-PAS-02,Pasta,1,5.75,5.75,3.1,mada
2026-09-17,TX-B3_growing_supermarket-d30-000559,Jeddah - Corniche,Jeddah,Pasta 500g,GRW-PAS-02,Pasta,1,5.75,5.75,3.1,card
2026-09-17,TX-B3_growing_supermarket-d30-000560,Jeddah - Corniche,Jeddah,Pasta 500g,GRW-PAS-02,Pasta,1,5.75,5.75,3.1,mada
2026-09-17,TX-B3_growing_supermarket-d30-000561,Jeddah - Corniche,Jeddah,Pasta 500g,GRW-PAS-02,Pasta,1,5.75,5.75,3.1,mada
2026-09-17,TX-B3_growing_supermarket-d30-000562,Jeddah - Corniche,Jeddah,Pasta 500g,GRW-PAS-02,Pasta,1,5.75,5.75,3.1,mada
2026-09-17,TX-B3_growing_supermarket-d30-000563,Jeddah - Corniche,Jeddah,Pasta 500g,GRW-PAS-02,Pasta,1,5.75,5.75,3.1,card
2026-09-17,TX-B3_growing_supermarket-d30-000564,Jeddah - Corniche,Jeddah,Pasta 500g,GRW-PAS-02,Pasta,1,5.75,5.75,3.1,card
2026-09-17,TX-B3_growing_supermarket-d30-000565,Jeddah - Corniche,Jeddah,Pasta 500g,GRW-PAS-02,Pasta,1,5.75,5.75,3.1,mada
2026-09-17,TX-B3_growing_supermarket-d30-000566,Jeddah - Corniche,Jeddah,Pasta 500g,GRW-PAS-02,Pasta,1,5.75,5.75,3.1,cash
2026-09-17,TX-B3_growing_supermarket-d30-000567,Jeddah - Corniche,Jeddah,Pasta 500g,GRW-PAS-02,Pasta,1,5.75,5.75,3.1,cash
2026-09-17,TX-B3_growing_supermarket-d30-000568,Jeddah - Corniche,Jeddah,Pasta 500g,GRW-PAS-02,Pasta,1,5.75,5.75,3.1,cash
2026-09-17,TX-B3_growing_supermarket-d30-000569,Jeddah - Corniche,Jeddah,Pasta 500g,GRW-PAS-02,Pasta,1,5.75,5.75,3.1,mada
2026-09-17,TX-B3_growing_supermarket-d30-000570,Jeddah - Corniche,Jeddah,Pasta 500g,GRW-PAS-02,Pasta,1,5.75,5.75,3.1,mada
2026-09-17,TX-B3_growing_supermarket-d30-000571,Jeddah - Corniche,Jeddah,Pasta 500g,GRW-PAS-02,Pasta,1,5.75,5.75,3.1,cash
2026-09-17,TX-B3_growing_supermarket-d30-000572,Jeddah - Corniche,Jeddah,Pasta 500g,GRW-PAS-02,Pasta,1,5.75,5.75,3.1,card
2026-09-17,TX-B3_growing_supermarket-d30-000573,Jeddah - Corniche,Jeddah,Pasta 500g,GRW-PAS-02,Pasta,1,5.75,5.75,3.1,mada
2026-09-17,TX-B3_growing_supermarket-d30-000574,Jeddah - Corniche,Jeddah,Pasta 500g,GRW-PAS-02,Pasta,1,5.75,5.75,3.1,mada
2026-09-17,TX-B3_growing_supermarket-d30-000575,Jeddah - Corniche,Jeddah,Pasta 500g,GRW-PAS-02,Pasta,1,5.75,5.75,3.1,cash
2026-09-17,TX-B3_growing_supermarket-d30-000576,Jeddah - Corniche,Jeddah,Pasta 500g,GRW-PAS-02,Pasta,1,5.75,5.75,3.1,card
2026-09-17,TX-B3_growing_supermarket-d30-000577,Jeddah - Corniche,Jeddah,Pasta 500g,GRW-PAS-02,Pasta,1,5.75,5.75,3.1,mada
2026-09-17,TX-B3_growing_supermarket-d30-000578,Jeddah - Corniche,Jeddah,Pasta 500g,GRW-PAS-02,Pasta,1,5.75,5.75,3.1,mada
2026-09-17,TX-B3_growing_supermarket-d30-000579,Jeddah - Corniche,Jeddah,Pasta 500g,GRW-PAS-02,Pasta,1,5.75,5.75,3.1,cash
2026-09-17,TX-B3_growing_supermarket-d30-000580,Jeddah - Corniche,Jeddah,Pasta 500g,GRW-PAS-02,Pasta,1,5.75,5.75,3.1,mada
2026-09-17,TX-B3_growing_supermarket-d30-000581,Jeddah - Corniche,Jeddah,Pasta 500g,GRW-PAS-02,Pasta,1,5.75,5.75,3.1,card
2026-09-17,TX-B3_growing_supermarket-d30-000582,Jeddah - Corniche,Jeddah,Pasta 500g,GRW-PAS-02,Pasta,1,5.75,5.75,3.1,card
2026-09-18,TX-B3_growing_supermarket-d30-000583,Jeddah - Corniche,Jeddah,Pasta 500g,GRW-PAS-02,Pasta,1,5.75,5.75,3.1,mada
2026-09-18,TX-B3_growing_supermarket-d30-000584,Jeddah - Corniche,Jeddah,Pasta 500g,GRW-PAS-02,Pasta,1,5.75,5.75,3.1,card
2026-09-18,TX-B3_growing_supermarket-d30-000585,Jeddah - Corniche,Jeddah,Pasta 500g,GRW-PAS-02,Pasta,1,5.75,5.75,3.1,cash
2026-09-18,TX-B3_growing_supermarket-d30-000586,Jeddah - Corniche,Jeddah,Pasta 500g,GRW-PAS-02,Pasta,1,5.75,5.75,3.1,cash
2026-09-18,TX-B3_growing_supermarket-d30-000587,Jeddah - Corniche,Jeddah,Pasta 500g,GRW-PAS-02,Pasta,1,5.75,5.75,3.1,mada
2026-09-18,TX-B3_growing_supermarket-d30-000588,Jeddah - Corniche,Jeddah,Pasta 500g,GRW-PAS-02,Pasta,1,5.75,5.75,3.1,cash
2026-09-18,TX-B3_growing_supermarket-d30-000589,Jeddah - Corniche,Jeddah,Pasta 500g,GRW-PAS-02,Pasta,1,5.75,5.75,3.1,mada
2026-09-18,TX-B3_growing_supermarket-d30-000590,Jeddah - Corniche,Jeddah,Pasta 500g,GRW-PAS-02,Pasta,1,5.75,5.75,3.1,cash
2026-09-18,TX-B3_growing_supermarket-d30-000591,Jeddah - Corniche,Jeddah,Pasta 500g,GRW-PAS-02,Pasta,1,5.75,5.75,3.1,cash
2026-09-18,TX-B3_growing_supermarket-d30-000592,Jeddah - Corniche,Jeddah,Pasta 500g,GRW-PAS-02,Pasta,1,5.75,5.75,3.1,mada
2026-09-18,TX-B3_growing_supermarket-d30-000593,Jeddah - Corniche,Jeddah,Pasta 500g,GRW-PAS-02,Pasta,1,5.75,5.75,3.1,card
2026-09-18,TX-B3_growing_supermarket-d30-000594,Jeddah - Corniche,Jeddah,Pasta 500g,GRW-PAS-02,Pasta,1,5.75,5.75,3.1,cash
2026-09-18,TX-B3_growing_supermarket-d30-000595,Jeddah - Corniche,Jeddah,Pasta 500g,GRW-PAS-02,Pasta,1,5.75,5.75,3.1,card
2026-09-18,TX-B3_growing_supermarket-d30-000596,Jeddah - Corniche,Jeddah,Pasta 500g,GRW-PAS-02,Pasta,1,5.75,5.75,3.1,card
2026-09-18,TX-B3_growing_supermarket-d30-000597,Jeddah - Corniche,Jeddah,Pasta 500g,GRW-PAS-02,Pasta,1,5.75,5.75,3.1,mada
2026-09-18,TX-B3_growing_supermarket-d30-000598,Jeddah - Corniche,Jeddah,Pasta 500g,GRW-PAS-02,Pasta,1,5.75,5.75,3.1,mada
2026-09-18,TX-B3_growing_supermarket-d30-000599,Jeddah - Corniche,Jeddah,Pasta 500g,GRW-PAS-02,Pasta,1,5.75,5.75,3.1,cash
2026-09-18,TX-B3_growing_supermarket-d30-000600,Jeddah - Corniche,Jeddah,Pasta 500g,GRW-PAS-02,Pasta,1,5.75,5.75,3.1,card
2026-09-18,TX-B3_growing_supermarket-d30-000601,Jeddah - Corniche,Jeddah,Pasta 500g,GRW-PAS-02,Pasta,1,5.75,5.75,3.1,mada
2026-09-18,TX-B3_growing_supermarket-d30-000602,Jeddah - Corniche,Jeddah,Pasta 500g,GRW-PAS-02,Pasta,1,5.75,5.75,3.1,cash
2026-09-18,TX-B3_growing_supermarket-d30-000603,Jeddah - Corniche,Jeddah,Pasta 500g,GRW-PAS-02,Pasta,1,5.75,5.75,3.1,mada
2026-09-18,TX-B3_growing_supermarket-d30-000604,Jeddah - Corniche,Jeddah,Pasta 500g,GRW-PAS-02,Pasta,1,5.75,5.75,3.1,mada
2026-09-18,TX-B3_growing_supermarket-d30-000605,Jeddah - Corniche,Jeddah,Pasta 500g,GRW-PAS-02,Pasta,1,5.75,5.75,3.1,card
2026-09-18,TX-B3_growing_supermarket-d30-000606,Jeddah - Corniche,Jeddah,Pasta 500g,GRW-PAS-02,Pasta,1,5.75,5.75,3.1,card
2026-09-18,TX-B3_growing_supermarket-d30-000607,Jeddah - Corniche,Jeddah,Pasta 500g,GRW-PAS-02,Pasta,1,5.75,5.75,3.1,mada
2026-09-18,TX-B3_growing_supermarket-d30-000608,Jeddah - Corniche,Jeddah,Pasta 500g,GRW-PAS-02,Pasta,1,5.75,5.75,3.1,mada
2026-09-18,TX-B3_growing_supermarket-d30-000609,Jeddah - Corniche,Jeddah,Pasta 500g,GRW-PAS-02,Pasta,1,5.75,5.75,3.1,card
2026-09-18,TX-B3_growing_supermarket-d30-000610,Jeddah - Corniche,Jeddah,Pasta 500g,GRW-PAS-02,Pasta,1,5.75,5.75,3.1,cash
2026-09-18,TX-B3_growing_supermarket-d30-000611,Jeddah - Corniche,Jeddah,Pasta 500g,GRW-PAS-02,Pasta,1,5.75,5.75,3.1,cash
2026-09-18,TX-B3_growing_supermarket-d30-000612,Jeddah - Corniche,Jeddah,Pasta 500g,GRW-PAS-02,Pasta,1,5.75,5.75,3.1,card
2026-09-18,TX-B3_growing_supermarket-d30-000613,Jeddah - Corniche,Jeddah,Pasta 500g,GRW-PAS-02,Pasta,1,5.75,5.75,3.1,mada
2026-09-18,TX-B3_growing_supermarket-d30-000614,Jeddah - Corniche,Jeddah,Pasta 500g,GRW-PAS-02,Pasta,1,5.75,5.75,3.1,card
2026-09-18,TX-B3_growing_supermarket-d30-000615,Jeddah - Corniche,Jeddah,Pasta 500g,GRW-PAS-02,Pasta,1,5.75,5.75,3.1,cash
2026-09-18,TX-B3_growing_supermarket-d30-000616,Jeddah - Corniche,Jeddah,Pasta 500g,GRW-PAS-02,Pasta,1,5.75,5.75,3.1,cash
2026-09-19,TX-B3_growing_supermarket-d30-000617,Jeddah - Corniche,Jeddah,Pasta 500g,GRW-PAS-02,Pasta,1,5.75,5.75,3.1,cash
2026-09-19,TX-B3_growing_supermarket-d30-000618,Jeddah - Corniche,Jeddah,Pasta 500g,GRW-PAS-02,Pasta,1,5.75,5.75,3.1,card
2026-09-19,TX-B3_growing_supermarket-d30-000619,Jeddah - Corniche,Jeddah,Pasta 500g,GRW-PAS-02,Pasta,1,5.75,5.75,3.1,cash
2026-09-19,TX-B3_growing_supermarket-d30-000620,Jeddah - Corniche,Jeddah,Pasta 500g,GRW-PAS-02,Pasta,1,5.75,5.75,3.1,mada
2026-09-19,TX-B3_growing_supermarket-d30-000621,Jeddah - Corniche,Jeddah,Pasta 500g,GRW-PAS-02,Pasta,1,5.75,5.75,3.1,card
2026-09-19,TX-B3_growing_supermarket-d30-000622,Jeddah - Corniche,Jeddah,Pasta 500g,GRW-PAS-02,Pasta,1,5.75,5.75,3.1,cash
2026-09-19,TX-B3_growing_supermarket-d30-000623,Jeddah - Corniche,Jeddah,Pasta 500g,GRW-PAS-02,Pasta,1,5.75,5.75,3.1,mada
2026-09-19,TX-B3_growing_supermarket-d30-000624,Jeddah - Corniche,Jeddah,Pasta 500g,GRW-PAS-02,Pasta,1,5.75,5.75,3.1,mada
2026-09-19,TX-B3_growing_supermarket-d30-000625,Jeddah - Corniche,Jeddah,Pasta 500g,GRW-PAS-02,Pasta,1,5.75,5.75,3.1,mada
2026-09-19,TX-B3_growing_supermarket-d30-000626,Jeddah - Corniche,Jeddah,Pasta 500g,GRW-PAS-02,Pasta,1,5.75,5.75,3.1,cash
2026-09-19,TX-B3_growing_supermarket-d30-000627,Jeddah - Corniche,Jeddah,Pasta 500g,GRW-PAS-02,Pasta,1,5.75,5.75,3.1,card
2026-09-19,TX-B3_growing_supermarket-d30-000628,Jeddah - Corniche,Jeddah,Pasta 500g,GRW-PAS-02,Pasta,1,5.75,5.75,3.1,cash
2026-09-19,TX-B3_growing_supermarket-d30-000629,Jeddah - Corniche,Jeddah,Pasta 500g,GRW-PAS-02,Pasta,1,5.75,5.75,3.1,cash
2026-09-19,TX-B3_growing_supermarket-d30-000630,Jeddah - Corniche,Jeddah,Pasta 500g,GRW-PAS-02,Pasta,1,5.75,5.75,3.1,mada
2026-09-19,TX-B3_growing_supermarket-d30-000631,Jeddah - Corniche,Jeddah,Pasta 500g,GRW-PAS-02,Pasta,1,5.75,5.75,3.1,cash
2026-09-19,TX-B3_growing_supermarket-d30-000632,Jeddah - Corniche,Jeddah,Pasta 500g,GRW-PAS-02,Pasta,1,5.75,5.75,3.1,cash
2026-09-19,TX-B3_growing_supermarket-d30-000633,Jeddah - Corniche,Jeddah,Pasta 500g,GRW-PAS-02,Pasta,1,5.75,5.75,3.1,mada
2026-09-19,TX-B3_growing_supermarket-d30-000634,Jeddah - Corniche,Jeddah,Pasta 500g,GRW-PAS-02,Pasta,1,5.75,5.75,3.1,cash
2026-09-19,TX-B3_growing_supermarket-d30-000635,Jeddah - Corniche,Jeddah,Pasta 500g,GRW-PAS-02,Pasta,1,5.75,5.75,3.1,cash
2026-09-19,TX-B3_growing_supermarket-d30-000636,Jeddah - Corniche,Jeddah,Pasta 500g,GRW-PAS-02,Pasta,1,5.75,5.75,3.1,mada
2026-09-19,TX-B3_growing_supermarket-d30-000637,Jeddah - Corniche,Jeddah,Pasta 500g,GRW-PAS-02,Pasta,1,5.75,5.75,3.1,cash
2026-09-19,TX-B3_growing_supermarket-d30-000638,Jeddah - Corniche,Jeddah,Pasta 500g,GRW-PAS-02,Pasta,1,5.75,5.75,3.1,cash
2026-09-19,TX-B3_growing_supermarket-d30-000639,Jeddah - Corniche,Jeddah,Pasta 500g,GRW-PAS-02,Pasta,1,5.75,5.75,3.1,card
2026-09-20,TX-B3_growing_supermarket-d30-000640,Jeddah - Corniche,Jeddah,Pasta 500g,GRW-PAS-02,Pasta,1,5.75,5.75,3.1,card
2026-09-20,TX-B3_growing_supermarket-d30-000641,Jeddah - Corniche,Jeddah,Pasta 500g,GRW-PAS-02,Pasta,1,5.75,5.75,3.1,mada
2026-09-20,TX-B3_growing_supermarket-d30-000642,Jeddah - Corniche,Jeddah,Pasta 500g,GRW-PAS-02,Pasta,1,5.75,5.75,3.1,cash
2026-09-20,TX-B3_growing_supermarket-d30-000643,Jeddah - Corniche,Jeddah,Pasta 500g,GRW-PAS-02,Pasta,1,5.75,5.75,3.1,cash
2026-09-20,TX-B3_growing_supermarket-d30-000644,Jeddah - Corniche,Jeddah,Pasta 500g,GRW-PAS-02,Pasta,1,5.75,5.75,3.1,card
2026-09-20,TX-B3_growing_supermarket-d30-000645,Jeddah - Corniche,Jeddah,Pasta 500g,GRW-PAS-02,Pasta,1,5.75,5.75,3.1,cash
2026-09-20,TX-B3_growing_supermarket-d30-000646,Jeddah - Corniche,Jeddah,Pasta 500g,GRW-PAS-02,Pasta,1,5.75,5.75,3.1,mada
2026-09-20,TX-B3_growing_supermarket-d30-000647,Jeddah - Corniche,Jeddah,Pasta 500g,GRW-PAS-02,Pasta,1,5.75,5.75,3.1,cash
2026-09-20,TX-B3_growing_supermarket-d30-000648,Jeddah - Corniche,Jeddah,Pasta 500g,GRW-PAS-02,Pasta,1,5.75,5.75,3.1,mada
2026-09-20,TX-B3_growing_supermarket-d30-000649,Jeddah - Corniche,Jeddah,Pasta 500g,GRW-PAS-02,Pasta,1,5.75,5.75,3.1,mada
2026-09-20,TX-B3_growing_supermarket-d30-000650,Jeddah - Corniche,Jeddah,Pasta 500g,GRW-PAS-02,Pasta,1,5.75,5.75,3.1,cash
2026-09-20,TX-B3_growing_supermarket-d30-000651,Jeddah - Corniche,Jeddah,Pasta 500g,GRW-PAS-02,Pasta,1,5.75,5.75,3.1,mada
2026-09-20,TX-B3_growing_supermarket-d30-000652,Jeddah - Corniche,Jeddah,Pasta 500g,GRW-PAS-02,Pasta,1,5.75,5.75,3.1,card
2026-09-20,TX-B3_growing_supermarket-d30-000653,Jeddah - Corniche,Jeddah,Pasta 500g,GRW-PAS-02,Pasta,1,5.75,5.75,3.1,card
2026-09-20,TX-B3_growing_supermarket-d30-000654,Jeddah - Corniche,Jeddah,Pasta 500g,GRW-PAS-02,Pasta,1,5.75,5.75,3.1,cash
2026-09-20,TX-B3_growing_supermarket-d30-000655,Jeddah - Corniche,Jeddah,Pasta 500g,GRW-PAS-02,Pasta,1,5.75,5.75,3.1,card
2026-09-20,TX-B3_growing_supermarket-d30-000656,Jeddah - Corniche,Jeddah,Pasta 500g,GRW-PAS-02,Pasta,1,5.75,5.75,3.1,card
2026-09-20,TX-B3_growing_supermarket-d30-000657,Jeddah - Corniche,Jeddah,Pasta 500g,GRW-PAS-02,Pasta,1,5.75,5.75,3.1,mada
2026-09-20,TX-B3_growing_supermarket-d30-000658,Jeddah - Corniche,Jeddah,Pasta 500g,GRW-PAS-02,Pasta,1,5.75,5.75,3.1,cash
2026-09-20,TX-B3_growing_supermarket-d30-000659,Jeddah - Corniche,Jeddah,Pasta 500g,GRW-PAS-02,Pasta,1,5.75,5.75,3.1,cash
2026-09-20,TX-B3_growing_supermarket-d30-000660,Jeddah - Corniche,Jeddah,Pasta 500g,GRW-PAS-02,Pasta,1,5.75,5.75,3.1,mada
2026-09-20,TX-B3_growing_supermarket-d30-000661,Jeddah - Corniche,Jeddah,Pasta 500g,GRW-PAS-02,Pasta,1,5.75,5.75,3.1,cash
2026-09-20,TX-B3_growing_supermarket-d30-000662,Jeddah - Corniche,Jeddah,Pasta 500g,GRW-PAS-02,Pasta,1,5.75,5.75,3.1,mada
2026-09-20,TX-B3_growing_supermarket-d30-000663,Jeddah - Corniche,Jeddah,Pasta 500g,GRW-PAS-02,Pasta,1,5.75,5.75,3.1,mada
2026-09-20,TX-B3_growing_supermarket-d30-000664,Jeddah - Corniche,Jeddah,Pasta 500g,GRW-PAS-02,Pasta,1,5.75,5.75,3.1,cash
2026-09-20,TX-B3_growing_supermarket-d30-000665,Jeddah - Corniche,Jeddah,Pasta 500g,GRW-PAS-02,Pasta,1,5.75,5.75,3.1,card
2026-09-20,TX-B3_growing_supermarket-d30-000666,Jeddah - Corniche,Jeddah,Pasta 500g,GRW-PAS-02,Pasta,1,5.75,5.75,3.1,mada
2026-09-20,TX-B3_growing_supermarket-d30-000667,Jeddah - Corniche,Jeddah,Pasta 500g,GRW-PAS-02,Pasta,1,5.75,5.75,3.1,mada
2026-09-21,TX-B3_growing_supermarket-d30-000668,Jeddah - Corniche,Jeddah,Pasta 500g,GRW-PAS-02,Pasta,1,5.75,5.75,3.1,card
2026-09-21,TX-B3_growing_supermarket-d30-000669,Jeddah - Corniche,Jeddah,Pasta 500g,GRW-PAS-02,Pasta,1,5.75,5.75,3.1,card
2026-09-21,TX-B3_growing_supermarket-d30-000670,Jeddah - Corniche,Jeddah,Pasta 500g,GRW-PAS-02,Pasta,1,5.75,5.75,3.1,cash
2026-09-21,TX-B3_growing_supermarket-d30-000671,Jeddah - Corniche,Jeddah,Pasta 500g,GRW-PAS-02,Pasta,1,5.75,5.75,3.1,mada
2026-09-21,TX-B3_growing_supermarket-d30-000672,Jeddah - Corniche,Jeddah,Pasta 500g,GRW-PAS-02,Pasta,1,5.75,5.75,3.1,card
2026-09-21,TX-B3_growing_supermarket-d30-000673,Jeddah - Corniche,Jeddah,Pasta 500g,GRW-PAS-02,Pasta,1,5.75,5.75,3.1,card
2026-09-21,TX-B3_growing_supermarket-d30-000674,Jeddah - Corniche,Jeddah,Pasta 500g,GRW-PAS-02,Pasta,1,5.75,5.75,3.1,card
2026-09-21,TX-B3_growing_supermarket-d30-000675,Jeddah - Corniche,Jeddah,Pasta 500g,GRW-PAS-02,Pasta,1,5.75,5.75,3.1,mada
2026-09-21,TX-B3_growing_supermarket-d30-000676,Jeddah - Corniche,Jeddah,Pasta 500g,GRW-PAS-02,Pasta,1,5.75,5.75,3.1,mada
2026-09-21,TX-B3_growing_supermarket-d30-000677,Jeddah - Corniche,Jeddah,Pasta 500g,GRW-PAS-02,Pasta,1,5.75,5.75,3.1,mada
2026-09-21,TX-B3_growing_supermarket-d30-000678,Jeddah - Corniche,Jeddah,Pasta 500g,GRW-PAS-02,Pasta,1,5.75,5.75,3.1,cash
2026-09-21,TX-B3_growing_supermarket-d30-000679,Jeddah - Corniche,Jeddah,Pasta 500g,GRW-PAS-02,Pasta,1,5.75,5.75,3.1,mada
2026-09-21,TX-B3_growing_supermarket-d30-000680,Jeddah - Corniche,Jeddah,Pasta 500g,GRW-PAS-02,Pasta,1,5.75,5.75,3.1,card
2026-09-21,TX-B3_growing_supermarket-d30-000681,Jeddah - Corniche,Jeddah,Pasta 500g,GRW-PAS-02,Pasta,1,5.75,5.75,3.1,card
2026-09-21,TX-B3_growing_supermarket-d30-000682,Jeddah - Corniche,Jeddah,Pasta 500g,GRW-PAS-02,Pasta,1,5.75,5.75,3.1,mada
2026-09-21,TX-B3_growing_supermarket-d30-000683,Jeddah - Corniche,Jeddah,Pasta 500g,GRW-PAS-02,Pasta,1,5.75,5.75,3.1,cash
2026-09-21,TX-B3_growing_supermarket-d30-000684,Jeddah - Corniche,Jeddah,Pasta 500g,GRW-PAS-02,Pasta,1,5.75,5.75,3.1,mada
2026-09-21,TX-B3_growing_supermarket-d30-000685,Jeddah - Corniche,Jeddah,Pasta 500g,GRW-PAS-02,Pasta,1,5.75,5.75,3.1,card
2026-09-21,TX-B3_growing_supermarket-d30-000686,Jeddah - Corniche,Jeddah,Pasta 500g,GRW-PAS-02,Pasta,1,5.75,5.75,3.1,mada
2026-09-21,TX-B3_growing_supermarket-d30-000687,Jeddah - Corniche,Jeddah,Pasta 500g,GRW-PAS-02,Pasta,1,5.75,5.75,3.1,card
2026-09-21,TX-B3_growing_supermarket-d30-000688,Jeddah - Corniche,Jeddah,Pasta 500g,GRW-PAS-02,Pasta,1,5.75,5.75,3.1,mada
2026-09-21,TX-B3_growing_supermarket-d30-000689,Jeddah - Corniche,Jeddah,Pasta 500g,GRW-PAS-02,Pasta,1,5.75,5.75,3.1,card
2026-09-21,TX-B3_growing_supermarket-d30-000690,Jeddah - Corniche,Jeddah,Pasta 500g,GRW-PAS-02,Pasta,1,5.75,5.75,3.1,card
2026-09-21,TX-B3_growing_supermarket-d30-000691,Jeddah - Corniche,Jeddah,Pasta 500g,GRW-PAS-02,Pasta,1,5.75,5.75,3.1,card
2026-09-21,TX-B3_growing_supermarket-d30-000692,Jeddah - Corniche,Jeddah,Pasta 500g,GRW-PAS-02,Pasta,1,5.75,5.75,3.1,cash
2026-09-21,TX-B3_growing_supermarket-d30-000693,Jeddah - Corniche,Jeddah,Pasta 500g,GRW-PAS-02,Pasta,1,5.75,5.75,3.1,card
2026-09-21,TX-B3_growing_supermarket-d30-000694,Jeddah - Corniche,Jeddah,Pasta 500g,GRW-PAS-02,Pasta,1,5.75,5.75,3.1,cash
2026-09-21,TX-B3_growing_supermarket-d30-000695,Jeddah - Corniche,Jeddah,Pasta 500g,GRW-PAS-02,Pasta,1,5.75,5.75,3.1,card
2026-09-22,TX-B3_growing_supermarket-d30-000696,Jeddah - Corniche,Jeddah,Pasta 500g,GRW-PAS-02,Pasta,1,5.75,5.75,3.1,card
2026-09-22,TX-B3_growing_supermarket-d30-000697,Jeddah - Corniche,Jeddah,Pasta 500g,GRW-PAS-02,Pasta,1,5.75,5.75,3.1,mada
2026-09-22,TX-B3_growing_supermarket-d30-000698,Jeddah - Corniche,Jeddah,Pasta 500g,GRW-PAS-02,Pasta,1,5.75,5.75,3.1,card
2026-09-22,TX-B3_growing_supermarket-d30-000699,Jeddah - Corniche,Jeddah,Pasta 500g,GRW-PAS-02,Pasta,1,5.75,5.75,3.1,card
2026-09-22,TX-B3_growing_supermarket-d30-000700,Jeddah - Corniche,Jeddah,Pasta 500g,GRW-PAS-02,Pasta,1,5.75,5.75,3.1,mada
2026-09-22,TX-B3_growing_supermarket-d30-000701,Jeddah - Corniche,Jeddah,Pasta 500g,GRW-PAS-02,Pasta,1,5.75,5.75,3.1,card
2026-09-22,TX-B3_growing_supermarket-d30-000702,Jeddah - Corniche,Jeddah,Pasta 500g,GRW-PAS-02,Pasta,1,5.75,5.75,3.1,card
2026-09-22,TX-B3_growing_supermarket-d30-000703,Jeddah - Corniche,Jeddah,Pasta 500g,GRW-PAS-02,Pasta,1,5.75,5.75,3.1,mada
2026-09-22,TX-B3_growing_supermarket-d30-000704,Jeddah - Corniche,Jeddah,Pasta 500g,GRW-PAS-02,Pasta,1,5.75,5.75,3.1,card
2026-09-22,TX-B3_growing_supermarket-d30-000705,Jeddah - Corniche,Jeddah,Pasta 500g,GRW-PAS-02,Pasta,1,5.75,5.75,3.1,mada
2026-09-22,TX-B3_growing_supermarket-d30-000706,Jeddah - Corniche,Jeddah,Pasta 500g,GRW-PAS-02,Pasta,1,5.75,5.75,3.1,card
2026-09-22,TX-B3_growing_supermarket-d30-000707,Jeddah - Corniche,Jeddah,Pasta 500g,GRW-PAS-02,Pasta,1,5.75,5.75,3.1,card
2026-09-22,TX-B3_growing_supermarket-d30-000708,Jeddah - Corniche,Jeddah,Pasta 500g,GRW-PAS-02,Pasta,1,5.75,5.75,3.1,mada
2026-09-22,TX-B3_growing_supermarket-d30-000709,Jeddah - Corniche,Jeddah,Pasta 500g,GRW-PAS-02,Pasta,1,5.75,5.75,3.1,mada
2026-09-22,TX-B3_growing_supermarket-d30-000710,Jeddah - Corniche,Jeddah,Pasta 500g,GRW-PAS-02,Pasta,1,5.75,5.75,3.1,cash
2026-09-22,TX-B3_growing_supermarket-d30-000711,Jeddah - Corniche,Jeddah,Pasta 500g,GRW-PAS-02,Pasta,1,5.75,5.75,3.1,cash
2026-09-22,TX-B3_growing_supermarket-d30-000712,Jeddah - Corniche,Jeddah,Pasta 500g,GRW-PAS-02,Pasta,1,5.75,5.75,3.1,cash
2026-09-22,TX-B3_growing_supermarket-d30-000713,Jeddah - Corniche,Jeddah,Pasta 500g,GRW-PAS-02,Pasta,1,5.75,5.75,3.1,cash
2026-09-22,TX-B3_growing_supermarket-d30-000714,Jeddah - Corniche,Jeddah,Pasta 500g,GRW-PAS-02,Pasta,1,5.75,5.75,3.1,card
2026-09-22,TX-B3_growing_supermarket-d30-000715,Jeddah - Corniche,Jeddah,Pasta 500g,GRW-PAS-02,Pasta,1,5.75,5.75,3.1,card
2026-09-22,TX-B3_growing_supermarket-d30-000716,Jeddah - Corniche,Jeddah,Pasta 500g,GRW-PAS-02,Pasta,1,5.75,5.75,3.1,mada
2026-09-22,TX-B3_growing_supermarket-d30-000717,Jeddah - Corniche,Jeddah,Pasta 500g,GRW-PAS-02,Pasta,1,5.75,5.75,3.1,cash
2026-09-22,TX-B3_growing_supermarket-d30-000718,Jeddah - Corniche,Jeddah,Pasta 500g,GRW-PAS-02,Pasta,1,5.75,5.75,3.1,card
2026-09-22,TX-B3_growing_supermarket-d30-000719,Jeddah - Corniche,Jeddah,Pasta 500g,GRW-PAS-02,Pasta,1,5.75,5.75,3.1,cash
2026-09-22,TX-B3_growing_supermarket-d30-000720,Jeddah - Corniche,Jeddah,Pasta 500g,GRW-PAS-02,Pasta,1,5.75,5.75,3.1,cash
2026-09-22,TX-B3_growing_supermarket-d30-000721,Jeddah - Corniche,Jeddah,Pasta 500g,GRW-PAS-02,Pasta,1,5.75,5.75,3.1,cash
2026-09-23,TX-B3_growing_supermarket-d30-000722,Jeddah - Corniche,Jeddah,Pasta 500g,GRW-PAS-02,Pasta,1,5.75,5.75,3.1,card
2026-09-23,TX-B3_growing_supermarket-d30-000723,Jeddah - Corniche,Jeddah,Pasta 500g,GRW-PAS-02,Pasta,1,5.75,5.75,3.1,card
2026-09-23,TX-B3_growing_supermarket-d30-000724,Jeddah - Corniche,Jeddah,Pasta 500g,GRW-PAS-02,Pasta,1,5.75,5.75,3.1,cash
2026-09-23,TX-B3_growing_supermarket-d30-000725,Jeddah - Corniche,Jeddah,Pasta 500g,GRW-PAS-02,Pasta,1,5.75,5.75,3.1,mada
2026-09-23,TX-B3_growing_supermarket-d30-000726,Jeddah - Corniche,Jeddah,Pasta 500g,GRW-PAS-02,Pasta,1,5.75,5.75,3.1,card
2026-09-23,TX-B3_growing_supermarket-d30-000727,Jeddah - Corniche,Jeddah,Pasta 500g,GRW-PAS-02,Pasta,1,5.75,5.75,3.1,cash
2026-09-23,TX-B3_growing_supermarket-d30-000728,Jeddah - Corniche,Jeddah,Pasta 500g,GRW-PAS-02,Pasta,1,5.75,5.75,3.1,card
2026-09-23,TX-B3_growing_supermarket-d30-000729,Jeddah - Corniche,Jeddah,Pasta 500g,GRW-PAS-02,Pasta,1,5.75,5.75,3.1,cash
2026-09-23,TX-B3_growing_supermarket-d30-000730,Jeddah - Corniche,Jeddah,Pasta 500g,GRW-PAS-02,Pasta,1,5.75,5.75,3.1,cash
2026-09-23,TX-B3_growing_supermarket-d30-000731,Jeddah - Corniche,Jeddah,Pasta 500g,GRW-PAS-02,Pasta,1,5.75,5.75,3.1,mada
2026-09-23,TX-B3_growing_supermarket-d30-000732,Jeddah - Corniche,Jeddah,Pasta 500g,GRW-PAS-02,Pasta,1,5.75,5.75,3.1,cash
2026-09-23,TX-B3_growing_supermarket-d30-000733,Jeddah - Corniche,Jeddah,Pasta 500g,GRW-PAS-02,Pasta,1,5.75,5.75,3.1,cash
2026-09-23,TX-B3_growing_supermarket-d30-000734,Jeddah - Corniche,Jeddah,Pasta 500g,GRW-PAS-02,Pasta,1,5.75,5.75,3.1,mada
2026-09-23,TX-B3_growing_supermarket-d30-000735,Jeddah - Corniche,Jeddah,Pasta 500g,GRW-PAS-02,Pasta,1,5.75,5.75,3.1,mada
2026-09-23,TX-B3_growing_supermarket-d30-000736,Jeddah - Corniche,Jeddah,Pasta 500g,GRW-PAS-02,Pasta,1,5.75,5.75,3.1,cash
2026-09-23,TX-B3_growing_supermarket-d30-000737,Jeddah - Corniche,Jeddah,Pasta 500g,GRW-PAS-02,Pasta,1,5.75,5.75,3.1,mada
2026-09-23,TX-B3_growing_supermarket-d30-000738,Jeddah - Corniche,Jeddah,Pasta 500g,GRW-PAS-02,Pasta,1,5.75,5.75,3.1,cash
2026-09-23,TX-B3_growing_supermarket-d30-000739,Jeddah - Corniche,Jeddah,Pasta 500g,GRW-PAS-02,Pasta,1,5.75,5.75,3.1,card
2026-09-23,TX-B3_growing_supermarket-d30-000740,Jeddah - Corniche,Jeddah,Pasta 500g,GRW-PAS-02,Pasta,1,5.75,5.75,3.1,cash
2026-09-23,TX-B3_growing_supermarket-d30-000741,Jeddah - Corniche,Jeddah,Pasta 500g,GRW-PAS-02,Pasta,1,5.75,5.75,3.1,mada
2026-09-23,TX-B3_growing_supermarket-d30-000742,Jeddah - Corniche,Jeddah,Pasta 500g,GRW-PAS-02,Pasta,1,5.75,5.75,3.1,card
2026-09-23,TX-B3_growing_supermarket-d30-000743,Jeddah - Corniche,Jeddah,Pasta 500g,GRW-PAS-02,Pasta,1,5.75,5.75,3.1,mada
2026-09-23,TX-B3_growing_supermarket-d30-000744,Jeddah - Corniche,Jeddah,Pasta 500g,GRW-PAS-02,Pasta,1,5.75,5.75,3.1,mada
2026-09-23,TX-B3_growing_supermarket-d30-000745,Jeddah - Corniche,Jeddah,Pasta 500g,GRW-PAS-02,Pasta,1,5.75,5.75,3.1,mada
2026-09-23,TX-B3_growing_supermarket-d30-000746,Jeddah - Corniche,Jeddah,Pasta 500g,GRW-PAS-02,Pasta,1,5.75,5.75,3.1,card
2026-09-23,TX-B3_growing_supermarket-d30-000747,Jeddah - Corniche,Jeddah,Pasta 500g,GRW-PAS-02,Pasta,1,5.75,5.75,3.1,mada
2026-09-23,TX-B3_growing_supermarket-d30-000748,Jeddah - Corniche,Jeddah,Pasta 500g,GRW-PAS-02,Pasta,1,5.75,5.75,3.1,mada
2026-09-23,TX-B3_growing_supermarket-d30-000749,Jeddah - Corniche,Jeddah,Pasta 500g,GRW-PAS-02,Pasta,1,5.75,5.75,3.1,card
2026-09-23,TX-B3_growing_supermarket-d30-000750,Jeddah - Corniche,Jeddah,Pasta 500g,GRW-PAS-02,Pasta,1,5.75,5.75,3.1,mada
2026-09-24,TX-B3_growing_supermarket-d30-000751,Jeddah - Corniche,Jeddah,Pasta 500g,GRW-PAS-02,Pasta,1,5.75,5.75,3.1,mada
2026-09-24,TX-B3_growing_supermarket-d30-000752,Jeddah - Corniche,Jeddah,Pasta 500g,GRW-PAS-02,Pasta,1,5.75,5.75,3.1,mada
2026-09-24,TX-B3_growing_supermarket-d30-000753,Jeddah - Corniche,Jeddah,Pasta 500g,GRW-PAS-02,Pasta,1,5.75,5.75,3.1,mada
2026-09-24,TX-B3_growing_supermarket-d30-000754,Jeddah - Corniche,Jeddah,Pasta 500g,GRW-PAS-02,Pasta,1,5.75,5.75,3.1,cash
2026-09-24,TX-B3_growing_supermarket-d30-000755,Jeddah - Corniche,Jeddah,Pasta 500g,GRW-PAS-02,Pasta,1,5.75,5.75,3.1,mada
2026-09-24,TX-B3_growing_supermarket-d30-000756,Jeddah - Corniche,Jeddah,Pasta 500g,GRW-PAS-02,Pasta,1,5.75,5.75,3.1,card
2026-09-24,TX-B3_growing_supermarket-d30-000757,Jeddah - Corniche,Jeddah,Pasta 500g,GRW-PAS-02,Pasta,1,5.75,5.75,3.1,mada
2026-09-24,TX-B3_growing_supermarket-d30-000758,Jeddah - Corniche,Jeddah,Pasta 500g,GRW-PAS-02,Pasta,1,5.75,5.75,3.1,mada
2026-09-24,TX-B3_growing_supermarket-d30-000759,Jeddah - Corniche,Jeddah,Pasta 500g,GRW-PAS-02,Pasta,1,5.75,5.75,3.1,card
2026-09-24,TX-B3_growing_supermarket-d30-000760,Jeddah - Corniche,Jeddah,Pasta 500g,GRW-PAS-02,Pasta,1,5.75,5.75,3.1,cash
2026-09-24,TX-B3_growing_supermarket-d30-000761,Jeddah - Corniche,Jeddah,Pasta 500g,GRW-PAS-02,Pasta,1,5.75,5.75,3.1,mada
2026-09-24,TX-B3_growing_supermarket-d30-000762,Jeddah - Corniche,Jeddah,Pasta 500g,GRW-PAS-02,Pasta,1,5.75,5.75,3.1,cash
2026-09-24,TX-B3_growing_supermarket-d30-000763,Jeddah - Corniche,Jeddah,Pasta 500g,GRW-PAS-02,Pasta,1,5.75,5.75,3.1,mada
2026-09-24,TX-B3_growing_supermarket-d30-000764,Jeddah - Corniche,Jeddah,Pasta 500g,GRW-PAS-02,Pasta,1,5.75,5.75,3.1,mada
2026-09-24,TX-B3_growing_supermarket-d30-000765,Jeddah - Corniche,Jeddah,Pasta 500g,GRW-PAS-02,Pasta,1,5.75,5.75,3.1,cash
2026-09-24,TX-B3_growing_supermarket-d30-000766,Jeddah - Corniche,Jeddah,Pasta 500g,GRW-PAS-02,Pasta,1,5.75,5.75,3.1,card
2026-09-24,TX-B3_growing_supermarket-d30-000767,Jeddah - Corniche,Jeddah,Pasta 500g,GRW-PAS-02,Pasta,1,5.75,5.75,3.1,mada
2026-09-24,TX-B3_growing_supermarket-d30-000768,Jeddah - Corniche,Jeddah,Pasta 500g,GRW-PAS-02,Pasta,1,5.75,5.75,3.1,mada
2026-09-24,TX-B3_growing_supermarket-d30-000769,Jeddah - Corniche,Jeddah,Pasta 500g,GRW-PAS-02,Pasta,1,5.75,5.75,3.1,card
2026-09-24,TX-B3_growing_supermarket-d30-000770,Jeddah - Corniche,Jeddah,Pasta 500g,GRW-PAS-02,Pasta,1,5.75,5.75,3.1,mada
2026-09-24,TX-B3_growing_supermarket-d30-000771,Jeddah - Corniche,Jeddah,Pasta 500g,GRW-PAS-02,Pasta,1,5.75,5.75,3.1,card
2026-09-24,TX-B3_growing_supermarket-d30-000772,Jeddah - Corniche,Jeddah,Pasta 500g,GRW-PAS-02,Pasta,1,5.75,5.75,3.1,mada
2026-09-24,TX-B3_growing_supermarket-d30-000773,Jeddah - Corniche,Jeddah,Pasta 500g,GRW-PAS-02,Pasta,1,5.75,5.75,3.1,mada
2026-09-24,TX-B3_growing_supermarket-d30-000774,Jeddah - Corniche,Jeddah,Pasta 500g,GRW-PAS-02,Pasta,1,5.75,5.75,3.1,cash
2026-09-24,TX-B3_growing_supermarket-d30-000775,Jeddah - Corniche,Jeddah,Pasta 500g,GRW-PAS-02,Pasta,1,5.75,5.75,3.1,mada
2026-09-24,TX-B3_growing_supermarket-d30-000776,Jeddah - Corniche,Jeddah,Pasta 500g,GRW-PAS-02,Pasta,1,5.75,5.75,3.1,mada
2026-09-24,TX-B3_growing_supermarket-d30-000777,Jeddah - Corniche,Jeddah,Pasta 500g,GRW-PAS-02,Pasta,1,5.75,5.75,3.1,mada
2026-09-24,TX-B3_growing_supermarket-d30-000778,Jeddah - Corniche,Jeddah,Pasta 500g,GRW-PAS-02,Pasta,1,5.75,5.75,3.1,cash
2026-09-25,TX-B3_growing_supermarket-d30-000779,Jeddah - Corniche,Jeddah,Pasta 500g,GRW-PAS-02,Pasta,1,5.75,5.75,3.1,mada
2026-09-25,TX-B3_growing_supermarket-d30-000780,Jeddah - Corniche,Jeddah,Pasta 500g,GRW-PAS-02,Pasta,1,5.75,5.75,3.1,card
2026-09-25,TX-B3_growing_supermarket-d30-000781,Jeddah - Corniche,Jeddah,Pasta 500g,GRW-PAS-02,Pasta,1,5.75,5.75,3.1,cash
2026-09-25,TX-B3_growing_supermarket-d30-000782,Jeddah - Corniche,Jeddah,Pasta 500g,GRW-PAS-02,Pasta,1,5.75,5.75,3.1,mada
2026-09-25,TX-B3_growing_supermarket-d30-000783,Jeddah - Corniche,Jeddah,Pasta 500g,GRW-PAS-02,Pasta,1,5.75,5.75,3.1,mada
2026-09-25,TX-B3_growing_supermarket-d30-000784,Jeddah - Corniche,Jeddah,Pasta 500g,GRW-PAS-02,Pasta,1,5.75,5.75,3.1,cash
2026-09-25,TX-B3_growing_supermarket-d30-000785,Jeddah - Corniche,Jeddah,Pasta 500g,GRW-PAS-02,Pasta,1,5.75,5.75,3.1,mada
2026-09-25,TX-B3_growing_supermarket-d30-000786,Jeddah - Corniche,Jeddah,Pasta 500g,GRW-PAS-02,Pasta,1,5.75,5.75,3.1,card
2026-09-25,TX-B3_growing_supermarket-d30-000787,Jeddah - Corniche,Jeddah,Pasta 500g,GRW-PAS-02,Pasta,1,5.75,5.75,3.1,cash
2026-09-25,TX-B3_growing_supermarket-d30-000788,Jeddah - Corniche,Jeddah,Pasta 500g,GRW-PAS-02,Pasta,1,5.75,5.75,3.1,cash
2026-09-25,TX-B3_growing_supermarket-d30-000789,Jeddah - Corniche,Jeddah,Pasta 500g,GRW-PAS-02,Pasta,1,5.75,5.75,3.1,mada
2026-09-25,TX-B3_growing_supermarket-d30-000790,Jeddah - Corniche,Jeddah,Pasta 500g,GRW-PAS-02,Pasta,1,5.75,5.75,3.1,cash
2026-09-25,TX-B3_growing_supermarket-d30-000791,Jeddah - Corniche,Jeddah,Pasta 500g,GRW-PAS-02,Pasta,1,5.75,5.75,3.1,mada
2026-09-25,TX-B3_growing_supermarket-d30-000792,Jeddah - Corniche,Jeddah,Pasta 500g,GRW-PAS-02,Pasta,1,5.75,5.75,3.1,card
2026-09-25,TX-B3_growing_supermarket-d30-000793,Jeddah - Corniche,Jeddah,Pasta 500g,GRW-PAS-02,Pasta,1,5.75,5.75,3.1,cash
2026-09-25,TX-B3_growing_supermarket-d30-000794,Jeddah - Corniche,Jeddah,Pasta 500g,GRW-PAS-02,Pasta,1,5.75,5.75,3.1,cash
2026-09-25,TX-B3_growing_supermarket-d30-000795,Jeddah - Corniche,Jeddah,Pasta 500g,GRW-PAS-02,Pasta,1,5.75,5.75,3.1,cash
2026-09-25,TX-B3_growing_supermarket-d30-000796,Jeddah - Corniche,Jeddah,Pasta 500g,GRW-PAS-02,Pasta,1,5.75,5.75,3.1,cash
2026-09-25,TX-B3_growing_supermarket-d30-000797,Jeddah - Corniche,Jeddah,Pasta 500g,GRW-PAS-02,Pasta,1,5.75,5.75,3.1,mada
2026-09-25,TX-B3_growing_supermarket-d30-000798,Jeddah - Corniche,Jeddah,Pasta 500g,GRW-PAS-02,Pasta,1,5.75,5.75,3.1,mada
2026-09-25,TX-B3_growing_supermarket-d30-000799,Jeddah - Corniche,Jeddah,Pasta 500g,GRW-PAS-02,Pasta,1,5.75,5.75,3.1,mada
2026-09-25,TX-B3_growing_supermarket-d30-000800,Jeddah - Corniche,Jeddah,Pasta 500g,GRW-PAS-02,Pasta,1,5.75,5.75,3.1,cash
2026-09-25,TX-B3_growing_supermarket-d30-000801,Jeddah - Corniche,Jeddah,Pasta 500g,GRW-PAS-02,Pasta,1,5.75,5.75,3.1,card
2026-09-25,TX-B3_growing_supermarket-d30-000802,Jeddah - Corniche,Jeddah,Pasta 500g,GRW-PAS-02,Pasta,1,5.75,5.75,3.1,cash
2026-09-25,TX-B3_growing_supermarket-d30-000803,Jeddah - Corniche,Jeddah,Pasta 500g,GRW-PAS-02,Pasta,1,5.75,5.75,3.1,card
2026-09-25,TX-B3_growing_supermarket-d30-000804,Jeddah - Corniche,Jeddah,Pasta 500g,GRW-PAS-02,Pasta,1,5.75,5.75,3.1,mada
2026-09-25,TX-B3_growing_supermarket-d30-000805,Jeddah - Corniche,Jeddah,Pasta 500g,GRW-PAS-02,Pasta,1,5.75,5.75,3.1,card
2026-09-25,TX-B3_growing_supermarket-d30-000806,Jeddah - Corniche,Jeddah,Pasta 500g,GRW-PAS-02,Pasta,1,5.75,5.75,3.1,card
2026-09-25,TX-B3_growing_supermarket-d30-000807,Jeddah - Corniche,Jeddah,Pasta 500g,GRW-PAS-02,Pasta,1,5.75,5.75,3.1,card
2026-09-25,TX-B3_growing_supermarket-d30-000808,Jeddah - Corniche,Jeddah,Pasta 500g,GRW-PAS-02,Pasta,1,5.75,5.75,3.1,mada
2026-09-10,TX-B3_growing_supermarket-d30-000809,Jeddah - Corniche,Jeddah,Sunflower Oil 1.5L,GRW-OIL-03,Oils,1,17.5,17.5,11.0,mada
2026-09-10,TX-B3_growing_supermarket-d30-000810,Jeddah - Corniche,Jeddah,Sunflower Oil 1.5L,GRW-OIL-03,Oils,1,17.5,17.5,11.0,cash
2026-09-10,TX-B3_growing_supermarket-d30-000811,Jeddah - Corniche,Jeddah,Sunflower Oil 1.5L,GRW-OIL-03,Oils,1,17.5,17.5,11.0,card
2026-09-10,TX-B3_growing_supermarket-d30-000812,Jeddah - Corniche,Jeddah,Sunflower Oil 1.5L,GRW-OIL-03,Oils,1,17.5,17.5,11.0,card
2026-09-10,TX-B3_growing_supermarket-d30-000813,Jeddah - Corniche,Jeddah,Sunflower Oil 1.5L,GRW-OIL-03,Oils,1,17.5,17.5,11.0,card
2026-09-10,TX-B3_growing_supermarket-d30-000814,Jeddah - Corniche,Jeddah,Sunflower Oil 1.5L,GRW-OIL-03,Oils,1,17.5,17.5,11.0,cash
2026-09-10,TX-B3_growing_supermarket-d30-000815,Jeddah - Corniche,Jeddah,Sunflower Oil 1.5L,GRW-OIL-03,Oils,1,17.5,17.5,11.0,cash
2026-09-10,TX-B3_growing_supermarket-d30-000816,Jeddah - Corniche,Jeddah,Sunflower Oil 1.5L,GRW-OIL-03,Oils,1,17.5,17.5,11.0,cash
2026-09-10,TX-B3_growing_supermarket-d30-000817,Jeddah - Corniche,Jeddah,Sunflower Oil 1.5L,GRW-OIL-03,Oils,1,17.5,17.5,11.0,cash
2026-09-10,TX-B3_growing_supermarket-d30-000818,Jeddah - Corniche,Jeddah,Sunflower Oil 1.5L,GRW-OIL-03,Oils,1,17.5,17.5,11.0,cash
2026-09-10,TX-B3_growing_supermarket-d30-000819,Jeddah - Corniche,Jeddah,Sunflower Oil 1.5L,GRW-OIL-03,Oils,1,17.5,17.5,11.0,card
2026-09-10,TX-B3_growing_supermarket-d30-000820,Jeddah - Corniche,Jeddah,Sunflower Oil 1.5L,GRW-OIL-03,Oils,1,17.5,17.5,11.0,mada
2026-09-10,TX-B3_growing_supermarket-d30-000821,Jeddah - Corniche,Jeddah,Sunflower Oil 1.5L,GRW-OIL-03,Oils,1,17.5,17.5,11.0,cash
2026-09-10,TX-B3_growing_supermarket-d30-000822,Jeddah - Corniche,Jeddah,Sunflower Oil 1.5L,GRW-OIL-03,Oils,1,17.5,17.5,11.0,card
2026-09-10,TX-B3_growing_supermarket-d30-000823,Jeddah - Corniche,Jeddah,Sunflower Oil 1.5L,GRW-OIL-03,Oils,1,17.5,17.5,11.0,card
2026-09-10,TX-B3_growing_supermarket-d30-000824,Jeddah - Corniche,Jeddah,Sunflower Oil 1.5L,GRW-OIL-03,Oils,1,17.5,17.5,11.0,card
2026-09-10,TX-B3_growing_supermarket-d30-000825,Jeddah - Corniche,Jeddah,Sunflower Oil 1.5L,GRW-OIL-03,Oils,1,17.5,17.5,11.0,card
2026-09-10,TX-B3_growing_supermarket-d30-000826,Jeddah - Corniche,Jeddah,Sunflower Oil 1.5L,GRW-OIL-03,Oils,1,17.5,17.5,11.0,mada
2026-09-11,TX-B3_growing_supermarket-d30-000827,Jeddah - Corniche,Jeddah,Sunflower Oil 1.5L,GRW-OIL-03,Oils,1,17.5,17.5,11.0,cash
2026-09-11,TX-B3_growing_supermarket-d30-000828,Jeddah - Corniche,Jeddah,Sunflower Oil 1.5L,GRW-OIL-03,Oils,1,17.5,17.5,11.0,cash
2026-09-11,TX-B3_growing_supermarket-d30-000829,Jeddah - Corniche,Jeddah,Sunflower Oil 1.5L,GRW-OIL-03,Oils,1,17.5,17.5,11.0,mada
2026-09-11,TX-B3_growing_supermarket-d30-000830,Jeddah - Corniche,Jeddah,Sunflower Oil 1.5L,GRW-OIL-03,Oils,1,17.5,17.5,11.0,card
2026-09-11,TX-B3_growing_supermarket-d30-000831,Jeddah - Corniche,Jeddah,Sunflower Oil 1.5L,GRW-OIL-03,Oils,1,17.5,17.5,11.0,cash
2026-09-11,TX-B3_growing_supermarket-d30-000832,Jeddah - Corniche,Jeddah,Sunflower Oil 1.5L,GRW-OIL-03,Oils,1,17.5,17.5,11.0,mada
2026-09-11,TX-B3_growing_supermarket-d30-000833,Jeddah - Corniche,Jeddah,Sunflower Oil 1.5L,GRW-OIL-03,Oils,1,17.5,17.5,11.0,cash
2026-09-11,TX-B3_growing_supermarket-d30-000834,Jeddah - Corniche,Jeddah,Sunflower Oil 1.5L,GRW-OIL-03,Oils,1,17.5,17.5,11.0,cash
2026-09-11,TX-B3_growing_supermarket-d30-000835,Jeddah - Corniche,Jeddah,Sunflower Oil 1.5L,GRW-OIL-03,Oils,1,17.5,17.5,11.0,mada
2026-09-11,TX-B3_growing_supermarket-d30-000836,Jeddah - Corniche,Jeddah,Sunflower Oil 1.5L,GRW-OIL-03,Oils,1,17.5,17.5,11.0,cash
2026-09-11,TX-B3_growing_supermarket-d30-000837,Jeddah - Corniche,Jeddah,Sunflower Oil 1.5L,GRW-OIL-03,Oils,1,17.5,17.5,11.0,mada
2026-09-11,TX-B3_growing_supermarket-d30-000838,Jeddah - Corniche,Jeddah,Sunflower Oil 1.5L,GRW-OIL-03,Oils,1,17.5,17.5,11.0,mada
2026-09-11,TX-B3_growing_supermarket-d30-000839,Jeddah - Corniche,Jeddah,Sunflower Oil 1.5L,GRW-OIL-03,Oils,1,17.5,17.5,11.0,mada
2026-09-11,TX-B3_growing_supermarket-d30-000840,Jeddah - Corniche,Jeddah,Sunflower Oil 1.5L,GRW-OIL-03,Oils,1,17.5,17.5,11.0,card
2026-09-11,TX-B3_growing_supermarket-d30-000841,Jeddah - Corniche,Jeddah,Sunflower Oil 1.5L,GRW-OIL-03,Oils,1,17.5,17.5,11.0,card
2026-09-11,TX-B3_growing_supermarket-d30-000842,Jeddah - Corniche,Jeddah,Sunflower Oil 1.5L,GRW-OIL-03,Oils,1,17.5,17.5,11.0,card
2026-09-11,TX-B3_growing_supermarket-d30-000843,Jeddah - Corniche,Jeddah,Sunflower Oil 1.5L,GRW-OIL-03,Oils,1,17.5,17.5,11.0,card
2026-09-11,TX-B3_growing_supermarket-d30-000844,Jeddah - Corniche,Jeddah,Sunflower Oil 1.5L,GRW-OIL-03,Oils,1,17.5,17.5,11.0,cash
2026-09-11,TX-B3_growing_supermarket-d30-000845,Jeddah - Corniche,Jeddah,Sunflower Oil 1.5L,GRW-OIL-03,Oils,1,17.5,17.5,11.0,cash
2026-09-11,TX-B3_growing_supermarket-d30-000846,Jeddah - Corniche,Jeddah,Sunflower Oil 1.5L,GRW-OIL-03,Oils,1,17.5,17.5,11.0,mada
2026-09-11,TX-B3_growing_supermarket-d30-000847,Jeddah - Corniche,Jeddah,Sunflower Oil 1.5L,GRW-OIL-03,Oils,1,17.5,17.5,11.0,mada
2026-09-12,TX-B3_growing_supermarket-d30-000848,Jeddah - Corniche,Jeddah,Sunflower Oil 1.5L,GRW-OIL-03,Oils,1,17.5,17.5,11.0,mada
2026-09-12,TX-B3_growing_supermarket-d30-000849,Jeddah - Corniche,Jeddah,Sunflower Oil 1.5L,GRW-OIL-03,Oils,1,17.5,17.5,11.0,card
2026-09-12,TX-B3_growing_supermarket-d30-000850,Jeddah - Corniche,Jeddah,Sunflower Oil 1.5L,GRW-OIL-03,Oils,1,17.5,17.5,11.0,cash
2026-09-12,TX-B3_growing_supermarket-d30-000851,Jeddah - Corniche,Jeddah,Sunflower Oil 1.5L,GRW-OIL-03,Oils,1,17.5,17.5,11.0,card
2026-09-12,TX-B3_growing_supermarket-d30-000852,Jeddah - Corniche,Jeddah,Sunflower Oil 1.5L,GRW-OIL-03,Oils,1,17.5,17.5,11.0,card
2026-09-12,TX-B3_growing_supermarket-d30-000853,Jeddah - Corniche,Jeddah,Sunflower Oil 1.5L,GRW-OIL-03,Oils,1,17.5,17.5,11.0,cash
2026-09-12,TX-B3_growing_supermarket-d30-000854,Jeddah - Corniche,Jeddah,Sunflower Oil 1.5L,GRW-OIL-03,Oils,1,17.5,17.5,11.0,mada
2026-09-12,TX-B3_growing_supermarket-d30-000855,Jeddah - Corniche,Jeddah,Sunflower Oil 1.5L,GRW-OIL-03,Oils,1,17.5,17.5,11.0,card
2026-09-12,TX-B3_growing_supermarket-d30-000856,Jeddah - Corniche,Jeddah,Sunflower Oil 1.5L,GRW-OIL-03,Oils,1,17.5,17.5,11.0,cash
2026-09-12,TX-B3_growing_supermarket-d30-000857,Jeddah - Corniche,Jeddah,Sunflower Oil 1.5L,GRW-OIL-03,Oils,1,17.5,17.5,11.0,mada
2026-09-12,TX-B3_growing_supermarket-d30-000858,Jeddah - Corniche,Jeddah,Sunflower Oil 1.5L,GRW-OIL-03,Oils,1,17.5,17.5,11.0,mada
2026-09-12,TX-B3_growing_supermarket-d30-000859,Jeddah - Corniche,Jeddah,Sunflower Oil 1.5L,GRW-OIL-03,Oils,1,17.5,17.5,11.0,cash
2026-09-12,TX-B3_growing_supermarket-d30-000860,Jeddah - Corniche,Jeddah,Sunflower Oil 1.5L,GRW-OIL-03,Oils,1,17.5,17.5,11.0,mada
2026-09-12,TX-B3_growing_supermarket-d30-000861,Jeddah - Corniche,Jeddah,Sunflower Oil 1.5L,GRW-OIL-03,Oils,1,17.5,17.5,11.0,mada
2026-09-13,TX-B3_growing_supermarket-d30-000862,Jeddah - Corniche,Jeddah,Sunflower Oil 1.5L,GRW-OIL-03,Oils,1,17.5,17.5,11.0,cash
2026-09-13,TX-B3_growing_supermarket-d30-000863,Jeddah - Corniche,Jeddah,Sunflower Oil 1.5L,GRW-OIL-03,Oils,1,17.5,17.5,11.0,cash
2026-09-13,TX-B3_growing_supermarket-d30-000864,Jeddah - Corniche,Jeddah,Sunflower Oil 1.5L,GRW-OIL-03,Oils,1,17.5,17.5,11.0,card
2026-09-13,TX-B3_growing_supermarket-d30-000865,Jeddah - Corniche,Jeddah,Sunflower Oil 1.5L,GRW-OIL-03,Oils,1,17.5,17.5,11.0,cash
2026-09-13,TX-B3_growing_supermarket-d30-000866,Jeddah - Corniche,Jeddah,Sunflower Oil 1.5L,GRW-OIL-03,Oils,1,17.5,17.5,11.0,card
2026-09-13,TX-B3_growing_supermarket-d30-000867,Jeddah - Corniche,Jeddah,Sunflower Oil 1.5L,GRW-OIL-03,Oils,1,17.5,17.5,11.0,card
2026-09-13,TX-B3_growing_supermarket-d30-000868,Jeddah - Corniche,Jeddah,Sunflower Oil 1.5L,GRW-OIL-03,Oils,1,17.5,17.5,11.0,mada
2026-09-13,TX-B3_growing_supermarket-d30-000869,Jeddah - Corniche,Jeddah,Sunflower Oil 1.5L,GRW-OIL-03,Oils,1,17.5,17.5,11.0,card
2026-09-13,TX-B3_growing_supermarket-d30-000870,Jeddah - Corniche,Jeddah,Sunflower Oil 1.5L,GRW-OIL-03,Oils,1,17.5,17.5,11.0,cash
2026-09-13,TX-B3_growing_supermarket-d30-000871,Jeddah - Corniche,Jeddah,Sunflower Oil 1.5L,GRW-OIL-03,Oils,1,17.5,17.5,11.0,mada
2026-09-13,TX-B3_growing_supermarket-d30-000872,Jeddah - Corniche,Jeddah,Sunflower Oil 1.5L,GRW-OIL-03,Oils,1,17.5,17.5,11.0,card
2026-09-13,TX-B3_growing_supermarket-d30-000873,Jeddah - Corniche,Jeddah,Sunflower Oil 1.5L,GRW-OIL-03,Oils,1,17.5,17.5,11.0,cash
2026-09-13,TX-B3_growing_supermarket-d30-000874,Jeddah - Corniche,Jeddah,Sunflower Oil 1.5L,GRW-OIL-03,Oils,1,17.5,17.5,11.0,mada
2026-09-13,TX-B3_growing_supermarket-d30-000875,Jeddah - Corniche,Jeddah,Sunflower Oil 1.5L,GRW-OIL-03,Oils,1,17.5,17.5,11.0,cash
2026-09-14,TX-B3_growing_supermarket-d30-000876,Jeddah - Corniche,Jeddah,Sunflower Oil 1.5L,GRW-OIL-03,Oils,1,17.5,17.5,11.0,cash
2026-09-14,TX-B3_growing_supermarket-d30-000877,Jeddah - Corniche,Jeddah,Sunflower Oil 1.5L,GRW-OIL-03,Oils,1,17.5,17.5,11.0,card
2026-09-14,TX-B3_growing_supermarket-d30-000878,Jeddah - Corniche,Jeddah,Sunflower Oil 1.5L,GRW-OIL-03,Oils,1,17.5,17.5,11.0,cash
2026-09-14,TX-B3_growing_supermarket-d30-000879,Jeddah - Corniche,Jeddah,Sunflower Oil 1.5L,GRW-OIL-03,Oils,1,17.5,17.5,11.0,cash
2026-09-14,TX-B3_growing_supermarket-d30-000880,Jeddah - Corniche,Jeddah,Sunflower Oil 1.5L,GRW-OIL-03,Oils,1,17.5,17.5,11.0,cash
2026-09-14,TX-B3_growing_supermarket-d30-000881,Jeddah - Corniche,Jeddah,Sunflower Oil 1.5L,GRW-OIL-03,Oils,1,17.5,17.5,11.0,cash
2026-09-14,TX-B3_growing_supermarket-d30-000882,Jeddah - Corniche,Jeddah,Sunflower Oil 1.5L,GRW-OIL-03,Oils,1,17.5,17.5,11.0,card
2026-09-14,TX-B3_growing_supermarket-d30-000883,Jeddah - Corniche,Jeddah,Sunflower Oil 1.5L,GRW-OIL-03,Oils,1,17.5,17.5,11.0,card
2026-09-14,TX-B3_growing_supermarket-d30-000884,Jeddah - Corniche,Jeddah,Sunflower Oil 1.5L,GRW-OIL-03,Oils,1,17.5,17.5,11.0,cash
2026-09-14,TX-B3_growing_supermarket-d30-000885,Jeddah - Corniche,Jeddah,Sunflower Oil 1.5L,GRW-OIL-03,Oils,1,17.5,17.5,11.0,card
2026-09-14,TX-B3_growing_supermarket-d30-000886,Jeddah - Corniche,Jeddah,Sunflower Oil 1.5L,GRW-OIL-03,Oils,1,17.5,17.5,11.0,cash
2026-09-14,TX-B3_growing_supermarket-d30-000887,Jeddah - Corniche,Jeddah,Sunflower Oil 1.5L,GRW-OIL-03,Oils,1,17.5,17.5,11.0,mada
2026-09-15,TX-B3_growing_supermarket-d30-000888,Jeddah - Corniche,Jeddah,Sunflower Oil 1.5L,GRW-OIL-03,Oils,1,17.5,17.5,11.0,mada
2026-09-15,TX-B3_growing_supermarket-d30-000889,Jeddah - Corniche,Jeddah,Sunflower Oil 1.5L,GRW-OIL-03,Oils,1,17.5,17.5,11.0,card
2026-09-15,TX-B3_growing_supermarket-d30-000890,Jeddah - Corniche,Jeddah,Sunflower Oil 1.5L,GRW-OIL-03,Oils,1,17.5,17.5,11.0,mada
2026-09-15,TX-B3_growing_supermarket-d30-000891,Jeddah - Corniche,Jeddah,Sunflower Oil 1.5L,GRW-OIL-03,Oils,1,17.5,17.5,11.0,cash
2026-09-15,TX-B3_growing_supermarket-d30-000892,Jeddah - Corniche,Jeddah,Sunflower Oil 1.5L,GRW-OIL-03,Oils,1,17.5,17.5,11.0,mada
2026-09-15,TX-B3_growing_supermarket-d30-000893,Jeddah - Corniche,Jeddah,Sunflower Oil 1.5L,GRW-OIL-03,Oils,1,17.5,17.5,11.0,mada
2026-09-15,TX-B3_growing_supermarket-d30-000894,Jeddah - Corniche,Jeddah,Sunflower Oil 1.5L,GRW-OIL-03,Oils,1,17.5,17.5,11.0,card
2026-09-15,TX-B3_growing_supermarket-d30-000895,Jeddah - Corniche,Jeddah,Sunflower Oil 1.5L,GRW-OIL-03,Oils,1,17.5,17.5,11.0,cash
2026-09-15,TX-B3_growing_supermarket-d30-000896,Jeddah - Corniche,Jeddah,Sunflower Oil 1.5L,GRW-OIL-03,Oils,1,17.5,17.5,11.0,mada
2026-09-15,TX-B3_growing_supermarket-d30-000897,Jeddah - Corniche,Jeddah,Sunflower Oil 1.5L,GRW-OIL-03,Oils,1,17.5,17.5,11.0,cash
2026-09-15,TX-B3_growing_supermarket-d30-000898,Jeddah - Corniche,Jeddah,Sunflower Oil 1.5L,GRW-OIL-03,Oils,1,17.5,17.5,11.0,mada
2026-09-15,TX-B3_growing_supermarket-d30-000899,Jeddah - Corniche,Jeddah,Sunflower Oil 1.5L,GRW-OIL-03,Oils,1,17.5,17.5,11.0,cash
2026-09-15,TX-B3_growing_supermarket-d30-000900,Jeddah - Corniche,Jeddah,Sunflower Oil 1.5L,GRW-OIL-03,Oils,1,17.5,17.5,11.0,card
2026-09-15,TX-B3_growing_supermarket-d30-000901,Jeddah - Corniche,Jeddah,Sunflower Oil 1.5L,GRW-OIL-03,Oils,1,17.5,17.5,11.0,card
2026-09-15,TX-B3_growing_supermarket-d30-000902,Jeddah - Corniche,Jeddah,Sunflower Oil 1.5L,GRW-OIL-03,Oils,1,17.5,17.5,11.0,mada
2026-09-15,TX-B3_growing_supermarket-d30-000903,Jeddah - Corniche,Jeddah,Sunflower Oil 1.5L,GRW-OIL-03,Oils,1,17.5,17.5,11.0,card
2026-09-15,TX-B3_growing_supermarket-d30-000904,Jeddah - Corniche,Jeddah,Sunflower Oil 1.5L,GRW-OIL-03,Oils,1,17.5,17.5,11.0,cash
2026-09-15,TX-B3_growing_supermarket-d30-000905,Jeddah - Corniche,Jeddah,Sunflower Oil 1.5L,GRW-OIL-03,Oils,1,17.5,17.5,11.0,card
2026-09-16,TX-B3_growing_supermarket-d30-000906,Jeddah - Corniche,Jeddah,Sunflower Oil 1.5L,GRW-OIL-03,Oils,1,17.5,17.5,11.0,mada
2026-09-16,TX-B3_growing_supermarket-d30-000907,Jeddah - Corniche,Jeddah,Sunflower Oil 1.5L,GRW-OIL-03,Oils,1,17.5,17.5,11.0,card
2026-09-16,TX-B3_growing_supermarket-d30-000908,Jeddah - Corniche,Jeddah,Sunflower Oil 1.5L,GRW-OIL-03,Oils,1,17.5,17.5,11.0,cash
2026-09-16,TX-B3_growing_supermarket-d30-000909,Jeddah - Corniche,Jeddah,Sunflower Oil 1.5L,GRW-OIL-03,Oils,1,17.5,17.5,11.0,mada
2026-09-16,TX-B3_growing_supermarket-d30-000910,Jeddah - Corniche,Jeddah,Sunflower Oil 1.5L,GRW-OIL-03,Oils,1,17.5,17.5,11.0,card
2026-09-16,TX-B3_growing_supermarket-d30-000911,Jeddah - Corniche,Jeddah,Sunflower Oil 1.5L,GRW-OIL-03,Oils,1,17.5,17.5,11.0,cash
2026-09-16,TX-B3_growing_supermarket-d30-000912,Jeddah - Corniche,Jeddah,Sunflower Oil 1.5L,GRW-OIL-03,Oils,1,17.5,17.5,11.0,card
2026-09-16,TX-B3_growing_supermarket-d30-000913,Jeddah - Corniche,Jeddah,Sunflower Oil 1.5L,GRW-OIL-03,Oils,1,17.5,17.5,11.0,cash
2026-09-16,TX-B3_growing_supermarket-d30-000914,Jeddah - Corniche,Jeddah,Sunflower Oil 1.5L,GRW-OIL-03,Oils,1,17.5,17.5,11.0,cash
2026-09-16,TX-B3_growing_supermarket-d30-000915,Jeddah - Corniche,Jeddah,Sunflower Oil 1.5L,GRW-OIL-03,Oils,1,17.5,17.5,11.0,cash
2026-09-16,TX-B3_growing_supermarket-d30-000916,Jeddah - Corniche,Jeddah,Sunflower Oil 1.5L,GRW-OIL-03,Oils,1,17.5,17.5,11.0,cash
2026-09-16,TX-B3_growing_supermarket-d30-000917,Jeddah - Corniche,Jeddah,Sunflower Oil 1.5L,GRW-OIL-03,Oils,1,17.5,17.5,11.0,card
2026-09-16,TX-B3_growing_supermarket-d30-000918,Jeddah - Corniche,Jeddah,Sunflower Oil 1.5L,GRW-OIL-03,Oils,1,17.5,17.5,11.0,cash
2026-09-16,TX-B3_growing_supermarket-d30-000919,Jeddah - Corniche,Jeddah,Sunflower Oil 1.5L,GRW-OIL-03,Oils,1,17.5,17.5,11.0,card
2026-09-16,TX-B3_growing_supermarket-d30-000920,Jeddah - Corniche,Jeddah,Sunflower Oil 1.5L,GRW-OIL-03,Oils,1,17.5,17.5,11.0,card
2026-09-16,TX-B3_growing_supermarket-d30-000921,Jeddah - Corniche,Jeddah,Sunflower Oil 1.5L,GRW-OIL-03,Oils,1,17.5,17.5,11.0,card
2026-09-17,TX-B3_growing_supermarket-d30-000922,Jeddah - Corniche,Jeddah,Sunflower Oil 1.5L,GRW-OIL-03,Oils,1,17.5,17.5,11.0,cash
2026-09-17,TX-B3_growing_supermarket-d30-000923,Jeddah - Corniche,Jeddah,Sunflower Oil 1.5L,GRW-OIL-03,Oils,1,17.5,17.5,11.0,card
2026-09-17,TX-B3_growing_supermarket-d30-000924,Jeddah - Corniche,Jeddah,Sunflower Oil 1.5L,GRW-OIL-03,Oils,1,17.5,17.5,11.0,cash
2026-09-17,TX-B3_growing_supermarket-d30-000925,Jeddah - Corniche,Jeddah,Sunflower Oil 1.5L,GRW-OIL-03,Oils,1,17.5,17.5,11.0,cash
2026-09-17,TX-B3_growing_supermarket-d30-000926,Jeddah - Corniche,Jeddah,Sunflower Oil 1.5L,GRW-OIL-03,Oils,1,17.5,17.5,11.0,mada
2026-09-17,TX-B3_growing_supermarket-d30-000927,Jeddah - Corniche,Jeddah,Sunflower Oil 1.5L,GRW-OIL-03,Oils,1,17.5,17.5,11.0,card
2026-09-17,TX-B3_growing_supermarket-d30-000928,Jeddah - Corniche,Jeddah,Sunflower Oil 1.5L,GRW-OIL-03,Oils,1,17.5,17.5,11.0,mada
2026-09-17,TX-B3_growing_supermarket-d30-000929,Jeddah - Corniche,Jeddah,Sunflower Oil 1.5L,GRW-OIL-03,Oils,1,17.5,17.5,11.0,mada
2026-09-17,TX-B3_growing_supermarket-d30-000930,Jeddah - Corniche,Jeddah,Sunflower Oil 1.5L,GRW-OIL-03,Oils,1,17.5,17.5,11.0,cash
2026-09-17,TX-B3_growing_supermarket-d30-000931,Jeddah - Corniche,Jeddah,Sunflower Oil 1.5L,GRW-OIL-03,Oils,1,17.5,17.5,11.0,cash
2026-09-17,TX-B3_growing_supermarket-d30-000932,Jeddah - Corniche,Jeddah,Sunflower Oil 1.5L,GRW-OIL-03,Oils,1,17.5,17.5,11.0,card
2026-09-17,TX-B3_growing_supermarket-d30-000933,Jeddah - Corniche,Jeddah,Sunflower Oil 1.5L,GRW-OIL-03,Oils,1,17.5,17.5,11.0,card
2026-09-17,TX-B3_growing_supermarket-d30-000934,Jeddah - Corniche,Jeddah,Sunflower Oil 1.5L,GRW-OIL-03,Oils,1,17.5,17.5,11.0,card
2026-09-17,TX-B3_growing_supermarket-d30-000935,Jeddah - Corniche,Jeddah,Sunflower Oil 1.5L,GRW-OIL-03,Oils,1,17.5,17.5,11.0,mada
2026-09-17,TX-B3_growing_supermarket-d30-000936,Jeddah - Corniche,Jeddah,Sunflower Oil 1.5L,GRW-OIL-03,Oils,1,17.5,17.5,11.0,mada
2026-09-17,TX-B3_growing_supermarket-d30-000937,Jeddah - Corniche,Jeddah,Sunflower Oil 1.5L,GRW-OIL-03,Oils,1,17.5,17.5,11.0,card
2026-09-17,TX-B3_growing_supermarket-d30-000938,Jeddah - Corniche,Jeddah,Sunflower Oil 1.5L,GRW-OIL-03,Oils,1,17.5,17.5,11.0,mada
2026-09-17,TX-B3_growing_supermarket-d30-000939,Jeddah - Corniche,Jeddah,Sunflower Oil 1.5L,GRW-OIL-03,Oils,1,17.5,17.5,11.0,card
2026-09-17,TX-B3_growing_supermarket-d30-000940,Jeddah - Corniche,Jeddah,Sunflower Oil 1.5L,GRW-OIL-03,Oils,1,17.5,17.5,11.0,cash
2026-09-18,TX-B3_growing_supermarket-d30-000941,Jeddah - Corniche,Jeddah,Sunflower Oil 1.5L,GRW-OIL-03,Oils,1,17.5,17.5,11.0,cash
2026-09-18,TX-B3_growing_supermarket-d30-000942,Jeddah - Corniche,Jeddah,Sunflower Oil 1.5L,GRW-OIL-03,Oils,1,17.5,17.5,11.0,card
2026-09-18,TX-B3_growing_supermarket-d30-000943,Jeddah - Corniche,Jeddah,Sunflower Oil 1.5L,GRW-OIL-03,Oils,1,17.5,17.5,11.0,card
2026-09-18,TX-B3_growing_supermarket-d30-000944,Jeddah - Corniche,Jeddah,Sunflower Oil 1.5L,GRW-OIL-03,Oils,1,17.5,17.5,11.0,cash
2026-09-18,TX-B3_growing_supermarket-d30-000945,Jeddah - Corniche,Jeddah,Sunflower Oil 1.5L,GRW-OIL-03,Oils,1,17.5,17.5,11.0,mada
2026-09-18,TX-B3_growing_supermarket-d30-000946,Jeddah - Corniche,Jeddah,Sunflower Oil 1.5L,GRW-OIL-03,Oils,1,17.5,17.5,11.0,cash
2026-09-18,TX-B3_growing_supermarket-d30-000947,Jeddah - Corniche,Jeddah,Sunflower Oil 1.5L,GRW-OIL-03,Oils,1,17.5,17.5,11.0,card
2026-09-18,TX-B3_growing_supermarket-d30-000948,Jeddah - Corniche,Jeddah,Sunflower Oil 1.5L,GRW-OIL-03,Oils,1,17.5,17.5,11.0,mada
2026-09-18,TX-B3_growing_supermarket-d30-000949,Jeddah - Corniche,Jeddah,Sunflower Oil 1.5L,GRW-OIL-03,Oils,1,17.5,17.5,11.0,mada
2026-09-18,TX-B3_growing_supermarket-d30-000950,Jeddah - Corniche,Jeddah,Sunflower Oil 1.5L,GRW-OIL-03,Oils,1,17.5,17.5,11.0,mada
2026-09-18,TX-B3_growing_supermarket-d30-000951,Jeddah - Corniche,Jeddah,Sunflower Oil 1.5L,GRW-OIL-03,Oils,1,17.5,17.5,11.0,mada
2026-09-18,TX-B3_growing_supermarket-d30-000952,Jeddah - Corniche,Jeddah,Sunflower Oil 1.5L,GRW-OIL-03,Oils,1,17.5,17.5,11.0,mada
2026-09-18,TX-B3_growing_supermarket-d30-000953,Jeddah - Corniche,Jeddah,Sunflower Oil 1.5L,GRW-OIL-03,Oils,1,17.5,17.5,11.0,mada
2026-09-18,TX-B3_growing_supermarket-d30-000954,Jeddah - Corniche,Jeddah,Sunflower Oil 1.5L,GRW-OIL-03,Oils,1,17.5,17.5,11.0,mada
2026-09-18,TX-B3_growing_supermarket-d30-000955,Jeddah - Corniche,Jeddah,Sunflower Oil 1.5L,GRW-OIL-03,Oils,1,17.5,17.5,11.0,cash
2026-09-18,TX-B3_growing_supermarket-d30-000956,Jeddah - Corniche,Jeddah,Sunflower Oil 1.5L,GRW-OIL-03,Oils,1,17.5,17.5,11.0,cash
2026-09-18,TX-B3_growing_supermarket-d30-000957,Jeddah - Corniche,Jeddah,Sunflower Oil 1.5L,GRW-OIL-03,Oils,1,17.5,17.5,11.0,mada
2026-09-19,TX-B3_growing_supermarket-d30-000958,Jeddah - Corniche,Jeddah,Sunflower Oil 1.5L,GRW-OIL-03,Oils,1,17.5,17.5,11.0,cash
2026-09-19,TX-B3_growing_supermarket-d30-000959,Jeddah - Corniche,Jeddah,Sunflower Oil 1.5L,GRW-OIL-03,Oils,1,17.5,17.5,11.0,cash
2026-09-19,TX-B3_growing_supermarket-d30-000960,Jeddah - Corniche,Jeddah,Sunflower Oil 1.5L,GRW-OIL-03,Oils,1,17.5,17.5,11.0,cash
2026-09-19,TX-B3_growing_supermarket-d30-000961,Jeddah - Corniche,Jeddah,Sunflower Oil 1.5L,GRW-OIL-03,Oils,1,17.5,17.5,11.0,mada
2026-09-19,TX-B3_growing_supermarket-d30-000962,Jeddah - Corniche,Jeddah,Sunflower Oil 1.5L,GRW-OIL-03,Oils,1,17.5,17.5,11.0,card
2026-09-19,TX-B3_growing_supermarket-d30-000963,Jeddah - Corniche,Jeddah,Sunflower Oil 1.5L,GRW-OIL-03,Oils,1,17.5,17.5,11.0,card
2026-09-19,TX-B3_growing_supermarket-d30-000964,Jeddah - Corniche,Jeddah,Sunflower Oil 1.5L,GRW-OIL-03,Oils,1,17.5,17.5,11.0,mada
2026-09-19,TX-B3_growing_supermarket-d30-000965,Jeddah - Corniche,Jeddah,Sunflower Oil 1.5L,GRW-OIL-03,Oils,1,17.5,17.5,11.0,mada
2026-09-19,TX-B3_growing_supermarket-d30-000966,Jeddah - Corniche,Jeddah,Sunflower Oil 1.5L,GRW-OIL-03,Oils,1,17.5,17.5,11.0,mada
2026-09-19,TX-B3_growing_supermarket-d30-000967,Jeddah - Corniche,Jeddah,Sunflower Oil 1.5L,GRW-OIL-03,Oils,1,17.5,17.5,11.0,cash
2026-09-19,TX-B3_growing_supermarket-d30-000968,Jeddah - Corniche,Jeddah,Sunflower Oil 1.5L,GRW-OIL-03,Oils,1,17.5,17.5,11.0,card
2026-09-19,TX-B3_growing_supermarket-d30-000969,Jeddah - Corniche,Jeddah,Sunflower Oil 1.5L,GRW-OIL-03,Oils,1,17.5,17.5,11.0,card
2026-09-19,TX-B3_growing_supermarket-d30-000970,Jeddah - Corniche,Jeddah,Sunflower Oil 1.5L,GRW-OIL-03,Oils,1,17.5,17.5,11.0,card
2026-09-19,TX-B3_growing_supermarket-d30-000971,Jeddah - Corniche,Jeddah,Sunflower Oil 1.5L,GRW-OIL-03,Oils,1,17.5,17.5,11.0,card
2026-09-19,TX-B3_growing_supermarket-d30-000972,Jeddah - Corniche,Jeddah,Sunflower Oil 1.5L,GRW-OIL-03,Oils,1,17.5,17.5,11.0,mada
2026-09-20,TX-B3_growing_supermarket-d30-000973,Jeddah - Corniche,Jeddah,Sunflower Oil 1.5L,GRW-OIL-03,Oils,1,17.5,17.5,11.0,cash
2026-09-20,TX-B3_growing_supermarket-d30-000974,Jeddah - Corniche,Jeddah,Sunflower Oil 1.5L,GRW-OIL-03,Oils,1,17.5,17.5,11.0,card
2026-09-20,TX-B3_growing_supermarket-d30-000975,Jeddah - Corniche,Jeddah,Sunflower Oil 1.5L,GRW-OIL-03,Oils,1,17.5,17.5,11.0,mada
2026-09-20,TX-B3_growing_supermarket-d30-000976,Jeddah - Corniche,Jeddah,Sunflower Oil 1.5L,GRW-OIL-03,Oils,1,17.5,17.5,11.0,cash
2026-09-20,TX-B3_growing_supermarket-d30-000977,Jeddah - Corniche,Jeddah,Sunflower Oil 1.5L,GRW-OIL-03,Oils,1,17.5,17.5,11.0,card
2026-09-20,TX-B3_growing_supermarket-d30-000978,Jeddah - Corniche,Jeddah,Sunflower Oil 1.5L,GRW-OIL-03,Oils,1,17.5,17.5,11.0,card
2026-09-20,TX-B3_growing_supermarket-d30-000979,Jeddah - Corniche,Jeddah,Sunflower Oil 1.5L,GRW-OIL-03,Oils,1,17.5,17.5,11.0,cash
2026-09-20,TX-B3_growing_supermarket-d30-000980,Jeddah - Corniche,Jeddah,Sunflower Oil 1.5L,GRW-OIL-03,Oils,1,17.5,17.5,11.0,mada
2026-09-20,TX-B3_growing_supermarket-d30-000981,Jeddah - Corniche,Jeddah,Sunflower Oil 1.5L,GRW-OIL-03,Oils,1,17.5,17.5,11.0,mada
2026-09-20,TX-B3_growing_supermarket-d30-000982,Jeddah - Corniche,Jeddah,Sunflower Oil 1.5L,GRW-OIL-03,Oils,1,17.5,17.5,11.0,mada
2026-09-20,TX-B3_growing_supermarket-d30-000983,Jeddah - Corniche,Jeddah,Sunflower Oil 1.5L,GRW-OIL-03,Oils,1,17.5,17.5,11.0,mada
2026-09-20,TX-B3_growing_supermarket-d30-000984,Jeddah - Corniche,Jeddah,Sunflower Oil 1.5L,GRW-OIL-03,Oils,1,17.5,17.5,11.0,cash
2026-09-20,TX-B3_growing_supermarket-d30-000985,Jeddah - Corniche,Jeddah,Sunflower Oil 1.5L,GRW-OIL-03,Oils,1,17.5,17.5,11.0,mada
2026-09-20,TX-B3_growing_supermarket-d30-000986,Jeddah - Corniche,Jeddah,Sunflower Oil 1.5L,GRW-OIL-03,Oils,1,17.5,17.5,11.0,mada
2026-09-20,TX-B3_growing_supermarket-d30-000987,Jeddah - Corniche,Jeddah,Sunflower Oil 1.5L,GRW-OIL-03,Oils,1,17.5,17.5,11.0,mada
2026-09-20,TX-B3_growing_supermarket-d30-000988,Jeddah - Corniche,Jeddah,Sunflower Oil 1.5L,GRW-OIL-03,Oils,1,17.5,17.5,11.0,mada
2026-09-21,TX-B3_growing_supermarket-d30-000989,Jeddah - Corniche,Jeddah,Sunflower Oil 1.5L,GRW-OIL-03,Oils,1,17.5,17.5,11.0,cash
2026-09-21,TX-B3_growing_supermarket-d30-000990,Jeddah - Corniche,Jeddah,Sunflower Oil 1.5L,GRW-OIL-03,Oils,1,17.5,17.5,11.0,card
2026-09-21,TX-B3_growing_supermarket-d30-000991,Jeddah - Corniche,Jeddah,Sunflower Oil 1.5L,GRW-OIL-03,Oils,1,17.5,17.5,11.0,mada
2026-09-21,TX-B3_growing_supermarket-d30-000992,Jeddah - Corniche,Jeddah,Sunflower Oil 1.5L,GRW-OIL-03,Oils,1,17.5,17.5,11.0,cash
2026-09-21,TX-B3_growing_supermarket-d30-000993,Jeddah - Corniche,Jeddah,Sunflower Oil 1.5L,GRW-OIL-03,Oils,1,17.5,17.5,11.0,cash
2026-09-21,TX-B3_growing_supermarket-d30-000994,Jeddah - Corniche,Jeddah,Sunflower Oil 1.5L,GRW-OIL-03,Oils,1,17.5,17.5,11.0,cash
2026-09-21,TX-B3_growing_supermarket-d30-000995,Jeddah - Corniche,Jeddah,Sunflower Oil 1.5L,GRW-OIL-03,Oils,1,17.5,17.5,11.0,mada
2026-09-21,TX-B3_growing_supermarket-d30-000996,Jeddah - Corniche,Jeddah,Sunflower Oil 1.5L,GRW-OIL-03,Oils,1,17.5,17.5,11.0,cash
2026-09-21,TX-B3_growing_supermarket-d30-000997,Jeddah - Corniche,Jeddah,Sunflower Oil 1.5L,GRW-OIL-03,Oils,1,17.5,17.5,11.0,mada
2026-09-21,TX-B3_growing_supermarket-d30-000998,Jeddah - Corniche,Jeddah,Sunflower Oil 1.5L,GRW-OIL-03,Oils,1,17.5,17.5,11.0,mada
2026-09-21,TX-B3_growing_supermarket-d30-000999,Jeddah - Corniche,Jeddah,Sunflower Oil 1.5L,GRW-OIL-03,Oils,1,17.5,17.5,11.0,cash
2026-09-21,TX-B3_growing_supermarket-d30-001000,Jeddah - Corniche,Jeddah,Sunflower Oil 1.5L,GRW-OIL-03,Oils,1,17.5,17.5,11.0,card
2026-09-21,TX-B3_growing_supermarket-d30-001001,Jeddah - Corniche,Jeddah,Sunflower Oil 1.5L,GRW-OIL-03,Oils,1,17.5,17.5,11.0,mada
2026-09-21,TX-B3_growing_supermarket-d30-001002,Jeddah - Corniche,Jeddah,Sunflower Oil 1.5L,GRW-OIL-03,Oils,1,17.5,17.5,11.0,card
2026-09-21,TX-B3_growing_supermarket-d30-001003,Jeddah - Corniche,Jeddah,Sunflower Oil 1.5L,GRW-OIL-03,Oils,1,17.5,17.5,11.0,mada
2026-09-21,TX-B3_growing_supermarket-d30-001004,Jeddah - Corniche,Jeddah,Sunflower Oil 1.5L,GRW-OIL-03,Oils,1,17.5,17.5,11.0,mada
2026-09-21,TX-B3_growing_supermarket-d30-001005,Jeddah - Corniche,Jeddah,Sunflower Oil 1.5L,GRW-OIL-03,Oils,1,17.5,17.5,11.0,card
2026-09-21,TX-B3_growing_supermarket-d30-001006,Jeddah - Corniche,Jeddah,Sunflower Oil 1.5L,GRW-OIL-03,Oils,1,17.5,17.5,11.0,cash
2026-09-21,TX-B3_growing_supermarket-d30-001007,Jeddah - Corniche,Jeddah,Sunflower Oil 1.5L,GRW-OIL-03,Oils,1,17.5,17.5,11.0,mada
2026-09-21,TX-B3_growing_supermarket-d30-001008,Jeddah - Corniche,Jeddah,Sunflower Oil 1.5L,GRW-OIL-03,Oils,1,17.5,17.5,11.0,mada
2026-09-21,TX-B3_growing_supermarket-d30-001009,Jeddah - Corniche,Jeddah,Sunflower Oil 1.5L,GRW-OIL-03,Oils,1,17.5,17.5,11.0,card
2026-09-21,TX-B3_growing_supermarket-d30-001010,Jeddah - Corniche,Jeddah,Sunflower Oil 1.5L,GRW-OIL-03,Oils,1,17.5,17.5,11.0,cash
2026-09-21,TX-B3_growing_supermarket-d30-001011,Jeddah - Corniche,Jeddah,Sunflower Oil 1.5L,GRW-OIL-03,Oils,1,17.5,17.5,11.0,card
2026-09-22,TX-B3_growing_supermarket-d30-001012,Jeddah - Corniche,Jeddah,Sunflower Oil 1.5L,GRW-OIL-03,Oils,1,17.5,17.5,11.0,mada
2026-09-22,TX-B3_growing_supermarket-d30-001013,Jeddah - Corniche,Jeddah,Sunflower Oil 1.5L,GRW-OIL-03,Oils,1,17.5,17.5,11.0,mada
2026-09-22,TX-B3_growing_supermarket-d30-001014,Jeddah - Corniche,Jeddah,Sunflower Oil 1.5L,GRW-OIL-03,Oils,1,17.5,17.5,11.0,cash
2026-09-22,TX-B3_growing_supermarket-d30-001015,Jeddah - Corniche,Jeddah,Sunflower Oil 1.5L,GRW-OIL-03,Oils,1,17.5,17.5,11.0,card
2026-09-22,TX-B3_growing_supermarket-d30-001016,Jeddah - Corniche,Jeddah,Sunflower Oil 1.5L,GRW-OIL-03,Oils,1,17.5,17.5,11.0,mada
2026-09-22,TX-B3_growing_supermarket-d30-001017,Jeddah - Corniche,Jeddah,Sunflower Oil 1.5L,GRW-OIL-03,Oils,1,17.5,17.5,11.0,card
2026-09-22,TX-B3_growing_supermarket-d30-001018,Jeddah - Corniche,Jeddah,Sunflower Oil 1.5L,GRW-OIL-03,Oils,1,17.5,17.5,11.0,card
2026-09-22,TX-B3_growing_supermarket-d30-001019,Jeddah - Corniche,Jeddah,Sunflower Oil 1.5L,GRW-OIL-03,Oils,1,17.5,17.5,11.0,card
2026-09-22,TX-B3_growing_supermarket-d30-001020,Jeddah - Corniche,Jeddah,Sunflower Oil 1.5L,GRW-OIL-03,Oils,1,17.5,17.5,11.0,cash
2026-09-22,TX-B3_growing_supermarket-d30-001021,Jeddah - Corniche,Jeddah,Sunflower Oil 1.5L,GRW-OIL-03,Oils,1,17.5,17.5,11.0,mada
2026-09-22,TX-B3_growing_supermarket-d30-001022,Jeddah - Corniche,Jeddah,Sunflower Oil 1.5L,GRW-OIL-03,Oils,1,17.5,17.5,11.0,mada
2026-09-22,TX-B3_growing_supermarket-d30-001023,Jeddah - Corniche,Jeddah,Sunflower Oil 1.5L,GRW-OIL-03,Oils,1,17.5,17.5,11.0,mada
2026-09-22,TX-B3_growing_supermarket-d30-001024,Jeddah - Corniche,Jeddah,Sunflower Oil 1.5L,GRW-OIL-03,Oils,1,17.5,17.5,11.0,cash
2026-09-23,TX-B3_growing_supermarket-d30-001025,Jeddah - Corniche,Jeddah,Sunflower Oil 1.5L,GRW-OIL-03,Oils,1,17.5,17.5,11.0,mada
2026-09-23,TX-B3_growing_supermarket-d30-001026,Jeddah - Corniche,Jeddah,Sunflower Oil 1.5L,GRW-OIL-03,Oils,1,17.5,17.5,11.0,mada
2026-09-23,TX-B3_growing_supermarket-d30-001027,Jeddah - Corniche,Jeddah,Sunflower Oil 1.5L,GRW-OIL-03,Oils,1,17.5,17.5,11.0,cash
2026-09-23,TX-B3_growing_supermarket-d30-001028,Jeddah - Corniche,Jeddah,Sunflower Oil 1.5L,GRW-OIL-03,Oils,1,17.5,17.5,11.0,card
2026-09-23,TX-B3_growing_supermarket-d30-001029,Jeddah - Corniche,Jeddah,Sunflower Oil 1.5L,GRW-OIL-03,Oils,1,17.5,17.5,11.0,card
2026-09-23,TX-B3_growing_supermarket-d30-001030,Jeddah - Corniche,Jeddah,Sunflower Oil 1.5L,GRW-OIL-03,Oils,1,17.5,17.5,11.0,cash
2026-09-23,TX-B3_growing_supermarket-d30-001031,Jeddah - Corniche,Jeddah,Sunflower Oil 1.5L,GRW-OIL-03,Oils,1,17.5,17.5,11.0,card
2026-09-23,TX-B3_growing_supermarket-d30-001032,Jeddah - Corniche,Jeddah,Sunflower Oil 1.5L,GRW-OIL-03,Oils,1,17.5,17.5,11.0,mada
2026-09-23,TX-B3_growing_supermarket-d30-001033,Jeddah - Corniche,Jeddah,Sunflower Oil 1.5L,GRW-OIL-03,Oils,1,17.5,17.5,11.0,card
2026-09-23,TX-B3_growing_supermarket-d30-001034,Jeddah - Corniche,Jeddah,Sunflower Oil 1.5L,GRW-OIL-03,Oils,1,17.5,17.5,11.0,cash
2026-09-23,TX-B3_growing_supermarket-d30-001035,Jeddah - Corniche,Jeddah,Sunflower Oil 1.5L,GRW-OIL-03,Oils,1,17.5,17.5,11.0,card
2026-09-23,TX-B3_growing_supermarket-d30-001036,Jeddah - Corniche,Jeddah,Sunflower Oil 1.5L,GRW-OIL-03,Oils,1,17.5,17.5,11.0,mada
2026-09-23,TX-B3_growing_supermarket-d30-001037,Jeddah - Corniche,Jeddah,Sunflower Oil 1.5L,GRW-OIL-03,Oils,1,17.5,17.5,11.0,cash
2026-09-23,TX-B3_growing_supermarket-d30-001038,Jeddah - Corniche,Jeddah,Sunflower Oil 1.5L,GRW-OIL-03,Oils,1,17.5,17.5,11.0,cash
2026-09-23,TX-B3_growing_supermarket-d30-001039,Jeddah - Corniche,Jeddah,Sunflower Oil 1.5L,GRW-OIL-03,Oils,1,17.5,17.5,11.0,mada
2026-09-23,TX-B3_growing_supermarket-d30-001040,Jeddah - Corniche,Jeddah,Sunflower Oil 1.5L,GRW-OIL-03,Oils,1,17.5,17.5,11.0,cash
2026-09-23,TX-B3_growing_supermarket-d30-001041,Jeddah - Corniche,Jeddah,Sunflower Oil 1.5L,GRW-OIL-03,Oils,1,17.5,17.5,11.0,mada
2026-09-23,TX-B3_growing_supermarket-d30-001042,Jeddah - Corniche,Jeddah,Sunflower Oil 1.5L,GRW-OIL-03,Oils,1,17.5,17.5,11.0,mada
2026-09-23,TX-B3_growing_supermarket-d30-001043,Jeddah - Corniche,Jeddah,Sunflower Oil 1.5L,GRW-OIL-03,Oils,1,17.5,17.5,11.0,card
2026-09-23,TX-B3_growing_supermarket-d30-001044,Jeddah - Corniche,Jeddah,Sunflower Oil 1.5L,GRW-OIL-03,Oils,1,17.5,17.5,11.0,card
2026-09-24,TX-B3_growing_supermarket-d30-001045,Jeddah - Corniche,Jeddah,Sunflower Oil 1.5L,GRW-OIL-03,Oils,1,17.5,17.5,11.0,cash
2026-09-24,TX-B3_growing_supermarket-d30-001046,Jeddah - Corniche,Jeddah,Sunflower Oil 1.5L,GRW-OIL-03,Oils,1,17.5,17.5,11.0,card
2026-09-24,TX-B3_growing_supermarket-d30-001047,Jeddah - Corniche,Jeddah,Sunflower Oil 1.5L,GRW-OIL-03,Oils,1,17.5,17.5,11.0,card
2026-09-24,TX-B3_growing_supermarket-d30-001048,Jeddah - Corniche,Jeddah,Sunflower Oil 1.5L,GRW-OIL-03,Oils,1,17.5,17.5,11.0,cash
2026-09-24,TX-B3_growing_supermarket-d30-001049,Jeddah - Corniche,Jeddah,Sunflower Oil 1.5L,GRW-OIL-03,Oils,1,17.5,17.5,11.0,cash
2026-09-24,TX-B3_growing_supermarket-d30-001050,Jeddah - Corniche,Jeddah,Sunflower Oil 1.5L,GRW-OIL-03,Oils,1,17.5,17.5,11.0,mada
2026-09-24,TX-B3_growing_supermarket-d30-001051,Jeddah - Corniche,Jeddah,Sunflower Oil 1.5L,GRW-OIL-03,Oils,1,17.5,17.5,11.0,cash
2026-09-24,TX-B3_growing_supermarket-d30-001052,Jeddah - Corniche,Jeddah,Sunflower Oil 1.5L,GRW-OIL-03,Oils,1,17.5,17.5,11.0,cash
2026-09-24,TX-B3_growing_supermarket-d30-001053,Jeddah - Corniche,Jeddah,Sunflower Oil 1.5L,GRW-OIL-03,Oils,1,17.5,17.5,11.0,cash
2026-09-24,TX-B3_growing_supermarket-d30-001054,Jeddah - Corniche,Jeddah,Sunflower Oil 1.5L,GRW-OIL-03,Oils,1,17.5,17.5,11.0,mada
2026-09-24,TX-B3_growing_supermarket-d30-001055,Jeddah - Corniche,Jeddah,Sunflower Oil 1.5L,GRW-OIL-03,Oils,1,17.5,17.5,11.0,cash
2026-09-24,TX-B3_growing_supermarket-d30-001056,Jeddah - Corniche,Jeddah,Sunflower Oil 1.5L,GRW-OIL-03,Oils,1,17.5,17.5,11.0,mada
2026-09-24,TX-B3_growing_supermarket-d30-001057,Jeddah - Corniche,Jeddah,Sunflower Oil 1.5L,GRW-OIL-03,Oils,1,17.5,17.5,11.0,card
2026-09-24,TX-B3_growing_supermarket-d30-001058,Jeddah - Corniche,Jeddah,Sunflower Oil 1.5L,GRW-OIL-03,Oils,1,17.5,17.5,11.0,cash
2026-09-24,TX-B3_growing_supermarket-d30-001059,Jeddah - Corniche,Jeddah,Sunflower Oil 1.5L,GRW-OIL-03,Oils,1,17.5,17.5,11.0,card
2026-09-24,TX-B3_growing_supermarket-d30-001060,Jeddah - Corniche,Jeddah,Sunflower Oil 1.5L,GRW-OIL-03,Oils,1,17.5,17.5,11.0,card
2026-09-24,TX-B3_growing_supermarket-d30-001061,Jeddah - Corniche,Jeddah,Sunflower Oil 1.5L,GRW-OIL-03,Oils,1,17.5,17.5,11.0,cash
2026-09-24,TX-B3_growing_supermarket-d30-001062,Jeddah - Corniche,Jeddah,Sunflower Oil 1.5L,GRW-OIL-03,Oils,1,17.5,17.5,11.0,card
2026-09-24,TX-B3_growing_supermarket-d30-001063,Jeddah - Corniche,Jeddah,Sunflower Oil 1.5L,GRW-OIL-03,Oils,1,17.5,17.5,11.0,mada
2026-09-24,TX-B3_growing_supermarket-d30-001064,Jeddah - Corniche,Jeddah,Sunflower Oil 1.5L,GRW-OIL-03,Oils,1,17.5,17.5,11.0,card
2026-09-25,TX-B3_growing_supermarket-d30-001065,Jeddah - Corniche,Jeddah,Sunflower Oil 1.5L,GRW-OIL-03,Oils,1,17.5,17.5,11.0,mada
2026-09-25,TX-B3_growing_supermarket-d30-001066,Jeddah - Corniche,Jeddah,Sunflower Oil 1.5L,GRW-OIL-03,Oils,1,17.5,17.5,11.0,card
2026-09-25,TX-B3_growing_supermarket-d30-001067,Jeddah - Corniche,Jeddah,Sunflower Oil 1.5L,GRW-OIL-03,Oils,1,17.5,17.5,11.0,cash
2026-09-25,TX-B3_growing_supermarket-d30-001068,Jeddah - Corniche,Jeddah,Sunflower Oil 1.5L,GRW-OIL-03,Oils,1,17.5,17.5,11.0,cash
2026-09-25,TX-B3_growing_supermarket-d30-001069,Jeddah - Corniche,Jeddah,Sunflower Oil 1.5L,GRW-OIL-03,Oils,1,17.5,17.5,11.0,card
2026-09-25,TX-B3_growing_supermarket-d30-001070,Jeddah - Corniche,Jeddah,Sunflower Oil 1.5L,GRW-OIL-03,Oils,1,17.5,17.5,11.0,card
2026-09-25,TX-B3_growing_supermarket-d30-001071,Jeddah - Corniche,Jeddah,Sunflower Oil 1.5L,GRW-OIL-03,Oils,1,17.5,17.5,11.0,mada
2026-09-25,TX-B3_growing_supermarket-d30-001072,Jeddah - Corniche,Jeddah,Sunflower Oil 1.5L,GRW-OIL-03,Oils,1,17.5,17.5,11.0,card
2026-09-25,TX-B3_growing_supermarket-d30-001073,Jeddah - Corniche,Jeddah,Sunflower Oil 1.5L,GRW-OIL-03,Oils,1,17.5,17.5,11.0,mada
2026-09-25,TX-B3_growing_supermarket-d30-001074,Jeddah - Corniche,Jeddah,Sunflower Oil 1.5L,GRW-OIL-03,Oils,1,17.5,17.5,11.0,mada
2026-09-25,TX-B3_growing_supermarket-d30-001075,Jeddah - Corniche,Jeddah,Sunflower Oil 1.5L,GRW-OIL-03,Oils,1,17.5,17.5,11.0,cash
2026-09-25,TX-B3_growing_supermarket-d30-001076,Jeddah - Corniche,Jeddah,Sunflower Oil 1.5L,GRW-OIL-03,Oils,1,17.5,17.5,11.0,card
2026-09-25,TX-B3_growing_supermarket-d30-001077,Jeddah - Corniche,Jeddah,Sunflower Oil 1.5L,GRW-OIL-03,Oils,1,17.5,17.5,11.0,mada
2026-09-25,TX-B3_growing_supermarket-d30-001078,Jeddah - Corniche,Jeddah,Sunflower Oil 1.5L,GRW-OIL-03,Oils,1,17.5,17.5,11.0,mada
2026-09-25,TX-B3_growing_supermarket-d30-001079,Jeddah - Corniche,Jeddah,Sunflower Oil 1.5L,GRW-OIL-03,Oils,1,17.5,17.5,11.0,cash
2026-09-25,TX-B3_growing_supermarket-d30-001080,Jeddah - Corniche,Jeddah,Sunflower Oil 1.5L,GRW-OIL-03,Oils,1,17.5,17.5,11.0,cash
2026-09-25,TX-B3_growing_supermarket-d30-001081,Jeddah - Corniche,Jeddah,Sunflower Oil 1.5L,GRW-OIL-03,Oils,1,17.5,17.5,11.0,cash
2026-09-25,TX-B3_growing_supermarket-d30-001082,Jeddah - Corniche,Jeddah,Sunflower Oil 1.5L,GRW-OIL-03,Oils,1,17.5,17.5,11.0,card
2026-09-25,TX-B3_growing_supermarket-d30-001083,Jeddah - Corniche,Jeddah,Sunflower Oil 1.5L,GRW-OIL-03,Oils,1,17.5,17.5,11.0,card
2026-09-25,TX-B3_growing_supermarket-d30-001084,Jeddah - Corniche,Jeddah,Sunflower Oil 1.5L,GRW-OIL-03,Oils,1,17.5,17.5,11.0,card
2026-09-25,TX-B3_growing_supermarket-d30-001085,Jeddah - Corniche,Jeddah,Sunflower Oil 1.5L,GRW-OIL-03,Oils,1,17.5,17.5,11.0,mada
2026-09-25,TX-B3_growing_supermarket-d30-001086,Jeddah - Corniche,Jeddah,Sunflower Oil 1.5L,GRW-OIL-03,Oils,1,17.5,17.5,11.0,mada
2026-09-10,TX-B3_growing_supermarket-d30-001087,Jeddah - Corniche,Jeddah,Tomato Paste 800g,GRW-TOM-04,Canned Goods,1,7.25,7.25,4.0,mada
2026-09-10,TX-B3_growing_supermarket-d30-001088,Jeddah - Corniche,Jeddah,Tomato Paste 800g,GRW-TOM-04,Canned Goods,1,7.25,7.25,4.0,cash
2026-09-10,TX-B3_growing_supermarket-d30-001089,Jeddah - Corniche,Jeddah,Tomato Paste 800g,GRW-TOM-04,Canned Goods,1,7.25,7.25,4.0,mada
2026-09-10,TX-B3_growing_supermarket-d30-001090,Jeddah - Corniche,Jeddah,Tomato Paste 800g,GRW-TOM-04,Canned Goods,1,7.25,7.25,4.0,card
2026-09-10,TX-B3_growing_supermarket-d30-001091,Jeddah - Corniche,Jeddah,Tomato Paste 800g,GRW-TOM-04,Canned Goods,1,7.25,7.25,4.0,card
2026-09-10,TX-B3_growing_supermarket-d30-001092,Jeddah - Corniche,Jeddah,Tomato Paste 800g,GRW-TOM-04,Canned Goods,1,7.25,7.25,4.0,cash
2026-09-10,TX-B3_growing_supermarket-d30-001093,Jeddah - Corniche,Jeddah,Tomato Paste 800g,GRW-TOM-04,Canned Goods,1,7.25,7.25,4.0,cash
2026-09-10,TX-B3_growing_supermarket-d30-001094,Jeddah - Corniche,Jeddah,Tomato Paste 800g,GRW-TOM-04,Canned Goods,1,7.25,7.25,4.0,card
2026-09-10,TX-B3_growing_supermarket-d30-001095,Jeddah - Corniche,Jeddah,Tomato Paste 800g,GRW-TOM-04,Canned Goods,1,7.25,7.25,4.0,cash
2026-09-10,TX-B3_growing_supermarket-d30-001096,Jeddah - Corniche,Jeddah,Tomato Paste 800g,GRW-TOM-04,Canned Goods,1,7.25,7.25,4.0,mada
2026-09-10,TX-B3_growing_supermarket-d30-001097,Jeddah - Corniche,Jeddah,Tomato Paste 800g,GRW-TOM-04,Canned Goods,1,7.25,7.25,4.0,card
2026-09-10,TX-B3_growing_supermarket-d30-001098,Jeddah - Corniche,Jeddah,Tomato Paste 800g,GRW-TOM-04,Canned Goods,1,7.25,7.25,4.0,mada
2026-09-10,TX-B3_growing_supermarket-d30-001099,Jeddah - Corniche,Jeddah,Tomato Paste 800g,GRW-TOM-04,Canned Goods,1,7.25,7.25,4.0,card
2026-09-10,TX-B3_growing_supermarket-d30-001100,Jeddah - Corniche,Jeddah,Tomato Paste 800g,GRW-TOM-04,Canned Goods,1,7.25,7.25,4.0,cash
2026-09-10,TX-B3_growing_supermarket-d30-001101,Jeddah - Corniche,Jeddah,Tomato Paste 800g,GRW-TOM-04,Canned Goods,1,7.25,7.25,4.0,card
2026-09-11,TX-B3_growing_supermarket-d30-001102,Jeddah - Corniche,Jeddah,Tomato Paste 800g,GRW-TOM-04,Canned Goods,1,7.25,7.25,4.0,cash
2026-09-11,TX-B3_growing_supermarket-d30-001103,Jeddah - Corniche,Jeddah,Tomato Paste 800g,GRW-TOM-04,Canned Goods,1,7.25,7.25,4.0,card
2026-09-11,TX-B3_growing_supermarket-d30-001104,Jeddah - Corniche,Jeddah,Tomato Paste 800g,GRW-TOM-04,Canned Goods,1,7.25,7.25,4.0,card
2026-09-11,TX-B3_growing_supermarket-d30-001105,Jeddah - Corniche,Jeddah,Tomato Paste 800g,GRW-TOM-04,Canned Goods,1,7.25,7.25,4.0,cash
2026-09-11,TX-B3_growing_supermarket-d30-001106,Jeddah - Corniche,Jeddah,Tomato Paste 800g,GRW-TOM-04,Canned Goods,1,7.25,7.25,4.0,card
2026-09-11,TX-B3_growing_supermarket-d30-001107,Jeddah - Corniche,Jeddah,Tomato Paste 800g,GRW-TOM-04,Canned Goods,1,7.25,7.25,4.0,cash
2026-09-11,TX-B3_growing_supermarket-d30-001108,Jeddah - Corniche,Jeddah,Tomato Paste 800g,GRW-TOM-04,Canned Goods,1,7.25,7.25,4.0,card
2026-09-11,TX-B3_growing_supermarket-d30-001109,Jeddah - Corniche,Jeddah,Tomato Paste 800g,GRW-TOM-04,Canned Goods,1,7.25,7.25,4.0,card
2026-09-11,TX-B3_growing_supermarket-d30-001110,Jeddah - Corniche,Jeddah,Tomato Paste 800g,GRW-TOM-04,Canned Goods,1,7.25,7.25,4.0,card
2026-09-11,TX-B3_growing_supermarket-d30-001111,Jeddah - Corniche,Jeddah,Tomato Paste 800g,GRW-TOM-04,Canned Goods,1,7.25,7.25,4.0,cash
2026-09-11,TX-B3_growing_supermarket-d30-001112,Jeddah - Corniche,Jeddah,Tomato Paste 800g,GRW-TOM-04,Canned Goods,1,7.25,7.25,4.0,mada
2026-09-12,TX-B3_growing_supermarket-d30-001113,Jeddah - Corniche,Jeddah,Tomato Paste 800g,GRW-TOM-04,Canned Goods,1,7.25,7.25,4.0,mada
2026-09-12,TX-B3_growing_supermarket-d30-001114,Jeddah - Corniche,Jeddah,Tomato Paste 800g,GRW-TOM-04,Canned Goods,1,7.25,7.25,4.0,cash
2026-09-12,TX-B3_growing_supermarket-d30-001115,Jeddah - Corniche,Jeddah,Tomato Paste 800g,GRW-TOM-04,Canned Goods,1,7.25,7.25,4.0,card
2026-09-12,TX-B3_growing_supermarket-d30-001116,Jeddah - Corniche,Jeddah,Tomato Paste 800g,GRW-TOM-04,Canned Goods,1,7.25,7.25,4.0,cash
2026-09-12,TX-B3_growing_supermarket-d30-001117,Jeddah - Corniche,Jeddah,Tomato Paste 800g,GRW-TOM-04,Canned Goods,1,7.25,7.25,4.0,mada
2026-09-12,TX-B3_growing_supermarket-d30-001118,Jeddah - Corniche,Jeddah,Tomato Paste 800g,GRW-TOM-04,Canned Goods,1,7.25,7.25,4.0,cash
2026-09-12,TX-B3_growing_supermarket-d30-001119,Jeddah - Corniche,Jeddah,Tomato Paste 800g,GRW-TOM-04,Canned Goods,1,7.25,7.25,4.0,mada
2026-09-12,TX-B3_growing_supermarket-d30-001120,Jeddah - Corniche,Jeddah,Tomato Paste 800g,GRW-TOM-04,Canned Goods,1,7.25,7.25,4.0,mada
2026-09-12,TX-B3_growing_supermarket-d30-001121,Jeddah - Corniche,Jeddah,Tomato Paste 800g,GRW-TOM-04,Canned Goods,1,7.25,7.25,4.0,mada
2026-09-12,TX-B3_growing_supermarket-d30-001122,Jeddah - Corniche,Jeddah,Tomato Paste 800g,GRW-TOM-04,Canned Goods,1,7.25,7.25,4.0,mada
2026-09-12,TX-B3_growing_supermarket-d30-001123,Jeddah - Corniche,Jeddah,Tomato Paste 800g,GRW-TOM-04,Canned Goods,1,7.25,7.25,4.0,card
2026-09-12,TX-B3_growing_supermarket-d30-001124,Jeddah - Corniche,Jeddah,Tomato Paste 800g,GRW-TOM-04,Canned Goods,1,7.25,7.25,4.0,mada
2026-09-12,TX-B3_growing_supermarket-d30-001125,Jeddah - Corniche,Jeddah,Tomato Paste 800g,GRW-TOM-04,Canned Goods,1,7.25,7.25,4.0,mada
2026-09-12,TX-B3_growing_supermarket-d30-001126,Jeddah - Corniche,Jeddah,Tomato Paste 800g,GRW-TOM-04,Canned Goods,1,7.25,7.25,4.0,cash
2026-09-12,TX-B3_growing_supermarket-d30-001127,Jeddah - Corniche,Jeddah,Tomato Paste 800g,GRW-TOM-04,Canned Goods,1,7.25,7.25,4.0,card
2026-09-12,TX-B3_growing_supermarket-d30-001128,Jeddah - Corniche,Jeddah,Tomato Paste 800g,GRW-TOM-04,Canned Goods,1,7.25,7.25,4.0,cash
2026-09-12,TX-B3_growing_supermarket-d30-001129,Jeddah - Corniche,Jeddah,Tomato Paste 800g,GRW-TOM-04,Canned Goods,1,7.25,7.25,4.0,card
2026-09-12,TX-B3_growing_supermarket-d30-001130,Jeddah - Corniche,Jeddah,Tomato Paste 800g,GRW-TOM-04,Canned Goods,1,7.25,7.25,4.0,cash
2026-09-13,TX-B3_growing_supermarket-d30-001131,Jeddah - Corniche,Jeddah,Tomato Paste 800g,GRW-TOM-04,Canned Goods,1,7.25,7.25,4.0,mada
2026-09-13,TX-B3_growing_supermarket-d30-001132,Jeddah - Corniche,Jeddah,Tomato Paste 800g,GRW-TOM-04,Canned Goods,1,7.25,7.25,4.0,card
2026-09-13,TX-B3_growing_supermarket-d30-001133,Jeddah - Corniche,Jeddah,Tomato Paste 800g,GRW-TOM-04,Canned Goods,1,7.25,7.25,4.0,card
2026-09-13,TX-B3_growing_supermarket-d30-001134,Jeddah - Corniche,Jeddah,Tomato Paste 800g,GRW-TOM-04,Canned Goods,1,7.25,7.25,4.0,card
2026-09-13,TX-B3_growing_supermarket-d30-001135,Jeddah - Corniche,Jeddah,Tomato Paste 800g,GRW-TOM-04,Canned Goods,1,7.25,7.25,4.0,cash
2026-09-13,TX-B3_growing_supermarket-d30-001136,Jeddah - Corniche,Jeddah,Tomato Paste 800g,GRW-TOM-04,Canned Goods,1,7.25,7.25,4.0,cash
2026-09-13,TX-B3_growing_supermarket-d30-001137,Jeddah - Corniche,Jeddah,Tomato Paste 800g,GRW-TOM-04,Canned Goods,1,7.25,7.25,4.0,cash
2026-09-13,TX-B3_growing_supermarket-d30-001138,Jeddah - Corniche,Jeddah,Tomato Paste 800g,GRW-TOM-04,Canned Goods,1,7.25,7.25,4.0,card
2026-09-13,TX-B3_growing_supermarket-d30-001139,Jeddah - Corniche,Jeddah,Tomato Paste 800g,GRW-TOM-04,Canned Goods,1,7.25,7.25,4.0,card
2026-09-13,TX-B3_growing_supermarket-d30-001140,Jeddah - Corniche,Jeddah,Tomato Paste 800g,GRW-TOM-04,Canned Goods,1,7.25,7.25,4.0,cash
2026-09-13,TX-B3_growing_supermarket-d30-001141,Jeddah - Corniche,Jeddah,Tomato Paste 800g,GRW-TOM-04,Canned Goods,1,7.25,7.25,4.0,cash
2026-09-13,TX-B3_growing_supermarket-d30-001142,Jeddah - Corniche,Jeddah,Tomato Paste 800g,GRW-TOM-04,Canned Goods,1,7.25,7.25,4.0,cash
2026-09-13,TX-B3_growing_supermarket-d30-001143,Jeddah - Corniche,Jeddah,Tomato Paste 800g,GRW-TOM-04,Canned Goods,1,7.25,7.25,4.0,card
2026-09-14,TX-B3_growing_supermarket-d30-001144,Jeddah - Corniche,Jeddah,Tomato Paste 800g,GRW-TOM-04,Canned Goods,1,7.25,7.25,4.0,card
2026-09-14,TX-B3_growing_supermarket-d30-001145,Jeddah - Corniche,Jeddah,Tomato Paste 800g,GRW-TOM-04,Canned Goods,1,7.25,7.25,4.0,cash
2026-09-14,TX-B3_growing_supermarket-d30-001146,Jeddah - Corniche,Jeddah,Tomato Paste 800g,GRW-TOM-04,Canned Goods,1,7.25,7.25,4.0,mada
2026-09-14,TX-B3_growing_supermarket-d30-001147,Jeddah - Corniche,Jeddah,Tomato Paste 800g,GRW-TOM-04,Canned Goods,1,7.25,7.25,4.0,mada
2026-09-14,TX-B3_growing_supermarket-d30-001148,Jeddah - Corniche,Jeddah,Tomato Paste 800g,GRW-TOM-04,Canned Goods,1,7.25,7.25,4.0,card
2026-09-14,TX-B3_growing_supermarket-d30-001149,Jeddah - Corniche,Jeddah,Tomato Paste 800g,GRW-TOM-04,Canned Goods,1,7.25,7.25,4.0,mada
2026-09-14,TX-B3_growing_supermarket-d30-001150,Jeddah - Corniche,Jeddah,Tomato Paste 800g,GRW-TOM-04,Canned Goods,1,7.25,7.25,4.0,card
2026-09-14,TX-B3_growing_supermarket-d30-001151,Jeddah - Corniche,Jeddah,Tomato Paste 800g,GRW-TOM-04,Canned Goods,1,7.25,7.25,4.0,mada
2026-09-14,TX-B3_growing_supermarket-d30-001152,Jeddah - Corniche,Jeddah,Tomato Paste 800g,GRW-TOM-04,Canned Goods,1,7.25,7.25,4.0,card
2026-09-14,TX-B3_growing_supermarket-d30-001153,Jeddah - Corniche,Jeddah,Tomato Paste 800g,GRW-TOM-04,Canned Goods,1,7.25,7.25,4.0,card
2026-09-14,TX-B3_growing_supermarket-d30-001154,Jeddah - Corniche,Jeddah,Tomato Paste 800g,GRW-TOM-04,Canned Goods,1,7.25,7.25,4.0,mada
2026-09-14,TX-B3_growing_supermarket-d30-001155,Jeddah - Corniche,Jeddah,Tomato Paste 800g,GRW-TOM-04,Canned Goods,1,7.25,7.25,4.0,mada
2026-09-14,TX-B3_growing_supermarket-d30-001156,Jeddah - Corniche,Jeddah,Tomato Paste 800g,GRW-TOM-04,Canned Goods,1,7.25,7.25,4.0,cash
2026-09-14,TX-B3_growing_supermarket-d30-001157,Jeddah - Corniche,Jeddah,Tomato Paste 800g,GRW-TOM-04,Canned Goods,1,7.25,7.25,4.0,mada
2026-09-14,TX-B3_growing_supermarket-d30-001158,Jeddah - Corniche,Jeddah,Tomato Paste 800g,GRW-TOM-04,Canned Goods,1,7.25,7.25,4.0,cash
2026-09-14,TX-B3_growing_supermarket-d30-001159,Jeddah - Corniche,Jeddah,Tomato Paste 800g,GRW-TOM-04,Canned Goods,1,7.25,7.25,4.0,mada
2026-09-15,TX-B3_growing_supermarket-d30-001160,Jeddah - Corniche,Jeddah,Tomato Paste 800g,GRW-TOM-04,Canned Goods,1,7.25,7.25,4.0,mada
2026-09-15,TX-B3_growing_supermarket-d30-001161,Jeddah - Corniche,Jeddah,Tomato Paste 800g,GRW-TOM-04,Canned Goods,1,7.25,7.25,4.0,cash
2026-09-15,TX-B3_growing_supermarket-d30-001162,Jeddah - Corniche,Jeddah,Tomato Paste 800g,GRW-TOM-04,Canned Goods,1,7.25,7.25,4.0,mada
2026-09-15,TX-B3_growing_supermarket-d30-001163,Jeddah - Corniche,Jeddah,Tomato Paste 800g,GRW-TOM-04,Canned Goods,1,7.25,7.25,4.0,cash
2026-09-15,TX-B3_growing_supermarket-d30-001164,Jeddah - Corniche,Jeddah,Tomato Paste 800g,GRW-TOM-04,Canned Goods,1,7.25,7.25,4.0,card
2026-09-15,TX-B3_growing_supermarket-d30-001165,Jeddah - Corniche,Jeddah,Tomato Paste 800g,GRW-TOM-04,Canned Goods,1,7.25,7.25,4.0,mada
2026-09-15,TX-B3_growing_supermarket-d30-001166,Jeddah - Corniche,Jeddah,Tomato Paste 800g,GRW-TOM-04,Canned Goods,1,7.25,7.25,4.0,cash
2026-09-15,TX-B3_growing_supermarket-d30-001167,Jeddah - Corniche,Jeddah,Tomato Paste 800g,GRW-TOM-04,Canned Goods,1,7.25,7.25,4.0,mada
2026-09-15,TX-B3_growing_supermarket-d30-001168,Jeddah - Corniche,Jeddah,Tomato Paste 800g,GRW-TOM-04,Canned Goods,1,7.25,7.25,4.0,mada
2026-09-15,TX-B3_growing_supermarket-d30-001169,Jeddah - Corniche,Jeddah,Tomato Paste 800g,GRW-TOM-04,Canned Goods,1,7.25,7.25,4.0,mada
2026-09-15,TX-B3_growing_supermarket-d30-001170,Jeddah - Corniche,Jeddah,Tomato Paste 800g,GRW-TOM-04,Canned Goods,1,7.25,7.25,4.0,card
2026-09-15,TX-B3_growing_supermarket-d30-001171,Jeddah - Corniche,Jeddah,Tomato Paste 800g,GRW-TOM-04,Canned Goods,1,7.25,7.25,4.0,mada
2026-09-15,TX-B3_growing_supermarket-d30-001172,Jeddah - Corniche,Jeddah,Tomato Paste 800g,GRW-TOM-04,Canned Goods,1,7.25,7.25,4.0,card
2026-09-16,TX-B3_growing_supermarket-d30-001173,Jeddah - Corniche,Jeddah,Tomato Paste 800g,GRW-TOM-04,Canned Goods,1,7.25,7.25,4.0,card
2026-09-16,TX-B3_growing_supermarket-d30-001174,Jeddah - Corniche,Jeddah,Tomato Paste 800g,GRW-TOM-04,Canned Goods,1,7.25,7.25,4.0,cash
2026-09-16,TX-B3_growing_supermarket-d30-001175,Jeddah - Corniche,Jeddah,Tomato Paste 800g,GRW-TOM-04,Canned Goods,1,7.25,7.25,4.0,mada
2026-09-16,TX-B3_growing_supermarket-d30-001176,Jeddah - Corniche,Jeddah,Tomato Paste 800g,GRW-TOM-04,Canned Goods,1,7.25,7.25,4.0,card
2026-09-16,TX-B3_growing_supermarket-d30-001177,Jeddah - Corniche,Jeddah,Tomato Paste 800g,GRW-TOM-04,Canned Goods,1,7.25,7.25,4.0,card
2026-09-16,TX-B3_growing_supermarket-d30-001178,Jeddah - Corniche,Jeddah,Tomato Paste 800g,GRW-TOM-04,Canned Goods,1,7.25,7.25,4.0,card
2026-09-16,TX-B3_growing_supermarket-d30-001179,Jeddah - Corniche,Jeddah,Tomato Paste 800g,GRW-TOM-04,Canned Goods,1,7.25,7.25,4.0,mada
2026-09-16,TX-B3_growing_supermarket-d30-001180,Jeddah - Corniche,Jeddah,Tomato Paste 800g,GRW-TOM-04,Canned Goods,1,7.25,7.25,4.0,cash
2026-09-16,TX-B3_growing_supermarket-d30-001181,Jeddah - Corniche,Jeddah,Tomato Paste 800g,GRW-TOM-04,Canned Goods,1,7.25,7.25,4.0,card
2026-09-16,TX-B3_growing_supermarket-d30-001182,Jeddah - Corniche,Jeddah,Tomato Paste 800g,GRW-TOM-04,Canned Goods,1,7.25,7.25,4.0,mada
2026-09-16,TX-B3_growing_supermarket-d30-001183,Jeddah - Corniche,Jeddah,Tomato Paste 800g,GRW-TOM-04,Canned Goods,1,7.25,7.25,4.0,cash
2026-09-16,TX-B3_growing_supermarket-d30-001184,Jeddah - Corniche,Jeddah,Tomato Paste 800g,GRW-TOM-04,Canned Goods,1,7.25,7.25,4.0,cash
2026-09-16,TX-B3_growing_supermarket-d30-001185,Jeddah - Corniche,Jeddah,Tomato Paste 800g,GRW-TOM-04,Canned Goods,1,7.25,7.25,4.0,mada
2026-09-16,TX-B3_growing_supermarket-d30-001186,Jeddah - Corniche,Jeddah,Tomato Paste 800g,GRW-TOM-04,Canned Goods,1,7.25,7.25,4.0,card
2026-09-16,TX-B3_growing_supermarket-d30-001187,Jeddah - Corniche,Jeddah,Tomato Paste 800g,GRW-TOM-04,Canned Goods,1,7.25,7.25,4.0,mada
2026-09-16,TX-B3_growing_supermarket-d30-001188,Jeddah - Corniche,Jeddah,Tomato Paste 800g,GRW-TOM-04,Canned Goods,1,7.25,7.25,4.0,card
2026-09-16,TX-B3_growing_supermarket-d30-001189,Jeddah - Corniche,Jeddah,Tomato Paste 800g,GRW-TOM-04,Canned Goods,1,7.25,7.25,4.0,mada
2026-09-17,TX-B3_growing_supermarket-d30-001190,Jeddah - Corniche,Jeddah,Tomato Paste 800g,GRW-TOM-04,Canned Goods,1,7.25,7.25,4.0,cash
2026-09-17,TX-B3_growing_supermarket-d30-001191,Jeddah - Corniche,Jeddah,Tomato Paste 800g,GRW-TOM-04,Canned Goods,1,7.25,7.25,4.0,card
2026-09-17,TX-B3_growing_supermarket-d30-001192,Jeddah - Corniche,Jeddah,Tomato Paste 800g,GRW-TOM-04,Canned Goods,1,7.25,7.25,4.0,mada
2026-09-17,TX-B3_growing_supermarket-d30-001193,Jeddah - Corniche,Jeddah,Tomato Paste 800g,GRW-TOM-04,Canned Goods,1,7.25,7.25,4.0,cash
2026-09-17,TX-B3_growing_supermarket-d30-001194,Jeddah - Corniche,Jeddah,Tomato Paste 800g,GRW-TOM-04,Canned Goods,1,7.25,7.25,4.0,mada
2026-09-17,TX-B3_growing_supermarket-d30-001195,Jeddah - Corniche,Jeddah,Tomato Paste 800g,GRW-TOM-04,Canned Goods,1,7.25,7.25,4.0,mada
2026-09-17,TX-B3_growing_supermarket-d30-001196,Jeddah - Corniche,Jeddah,Tomato Paste 800g,GRW-TOM-04,Canned Goods,1,7.25,7.25,4.0,card
2026-09-17,TX-B3_growing_supermarket-d30-001197,Jeddah - Corniche,Jeddah,Tomato Paste 800g,GRW-TOM-04,Canned Goods,1,7.25,7.25,4.0,card
2026-09-17,TX-B3_growing_supermarket-d30-001198,Jeddah - Corniche,Jeddah,Tomato Paste 800g,GRW-TOM-04,Canned Goods,1,7.25,7.25,4.0,card
2026-09-17,TX-B3_growing_supermarket-d30-001199,Jeddah - Corniche,Jeddah,Tomato Paste 800g,GRW-TOM-04,Canned Goods,1,7.25,7.25,4.0,card
2026-09-17,TX-B3_growing_supermarket-d30-001200,Jeddah - Corniche,Jeddah,Tomato Paste 800g,GRW-TOM-04,Canned Goods,1,7.25,7.25,4.0,mada
2026-09-18,TX-B3_growing_supermarket-d30-001201,Jeddah - Corniche,Jeddah,Tomato Paste 800g,GRW-TOM-04,Canned Goods,1,7.25,7.25,4.0,mada
2026-09-18,TX-B3_growing_supermarket-d30-001202,Jeddah - Corniche,Jeddah,Tomato Paste 800g,GRW-TOM-04,Canned Goods,1,7.25,7.25,4.0,cash
2026-09-18,TX-B3_growing_supermarket-d30-001203,Jeddah - Corniche,Jeddah,Tomato Paste 800g,GRW-TOM-04,Canned Goods,1,7.25,7.25,4.0,mada
2026-09-18,TX-B3_growing_supermarket-d30-001204,Jeddah - Corniche,Jeddah,Tomato Paste 800g,GRW-TOM-04,Canned Goods,1,7.25,7.25,4.0,card
2026-09-18,TX-B3_growing_supermarket-d30-001205,Jeddah - Corniche,Jeddah,Tomato Paste 800g,GRW-TOM-04,Canned Goods,1,7.25,7.25,4.0,card
2026-09-18,TX-B3_growing_supermarket-d30-001206,Jeddah - Corniche,Jeddah,Tomato Paste 800g,GRW-TOM-04,Canned Goods,1,7.25,7.25,4.0,cash
2026-09-18,TX-B3_growing_supermarket-d30-001207,Jeddah - Corniche,Jeddah,Tomato Paste 800g,GRW-TOM-04,Canned Goods,1,7.25,7.25,4.0,card
2026-09-18,TX-B3_growing_supermarket-d30-001208,Jeddah - Corniche,Jeddah,Tomato Paste 800g,GRW-TOM-04,Canned Goods,1,7.25,7.25,4.0,cash
2026-09-18,TX-B3_growing_supermarket-d30-001209,Jeddah - Corniche,Jeddah,Tomato Paste 800g,GRW-TOM-04,Canned Goods,1,7.25,7.25,4.0,card
2026-09-18,TX-B3_growing_supermarket-d30-001210,Jeddah - Corniche,Jeddah,Tomato Paste 800g,GRW-TOM-04,Canned Goods,1,7.25,7.25,4.0,cash
2026-09-19,TX-B3_growing_supermarket-d30-001211,Jeddah - Corniche,Jeddah,Tomato Paste 800g,GRW-TOM-04,Canned Goods,1,7.25,7.25,4.0,cash
2026-09-19,TX-B3_growing_supermarket-d30-001212,Jeddah - Corniche,Jeddah,Tomato Paste 800g,GRW-TOM-04,Canned Goods,1,7.25,7.25,4.0,card
2026-09-19,TX-B3_growing_supermarket-d30-001213,Jeddah - Corniche,Jeddah,Tomato Paste 800g,GRW-TOM-04,Canned Goods,1,7.25,7.25,4.0,cash
2026-09-19,TX-B3_growing_supermarket-d30-001214,Jeddah - Corniche,Jeddah,Tomato Paste 800g,GRW-TOM-04,Canned Goods,1,7.25,7.25,4.0,card
2026-09-19,TX-B3_growing_supermarket-d30-001215,Jeddah - Corniche,Jeddah,Tomato Paste 800g,GRW-TOM-04,Canned Goods,1,7.25,7.25,4.0,card
2026-09-19,TX-B3_growing_supermarket-d30-001216,Jeddah - Corniche,Jeddah,Tomato Paste 800g,GRW-TOM-04,Canned Goods,1,7.25,7.25,4.0,card
2026-09-19,TX-B3_growing_supermarket-d30-001217,Jeddah - Corniche,Jeddah,Tomato Paste 800g,GRW-TOM-04,Canned Goods,1,7.25,7.25,4.0,card
2026-09-19,TX-B3_growing_supermarket-d30-001218,Jeddah - Corniche,Jeddah,Tomato Paste 800g,GRW-TOM-04,Canned Goods,1,7.25,7.25,4.0,cash
2026-09-19,TX-B3_growing_supermarket-d30-001219,Jeddah - Corniche,Jeddah,Tomato Paste 800g,GRW-TOM-04,Canned Goods,1,7.25,7.25,4.0,card
2026-09-19,TX-B3_growing_supermarket-d30-001220,Jeddah - Corniche,Jeddah,Tomato Paste 800g,GRW-TOM-04,Canned Goods,1,7.25,7.25,4.0,card
2026-09-19,TX-B3_growing_supermarket-d30-001221,Jeddah - Corniche,Jeddah,Tomato Paste 800g,GRW-TOM-04,Canned Goods,1,7.25,7.25,4.0,card
2026-09-19,TX-B3_growing_supermarket-d30-001222,Jeddah - Corniche,Jeddah,Tomato Paste 800g,GRW-TOM-04,Canned Goods,1,7.25,7.25,4.0,card
2026-09-19,TX-B3_growing_supermarket-d30-001223,Jeddah - Corniche,Jeddah,Tomato Paste 800g,GRW-TOM-04,Canned Goods,1,7.25,7.25,4.0,cash
2026-09-20,TX-B3_growing_supermarket-d30-001224,Jeddah - Corniche,Jeddah,Tomato Paste 800g,GRW-TOM-04,Canned Goods,1,7.25,7.25,4.0,mada
2026-09-20,TX-B3_growing_supermarket-d30-001225,Jeddah - Corniche,Jeddah,Tomato Paste 800g,GRW-TOM-04,Canned Goods,1,7.25,7.25,4.0,cash
2026-09-20,TX-B3_growing_supermarket-d30-001226,Jeddah - Corniche,Jeddah,Tomato Paste 800g,GRW-TOM-04,Canned Goods,1,7.25,7.25,4.0,card
2026-09-20,TX-B3_growing_supermarket-d30-001227,Jeddah - Corniche,Jeddah,Tomato Paste 800g,GRW-TOM-04,Canned Goods,1,7.25,7.25,4.0,cash
2026-09-20,TX-B3_growing_supermarket-d30-001228,Jeddah - Corniche,Jeddah,Tomato Paste 800g,GRW-TOM-04,Canned Goods,1,7.25,7.25,4.0,cash
2026-09-20,TX-B3_growing_supermarket-d30-001229,Jeddah - Corniche,Jeddah,Tomato Paste 800g,GRW-TOM-04,Canned Goods,1,7.25,7.25,4.0,cash
2026-09-20,TX-B3_growing_supermarket-d30-001230,Jeddah - Corniche,Jeddah,Tomato Paste 800g,GRW-TOM-04,Canned Goods,1,7.25,7.25,4.0,mada
2026-09-20,TX-B3_growing_supermarket-d30-001231,Jeddah - Corniche,Jeddah,Tomato Paste 800g,GRW-TOM-04,Canned Goods,1,7.25,7.25,4.0,cash
2026-09-20,TX-B3_growing_supermarket-d30-001232,Jeddah - Corniche,Jeddah,Tomato Paste 800g,GRW-TOM-04,Canned Goods,1,7.25,7.25,4.0,cash
2026-09-20,TX-B3_growing_supermarket-d30-001233,Jeddah - Corniche,Jeddah,Tomato Paste 800g,GRW-TOM-04,Canned Goods,1,7.25,7.25,4.0,cash
2026-09-21,TX-B3_growing_supermarket-d30-001234,Jeddah - Corniche,Jeddah,Tomato Paste 800g,GRW-TOM-04,Canned Goods,1,7.25,7.25,4.0,cash
2026-09-21,TX-B3_growing_supermarket-d30-001235,Jeddah - Corniche,Jeddah,Tomato Paste 800g,GRW-TOM-04,Canned Goods,1,7.25,7.25,4.0,mada
2026-09-21,TX-B3_growing_supermarket-d30-001236,Jeddah - Corniche,Jeddah,Tomato Paste 800g,GRW-TOM-04,Canned Goods,1,7.25,7.25,4.0,card
2026-09-21,TX-B3_growing_supermarket-d30-001237,Jeddah - Corniche,Jeddah,Tomato Paste 800g,GRW-TOM-04,Canned Goods,1,7.25,7.25,4.0,mada
2026-09-21,TX-B3_growing_supermarket-d30-001238,Jeddah - Corniche,Jeddah,Tomato Paste 800g,GRW-TOM-04,Canned Goods,1,7.25,7.25,4.0,cash
2026-09-21,TX-B3_growing_supermarket-d30-001239,Jeddah - Corniche,Jeddah,Tomato Paste 800g,GRW-TOM-04,Canned Goods,1,7.25,7.25,4.0,cash
2026-09-21,TX-B3_growing_supermarket-d30-001240,Jeddah - Corniche,Jeddah,Tomato Paste 800g,GRW-TOM-04,Canned Goods,1,7.25,7.25,4.0,mada
2026-09-21,TX-B3_growing_supermarket-d30-001241,Jeddah - Corniche,Jeddah,Tomato Paste 800g,GRW-TOM-04,Canned Goods,1,7.25,7.25,4.0,mada
2026-09-21,TX-B3_growing_supermarket-d30-001242,Jeddah - Corniche,Jeddah,Tomato Paste 800g,GRW-TOM-04,Canned Goods,1,7.25,7.25,4.0,card
2026-09-21,TX-B3_growing_supermarket-d30-001243,Jeddah - Corniche,Jeddah,Tomato Paste 800g,GRW-TOM-04,Canned Goods,1,7.25,7.25,4.0,card
2026-09-21,TX-B3_growing_supermarket-d30-001244,Jeddah - Corniche,Jeddah,Tomato Paste 800g,GRW-TOM-04,Canned Goods,1,7.25,7.25,4.0,cash
2026-09-21,TX-B3_growing_supermarket-d30-001245,Jeddah - Corniche,Jeddah,Tomato Paste 800g,GRW-TOM-04,Canned Goods,1,7.25,7.25,4.0,card
2026-09-21,TX-B3_growing_supermarket-d30-001246,Jeddah - Corniche,Jeddah,Tomato Paste 800g,GRW-TOM-04,Canned Goods,1,7.25,7.25,4.0,mada
2026-09-21,TX-B3_growing_supermarket-d30-001247,Jeddah - Corniche,Jeddah,Tomato Paste 800g,GRW-TOM-04,Canned Goods,1,7.25,7.25,4.0,mada
2026-09-21,TX-B3_growing_supermarket-d30-001248,Jeddah - Corniche,Jeddah,Tomato Paste 800g,GRW-TOM-04,Canned Goods,1,7.25,7.25,4.0,cash
2026-09-21,TX-B3_growing_supermarket-d30-001249,Jeddah - Corniche,Jeddah,Tomato Paste 800g,GRW-TOM-04,Canned Goods,1,7.25,7.25,4.0,mada
2026-09-21,TX-B3_growing_supermarket-d30-001250,Jeddah - Corniche,Jeddah,Tomato Paste 800g,GRW-TOM-04,Canned Goods,1,7.25,7.25,4.0,card
2026-09-22,TX-B3_growing_supermarket-d30-001251,Jeddah - Corniche,Jeddah,Tomato Paste 800g,GRW-TOM-04,Canned Goods,1,7.25,7.25,4.0,mada
2026-09-22,TX-B3_growing_supermarket-d30-001252,Jeddah - Corniche,Jeddah,Tomato Paste 800g,GRW-TOM-04,Canned Goods,1,7.25,7.25,4.0,mada
2026-09-22,TX-B3_growing_supermarket-d30-001253,Jeddah - Corniche,Jeddah,Tomato Paste 800g,GRW-TOM-04,Canned Goods,1,7.25,7.25,4.0,card
2026-09-22,TX-B3_growing_supermarket-d30-001254,Jeddah - Corniche,Jeddah,Tomato Paste 800g,GRW-TOM-04,Canned Goods,1,7.25,7.25,4.0,cash
2026-09-22,TX-B3_growing_supermarket-d30-001255,Jeddah - Corniche,Jeddah,Tomato Paste 800g,GRW-TOM-04,Canned Goods,1,7.25,7.25,4.0,cash
2026-09-22,TX-B3_growing_supermarket-d30-001256,Jeddah - Corniche,Jeddah,Tomato Paste 800g,GRW-TOM-04,Canned Goods,1,7.25,7.25,4.0,card
2026-09-22,TX-B3_growing_supermarket-d30-001257,Jeddah - Corniche,Jeddah,Tomato Paste 800g,GRW-TOM-04,Canned Goods,1,7.25,7.25,4.0,card
2026-09-22,TX-B3_growing_supermarket-d30-001258,Jeddah - Corniche,Jeddah,Tomato Paste 800g,GRW-TOM-04,Canned Goods,1,7.25,7.25,4.0,cash
2026-09-22,TX-B3_growing_supermarket-d30-001259,Jeddah - Corniche,Jeddah,Tomato Paste 800g,GRW-TOM-04,Canned Goods,1,7.25,7.25,4.0,card
2026-09-22,TX-B3_growing_supermarket-d30-001260,Jeddah - Corniche,Jeddah,Tomato Paste 800g,GRW-TOM-04,Canned Goods,1,7.25,7.25,4.0,cash
2026-09-22,TX-B3_growing_supermarket-d30-001261,Jeddah - Corniche,Jeddah,Tomato Paste 800g,GRW-TOM-04,Canned Goods,1,7.25,7.25,4.0,mada
2026-09-22,TX-B3_growing_supermarket-d30-001262,Jeddah - Corniche,Jeddah,Tomato Paste 800g,GRW-TOM-04,Canned Goods,1,7.25,7.25,4.0,card
2026-09-22,TX-B3_growing_supermarket-d30-001263,Jeddah - Corniche,Jeddah,Tomato Paste 800g,GRW-TOM-04,Canned Goods,1,7.25,7.25,4.0,cash
2026-09-22,TX-B3_growing_supermarket-d30-001264,Jeddah - Corniche,Jeddah,Tomato Paste 800g,GRW-TOM-04,Canned Goods,1,7.25,7.25,4.0,mada
2026-09-23,TX-B3_growing_supermarket-d30-001265,Jeddah - Corniche,Jeddah,Tomato Paste 800g,GRW-TOM-04,Canned Goods,1,7.25,7.25,4.0,card
2026-09-23,TX-B3_growing_supermarket-d30-001266,Jeddah - Corniche,Jeddah,Tomato Paste 800g,GRW-TOM-04,Canned Goods,1,7.25,7.25,4.0,mada
2026-09-23,TX-B3_growing_supermarket-d30-001267,Jeddah - Corniche,Jeddah,Tomato Paste 800g,GRW-TOM-04,Canned Goods,1,7.25,7.25,4.0,card
2026-09-23,TX-B3_growing_supermarket-d30-001268,Jeddah - Corniche,Jeddah,Tomato Paste 800g,GRW-TOM-04,Canned Goods,1,7.25,7.25,4.0,cash
2026-09-23,TX-B3_growing_supermarket-d30-001269,Jeddah - Corniche,Jeddah,Tomato Paste 800g,GRW-TOM-04,Canned Goods,1,7.25,7.25,4.0,card
2026-09-23,TX-B3_growing_supermarket-d30-001270,Jeddah - Corniche,Jeddah,Tomato Paste 800g,GRW-TOM-04,Canned Goods,1,7.25,7.25,4.0,mada
2026-09-23,TX-B3_growing_supermarket-d30-001271,Jeddah - Corniche,Jeddah,Tomato Paste 800g,GRW-TOM-04,Canned Goods,1,7.25,7.25,4.0,card
2026-09-23,TX-B3_growing_supermarket-d30-001272,Jeddah - Corniche,Jeddah,Tomato Paste 800g,GRW-TOM-04,Canned Goods,1,7.25,7.25,4.0,mada
2026-09-23,TX-B3_growing_supermarket-d30-001273,Jeddah - Corniche,Jeddah,Tomato Paste 800g,GRW-TOM-04,Canned Goods,1,7.25,7.25,4.0,mada
2026-09-23,TX-B3_growing_supermarket-d30-001274,Jeddah - Corniche,Jeddah,Tomato Paste 800g,GRW-TOM-04,Canned Goods,1,7.25,7.25,4.0,card
2026-09-23,TX-B3_growing_supermarket-d30-001275,Jeddah - Corniche,Jeddah,Tomato Paste 800g,GRW-TOM-04,Canned Goods,1,7.25,7.25,4.0,cash
2026-09-23,TX-B3_growing_supermarket-d30-001276,Jeddah - Corniche,Jeddah,Tomato Paste 800g,GRW-TOM-04,Canned Goods,1,7.25,7.25,4.0,cash
2026-09-24,TX-B3_growing_supermarket-d30-001277,Jeddah - Corniche,Jeddah,Tomato Paste 800g,GRW-TOM-04,Canned Goods,1,7.25,7.25,4.0,card
2026-09-24,TX-B3_growing_supermarket-d30-001278,Jeddah - Corniche,Jeddah,Tomato Paste 800g,GRW-TOM-04,Canned Goods,1,7.25,7.25,4.0,cash
2026-09-24,TX-B3_growing_supermarket-d30-001279,Jeddah - Corniche,Jeddah,Tomato Paste 800g,GRW-TOM-04,Canned Goods,1,7.25,7.25,4.0,card
2026-09-24,TX-B3_growing_supermarket-d30-001280,Jeddah - Corniche,Jeddah,Tomato Paste 800g,GRW-TOM-04,Canned Goods,1,7.25,7.25,4.0,cash
2026-09-24,TX-B3_growing_supermarket-d30-001281,Jeddah - Corniche,Jeddah,Tomato Paste 800g,GRW-TOM-04,Canned Goods,1,7.25,7.25,4.0,mada
2026-09-24,TX-B3_growing_supermarket-d30-001282,Jeddah - Corniche,Jeddah,Tomato Paste 800g,GRW-TOM-04,Canned Goods,1,7.25,7.25,4.0,card
2026-09-24,TX-B3_growing_supermarket-d30-001283,Jeddah - Corniche,Jeddah,Tomato Paste 800g,GRW-TOM-04,Canned Goods,1,7.25,7.25,4.0,card
2026-09-24,TX-B3_growing_supermarket-d30-001284,Jeddah - Corniche,Jeddah,Tomato Paste 800g,GRW-TOM-04,Canned Goods,1,7.25,7.25,4.0,cash
2026-09-24,TX-B3_growing_supermarket-d30-001285,Jeddah - Corniche,Jeddah,Tomato Paste 800g,GRW-TOM-04,Canned Goods,1,7.25,7.25,4.0,cash
2026-09-24,TX-B3_growing_supermarket-d30-001286,Jeddah - Corniche,Jeddah,Tomato Paste 800g,GRW-TOM-04,Canned Goods,1,7.25,7.25,4.0,mada
2026-09-24,TX-B3_growing_supermarket-d30-001287,Jeddah - Corniche,Jeddah,Tomato Paste 800g,GRW-TOM-04,Canned Goods,1,7.25,7.25,4.0,mada
2026-09-24,TX-B3_growing_supermarket-d30-001288,Jeddah - Corniche,Jeddah,Tomato Paste 800g,GRW-TOM-04,Canned Goods,1,7.25,7.25,4.0,cash
2026-09-25,TX-B3_growing_supermarket-d30-001289,Jeddah - Corniche,Jeddah,Tomato Paste 800g,GRW-TOM-04,Canned Goods,1,7.25,7.25,4.0,mada
2026-09-25,TX-B3_growing_supermarket-d30-001290,Jeddah - Corniche,Jeddah,Tomato Paste 800g,GRW-TOM-04,Canned Goods,1,7.25,7.25,4.0,card
2026-09-25,TX-B3_growing_supermarket-d30-001291,Jeddah - Corniche,Jeddah,Tomato Paste 800g,GRW-TOM-04,Canned Goods,1,7.25,7.25,4.0,card
2026-09-25,TX-B3_growing_supermarket-d30-001292,Jeddah - Corniche,Jeddah,Tomato Paste 800g,GRW-TOM-04,Canned Goods,1,7.25,7.25,4.0,card
2026-09-25,TX-B3_growing_supermarket-d30-001293,Jeddah - Corniche,Jeddah,Tomato Paste 800g,GRW-TOM-04,Canned Goods,1,7.25,7.25,4.0,cash
2026-09-25,TX-B3_growing_supermarket-d30-001294,Jeddah - Corniche,Jeddah,Tomato Paste 800g,GRW-TOM-04,Canned Goods,1,7.25,7.25,4.0,cash
2026-09-25,TX-B3_growing_supermarket-d30-001295,Jeddah - Corniche,Jeddah,Tomato Paste 800g,GRW-TOM-04,Canned Goods,1,7.25,7.25,4.0,cash
2026-09-25,TX-B3_growing_supermarket-d30-001296,Jeddah - Corniche,Jeddah,Tomato Paste 800g,GRW-TOM-04,Canned Goods,1,7.25,7.25,4.0,mada
2026-09-25,TX-B3_growing_supermarket-d30-001297,Jeddah - Corniche,Jeddah,Tomato Paste 800g,GRW-TOM-04,Canned Goods,1,7.25,7.25,4.0,cash
2026-09-25,TX-B3_growing_supermarket-d30-001298,Jeddah - Corniche,Jeddah,Tomato Paste 800g,GRW-TOM-04,Canned Goods,1,7.25,7.25,4.0,cash
2026-09-25,TX-B3_growing_supermarket-d30-001299,Jeddah - Corniche,Jeddah,Tomato Paste 800g,GRW-TOM-04,Canned Goods,1,7.25,7.25,4.0,cash
2026-09-25,TX-B3_growing_supermarket-d30-001300,Jeddah - Corniche,Jeddah,Tomato Paste 800g,GRW-TOM-04,Canned Goods,1,7.25,7.25,4.0,cash
2026-09-25,TX-B3_growing_supermarket-d30-001301,Jeddah - Corniche,Jeddah,Tomato Paste 800g,GRW-TOM-04,Canned Goods,1,7.25,7.25,4.0,cash
2026-09-25,TX-B3_growing_supermarket-d30-001302,Jeddah - Corniche,Jeddah,Tomato Paste 800g,GRW-TOM-04,Canned Goods,1,7.25,7.25,4.0,mada
2026-09-10,TX-B3_growing_supermarket-d30-001303,Jeddah - Corniche,Jeddah,Eggs 30pc Tray,GRW-EGG-05,Dairy,1,21.0,21.0,14.0,mada
2026-09-10,TX-B3_growing_supermarket-d30-001304,Jeddah - Corniche,Jeddah,Eggs 30pc Tray,GRW-EGG-05,Dairy,1,21.0,21.0,14.0,cash
2026-09-10,TX-B3_growing_supermarket-d30-001305,Jeddah - Corniche,Jeddah,Eggs 30pc Tray,GRW-EGG-05,Dairy,1,21.0,21.0,14.0,mada
2026-09-10,TX-B3_growing_supermarket-d30-001306,Jeddah - Corniche,Jeddah,Eggs 30pc Tray,GRW-EGG-05,Dairy,1,21.0,21.0,14.0,cash
2026-09-10,TX-B3_growing_supermarket-d30-001307,Jeddah - Corniche,Jeddah,Eggs 30pc Tray,GRW-EGG-05,Dairy,1,21.0,21.0,14.0,mada
2026-09-10,TX-B3_growing_supermarket-d30-001308,Jeddah - Corniche,Jeddah,Eggs 30pc Tray,GRW-EGG-05,Dairy,1,21.0,21.0,14.0,card
2026-09-10,TX-B3_growing_supermarket-d30-001309,Jeddah - Corniche,Jeddah,Eggs 30pc Tray,GRW-EGG-05,Dairy,1,21.0,21.0,14.0,cash
2026-09-10,TX-B3_growing_supermarket-d30-001310,Jeddah - Corniche,Jeddah,Eggs 30pc Tray,GRW-EGG-05,Dairy,1,21.0,21.0,14.0,mada
2026-09-11,TX-B3_growing_supermarket-d30-001311,Jeddah - Corniche,Jeddah,Eggs 30pc Tray,GRW-EGG-05,Dairy,1,21.0,21.0,14.0,card
2026-09-11,TX-B3_growing_supermarket-d30-001312,Jeddah - Corniche,Jeddah,Eggs 30pc Tray,GRW-EGG-05,Dairy,1,21.0,21.0,14.0,cash
2026-09-11,TX-B3_growing_supermarket-d30-001313,Jeddah - Corniche,Jeddah,Eggs 30pc Tray,GRW-EGG-05,Dairy,1,21.0,21.0,14.0,cash
2026-09-11,TX-B3_growing_supermarket-d30-001314,Jeddah - Corniche,Jeddah,Eggs 30pc Tray,GRW-EGG-05,Dairy,1,21.0,21.0,14.0,card
2026-09-11,TX-B3_growing_supermarket-d30-001315,Jeddah - Corniche,Jeddah,Eggs 30pc Tray,GRW-EGG-05,Dairy,1,21.0,21.0,14.0,mada
2026-09-11,TX-B3_growing_supermarket-d30-001316,Jeddah - Corniche,Jeddah,Eggs 30pc Tray,GRW-EGG-05,Dairy,1,21.0,21.0,14.0,cash
2026-09-11,TX-B3_growing_supermarket-d30-001317,Jeddah - Corniche,Jeddah,Eggs 30pc Tray,GRW-EGG-05,Dairy,1,21.0,21.0,14.0,cash
2026-09-11,TX-B3_growing_supermarket-d30-001318,Jeddah - Corniche,Jeddah,Eggs 30pc Tray,GRW-EGG-05,Dairy,1,21.0,21.0,14.0,cash
2026-09-11,TX-B3_growing_supermarket-d30-001319,Jeddah - Corniche,Jeddah,Eggs 30pc Tray,GRW-EGG-05,Dairy,1,21.0,21.0,14.0,mada
2026-09-11,TX-B3_growing_supermarket-d30-001320,Jeddah - Corniche,Jeddah,Eggs 30pc Tray,GRW-EGG-05,Dairy,1,21.0,21.0,14.0,card
2026-09-11,TX-B3_growing_supermarket-d30-001321,Jeddah - Corniche,Jeddah,Eggs 30pc Tray,GRW-EGG-05,Dairy,1,21.0,21.0,14.0,card
2026-09-11,TX-B3_growing_supermarket-d30-001322,Jeddah - Corniche,Jeddah,Eggs 30pc Tray,GRW-EGG-05,Dairy,1,21.0,21.0,14.0,cash
2026-09-11,TX-B3_growing_supermarket-d30-001323,Jeddah - Corniche,Jeddah,Eggs 30pc Tray,GRW-EGG-05,Dairy,1,21.0,21.0,14.0,mada
2026-09-11,TX-B3_growing_supermarket-d30-001324,Jeddah - Corniche,Jeddah,Eggs 30pc Tray,GRW-EGG-05,Dairy,1,21.0,21.0,14.0,cash
2026-09-12,TX-B3_growing_supermarket-d30-001325,Jeddah - Corniche,Jeddah,Eggs 30pc Tray,GRW-EGG-05,Dairy,1,21.0,21.0,14.0,cash
2026-09-12,TX-B3_growing_supermarket-d30-001326,Jeddah - Corniche,Jeddah,Eggs 30pc Tray,GRW-EGG-05,Dairy,1,21.0,21.0,14.0,mada
2026-09-12,TX-B3_growing_supermarket-d30-001327,Jeddah - Corniche,Jeddah,Eggs 30pc Tray,GRW-EGG-05,Dairy,1,21.0,21.0,14.0,mada
2026-09-12,TX-B3_growing_supermarket-d30-001328,Jeddah - Corniche,Jeddah,Eggs 30pc Tray,GRW-EGG-05,Dairy,1,21.0,21.0,14.0,mada
2026-09-12,TX-B3_growing_supermarket-d30-001329,Jeddah - Corniche,Jeddah,Eggs 30pc Tray,GRW-EGG-05,Dairy,1,21.0,21.0,14.0,cash
2026-09-12,TX-B3_growing_supermarket-d30-001330,Jeddah - Corniche,Jeddah,Eggs 30pc Tray,GRW-EGG-05,Dairy,1,21.0,21.0,14.0,mada
2026-09-12,TX-B3_growing_supermarket-d30-001331,Jeddah - Corniche,Jeddah,Eggs 30pc Tray,GRW-EGG-05,Dairy,1,21.0,21.0,14.0,card
2026-09-12,TX-B3_growing_supermarket-d30-001332,Jeddah - Corniche,Jeddah,Eggs 30pc Tray,GRW-EGG-05,Dairy,1,21.0,21.0,14.0,mada
2026-09-12,TX-B3_growing_supermarket-d30-001333,Jeddah - Corniche,Jeddah,Eggs 30pc Tray,GRW-EGG-05,Dairy,1,21.0,21.0,14.0,cash
2026-09-13,TX-B3_growing_supermarket-d30-001334,Jeddah - Corniche,Jeddah,Eggs 30pc Tray,GRW-EGG-05,Dairy,1,21.0,21.0,14.0,cash
2026-09-13,TX-B3_growing_supermarket-d30-001335,Jeddah - Corniche,Jeddah,Eggs 30pc Tray,GRW-EGG-05,Dairy,1,21.0,21.0,14.0,mada
2026-09-13,TX-B3_growing_supermarket-d30-001336,Jeddah - Corniche,Jeddah,Eggs 30pc Tray,GRW-EGG-05,Dairy,1,21.0,21.0,14.0,mada
2026-09-13,TX-B3_growing_supermarket-d30-001337,Jeddah - Corniche,Jeddah,Eggs 30pc Tray,GRW-EGG-05,Dairy,1,21.0,21.0,14.0,mada
2026-09-13,TX-B3_growing_supermarket-d30-001338,Jeddah - Corniche,Jeddah,Eggs 30pc Tray,GRW-EGG-05,Dairy,1,21.0,21.0,14.0,card
2026-09-13,TX-B3_growing_supermarket-d30-001339,Jeddah - Corniche,Jeddah,Eggs 30pc Tray,GRW-EGG-05,Dairy,1,21.0,21.0,14.0,card
2026-09-13,TX-B3_growing_supermarket-d30-001340,Jeddah - Corniche,Jeddah,Eggs 30pc Tray,GRW-EGG-05,Dairy,1,21.0,21.0,14.0,card
2026-09-13,TX-B3_growing_supermarket-d30-001341,Jeddah - Corniche,Jeddah,Eggs 30pc Tray,GRW-EGG-05,Dairy,1,21.0,21.0,14.0,mada
2026-09-13,TX-B3_growing_supermarket-d30-001342,Jeddah - Corniche,Jeddah,Eggs 30pc Tray,GRW-EGG-05,Dairy,1,21.0,21.0,14.0,cash
2026-09-13,TX-B3_growing_supermarket-d30-001343,Jeddah - Corniche,Jeddah,Eggs 30pc Tray,GRW-EGG-05,Dairy,1,21.0,21.0,14.0,cash
2026-09-13,TX-B3_growing_supermarket-d30-001344,Jeddah - Corniche,Jeddah,Eggs 30pc Tray,GRW-EGG-05,Dairy,1,21.0,21.0,14.0,card
2026-09-13,TX-B3_growing_supermarket-d30-001345,Jeddah - Corniche,Jeddah,Eggs 30pc Tray,GRW-EGG-05,Dairy,1,21.0,21.0,14.0,card
2026-09-14,TX-B3_growing_supermarket-d30-001346,Jeddah - Corniche,Jeddah,Eggs 30pc Tray,GRW-EGG-05,Dairy,1,21.0,21.0,14.0,card
2026-09-14,TX-B3_growing_supermarket-d30-001347,Jeddah - Corniche,Jeddah,Eggs 30pc Tray,GRW-EGG-05,Dairy,1,21.0,21.0,14.0,card
2026-09-14,TX-B3_growing_supermarket-d30-001348,Jeddah - Corniche,Jeddah,Eggs 30pc Tray,GRW-EGG-05,Dairy,1,21.0,21.0,14.0,cash
2026-09-14,TX-B3_growing_supermarket-d30-001349,Jeddah - Corniche,Jeddah,Eggs 30pc Tray,GRW-EGG-05,Dairy,1,21.0,21.0,14.0,cash
2026-09-14,TX-B3_growing_supermarket-d30-001350,Jeddah - Corniche,Jeddah,Eggs 30pc Tray,GRW-EGG-05,Dairy,1,21.0,21.0,14.0,card
2026-09-14,TX-B3_growing_supermarket-d30-001351,Jeddah - Corniche,Jeddah,Eggs 30pc Tray,GRW-EGG-05,Dairy,1,21.0,21.0,14.0,card
2026-09-14,TX-B3_growing_supermarket-d30-001352,Jeddah - Corniche,Jeddah,Eggs 30pc Tray,GRW-EGG-05,Dairy,1,21.0,21.0,14.0,cash
2026-09-14,TX-B3_growing_supermarket-d30-001353,Jeddah - Corniche,Jeddah,Eggs 30pc Tray,GRW-EGG-05,Dairy,1,21.0,21.0,14.0,cash
2026-09-14,TX-B3_growing_supermarket-d30-001354,Jeddah - Corniche,Jeddah,Eggs 30pc Tray,GRW-EGG-05,Dairy,1,21.0,21.0,14.0,card
2026-09-14,TX-B3_growing_supermarket-d30-001355,Jeddah - Corniche,Jeddah,Eggs 30pc Tray,GRW-EGG-05,Dairy,1,21.0,21.0,14.0,mada
2026-09-14,TX-B3_growing_supermarket-d30-001356,Jeddah - Corniche,Jeddah,Eggs 30pc Tray,GRW-EGG-05,Dairy,1,21.0,21.0,14.0,card
2026-09-14,TX-B3_growing_supermarket-d30-001357,Jeddah - Corniche,Jeddah,Eggs 30pc Tray,GRW-EGG-05,Dairy,1,21.0,21.0,14.0,mada
2026-09-14,TX-B3_growing_supermarket-d30-001358,Jeddah - Corniche,Jeddah,Eggs 30pc Tray,GRW-EGG-05,Dairy,1,21.0,21.0,14.0,mada
2026-09-14,TX-B3_growing_supermarket-d30-001359,Jeddah - Corniche,Jeddah,Eggs 30pc Tray,GRW-EGG-05,Dairy,1,21.0,21.0,14.0,mada
2026-09-15,TX-B3_growing_supermarket-d30-001360,Jeddah - Corniche,Jeddah,Eggs 30pc Tray,GRW-EGG-05,Dairy,1,21.0,21.0,14.0,cash
2026-09-15,TX-B3_growing_supermarket-d30-001361,Jeddah - Corniche,Jeddah,Eggs 30pc Tray,GRW-EGG-05,Dairy,1,21.0,21.0,14.0,card
2026-09-15,TX-B3_growing_supermarket-d30-001362,Jeddah - Corniche,Jeddah,Eggs 30pc Tray,GRW-EGG-05,Dairy,1,21.0,21.0,14.0,cash
2026-09-15,TX-B3_growing_supermarket-d30-001363,Jeddah - Corniche,Jeddah,Eggs 30pc Tray,GRW-EGG-05,Dairy,1,21.0,21.0,14.0,card
2026-09-15,TX-B3_growing_supermarket-d30-001364,Jeddah - Corniche,Jeddah,Eggs 30pc Tray,GRW-EGG-05,Dairy,1,21.0,21.0,14.0,mada
2026-09-15,TX-B3_growing_supermarket-d30-001365,Jeddah - Corniche,Jeddah,Eggs 30pc Tray,GRW-EGG-05,Dairy,1,21.0,21.0,14.0,card
2026-09-15,TX-B3_growing_supermarket-d30-001366,Jeddah - Corniche,Jeddah,Eggs 30pc Tray,GRW-EGG-05,Dairy,1,21.0,21.0,14.0,mada
2026-09-15,TX-B3_growing_supermarket-d30-001367,Jeddah - Corniche,Jeddah,Eggs 30pc Tray,GRW-EGG-05,Dairy,1,21.0,21.0,14.0,card
2026-09-15,TX-B3_growing_supermarket-d30-001368,Jeddah - Corniche,Jeddah,Eggs 30pc Tray,GRW-EGG-05,Dairy,1,21.0,21.0,14.0,cash
2026-09-15,TX-B3_growing_supermarket-d30-001369,Jeddah - Corniche,Jeddah,Eggs 30pc Tray,GRW-EGG-05,Dairy,1,21.0,21.0,14.0,mada
2026-09-15,TX-B3_growing_supermarket-d30-001370,Jeddah - Corniche,Jeddah,Eggs 30pc Tray,GRW-EGG-05,Dairy,1,21.0,21.0,14.0,cash
2026-09-15,TX-B3_growing_supermarket-d30-001371,Jeddah - Corniche,Jeddah,Eggs 30pc Tray,GRW-EGG-05,Dairy,1,21.0,21.0,14.0,mada
2026-09-15,TX-B3_growing_supermarket-d30-001372,Jeddah - Corniche,Jeddah,Eggs 30pc Tray,GRW-EGG-05,Dairy,1,21.0,21.0,14.0,card
2026-09-15,TX-B3_growing_supermarket-d30-001373,Jeddah - Corniche,Jeddah,Eggs 30pc Tray,GRW-EGG-05,Dairy,1,21.0,21.0,14.0,cash
2026-09-15,TX-B3_growing_supermarket-d30-001374,Jeddah - Corniche,Jeddah,Eggs 30pc Tray,GRW-EGG-05,Dairy,1,21.0,21.0,14.0,cash
2026-09-16,TX-B3_growing_supermarket-d30-001375,Jeddah - Corniche,Jeddah,Eggs 30pc Tray,GRW-EGG-05,Dairy,1,21.0,21.0,14.0,card
2026-09-16,TX-B3_growing_supermarket-d30-001376,Jeddah - Corniche,Jeddah,Eggs 30pc Tray,GRW-EGG-05,Dairy,1,21.0,21.0,14.0,mada
2026-09-16,TX-B3_growing_supermarket-d30-001377,Jeddah - Corniche,Jeddah,Eggs 30pc Tray,GRW-EGG-05,Dairy,1,21.0,21.0,14.0,mada
2026-09-16,TX-B3_growing_supermarket-d30-001378,Jeddah - Corniche,Jeddah,Eggs 30pc Tray,GRW-EGG-05,Dairy,1,21.0,21.0,14.0,mada
2026-09-16,TX-B3_growing_supermarket-d30-001379,Jeddah - Corniche,Jeddah,Eggs 30pc Tray,GRW-EGG-05,Dairy,1,21.0,21.0,14.0,cash
2026-09-16,TX-B3_growing_supermarket-d30-001380,Jeddah - Corniche,Jeddah,Eggs 30pc Tray,GRW-EGG-05,Dairy,1,21.0,21.0,14.0,mada
2026-09-16,TX-B3_growing_supermarket-d30-001381,Jeddah - Corniche,Jeddah,Eggs 30pc Tray,GRW-EGG-05,Dairy,1,21.0,21.0,14.0,mada
2026-09-16,TX-B3_growing_supermarket-d30-001382,Jeddah - Corniche,Jeddah,Eggs 30pc Tray,GRW-EGG-05,Dairy,1,21.0,21.0,14.0,cash
2026-09-16,TX-B3_growing_supermarket-d30-001383,Jeddah - Corniche,Jeddah,Eggs 30pc Tray,GRW-EGG-05,Dairy,1,21.0,21.0,14.0,cash
2026-09-17,TX-B3_growing_supermarket-d30-001384,Jeddah - Corniche,Jeddah,Eggs 30pc Tray,GRW-EGG-05,Dairy,1,21.0,21.0,14.0,cash
2026-09-17,TX-B3_growing_supermarket-d30-001385,Jeddah - Corniche,Jeddah,Eggs 30pc Tray,GRW-EGG-05,Dairy,1,21.0,21.0,14.0,mada
2026-09-17,TX-B3_growing_supermarket-d30-001386,Jeddah - Corniche,Jeddah,Eggs 30pc Tray,GRW-EGG-05,Dairy,1,21.0,21.0,14.0,card
2026-09-17,TX-B3_growing_supermarket-d30-001387,Jeddah - Corniche,Jeddah,Eggs 30pc Tray,GRW-EGG-05,Dairy,1,21.0,21.0,14.0,cash
2026-09-17,TX-B3_growing_supermarket-d30-001388,Jeddah - Corniche,Jeddah,Eggs 30pc Tray,GRW-EGG-05,Dairy,1,21.0,21.0,14.0,card
2026-09-17,TX-B3_growing_supermarket-d30-001389,Jeddah - Corniche,Jeddah,Eggs 30pc Tray,GRW-EGG-05,Dairy,1,21.0,21.0,14.0,mada
2026-09-17,TX-B3_growing_supermarket-d30-001390,Jeddah - Corniche,Jeddah,Eggs 30pc Tray,GRW-EGG-05,Dairy,1,21.0,21.0,14.0,cash
2026-09-17,TX-B3_growing_supermarket-d30-001391,Jeddah - Corniche,Jeddah,Eggs 30pc Tray,GRW-EGG-05,Dairy,1,21.0,21.0,14.0,mada
2026-09-17,TX-B3_growing_supermarket-d30-001392,Jeddah - Corniche,Jeddah,Eggs 30pc Tray,GRW-EGG-05,Dairy,1,21.0,21.0,14.0,cash
2026-09-17,TX-B3_growing_supermarket-d30-001393,Jeddah - Corniche,Jeddah,Eggs 30pc Tray,GRW-EGG-05,Dairy,1,21.0,21.0,14.0,mada
2026-09-17,TX-B3_growing_supermarket-d30-001394,Jeddah - Corniche,Jeddah,Eggs 30pc Tray,GRW-EGG-05,Dairy,1,21.0,21.0,14.0,cash
2026-09-17,TX-B3_growing_supermarket-d30-001395,Jeddah - Corniche,Jeddah,Eggs 30pc Tray,GRW-EGG-05,Dairy,1,21.0,21.0,14.0,mada
2026-09-17,TX-B3_growing_supermarket-d30-001396,Jeddah - Corniche,Jeddah,Eggs 30pc Tray,GRW-EGG-05,Dairy,1,21.0,21.0,14.0,cash
2026-09-17,TX-B3_growing_supermarket-d30-001397,Jeddah - Corniche,Jeddah,Eggs 30pc Tray,GRW-EGG-05,Dairy,1,21.0,21.0,14.0,cash
2026-09-17,TX-B3_growing_supermarket-d30-001398,Jeddah - Corniche,Jeddah,Eggs 30pc Tray,GRW-EGG-05,Dairy,1,21.0,21.0,14.0,mada
2026-09-17,TX-B3_growing_supermarket-d30-001399,Jeddah - Corniche,Jeddah,Eggs 30pc Tray,GRW-EGG-05,Dairy,1,21.0,21.0,14.0,card
2026-09-18,TX-B3_growing_supermarket-d30-001400,Jeddah - Corniche,Jeddah,Eggs 30pc Tray,GRW-EGG-05,Dairy,1,21.0,21.0,14.0,card
2026-09-18,TX-B3_growing_supermarket-d30-001401,Jeddah - Corniche,Jeddah,Eggs 30pc Tray,GRW-EGG-05,Dairy,1,21.0,21.0,14.0,cash
2026-09-18,TX-B3_growing_supermarket-d30-001402,Jeddah - Corniche,Jeddah,Eggs 30pc Tray,GRW-EGG-05,Dairy,1,21.0,21.0,14.0,cash
2026-09-18,TX-B3_growing_supermarket-d30-001403,Jeddah - Corniche,Jeddah,Eggs 30pc Tray,GRW-EGG-05,Dairy,1,21.0,21.0,14.0,cash
2026-09-18,TX-B3_growing_supermarket-d30-001404,Jeddah - Corniche,Jeddah,Eggs 30pc Tray,GRW-EGG-05,Dairy,1,21.0,21.0,14.0,mada
2026-09-18,TX-B3_growing_supermarket-d30-001405,Jeddah - Corniche,Jeddah,Eggs 30pc Tray,GRW-EGG-05,Dairy,1,21.0,21.0,14.0,card
2026-09-18,TX-B3_growing_supermarket-d30-001406,Jeddah - Corniche,Jeddah,Eggs 30pc Tray,GRW-EGG-05,Dairy,1,21.0,21.0,14.0,card
2026-09-18,TX-B3_growing_supermarket-d30-001407,Jeddah - Corniche,Jeddah,Eggs 30pc Tray,GRW-EGG-05,Dairy,1,21.0,21.0,14.0,card
2026-09-18,TX-B3_growing_supermarket-d30-001408,Jeddah - Corniche,Jeddah,Eggs 30pc Tray,GRW-EGG-05,Dairy,1,21.0,21.0,14.0,card
2026-09-18,TX-B3_growing_supermarket-d30-001409,Jeddah - Corniche,Jeddah,Eggs 30pc Tray,GRW-EGG-05,Dairy,1,21.0,21.0,14.0,mada
2026-09-18,TX-B3_growing_supermarket-d30-001410,Jeddah - Corniche,Jeddah,Eggs 30pc Tray,GRW-EGG-05,Dairy,1,21.0,21.0,14.0,mada
2026-09-19,TX-B3_growing_supermarket-d30-001411,Jeddah - Corniche,Jeddah,Eggs 30pc Tray,GRW-EGG-05,Dairy,1,21.0,21.0,14.0,mada
2026-09-19,TX-B3_growing_supermarket-d30-001412,Jeddah - Corniche,Jeddah,Eggs 30pc Tray,GRW-EGG-05,Dairy,1,21.0,21.0,14.0,cash
2026-09-19,TX-B3_growing_supermarket-d30-001413,Jeddah - Corniche,Jeddah,Eggs 30pc Tray,GRW-EGG-05,Dairy,1,21.0,21.0,14.0,card
2026-09-19,TX-B3_growing_supermarket-d30-001414,Jeddah - Corniche,Jeddah,Eggs 30pc Tray,GRW-EGG-05,Dairy,1,21.0,21.0,14.0,card
2026-09-19,TX-B3_growing_supermarket-d30-001415,Jeddah - Corniche,Jeddah,Eggs 30pc Tray,GRW-EGG-05,Dairy,1,21.0,21.0,14.0,card
2026-09-19,TX-B3_growing_supermarket-d30-001416,Jeddah - Corniche,Jeddah,Eggs 30pc Tray,GRW-EGG-05,Dairy,1,21.0,21.0,14.0,card
2026-09-19,TX-B3_growing_supermarket-d30-001417,Jeddah - Corniche,Jeddah,Eggs 30pc Tray,GRW-EGG-05,Dairy,1,21.0,21.0,14.0,mada
2026-09-19,TX-B3_growing_supermarket-d30-001418,Jeddah - Corniche,Jeddah,Eggs 30pc Tray,GRW-EGG-05,Dairy,1,21.0,21.0,14.0,cash
2026-09-19,TX-B3_growing_supermarket-d30-001419,Jeddah - Corniche,Jeddah,Eggs 30pc Tray,GRW-EGG-05,Dairy,1,21.0,21.0,14.0,mada
2026-09-19,TX-B3_growing_supermarket-d30-001420,Jeddah - Corniche,Jeddah,Eggs 30pc Tray,GRW-EGG-05,Dairy,1,21.0,21.0,14.0,card
2026-09-20,TX-B3_growing_supermarket-d30-001421,Jeddah - Corniche,Jeddah,Eggs 30pc Tray,GRW-EGG-05,Dairy,1,21.0,21.0,14.0,card
2026-09-20,TX-B3_growing_supermarket-d30-001422,Jeddah - Corniche,Jeddah,Eggs 30pc Tray,GRW-EGG-05,Dairy,1,21.0,21.0,14.0,mada
2026-09-20,TX-B3_growing_supermarket-d30-001423,Jeddah - Corniche,Jeddah,Eggs 30pc Tray,GRW-EGG-05,Dairy,1,21.0,21.0,14.0,mada
2026-09-20,TX-B3_growing_supermarket-d30-001424,Jeddah - Corniche,Jeddah,Eggs 30pc Tray,GRW-EGG-05,Dairy,1,21.0,21.0,14.0,mada
2026-09-20,TX-B3_growing_supermarket-d30-001425,Jeddah - Corniche,Jeddah,Eggs 30pc Tray,GRW-EGG-05,Dairy,1,21.0,21.0,14.0,cash
2026-09-20,TX-B3_growing_supermarket-d30-001426,Jeddah - Corniche,Jeddah,Eggs 30pc Tray,GRW-EGG-05,Dairy,1,21.0,21.0,14.0,mada
2026-09-20,TX-B3_growing_supermarket-d30-001427,Jeddah - Corniche,Jeddah,Eggs 30pc Tray,GRW-EGG-05,Dairy,1,21.0,21.0,14.0,mada
2026-09-20,TX-B3_growing_supermarket-d30-001428,Jeddah - Corniche,Jeddah,Eggs 30pc Tray,GRW-EGG-05,Dairy,1,21.0,21.0,14.0,card
2026-09-21,TX-B3_growing_supermarket-d30-001429,Jeddah - Corniche,Jeddah,Eggs 30pc Tray,GRW-EGG-05,Dairy,1,21.0,21.0,14.0,mada
2026-09-21,TX-B3_growing_supermarket-d30-001430,Jeddah - Corniche,Jeddah,Eggs 30pc Tray,GRW-EGG-05,Dairy,1,21.0,21.0,14.0,cash
2026-09-21,TX-B3_growing_supermarket-d30-001431,Jeddah - Corniche,Jeddah,Eggs 30pc Tray,GRW-EGG-05,Dairy,1,21.0,21.0,14.0,cash
2026-09-21,TX-B3_growing_supermarket-d30-001432,Jeddah - Corniche,Jeddah,Eggs 30pc Tray,GRW-EGG-05,Dairy,1,21.0,21.0,14.0,card
2026-09-21,TX-B3_growing_supermarket-d30-001433,Jeddah - Corniche,Jeddah,Eggs 30pc Tray,GRW-EGG-05,Dairy,1,21.0,21.0,14.0,card
2026-09-21,TX-B3_growing_supermarket-d30-001434,Jeddah - Corniche,Jeddah,Eggs 30pc Tray,GRW-EGG-05,Dairy,1,21.0,21.0,14.0,mada
2026-09-21,TX-B3_growing_supermarket-d30-001435,Jeddah - Corniche,Jeddah,Eggs 30pc Tray,GRW-EGG-05,Dairy,1,21.0,21.0,14.0,mada
2026-09-21,TX-B3_growing_supermarket-d30-001436,Jeddah - Corniche,Jeddah,Eggs 30pc Tray,GRW-EGG-05,Dairy,1,21.0,21.0,14.0,mada
2026-09-21,TX-B3_growing_supermarket-d30-001437,Jeddah - Corniche,Jeddah,Eggs 30pc Tray,GRW-EGG-05,Dairy,1,21.0,21.0,14.0,cash
2026-09-21,TX-B3_growing_supermarket-d30-001438,Jeddah - Corniche,Jeddah,Eggs 30pc Tray,GRW-EGG-05,Dairy,1,21.0,21.0,14.0,mada
2026-09-22,TX-B3_growing_supermarket-d30-001439,Jeddah - Corniche,Jeddah,Eggs 30pc Tray,GRW-EGG-05,Dairy,1,21.0,21.0,14.0,cash
2026-09-22,TX-B3_growing_supermarket-d30-001440,Jeddah - Corniche,Jeddah,Eggs 30pc Tray,GRW-EGG-05,Dairy,1,21.0,21.0,14.0,mada
2026-09-22,TX-B3_growing_supermarket-d30-001441,Jeddah - Corniche,Jeddah,Eggs 30pc Tray,GRW-EGG-05,Dairy,1,21.0,21.0,14.0,card
2026-09-22,TX-B3_growing_supermarket-d30-001442,Jeddah - Corniche,Jeddah,Eggs 30pc Tray,GRW-EGG-05,Dairy,1,21.0,21.0,14.0,card
2026-09-22,TX-B3_growing_supermarket-d30-001443,Jeddah - Corniche,Jeddah,Eggs 30pc Tray,GRW-EGG-05,Dairy,1,21.0,21.0,14.0,card
2026-09-22,TX-B3_growing_supermarket-d30-001444,Jeddah - Corniche,Jeddah,Eggs 30pc Tray,GRW-EGG-05,Dairy,1,21.0,21.0,14.0,mada
2026-09-22,TX-B3_growing_supermarket-d30-001445,Jeddah - Corniche,Jeddah,Eggs 30pc Tray,GRW-EGG-05,Dairy,1,21.0,21.0,14.0,cash
2026-09-22,TX-B3_growing_supermarket-d30-001446,Jeddah - Corniche,Jeddah,Eggs 30pc Tray,GRW-EGG-05,Dairy,1,21.0,21.0,14.0,mada
2026-09-22,TX-B3_growing_supermarket-d30-001447,Jeddah - Corniche,Jeddah,Eggs 30pc Tray,GRW-EGG-05,Dairy,1,21.0,21.0,14.0,cash
2026-09-22,TX-B3_growing_supermarket-d30-001448,Jeddah - Corniche,Jeddah,Eggs 30pc Tray,GRW-EGG-05,Dairy,1,21.0,21.0,14.0,card
2026-09-22,TX-B3_growing_supermarket-d30-001449,Jeddah - Corniche,Jeddah,Eggs 30pc Tray,GRW-EGG-05,Dairy,1,21.0,21.0,14.0,mada
2026-09-23,TX-B3_growing_supermarket-d30-001450,Jeddah - Corniche,Jeddah,Eggs 30pc Tray,GRW-EGG-05,Dairy,1,21.0,21.0,14.0,mada
2026-09-23,TX-B3_growing_supermarket-d30-001451,Jeddah - Corniche,Jeddah,Eggs 30pc Tray,GRW-EGG-05,Dairy,1,21.0,21.0,14.0,mada
2026-09-23,TX-B3_growing_supermarket-d30-001452,Jeddah - Corniche,Jeddah,Eggs 30pc Tray,GRW-EGG-05,Dairy,1,21.0,21.0,14.0,mada
2026-09-23,TX-B3_growing_supermarket-d30-001453,Jeddah - Corniche,Jeddah,Eggs 30pc Tray,GRW-EGG-05,Dairy,1,21.0,21.0,14.0,mada
2026-09-23,TX-B3_growing_supermarket-d30-001454,Jeddah - Corniche,Jeddah,Eggs 30pc Tray,GRW-EGG-05,Dairy,1,21.0,21.0,14.0,cash
2026-09-23,TX-B3_growing_supermarket-d30-001455,Jeddah - Corniche,Jeddah,Eggs 30pc Tray,GRW-EGG-05,Dairy,1,21.0,21.0,14.0,mada
2026-09-23,TX-B3_growing_supermarket-d30-001456,Jeddah - Corniche,Jeddah,Eggs 30pc Tray,GRW-EGG-05,Dairy,1,21.0,21.0,14.0,cash
2026-09-23,TX-B3_growing_supermarket-d30-001457,Jeddah - Corniche,Jeddah,Eggs 30pc Tray,GRW-EGG-05,Dairy,1,21.0,21.0,14.0,card
2026-09-23,TX-B3_growing_supermarket-d30-001458,Jeddah - Corniche,Jeddah,Eggs 30pc Tray,GRW-EGG-05,Dairy,1,21.0,21.0,14.0,card
2026-09-23,TX-B3_growing_supermarket-d30-001459,Jeddah - Corniche,Jeddah,Eggs 30pc Tray,GRW-EGG-05,Dairy,1,21.0,21.0,14.0,card
2026-09-23,TX-B3_growing_supermarket-d30-001460,Jeddah - Corniche,Jeddah,Eggs 30pc Tray,GRW-EGG-05,Dairy,1,21.0,21.0,14.0,cash
2026-09-23,TX-B3_growing_supermarket-d30-001461,Jeddah - Corniche,Jeddah,Eggs 30pc Tray,GRW-EGG-05,Dairy,1,21.0,21.0,14.0,mada
2026-09-23,TX-B3_growing_supermarket-d30-001462,Jeddah - Corniche,Jeddah,Eggs 30pc Tray,GRW-EGG-05,Dairy,1,21.0,21.0,14.0,cash
2026-09-23,TX-B3_growing_supermarket-d30-001463,Jeddah - Corniche,Jeddah,Eggs 30pc Tray,GRW-EGG-05,Dairy,1,21.0,21.0,14.0,cash
2026-09-24,TX-B3_growing_supermarket-d30-001464,Jeddah - Corniche,Jeddah,Eggs 30pc Tray,GRW-EGG-05,Dairy,1,21.0,21.0,14.0,mada
2026-09-24,TX-B3_growing_supermarket-d30-001465,Jeddah - Corniche,Jeddah,Eggs 30pc Tray,GRW-EGG-05,Dairy,1,21.0,21.0,14.0,cash
2026-09-24,TX-B3_growing_supermarket-d30-001466,Jeddah - Corniche,Jeddah,Eggs 30pc Tray,GRW-EGG-05,Dairy,1,21.0,21.0,14.0,card
2026-09-24,TX-B3_growing_supermarket-d30-001467,Jeddah - Corniche,Jeddah,Eggs 30pc Tray,GRW-EGG-05,Dairy,1,21.0,21.0,14.0,mada
2026-09-24,TX-B3_growing_supermarket-d30-001468,Jeddah - Corniche,Jeddah,Eggs 30pc Tray,GRW-EGG-05,Dairy,1,21.0,21.0,14.0,card
2026-09-24,TX-B3_growing_supermarket-d30-001469,Jeddah - Corniche,Jeddah,Eggs 30pc Tray,GRW-EGG-05,Dairy,1,21.0,21.0,14.0,cash
2026-09-24,TX-B3_growing_supermarket-d30-001470,Jeddah - Corniche,Jeddah,Eggs 30pc Tray,GRW-EGG-05,Dairy,1,21.0,21.0,14.0,card
2026-09-24,TX-B3_growing_supermarket-d30-001471,Jeddah - Corniche,Jeddah,Eggs 30pc Tray,GRW-EGG-05,Dairy,1,21.0,21.0,14.0,mada
2026-09-24,TX-B3_growing_supermarket-d30-001472,Jeddah - Corniche,Jeddah,Eggs 30pc Tray,GRW-EGG-05,Dairy,1,21.0,21.0,14.0,mada
2026-09-24,TX-B3_growing_supermarket-d30-001473,Jeddah - Corniche,Jeddah,Eggs 30pc Tray,GRW-EGG-05,Dairy,1,21.0,21.0,14.0,mada
2026-09-24,TX-B3_growing_supermarket-d30-001474,Jeddah - Corniche,Jeddah,Eggs 30pc Tray,GRW-EGG-05,Dairy,1,21.0,21.0,14.0,mada
2026-09-24,TX-B3_growing_supermarket-d30-001475,Jeddah - Corniche,Jeddah,Eggs 30pc Tray,GRW-EGG-05,Dairy,1,21.0,21.0,14.0,card
2026-09-24,TX-B3_growing_supermarket-d30-001476,Jeddah - Corniche,Jeddah,Eggs 30pc Tray,GRW-EGG-05,Dairy,1,21.0,21.0,14.0,mada
2026-09-24,TX-B3_growing_supermarket-d30-001477,Jeddah - Corniche,Jeddah,Eggs 30pc Tray,GRW-EGG-05,Dairy,1,21.0,21.0,14.0,card
2026-09-25,TX-B3_growing_supermarket-d30-001478,Jeddah - Corniche,Jeddah,Eggs 30pc Tray,GRW-EGG-05,Dairy,1,21.0,21.0,14.0,mada
2026-09-25,TX-B3_growing_supermarket-d30-001479,Jeddah - Corniche,Jeddah,Eggs 30pc Tray,GRW-EGG-05,Dairy,1,21.0,21.0,14.0,card
2026-09-25,TX-B3_growing_supermarket-d30-001480,Jeddah - Corniche,Jeddah,Eggs 30pc Tray,GRW-EGG-05,Dairy,1,21.0,21.0,14.0,cash
2026-09-25,TX-B3_growing_supermarket-d30-001481,Jeddah - Corniche,Jeddah,Eggs 30pc Tray,GRW-EGG-05,Dairy,1,21.0,21.0,14.0,mada
2026-09-25,TX-B3_growing_supermarket-d30-001482,Jeddah - Corniche,Jeddah,Eggs 30pc Tray,GRW-EGG-05,Dairy,1,21.0,21.0,14.0,card
2026-09-25,TX-B3_growing_supermarket-d30-001483,Jeddah - Corniche,Jeddah,Eggs 30pc Tray,GRW-EGG-05,Dairy,1,21.0,21.0,14.0,mada
2026-09-25,TX-B3_growing_supermarket-d30-001484,Jeddah - Corniche,Jeddah,Eggs 30pc Tray,GRW-EGG-05,Dairy,1,21.0,21.0,14.0,card
2026-09-25,TX-B3_growing_supermarket-d30-001485,Jeddah - Corniche,Jeddah,Eggs 30pc Tray,GRW-EGG-05,Dairy,1,21.0,21.0,14.0,mada
2026-09-25,TX-B3_growing_supermarket-d30-001486,Jeddah - Corniche,Jeddah,Eggs 30pc Tray,GRW-EGG-05,Dairy,1,21.0,21.0,14.0,cash
2026-09-25,TX-B3_growing_supermarket-d30-001487,Jeddah - Corniche,Jeddah,Eggs 30pc Tray,GRW-EGG-05,Dairy,1,21.0,21.0,14.0,card
2026-09-25,TX-B3_growing_supermarket-d30-001488,Jeddah - Corniche,Jeddah,Eggs 30pc Tray,GRW-EGG-05,Dairy,1,21.0,21.0,14.0,card
2026-09-25,TX-B3_growing_supermarket-d30-001489,Jeddah - Corniche,Jeddah,Eggs 30pc Tray,GRW-EGG-05,Dairy,1,21.0,21.0,14.0,mada
2026-09-25,TX-B3_growing_supermarket-d30-001490,Jeddah - Corniche,Jeddah,Eggs 30pc Tray,GRW-EGG-05,Dairy,1,21.0,21.0,14.0,mada
2026-09-25,TX-B3_growing_supermarket-d30-001491,Jeddah - Corniche,Jeddah,Eggs 30pc Tray,GRW-EGG-05,Dairy,1,21.0,21.0,14.0,cash
2026-09-25,TX-B3_growing_supermarket-d30-001492,Jeddah - Corniche,Jeddah,Eggs 30pc Tray,GRW-EGG-05,Dairy,1,21.0,21.0,14.0,card
2026-09-10,TX-B3_growing_supermarket-d30-001493,Jeddah - Corniche,Jeddah,Black Tea 100 bags,CTL-TEA-06,Beverages,1,15.0,15.0,9.5,card
2026-09-10,TX-B3_growing_supermarket-d30-001494,Jeddah - Corniche,Jeddah,Black Tea 100 bags,CTL-TEA-06,Beverages,1,15.0,15.0,9.5,mada
2026-09-10,TX-B3_growing_supermarket-d30-001495,Jeddah - Corniche,Jeddah,Black Tea 100 bags,CTL-TEA-06,Beverages,1,15.0,15.0,9.5,card
2026-09-10,TX-B3_growing_supermarket-d30-001496,Jeddah - Corniche,Jeddah,Black Tea 100 bags,CTL-TEA-06,Beverages,1,15.0,15.0,9.5,cash
2026-09-10,TX-B3_growing_supermarket-d30-001497,Jeddah - Corniche,Jeddah,Black Tea 100 bags,CTL-TEA-06,Beverages,1,15.0,15.0,9.5,mada
2026-09-10,TX-B3_growing_supermarket-d30-001498,Jeddah - Corniche,Jeddah,Black Tea 100 bags,CTL-TEA-06,Beverages,1,15.0,15.0,9.5,cash
2026-09-11,TX-B3_growing_supermarket-d30-001499,Jeddah - Corniche,Jeddah,Black Tea 100 bags,CTL-TEA-06,Beverages,1,15.0,15.0,9.5,mada
2026-09-11,TX-B3_growing_supermarket-d30-001500,Jeddah - Corniche,Jeddah,Black Tea 100 bags,CTL-TEA-06,Beverages,1,15.0,15.0,9.5,card
2026-09-11,TX-B3_growing_supermarket-d30-001501,Jeddah - Corniche,Jeddah,Black Tea 100 bags,CTL-TEA-06,Beverages,1,15.0,15.0,9.5,card
2026-09-11,TX-B3_growing_supermarket-d30-001502,Jeddah - Corniche,Jeddah,Black Tea 100 bags,CTL-TEA-06,Beverages,1,15.0,15.0,9.5,cash
2026-09-11,TX-B3_growing_supermarket-d30-001503,Jeddah - Corniche,Jeddah,Black Tea 100 bags,CTL-TEA-06,Beverages,1,15.0,15.0,9.5,card
2026-09-12,TX-B3_growing_supermarket-d30-001504,Jeddah - Corniche,Jeddah,Black Tea 100 bags,CTL-TEA-06,Beverages,1,15.0,15.0,9.5,cash
2026-09-12,TX-B3_growing_supermarket-d30-001505,Jeddah - Corniche,Jeddah,Black Tea 100 bags,CTL-TEA-06,Beverages,1,15.0,15.0,9.5,cash
2026-09-12,TX-B3_growing_supermarket-d30-001506,Jeddah - Corniche,Jeddah,Black Tea 100 bags,CTL-TEA-06,Beverages,1,15.0,15.0,9.5,mada
2026-09-12,TX-B3_growing_supermarket-d30-001507,Jeddah - Corniche,Jeddah,Black Tea 100 bags,CTL-TEA-06,Beverages,1,15.0,15.0,9.5,card
2026-09-12,TX-B3_growing_supermarket-d30-001508,Jeddah - Corniche,Jeddah,Black Tea 100 bags,CTL-TEA-06,Beverages,1,15.0,15.0,9.5,card
2026-09-13,TX-B3_growing_supermarket-d30-001509,Jeddah - Corniche,Jeddah,Black Tea 100 bags,CTL-TEA-06,Beverages,1,15.0,15.0,9.5,mada
2026-09-13,TX-B3_growing_supermarket-d30-001510,Jeddah - Corniche,Jeddah,Black Tea 100 bags,CTL-TEA-06,Beverages,1,15.0,15.0,9.5,card
2026-09-13,TX-B3_growing_supermarket-d30-001511,Jeddah - Corniche,Jeddah,Black Tea 100 bags,CTL-TEA-06,Beverages,1,15.0,15.0,9.5,card
2026-09-13,TX-B3_growing_supermarket-d30-001512,Jeddah - Corniche,Jeddah,Black Tea 100 bags,CTL-TEA-06,Beverages,1,15.0,15.0,9.5,mada
2026-09-13,TX-B3_growing_supermarket-d30-001513,Jeddah - Corniche,Jeddah,Black Tea 100 bags,CTL-TEA-06,Beverages,1,15.0,15.0,9.5,cash
2026-09-13,TX-B3_growing_supermarket-d30-001514,Jeddah - Corniche,Jeddah,Black Tea 100 bags,CTL-TEA-06,Beverages,1,15.0,15.0,9.5,cash
2026-09-13,TX-B3_growing_supermarket-d30-001515,Jeddah - Corniche,Jeddah,Black Tea 100 bags,CTL-TEA-06,Beverages,1,15.0,15.0,9.5,cash
2026-09-14,TX-B3_growing_supermarket-d30-001516,Jeddah - Corniche,Jeddah,Black Tea 100 bags,CTL-TEA-06,Beverages,1,15.0,15.0,9.5,card
2026-09-14,TX-B3_growing_supermarket-d30-001517,Jeddah - Corniche,Jeddah,Black Tea 100 bags,CTL-TEA-06,Beverages,1,15.0,15.0,9.5,mada
2026-09-14,TX-B3_growing_supermarket-d30-001518,Jeddah - Corniche,Jeddah,Black Tea 100 bags,CTL-TEA-06,Beverages,1,15.0,15.0,9.5,cash
2026-09-14,TX-B3_growing_supermarket-d30-001519,Jeddah - Corniche,Jeddah,Black Tea 100 bags,CTL-TEA-06,Beverages,1,15.0,15.0,9.5,mada
2026-09-14,TX-B3_growing_supermarket-d30-001520,Jeddah - Corniche,Jeddah,Black Tea 100 bags,CTL-TEA-06,Beverages,1,15.0,15.0,9.5,mada
2026-09-14,TX-B3_growing_supermarket-d30-001521,Jeddah - Corniche,Jeddah,Black Tea 100 bags,CTL-TEA-06,Beverages,1,15.0,15.0,9.5,card
2026-09-14,TX-B3_growing_supermarket-d30-001522,Jeddah - Corniche,Jeddah,Black Tea 100 bags,CTL-TEA-06,Beverages,1,15.0,15.0,9.5,mada
2026-09-15,TX-B3_growing_supermarket-d30-001523,Jeddah - Corniche,Jeddah,Black Tea 100 bags,CTL-TEA-06,Beverages,1,15.0,15.0,9.5,card
2026-09-15,TX-B3_growing_supermarket-d30-001524,Jeddah - Corniche,Jeddah,Black Tea 100 bags,CTL-TEA-06,Beverages,1,15.0,15.0,9.5,mada
2026-09-15,TX-B3_growing_supermarket-d30-001525,Jeddah - Corniche,Jeddah,Black Tea 100 bags,CTL-TEA-06,Beverages,1,15.0,15.0,9.5,card
2026-09-15,TX-B3_growing_supermarket-d30-001526,Jeddah - Corniche,Jeddah,Black Tea 100 bags,CTL-TEA-06,Beverages,1,15.0,15.0,9.5,mada
2026-09-15,TX-B3_growing_supermarket-d30-001527,Jeddah - Corniche,Jeddah,Black Tea 100 bags,CTL-TEA-06,Beverages,1,15.0,15.0,9.5,mada
2026-09-15,TX-B3_growing_supermarket-d30-001528,Jeddah - Corniche,Jeddah,Black Tea 100 bags,CTL-TEA-06,Beverages,1,15.0,15.0,9.5,cash
2026-09-15,TX-B3_growing_supermarket-d30-001529,Jeddah - Corniche,Jeddah,Black Tea 100 bags,CTL-TEA-06,Beverages,1,15.0,15.0,9.5,card
2026-09-16,TX-B3_growing_supermarket-d30-001530,Jeddah - Corniche,Jeddah,Black Tea 100 bags,CTL-TEA-06,Beverages,1,15.0,15.0,9.5,card
2026-09-16,TX-B3_growing_supermarket-d30-001531,Jeddah - Corniche,Jeddah,Black Tea 100 bags,CTL-TEA-06,Beverages,1,15.0,15.0,9.5,cash
2026-09-16,TX-B3_growing_supermarket-d30-001532,Jeddah - Corniche,Jeddah,Black Tea 100 bags,CTL-TEA-06,Beverages,1,15.0,15.0,9.5,card
2026-09-16,TX-B3_growing_supermarket-d30-001533,Jeddah - Corniche,Jeddah,Black Tea 100 bags,CTL-TEA-06,Beverages,1,15.0,15.0,9.5,cash
2026-09-16,TX-B3_growing_supermarket-d30-001534,Jeddah - Corniche,Jeddah,Black Tea 100 bags,CTL-TEA-06,Beverages,1,15.0,15.0,9.5,card
2026-09-16,TX-B3_growing_supermarket-d30-001535,Jeddah - Corniche,Jeddah,Black Tea 100 bags,CTL-TEA-06,Beverages,1,15.0,15.0,9.5,cash
2026-09-16,TX-B3_growing_supermarket-d30-001536,Jeddah - Corniche,Jeddah,Black Tea 100 bags,CTL-TEA-06,Beverages,1,15.0,15.0,9.5,card
2026-09-16,TX-B3_growing_supermarket-d30-001537,Jeddah - Corniche,Jeddah,Black Tea 100 bags,CTL-TEA-06,Beverages,1,15.0,15.0,9.5,mada
2026-09-17,TX-B3_growing_supermarket-d30-001538,Jeddah - Corniche,Jeddah,Black Tea 100 bags,CTL-TEA-06,Beverages,1,15.0,15.0,9.5,cash
2026-09-17,TX-B3_growing_supermarket-d30-001539,Jeddah - Corniche,Jeddah,Black Tea 100 bags,CTL-TEA-06,Beverages,1,15.0,15.0,9.5,mada
2026-09-17,TX-B3_growing_supermarket-d30-001540,Jeddah - Corniche,Jeddah,Black Tea 100 bags,CTL-TEA-06,Beverages,1,15.0,15.0,9.5,cash
2026-09-17,TX-B3_growing_supermarket-d30-001541,Jeddah - Corniche,Jeddah,Black Tea 100 bags,CTL-TEA-06,Beverages,1,15.0,15.0,9.5,card
2026-09-18,TX-B3_growing_supermarket-d30-001542,Jeddah - Corniche,Jeddah,Black Tea 100 bags,CTL-TEA-06,Beverages,1,15.0,15.0,9.5,cash
2026-09-18,TX-B3_growing_supermarket-d30-001543,Jeddah - Corniche,Jeddah,Black Tea 100 bags,CTL-TEA-06,Beverages,1,15.0,15.0,9.5,cash
2026-09-18,TX-B3_growing_supermarket-d30-001544,Jeddah - Corniche,Jeddah,Black Tea 100 bags,CTL-TEA-06,Beverages,1,15.0,15.0,9.5,card
2026-09-18,TX-B3_growing_supermarket-d30-001545,Jeddah - Corniche,Jeddah,Black Tea 100 bags,CTL-TEA-06,Beverages,1,15.0,15.0,9.5,card
2026-09-18,TX-B3_growing_supermarket-d30-001546,Jeddah - Corniche,Jeddah,Black Tea 100 bags,CTL-TEA-06,Beverages,1,15.0,15.0,9.5,mada
2026-09-19,TX-B3_growing_supermarket-d30-001547,Jeddah - Corniche,Jeddah,Black Tea 100 bags,CTL-TEA-06,Beverages,1,15.0,15.0,9.5,cash
2026-09-19,TX-B3_growing_supermarket-d30-001548,Jeddah - Corniche,Jeddah,Black Tea 100 bags,CTL-TEA-06,Beverages,1,15.0,15.0,9.5,mada
2026-09-19,TX-B3_growing_supermarket-d30-001549,Jeddah - Corniche,Jeddah,Black Tea 100 bags,CTL-TEA-06,Beverages,1,15.0,15.0,9.5,card
2026-09-19,TX-B3_growing_supermarket-d30-001550,Jeddah - Corniche,Jeddah,Black Tea 100 bags,CTL-TEA-06,Beverages,1,15.0,15.0,9.5,cash
2026-09-19,TX-B3_growing_supermarket-d30-001551,Jeddah - Corniche,Jeddah,Black Tea 100 bags,CTL-TEA-06,Beverages,1,15.0,15.0,9.5,cash
2026-09-19,TX-B3_growing_supermarket-d30-001552,Jeddah - Corniche,Jeddah,Black Tea 100 bags,CTL-TEA-06,Beverages,1,15.0,15.0,9.5,card
2026-09-20,TX-B3_growing_supermarket-d30-001553,Jeddah - Corniche,Jeddah,Black Tea 100 bags,CTL-TEA-06,Beverages,1,15.0,15.0,9.5,mada
2026-09-20,TX-B3_growing_supermarket-d30-001554,Jeddah - Corniche,Jeddah,Black Tea 100 bags,CTL-TEA-06,Beverages,1,15.0,15.0,9.5,card
2026-09-20,TX-B3_growing_supermarket-d30-001555,Jeddah - Corniche,Jeddah,Black Tea 100 bags,CTL-TEA-06,Beverages,1,15.0,15.0,9.5,card
2026-09-20,TX-B3_growing_supermarket-d30-001556,Jeddah - Corniche,Jeddah,Black Tea 100 bags,CTL-TEA-06,Beverages,1,15.0,15.0,9.5,mada
2026-09-20,TX-B3_growing_supermarket-d30-001557,Jeddah - Corniche,Jeddah,Black Tea 100 bags,CTL-TEA-06,Beverages,1,15.0,15.0,9.5,mada
2026-09-20,TX-B3_growing_supermarket-d30-001558,Jeddah - Corniche,Jeddah,Black Tea 100 bags,CTL-TEA-06,Beverages,1,15.0,15.0,9.5,card
2026-09-20,TX-B3_growing_supermarket-d30-001559,Jeddah - Corniche,Jeddah,Black Tea 100 bags,CTL-TEA-06,Beverages,1,15.0,15.0,9.5,card
2026-09-21,TX-B3_growing_supermarket-d30-001560,Jeddah - Corniche,Jeddah,Black Tea 100 bags,CTL-TEA-06,Beverages,1,15.0,15.0,9.5,cash
2026-09-21,TX-B3_growing_supermarket-d30-001561,Jeddah - Corniche,Jeddah,Black Tea 100 bags,CTL-TEA-06,Beverages,1,15.0,15.0,9.5,mada
2026-09-21,TX-B3_growing_supermarket-d30-001562,Jeddah - Corniche,Jeddah,Black Tea 100 bags,CTL-TEA-06,Beverages,1,15.0,15.0,9.5,card
2026-09-21,TX-B3_growing_supermarket-d30-001563,Jeddah - Corniche,Jeddah,Black Tea 100 bags,CTL-TEA-06,Beverages,1,15.0,15.0,9.5,card
2026-09-21,TX-B3_growing_supermarket-d30-001564,Jeddah - Corniche,Jeddah,Black Tea 100 bags,CTL-TEA-06,Beverages,1,15.0,15.0,9.5,mada
2026-09-21,TX-B3_growing_supermarket-d30-001565,Jeddah - Corniche,Jeddah,Black Tea 100 bags,CTL-TEA-06,Beverages,1,15.0,15.0,9.5,mada
2026-09-21,TX-B3_growing_supermarket-d30-001566,Jeddah - Corniche,Jeddah,Black Tea 100 bags,CTL-TEA-06,Beverages,1,15.0,15.0,9.5,card
2026-09-22,TX-B3_growing_supermarket-d30-001567,Jeddah - Corniche,Jeddah,Black Tea 100 bags,CTL-TEA-06,Beverages,1,15.0,15.0,9.5,card
2026-09-22,TX-B3_growing_supermarket-d30-001568,Jeddah - Corniche,Jeddah,Black Tea 100 bags,CTL-TEA-06,Beverages,1,15.0,15.0,9.5,cash
2026-09-22,TX-B3_growing_supermarket-d30-001569,Jeddah - Corniche,Jeddah,Black Tea 100 bags,CTL-TEA-06,Beverages,1,15.0,15.0,9.5,cash
2026-09-22,TX-B3_growing_supermarket-d30-001570,Jeddah - Corniche,Jeddah,Black Tea 100 bags,CTL-TEA-06,Beverages,1,15.0,15.0,9.5,card
2026-09-22,TX-B3_growing_supermarket-d30-001571,Jeddah - Corniche,Jeddah,Black Tea 100 bags,CTL-TEA-06,Beverages,1,15.0,15.0,9.5,mada
2026-09-22,TX-B3_growing_supermarket-d30-001572,Jeddah - Corniche,Jeddah,Black Tea 100 bags,CTL-TEA-06,Beverages,1,15.0,15.0,9.5,cash
2026-09-22,TX-B3_growing_supermarket-d30-001573,Jeddah - Corniche,Jeddah,Black Tea 100 bags,CTL-TEA-06,Beverages,1,15.0,15.0,9.5,cash
2026-09-23,TX-B3_growing_supermarket-d30-001574,Jeddah - Corniche,Jeddah,Black Tea 100 bags,CTL-TEA-06,Beverages,1,15.0,15.0,9.5,mada
2026-09-23,TX-B3_growing_supermarket-d30-001575,Jeddah - Corniche,Jeddah,Black Tea 100 bags,CTL-TEA-06,Beverages,1,15.0,15.0,9.5,cash
2026-09-23,TX-B3_growing_supermarket-d30-001576,Jeddah - Corniche,Jeddah,Black Tea 100 bags,CTL-TEA-06,Beverages,1,15.0,15.0,9.5,cash
2026-09-23,TX-B3_growing_supermarket-d30-001577,Jeddah - Corniche,Jeddah,Black Tea 100 bags,CTL-TEA-06,Beverages,1,15.0,15.0,9.5,cash
2026-09-23,TX-B3_growing_supermarket-d30-001578,Jeddah - Corniche,Jeddah,Black Tea 100 bags,CTL-TEA-06,Beverages,1,15.0,15.0,9.5,card
2026-09-23,TX-B3_growing_supermarket-d30-001579,Jeddah - Corniche,Jeddah,Black Tea 100 bags,CTL-TEA-06,Beverages,1,15.0,15.0,9.5,card
2026-09-23,TX-B3_growing_supermarket-d30-001580,Jeddah - Corniche,Jeddah,Black Tea 100 bags,CTL-TEA-06,Beverages,1,15.0,15.0,9.5,card
2026-09-24,TX-B3_growing_supermarket-d30-001581,Jeddah - Corniche,Jeddah,Black Tea 100 bags,CTL-TEA-06,Beverages,1,15.0,15.0,9.5,card
2026-09-24,TX-B3_growing_supermarket-d30-001582,Jeddah - Corniche,Jeddah,Black Tea 100 bags,CTL-TEA-06,Beverages,1,15.0,15.0,9.5,mada
2026-09-24,TX-B3_growing_supermarket-d30-001583,Jeddah - Corniche,Jeddah,Black Tea 100 bags,CTL-TEA-06,Beverages,1,15.0,15.0,9.5,mada
2026-09-24,TX-B3_growing_supermarket-d30-001584,Jeddah - Corniche,Jeddah,Black Tea 100 bags,CTL-TEA-06,Beverages,1,15.0,15.0,9.5,cash
2026-09-24,TX-B3_growing_supermarket-d30-001585,Jeddah - Corniche,Jeddah,Black Tea 100 bags,CTL-TEA-06,Beverages,1,15.0,15.0,9.5,cash
2026-09-25,TX-B3_growing_supermarket-d30-001586,Jeddah - Corniche,Jeddah,Black Tea 100 bags,CTL-TEA-06,Beverages,1,15.0,15.0,9.5,card
2026-09-25,TX-B3_growing_supermarket-d30-001587,Jeddah - Corniche,Jeddah,Black Tea 100 bags,CTL-TEA-06,Beverages,1,15.0,15.0,9.5,mada
2026-09-25,TX-B3_growing_supermarket-d30-001588,Jeddah - Corniche,Jeddah,Black Tea 100 bags,CTL-TEA-06,Beverages,1,15.0,15.0,9.5,card
2026-09-25,TX-B3_growing_supermarket-d30-001589,Jeddah - Corniche,Jeddah,Black Tea 100 bags,CTL-TEA-06,Beverages,1,15.0,15.0,9.5,mada
2026-09-25,TX-B3_growing_supermarket-d30-001590,Jeddah - Corniche,Jeddah,Black Tea 100 bags,CTL-TEA-06,Beverages,1,15.0,15.0,9.5,card
2026-09-25,TX-B3_growing_supermarket-d30-001591,Jeddah - Corniche,Jeddah,Black Tea 100 bags,CTL-TEA-06,Beverages,1,15.0,15.0,9.5,mada
