Date,Transaction ID,Branch,City,Product,SKU,Category,Qty,Unit Price SAR,Total SAR,Cost SAR,Payment Method
2026-01-05,TX-B5_cash_constrained_restaurant-d00-000001,Khobar - Main Kitchen,Khobar,Saffron 10g Premium,STR-SAF-01,Ingredients,1,0.0,0.0,180.0,cash
2026-01-06,TX-B5_cash_constrained_restaurant-d00-000002,Khobar - Main Kitchen,Khobar,Saffron 10g Premium,STR-SAF-01,Ingredients,1,0.0,0.0,180.0,cash
2026-01-07,TX-B5_cash_constrained_restaurant-d00-000003,Khobar - Main Kitchen,Khobar,Saffron 10g Premium,STR-SAF-01,Ingredients,1,0.0,0.0,180.0,mada
2026-01-08,TX-B5_cash_constrained_restaurant-d00-000004,Khobar - Main Kitchen,Khobar,Saffron 10g Premium,STR-SAF-01,Ingredients,1,0.0,0.0,180.0,card
2026-01-09,TX-B5_cash_constrained_restaurant-d00-000005,Khobar - Main Kitchen,Khobar,Saffron 10g Premium,STR-SAF-01,Ingredients,1,0.0,0.0,180.0,card
2026-01-11,TX-B5_cash_constrained_restaurant-d00-000006,Khobar - Main Kitchen,Khobar,Saffron 10g Premium,STR-SAF-01,Ingredients,1,0.0,0.0,180.0,mada
2026-01-12,TX-B5_cash_constrained_restaurant-d00-000007,Khobar - Main Kitchen,Khobar,Saffron 10g Premium,STR-SAF-01,Ingredients,1,0.0,0.0,180.0,mada
2026-01-13,TX-B5_cash_constrained_restaurant-d00-000008,Khobar - Main Kitchen,Khobar,Saffron 10g Premium,STR-SAF-01,Ingredients,1,0.0,0.0,180.0,mada
2026-01-14,TX-B5_cash_constrained_restaurant-d00-000009,Khobar - Main Kitchen,Khobar,Saffron 10g Premium,STR-SAF-01,Ingredients,1,0.0,0.0,180.0,card
2026-01-15,TX-B5_cash_constrained_restaurant-d00-000010,Khobar - Main Kitchen,Khobar,Saffron 10g Premium,STR-SAF-01,Ingredients,1,0.0,0.0,180.0,mada
2026-01-16,TX-B5_cash_constrained_restaurant-d00-000011,Khobar - Main Kitchen,Khobar,Saffron 10g Premium,STR-SAF-01,Ingredients,1,0.0,0.0,180.0,cash
2026-01-17,TX-B5_cash_constrained_restaurant-d00-000012,Khobar - Main Kitchen,Khobar,Saffron 10g Premium,STR-SAF-01,Ingredients,1,0.0,0.0,180.0,mada
2026-01-18,TX-B5_cash_constrained_restaurant-d00-000013,Khobar - Main Kitchen,Khobar,Saffron 10g Premium,STR-SAF-01,Ingredients,1,0.0,0.0,180.0,card
2026-01-19,TX-B5_cash_constrained_restaurant-d00-000014,Khobar - Main Kitchen,Khobar,Saffron 10g Premium,STR-SAF-01,Ingredients,1,0.0,0.0,180.0,cash
2026-01-20,TX-B5_cash_constrained_restaurant-d00-000015,Khobar - Main Kitchen,Khobar,Saffron 10g Premium,STR-SAF-01,Ingredients,1,0.0,0.0,180.0,card
2026-01-23,TX-B5_cash_constrained_restaurant-d00-000016,Khobar - Main Kitchen,Khobar,Saffron 10g Premium,STR-SAF-01,Ingredients,1,0.0,0.0,180.0,mada
2026-01-26,TX-B5_cash_constrained_restaurant-d00-000017,Khobar - Main Kitchen,Khobar,Saffron 10g Premium,STR-SAF-01,Ingredients,1,0.0,0.0,180.0,card
2026-01-27,TX-B5_cash_constrained_restaurant-d00-000018,Khobar - Main Kitchen,Khobar,Saffron 10g Premium,STR-SAF-01,Ingredients,1,0.0,0.0,180.0,card
2026-01-28,TX-B5_cash_constrained_restaurant-d00-000019,Khobar - Main Kitchen,Khobar,Saffron 10g Premium,STR-SAF-01,Ingredients,1,0.0,0.0,180.0,cash
2026-01-29,TX-B5_cash_constrained_restaurant-d00-000020,Khobar - Main Kitchen,Khobar,Saffron 10g Premium,STR-SAF-01,Ingredients,1,0.0,0.0,180.0,mada
2026-01-30,TX-B5_cash_constrained_restaurant-d00-000021,Khobar - Main Kitchen,Khobar,Saffron 10g Premium,STR-SAF-01,Ingredients,1,0.0,0.0,180.0,mada
2026-01-31,TX-B5_cash_constrained_restaurant-d00-000022,Khobar - Main Kitchen,Khobar,Saffron 10g Premium,STR-SAF-01,Ingredients,1,0.0,0.0,180.0,card
2026-02-01,TX-B5_cash_constrained_restaurant-d00-000023,Khobar - Main Kitchen,Khobar,Saffron 10g Premium,STR-SAF-01,Ingredients,1,0.0,0.0,180.0,mada
2026-02-02,TX-B5_cash_constrained_restaurant-d00-000024,Khobar - Main Kitchen,Khobar,Saffron 10g Premium,STR-SAF-01,Ingredients,1,0.0,0.0,180.0,card
2026-02-03,TX-B5_cash_constrained_restaurant-d00-000025,Khobar - Main Kitchen,Khobar,Saffron 10g Premium,STR-SAF-01,Ingredients,1,0.0,0.0,180.0,mada
2026-02-04,TX-B5_cash_constrained_restaurant-d00-000026,Khobar - Main Kitchen,Khobar,Saffron 10g Premium,STR-SAF-01,Ingredients,1,0.0,0.0,180.0,cash
2026-02-05,TX-B5_cash_constrained_restaurant-d00-000027,Khobar - Main Kitchen,Khobar,Saffron 10g Premium,STR-SAF-01,Ingredients,1,0.0,0.0,180.0,cash
2026-02-07,TX-B5_cash_constrained_restaurant-d00-000028,Khobar - Main Kitchen,Khobar,Saffron 10g Premium,STR-SAF-01,Ingredients,1,0.0,0.0,180.0,cash
2026-02-10,TX-B5_cash_constrained_restaurant-d00-000029,Khobar - Main Kitchen,Khobar,Saffron 10g Premium,STR-SAF-01,Ingredients,1,0.0,0.0,180.0,card
2026-02-11,TX-B5_cash_constrained_restaurant-d00-000030,Khobar - Main Kitchen,Khobar,Saffron 10g Premium,STR-SAF-01,Ingredients,1,0.0,0.0,180.0,mada
2026-02-12,TX-B5_cash_constrained_restaurant-d00-000031,Khobar - Main Kitchen,Khobar,Saffron 10g Premium,STR-SAF-01,Ingredients,1,0.0,0.0,180.0,card
2026-02-13,TX-B5_cash_constrained_restaurant-d00-000032,Khobar - Main Kitchen,Khobar,Saffron 10g Premium,STR-SAF-01,Ingredients,1,0.0,0.0,180.0,cash
2026-02-14,TX-B5_cash_constrained_restaurant-d00-000033,Khobar - Main Kitchen,Khobar,Saffron 10g Premium,STR-SAF-01,Ingredients,1,0.0,0.0,180.0,card
2026-02-16,TX-B5_cash_constrained_restaurant-d00-000034,Khobar - Main Kitchen,Khobar,Saffron 10g Premium,STR-SAF-01,Ingredients,1,0.0,0.0,180.0,mada
2026-02-17,TX-B5_cash_constrained_restaurant-d00-000035,Khobar - Main Kitchen,Khobar,Saffron 10g Premium,STR-SAF-01,Ingredients,1,0.0,0.0,180.0,card
2026-02-18,TX-B5_cash_constrained_restaurant-d00-000036,Khobar - Main Kitchen,Khobar,Saffron 10g Premium,STR-SAF-01,Ingredients,1,0.0,0.0,180.0,card
2026-02-20,TX-B5_cash_constrained_restaurant-d00-000037,Khobar - Main Kitchen,Khobar,Saffron 10g Premium,STR-SAF-01,Ingredients,1,0.0,0.0,180.0,card
2026-02-21,TX-B5_cash_constrained_restaurant-d00-000038,Khobar - Main Kitchen,Khobar,Saffron 10g Premium,STR-SAF-01,Ingredients,1,0.0,0.0,180.0,cash
2026-02-22,TX-B5_cash_constrained_restaurant-d00-000039,Khobar - Main Kitchen,Khobar,Saffron 10g Premium,STR-SAF-01,Ingredients,1,0.0,0.0,180.0,cash
2026-02-23,TX-B5_cash_constrained_restaurant-d00-000040,Khobar - Main Kitchen,Khobar,Saffron 10g Premium,STR-SAF-01,Ingredients,1,0.0,0.0,180.0,cash
2026-02-24,TX-B5_cash_constrained_restaurant-d00-000041,Khobar - Main Kitchen,Khobar,Saffron 10g Premium,STR-SAF-01,Ingredients,1,0.0,0.0,180.0,cash
2026-02-25,TX-B5_cash_constrained_restaurant-d00-000042,Khobar - Main Kitchen,Khobar,Saffron 10g Premium,STR-SAF-01,Ingredients,1,0.0,0.0,180.0,mada
2026-02-26,TX-B5_cash_constrained_restaurant-d00-000043,Khobar - Main Kitchen,Khobar,Saffron 10g Premium,STR-SAF-01,Ingredients,1,0.0,0.0,180.0,card
2026-02-27,TX-B5_cash_constrained_restaurant-d00-000044,Khobar - Main Kitchen,Khobar,Saffron 10g Premium,STR-SAF-01,Ingredients,1,0.0,0.0,180.0,cash
2026-03-01,TX-B5_cash_constrained_restaurant-d00-000045,Khobar - Main Kitchen,Khobar,Saffron 10g Premium,STR-SAF-01,Ingredients,1,0.0,0.0,180.0,cash
2026-03-02,TX-B5_cash_constrained_restaurant-d00-000046,Khobar - Main Kitchen,Khobar,Saffron 10g Premium,STR-SAF-01,Ingredients,1,0.0,0.0,180.0,cash
2026-03-03,TX-B5_cash_constrained_restaurant-d00-000047,Khobar - Main Kitchen,Khobar,Saffron 10g Premium,STR-SAF-01,Ingredients,1,0.0,0.0,180.0,cash
2026-03-05,TX-B5_cash_constrained_restaurant-d00-000048,Khobar - Main Kitchen,Khobar,Saffron 10g Premium,STR-SAF-01,Ingredients,1,0.0,0.0,180.0,cash
2026-03-07,TX-B5_cash_constrained_restaurant-d00-000049,Khobar - Main Kitchen,Khobar,Saffron 10g Premium,STR-SAF-01,Ingredients,1,0.0,0.0,180.0,card
2026-03-09,TX-B5_cash_constrained_restaurant-d00-000050,Khobar - Main Kitchen,Khobar,Saffron 10g Premium,STR-SAF-01,Ingredients,1,0.0,0.0,180.0,mada
2026-03-10,TX-B5_cash_constrained_restaurant-d00-000051,Khobar - Main Kitchen,Khobar,Saffron 10g Premium,STR-SAF-01,Ingredients,1,0.0,0.0,180.0,cash
2026-03-11,TX-B5_cash_constrained_restaurant-d00-000052,Khobar - Main Kitchen,Khobar,Saffron 10g Premium,STR-SAF-01,Ingredients,1,0.0,0.0,180.0,cash
2026-03-12,TX-B5_cash_constrained_restaurant-d00-000053,Khobar - Main Kitchen,Khobar,Saffron 10g Premium,STR-SAF-01,Ingredients,1,0.0,0.0,180.0,mada
2026-03-14,TX-B5_cash_constrained_restaurant-d00-000054,Khobar - Main Kitchen,Khobar,Saffron 10g Premium,STR-SAF-01,Ingredients,1,0.0,0.0,180.0,card
2026-03-15,TX-B5_cash_constrained_restaurant-d00-000055,Khobar - Main Kitchen,Khobar,Saffron 10g Premium,STR-SAF-01,Ingredients,1,0.0,0.0,180.0,mada
2026-03-16,TX-B5_cash_constrained_restaurant-d00-000056,Khobar - Main Kitchen,Khobar,Saffron 10g Premium,STR-SAF-01,Ingredients,1,0.0,0.0,180.0,mada
2026-03-17,TX-B5_cash_constrained_restaurant-d00-000057,Khobar - Main Kitchen,Khobar,Saffron 10g Premium,STR-SAF-01,Ingredients,1,0.0,0.0,180.0,cash
2026-03-18,TX-B5_cash_constrained_restaurant-d00-000058,Khobar - Main Kitchen,Khobar,Saffron 10g Premium,STR-SAF-01,Ingredients,1,0.0,0.0,180.0,card
2026-03-19,TX-B5_cash_constrained_restaurant-d00-000059,Khobar - Main Kitchen,Khobar,Saffron 10g Premium,STR-SAF-01,Ingredients,1,0.0,0.0,180.0,card
2026-03-20,TX-B5_cash_constrained_restaurant-d00-000060,Khobar - Main Kitchen,Khobar,Saffron 10g Premium,STR-SAF-01,Ingredients,1,0.0,0.0,180.0,card
2026-03-23,TX-B5_cash_constrained_restaurant-d00-000061,Khobar - Main Kitchen,Khobar,Saffron 10g Premium,STR-SAF-01,Ingredients,1,0.0,0.0,180.0,card
2026-03-24,TX-B5_cash_constrained_restaurant-d00-000062,Khobar - Main Kitchen,Khobar,Saffron 10g Premium,STR-SAF-01,Ingredients,1,0.0,0.0,180.0,card
2026-03-25,TX-B5_cash_constrained_restaurant-d00-000063,Khobar - Main Kitchen,Khobar,Saffron 10g Premium,STR-SAF-01,Ingredients,1,0.0,0.0,180.0,mada
2026-03-26,TX-B5_cash_constrained_restaurant-d00-000064,Khobar - Main Kitchen,Khobar,Saffron 10g Premium,STR-SAF-01,Ingredients,1,0.0,0.0,180.0,mada
2026-03-27,TX-B5_cash_constrained_restaurant-d00-000065,Khobar - Main Kitchen,Khobar,Saffron 10g Premium,STR-SAF-01,Ingredients,1,0.0,0.0,180.0,cash
2026-03-29,TX-B5_cash_constrained_restaurant-d00-000066,Khobar - Main Kitchen,Khobar,Saffron 10g Premium,STR-SAF-01,Ingredients,1,0.0,0.0,180.0,card
2026-03-30,TX-B5_cash_constrained_restaurant-d00-000067,Khobar - Main Kitchen,Khobar,Saffron 10g Premium,STR-SAF-01,Ingredients,1,0.0,0.0,180.0,mada
2026-04-02,TX-B5_cash_constrained_restaurant-d00-000068,Khobar - Main Kitchen,Khobar,Saffron 10g Premium,STR-SAF-01,Ingredients,1,0.0,0.0,180.0,mada
2026-04-04,TX-B5_cash_constrained_restaurant-d00-000069,Khobar - Main Kitchen,Khobar,Saffron 10g Premium,STR-SAF-01,Ingredients,1,0.0,0.0,180.0,card
2026-04-06,TX-B5_cash_constrained_restaurant-d00-000070,Khobar - Main Kitchen,Khobar,Saffron 10g Premium,STR-SAF-01,Ingredients,1,0.0,0.0,180.0,card
2026-04-08,TX-B5_cash_constrained_restaurant-d00-000071,Khobar - Main Kitchen,Khobar,Saffron 10g Premium,STR-SAF-01,Ingredients,1,0.0,0.0,180.0,mada
2026-04-10,TX-B5_cash_constrained_restaurant-d00-000072,Khobar - Main Kitchen,Khobar,Saffron 10g Premium,STR-SAF-01,Ingredients,1,0.0,0.0,180.0,cash
2026-04-11,TX-B5_cash_constrained_restaurant-d00-000073,Khobar - Main Kitchen,Khobar,Saffron 10g Premium,STR-SAF-01,Ingredients,1,0.0,0.0,180.0,mada
2026-04-13,TX-B5_cash_constrained_restaurant-d00-000074,Khobar - Main Kitchen,Khobar,Saffron 10g Premium,STR-SAF-01,Ingredients,1,0.0,0.0,180.0,mada
2026-04-14,TX-B5_cash_constrained_restaurant-d00-000075,Khobar - Main Kitchen,Khobar,Saffron 10g Premium,STR-SAF-01,Ingredients,1,0.0,0.0,180.0,mada
2026-04-15,TX-B5_cash_constrained_restaurant-d00-000076,Khobar - Main Kitchen,Khobar,Saffron 10g Premium,STR-SAF-01,Ingredients,1,0.0,0.0,180.0,mada
2026-04-16,TX-B5_cash_constrained_restaurant-d00-000077,Khobar - Main Kitchen,Khobar,Saffron 10g Premium,STR-SAF-01,Ingredients,1,0.0,0.0,180.0,card
2026-04-17,TX-B5_cash_constrained_restaurant-d00-000078,Khobar - Main Kitchen,Khobar,Saffron 10g Premium,STR-SAF-01,Ingredients,1,0.0,0.0,180.0,card
2026-04-18,TX-B5_cash_constrained_restaurant-d00-000079,Khobar - Main Kitchen,Khobar,Saffron 10g Premium,STR-SAF-01,Ingredients,1,0.0,0.0,180.0,cash
2026-04-19,TX-B5_cash_constrained_restaurant-d00-000080,Khobar - Main Kitchen,Khobar,Saffron 10g Premium,STR-SAF-01,Ingredients,1,0.0,0.0,180.0,card
2026-04-20,TX-B5_cash_constrained_restaurant-d00-000081,Khobar - Main Kitchen,Khobar,Saffron 10g Premium,STR-SAF-01,Ingredients,1,0.0,0.0,180.0,card
2026-04-21,TX-B5_cash_constrained_restaurant-d00-000082,Khobar - Main Kitchen,Khobar,Saffron 10g Premium,STR-SAF-01,Ingredients,1,0.0,0.0,180.0,mada
2026-04-23,TX-B5_cash_constrained_restaurant-d00-000083,Khobar - Main Kitchen,Khobar,Saffron 10g Premium,STR-SAF-01,Ingredients,1,0.0,0.0,180.0,card
2026-04-24,TX-B5_cash_constrained_restaurant-d00-000084,Khobar - Main Kitchen,Khobar,Saffron 10g Premium,STR-SAF-01,Ingredients,1,0.0,0.0,180.0,mada
2026-04-25,TX-B5_cash_constrained_restaurant-d00-000085,Khobar - Main Kitchen,Khobar,Saffron 10g Premium,STR-SAF-01,Ingredients,1,0.0,0.0,180.0,mada
2026-04-26,TX-B5_cash_constrained_restaurant-d00-000086,Khobar - Main Kitchen,Khobar,Saffron 10g Premium,STR-SAF-01,Ingredients,1,0.0,0.0,180.0,card
2026-04-27,TX-B5_cash_constrained_restaurant-d00-000087,Khobar - Main Kitchen,Khobar,Saffron 10g Premium,STR-SAF-01,Ingredients,1,0.0,0.0,180.0,cash
2026-04-28,TX-B5_cash_constrained_restaurant-d00-000088,Khobar - Main Kitchen,Khobar,Saffron 10g Premium,STR-SAF-01,Ingredients,1,0.0,0.0,180.0,mada
2026-04-29,TX-B5_cash_constrained_restaurant-d00-000089,Khobar - Main Kitchen,Khobar,Saffron 10g Premium,STR-SAF-01,Ingredients,1,0.0,0.0,180.0,mada
2026-04-30,TX-B5_cash_constrained_restaurant-d00-000090,Khobar - Main Kitchen,Khobar,Saffron 10g Premium,STR-SAF-01,Ingredients,1,0.0,0.0,180.0,cash
2026-05-01,TX-B5_cash_constrained_restaurant-d00-000091,Khobar - Main Kitchen,Khobar,Saffron 10g Premium,STR-SAF-01,Ingredients,1,0.0,0.0,180.0,card
2026-05-02,TX-B5_cash_constrained_restaurant-d00-000092,Khobar - Main Kitchen,Khobar,Saffron 10g Premium,STR-SAF-01,Ingredients,1,0.0,0.0,180.0,card
2026-05-03,TX-B5_cash_constrained_restaurant-d00-000093,Khobar - Main Kitchen,Khobar,Saffron 10g Premium,STR-SAF-01,Ingredients,1,0.0,0.0,180.0,mada
2026-05-04,TX-B5_cash_constrained_restaurant-d00-000094,Khobar - Main Kitchen,Khobar,Saffron 10g Premium,STR-SAF-01,Ingredients,1,0.0,0.0,180.0,cash
2026-05-05,TX-B5_cash_constrained_restaurant-d00-000095,Khobar - Main Kitchen,Khobar,Saffron 10g Premium,STR-SAF-01,Ingredients,1,0.0,0.0,180.0,mada
2026-05-06,TX-B5_cash_constrained_restaurant-d00-000096,Khobar - Main Kitchen,Khobar,Saffron 10g Premium,STR-SAF-01,Ingredients,1,0.0,0.0,180.0,mada
2026-05-07,TX-B5_cash_constrained_restaurant-d00-000097,Khobar - Main Kitchen,Khobar,Saffron 10g Premium,STR-SAF-01,Ingredients,1,0.0,0.0,180.0,cash
2026-05-08,TX-B5_cash_constrained_restaurant-d00-000098,Khobar - Main Kitchen,Khobar,Saffron 10g Premium,STR-SAF-01,Ingredients,1,0.0,0.0,180.0,cash
2026-05-09,TX-B5_cash_constrained_restaurant-d00-000099,Khobar - Main Kitchen,Khobar,Saffron 10g Premium,STR-SAF-01,Ingredients,1,0.0,0.0,180.0,card
2026-05-10,TX-B5_cash_constrained_restaurant-d00-000100,Khobar - Main Kitchen,Khobar,Saffron 10g Premium,STR-SAF-01,Ingredients,1,0.0,0.0,180.0,cash
2026-05-12,TX-B5_cash_constrained_restaurant-d00-000101,Khobar - Main Kitchen,Khobar,Saffron 10g Premium,STR-SAF-01,Ingredients,1,0.0,0.0,180.0,card
2026-05-14,TX-B5_cash_constrained_restaurant-d00-000102,Khobar - Main Kitchen,Khobar,Saffron 10g Premium,STR-SAF-01,Ingredients,1,0.0,0.0,180.0,mada
2026-05-15,TX-B5_cash_constrained_restaurant-d00-000103,Khobar - Main Kitchen,Khobar,Saffron 10g Premium,STR-SAF-01,Ingredients,1,0.0,0.0,180.0,cash
2026-05-16,TX-B5_cash_constrained_restaurant-d00-000104,Khobar - Main Kitchen,Khobar,Saffron 10g Premium,STR-SAF-01,Ingredients,1,0.0,0.0,180.0,card
2026-05-17,TX-B5_cash_constrained_restaurant-d00-000105,Khobar - Main Kitchen,Khobar,Saffron 10g Premium,STR-SAF-01,Ingredients,1,0.0,0.0,180.0,cash
2026-05-19,TX-B5_cash_constrained_restaurant-d00-000106,Khobar - Main Kitchen,Khobar,Saffron 10g Premium,STR-SAF-01,Ingredients,1,0.0,0.0,180.0,cash
2026-05-20,TX-B5_cash_constrained_restaurant-d00-000107,Khobar - Main Kitchen,Khobar,Saffron 10g Premium,STR-SAF-01,Ingredients,1,0.0,0.0,180.0,mada
2026-05-21,TX-B5_cash_constrained_restaurant-d00-000108,Khobar - Main Kitchen,Khobar,Saffron 10g Premium,STR-SAF-01,Ingredients,1,0.0,0.0,180.0,card
2026-05-22,TX-B5_cash_constrained_restaurant-d00-000109,Khobar - Main Kitchen,Khobar,Saffron 10g Premium,STR-SAF-01,Ingredients,1,0.0,0.0,180.0,card
2026-05-24,TX-B5_cash_constrained_restaurant-d00-000110,Khobar - Main Kitchen,Khobar,Saffron 10g Premium,STR-SAF-01,Ingredients,1,0.0,0.0,180.0,mada
2026-05-26,TX-B5_cash_constrained_restaurant-d00-000111,Khobar - Main Kitchen,Khobar,Saffron 10g Premium,STR-SAF-01,Ingredients,1,0.0,0.0,180.0,mada
2026-05-27,TX-B5_cash_constrained_restaurant-d00-000112,Khobar - Main Kitchen,Khobar,Saffron 10g Premium,STR-SAF-01,Ingredients,1,0.0,0.0,180.0,mada
2026-05-28,TX-B5_cash_constrained_restaurant-d00-000113,Khobar - Main Kitchen,Khobar,Saffron 10g Premium,STR-SAF-01,Ingredients,1,0.0,0.0,180.0,mada
2026-05-29,TX-B5_cash_constrained_restaurant-d00-000114,Khobar - Main Kitchen,Khobar,Saffron 10g Premium,STR-SAF-01,Ingredients,1,0.0,0.0,180.0,cash
2026-06-02,TX-B5_cash_constrained_restaurant-d00-000115,Khobar - Main Kitchen,Khobar,Saffron 10g Premium,STR-SAF-01,Ingredients,1,0.0,0.0,180.0,mada
2026-06-03,TX-B5_cash_constrained_restaurant-d00-000116,Khobar - Main Kitchen,Khobar,Saffron 10g Premium,STR-SAF-01,Ingredients,1,0.0,0.0,180.0,mada
2026-06-05,TX-B5_cash_constrained_restaurant-d00-000117,Khobar - Main Kitchen,Khobar,Saffron 10g Premium,STR-SAF-01,Ingredients,1,0.0,0.0,180.0,cash
2026-06-06,TX-B5_cash_constrained_restaurant-d00-000118,Khobar - Main Kitchen,Khobar,Saffron 10g Premium,STR-SAF-01,Ingredients,1,0.0,0.0,180.0,card
2026-06-07,TX-B5_cash_constrained_restaurant-d00-000119,Khobar - Main Kitchen,Khobar,Saffron 10g Premium,STR-SAF-01,Ingredients,1,0.0,0.0,180.0,card
2026-06-08,TX-B5_cash_constrained_restaurant-d00-000120,Khobar - Main Kitchen,Khobar,Saffron 10g Premium,STR-SAF-01,Ingredients,1,0.0,0.0,180.0,cash
2026-06-10,TX-B5_cash_constrained_restaurant-d00-000121,Khobar - Main Kitchen,Khobar,Saffron 10g Premium,STR-SAF-01,Ingredients,1,0.0,0.0,180.0,mada
2026-06-12,TX-B5_cash_constrained_restaurant-d00-000122,Khobar - Main Kitchen,Khobar,Saffron 10g Premium,STR-SAF-01,Ingredients,1,0.0,0.0,180.0,card
2026-06-13,TX-B5_cash_constrained_restaurant-d00-000123,Khobar - Main Kitchen,Khobar,Saffron 10g Premium,STR-SAF-01,Ingredients,1,0.0,0.0,180.0,mada
2026-06-14,TX-B5_cash_constrained_restaurant-d00-000124,Khobar - Main Kitchen,Khobar,Saffron 10g Premium,STR-SAF-01,Ingredients,1,0.0,0.0,180.0,cash
2026-06-15,TX-B5_cash_constrained_restaurant-d00-000125,Khobar - Main Kitchen,Khobar,Saffron 10g Premium,STR-SAF-01,Ingredients,1,0.0,0.0,180.0,card
2026-06-16,TX-B5_cash_constrained_restaurant-d00-000126,Khobar - Main Kitchen,Khobar,Saffron 10g Premium,STR-SAF-01,Ingredients,1,0.0,0.0,180.0,mada
2026-06-18,TX-B5_cash_constrained_restaurant-d00-000127,Khobar - Main Kitchen,Khobar,Saffron 10g Premium,STR-SAF-01,Ingredients,1,0.0,0.0,180.0,cash
2026-06-19,TX-B5_cash_constrained_restaurant-d00-000128,Khobar - Main Kitchen,Khobar,Saffron 10g Premium,STR-SAF-01,Ingredients,1,0.0,0.0,180.0,card
2026-06-20,TX-B5_cash_constrained_restaurant-d00-000129,Khobar - Main Kitchen,Khobar,Saffron 10g Premium,STR-SAF-01,Ingredients,1,0.0,0.0,180.0,card
2026-06-21,TX-B5_cash_constrained_restaurant-d00-000130,Khobar - Main Kitchen,Khobar,Saffron 10g Premium,STR-SAF-01,Ingredients,1,0.0,0.0,180.0,cash
2026-06-22,TX-B5_cash_constrained_restaurant-d00-000131,Khobar - Main Kitchen,Khobar,Saffron 10g Premium,STR-SAF-01,Ingredients,1,0.0,0.0,180.0,cash
2026-06-23,TX-B5_cash_constrained_restaurant-d00-000132,Khobar - Main Kitchen,Khobar,Saffron 10g Premium,STR-SAF-01,Ingredients,1,0.0,0.0,180.0,mada
2026-06-24,TX-B5_cash_constrained_restaurant-d00-000133,Khobar - Main Kitchen,Khobar,Saffron 10g Premium,STR-SAF-01,Ingredients,1,0.0,0.0,180.0,cash
2026-06-25,TX-B5_cash_constrained_restaurant-d00-000134,Khobar - Main Kitchen,Khobar,Saffron 10g Premium,STR-SAF-01,Ingredients,1,0.0,0.0,180.0,cash
2026-06-26,TX-B5_cash_constrained_restaurant-d00-000135,Khobar - Main Kitchen,Khobar,Saffron 10g Premium,STR-SAF-01,Ingredients,1,0.0,0.0,180.0,mada
2026-06-27,TX-B5_cash_constrained_restaurant-d00-000136,Khobar - Main Kitchen,Khobar,Saffron 10g Premium,STR-SAF-01,Ingredients,1,0.0,0.0,180.0,mada
2026-06-28,TX-B5_cash_constrained_restaurant-d00-000137,Khobar - Main Kitchen,Khobar,Saffron 10g Premium,STR-SAF-01,Ingredients,1,0.0,0.0,180.0,cash
2026-06-29,TX-B5_cash_constrained_restaurant-d00-000138,Khobar - Main Kitchen,Khobar,Saffron 10g Premium,STR-SAF-01,Ingredients,1,0.0,0.0,180.0,card
2026-06-30,TX-B5_cash_constrained_restaurant-d00-000139,Khobar - Main Kitchen,Khobar,Saffron 10g Premium,STR-SAF-01,Ingredients,1,0.0,0.0,180.0,card
2026-07-01,TX-B5_cash_constrained_restaurant-d00-000140,Khobar - Main Kitchen,Khobar,Saffron 10g Premium,STR-SAF-01,Ingredients,1,0.0,0.0,180.0,mada
2026-07-02,TX-B5_cash_constrained_restaurant-d00-000141,Khobar - Main Kitchen,Khobar,Saffron 10g Premium,STR-SAF-01,Ingredients,1,0.0,0.0,180.0,card
2026-07-03,TX-B5_cash_constrained_restaurant-d00-000142,Khobar - Main Kitchen,Khobar,Saffron 10g Premium,STR-SAF-01,Ingredients,1,0.0,0.0,180.0,card
2026-07-04,TX-B5_cash_constrained_restaurant-d00-000143,Khobar - Main Kitchen,Khobar,Saffron 10g Premium,STR-SAF-01,Ingredients,1,0.0,0.0,180.0,cash
2026-07-06,TX-B5_cash_constrained_restaurant-d00-000144,Khobar - Main Kitchen,Khobar,Saffron 10g Premium,STR-SAF-01,Ingredients,1,0.0,0.0,180.0,mada
2026-07-07,TX-B5_cash_constrained_restaurant-d00-000145,Khobar - Main Kitchen,Khobar,Saffron 10g Premium,STR-SAF-01,Ingredients,1,0.0,0.0,180.0,cash
2026-07-08,TX-B5_cash_constrained_restaurant-d00-000146,Khobar - Main Kitchen,Khobar,Saffron 10g Premium,STR-SAF-01,Ingredients,1,0.0,0.0,180.0,mada
2026-07-10,TX-B5_cash_constrained_restaurant-d00-000147,Khobar - Main Kitchen,Khobar,Saffron 10g Premium,STR-SAF-01,Ingredients,1,0.0,0.0,180.0,card
2026-07-11,TX-B5_cash_constrained_restaurant-d00-000148,Khobar - Main Kitchen,Khobar,Saffron 10g Premium,STR-SAF-01,Ingredients,1,0.0,0.0,180.0,mada
2026-07-13,TX-B5_cash_constrained_restaurant-d00-000149,Khobar - Main Kitchen,Khobar,Saffron 10g Premium,STR-SAF-01,Ingredients,1,0.0,0.0,180.0,mada
2026-07-15,TX-B5_cash_constrained_restaurant-d00-000150,Khobar - Main Kitchen,Khobar,Saffron 10g Premium,STR-SAF-01,Ingredients,1,0.0,0.0,180.0,cash
2026-07-17,TX-B5_cash_constrained_restaurant-d00-000151,Khobar - Main Kitchen,Khobar,Saffron 10g Premium,STR-SAF-01,Ingredients,1,0.0,0.0,180.0,card
2026-07-20,TX-B5_cash_constrained_restaurant-d00-000152,Khobar - Main Kitchen,Khobar,Saffron 10g Premium,STR-SAF-01,Ingredients,1,0.0,0.0,180.0,mada
2026-07-21,TX-B5_cash_constrained_restaurant-d00-000153,Khobar - Main Kitchen,Khobar,Saffron 10g Premium,STR-SAF-01,Ingredients,1,0.0,0.0,180.0,cash
2026-07-22,TX-B5_cash_constrained_restaurant-d00-000154,Khobar - Main Kitchen,Khobar,Saffron 10g Premium,STR-SAF-01,Ingredients,1,0.0,0.0,180.0,cash
2026-07-23,TX-B5_cash_constrained_restaurant-d00-000155,Khobar - Main Kitchen,Khobar,Saffron 10g Premium,STR-SAF-01,Ingredients,1,0.0,0.0,180.0,card
2026-07-27,TX-B5_cash_constrained_restaurant-d00-000156,Khobar - Main Kitchen,Khobar,Saffron 10g Premium,STR-SAF-01,Ingredients,1,0.0,0.0,180.0,card
2026-07-28,TX-B5_cash_constrained_restaurant-d00-000157,Khobar - Main Kitchen,Khobar,Saffron 10g Premium,STR-SAF-01,Ingredients,1,0.0,0.0,180.0,mada
2026-07-29,TX-B5_cash_constrained_restaurant-d00-000158,Khobar - Main Kitchen,Khobar,Saffron 10g Premium,STR-SAF-01,Ingredients,1,0.0,0.0,180.0,mada
2026-08-01,TX-B5_cash_constrained_restaurant-d00-000159,Khobar - Main Kitchen,Khobar,Saffron 10g Premium,STR-SAF-01,Ingredients,1,0.0,0.0,180.0,mada
2026-08-03,TX-B5_cash_constrained_restaurant-d00-000160,Khobar - Main Kitchen,Khobar,Saffron 10g Premium,STR-SAF-01,Ingredients,1,0.0,0.0,180.0,card
2026-08-07,TX-B5_cash_constrained_restaurant-d00-000161,Khobar - Main Kitchen,Khobar,Saffron 10g Premium,STR-SAF-01,Ingredients,1,0.0,0.0,180.0,mada
2026-08-10,TX-B5_cash_constrained_restaurant-d00-000162,Khobar - Main Kitchen,Khobar,Saffron 10g Premium,STR-SAF-01,Ingredients,1,0.0,0.0,180.0,card
2026-08-12,TX-B5_cash_constrained_restaurant-d00-000163,Khobar - Main Kitchen,Khobar,Saffron 10g Premium,STR-SAF-01,Ingredients,1,0.0,0.0,180.0,card
2026-08-13,TX-B5_cash_constrained_restaurant-d00-000164,Khobar - Main Kitchen,Khobar,Saffron 10g Premium,STR-SAF-01,Ingredients,1,0.0,0.0,180.0,mada
2026-08-14,TX-B5_cash_constrained_restaurant-d00-000165,Khobar - Main Kitchen,Khobar,Saffron 10g Premium,STR-SAF-01,Ingredients,1,0.0,0.0,180.0,cash
2026-08-15,TX-B5_cash_constrained_restaurant-d00-000166,Khobar - Main Kitchen,Khobar,Saffron 10g Premium,STR-SAF-01,Ingredients,1,0.0,0.0,180.0,mada
2026-08-17,TX-B5_cash_constrained_restaurant-d00-000167,Khobar - Main Kitchen,Khobar,Saffron 10g Premium,STR-SAF-01,Ingredients,1,0.0,0.0,180.0,cash
2026-08-18,TX-B5_cash_constrained_restaurant-d00-000168,Khobar - Main Kitchen,Khobar,Saffron 10g Premium,STR-SAF-01,Ingredients,1,0.0,0.0,180.0,card
2026-08-19,TX-B5_cash_constrained_restaurant-d00-000169,Khobar - Main Kitchen,Khobar,Saffron 10g Premium,STR-SAF-01,Ingredients,1,0.0,0.0,180.0,mada
2026-08-20,TX-B5_cash_constrained_restaurant-d00-000170,Khobar - Main Kitchen,Khobar,Saffron 10g Premium,STR-SAF-01,Ingredients,1,0.0,0.0,180.0,mada
2026-08-23,TX-B5_cash_constrained_restaurant-d00-000171,Khobar - Main Kitchen,Khobar,Saffron 10g Premium,STR-SAF-01,Ingredients,1,0.0,0.0,180.0,mada
2026-08-24,TX-B5_cash_constrained_restaurant-d00-000172,Khobar - Main Kitchen,Khobar,Saffron 10g Premium,STR-SAF-01,Ingredients,1,0.0,0.0,180.0,mada
2026-08-25,TX-B5_cash_constrained_restaurant-d00-000173,Khobar - Main Kitchen,Khobar,Saffron 10g Premium,STR-SAF-01,Ingredients,1,0.0,0.0,180.0,mada
2026-08-26,TX-B5_cash_constrained_restaurant-d00-000174,Khobar - Main Kitchen,Khobar,Saffron 10g Premium,STR-SAF-01,Ingredients,1,0.0,0.0,180.0,cash
2026-01-05,TX-B5_cash_constrained_restaurant-d00-000175,Khobar - Main Kitchen,Khobar,Extra Virgin Olive Oil 5L,STR-OLV-02,Ingredients,1,0.0,0.0,95.0,cash
2026-01-06,TX-B5_cash_constrained_restaurant-d00-000176,Khobar - Main Kitchen,Khobar,Extra Virgin Olive Oil 5L,STR-OLV-02,Ingredients,1,0.0,0.0,95.0,mada
2026-01-07,TX-B5_cash_constrained_restaurant-d00-000177,Khobar - Main Kitchen,Khobar,Extra Virgin Olive Oil 5L,STR-OLV-02,Ingredients,1,0.0,0.0,95.0,mada
2026-01-08,TX-B5_cash_constrained_restaurant-d00-000178,Khobar - Main Kitchen,Khobar,Extra Virgin Olive Oil 5L,STR-OLV-02,Ingredients,1,0.0,0.0,95.0,card
2026-01-09,TX-B5_cash_constrained_restaurant-d00-000179,Khobar - Main Kitchen,Khobar,Extra Virgin Olive Oil 5L,STR-OLV-02,Ingredients,1,0.0,0.0,95.0,cash
2026-01-10,TX-B5_cash_constrained_restaurant-d00-000180,Khobar - Main Kitchen,Khobar,Extra Virgin Olive Oil 5L,STR-OLV-02,Ingredients,1,0.0,0.0,95.0,cash
2026-01-10,TX-B5_cash_constrained_restaurant-d00-000181,Khobar - Main Kitchen,Khobar,Extra Virgin Olive Oil 5L,STR-OLV-02,Ingredients,1,0.0,0.0,95.0,cash
2026-01-11,TX-B5_cash_constrained_restaurant-d00-000182,Khobar - Main Kitchen,Khobar,Extra Virgin Olive Oil 5L,STR-OLV-02,Ingredients,1,0.0,0.0,95.0,mada
2026-01-11,TX-B5_cash_constrained_restaurant-d00-000183,Khobar - Main Kitchen,Khobar,Extra Virgin Olive Oil 5L,STR-OLV-02,Ingredients,1,0.0,0.0,95.0,cash
2026-01-12,TX-B5_cash_constrained_restaurant-d00-000184,Khobar - Main Kitchen,Khobar,Extra Virgin Olive Oil 5L,STR-OLV-02,Ingredients,1,0.0,0.0,95.0,cash
2026-01-13,TX-B5_cash_constrained_restaurant-d00-000185,Khobar - Main Kitchen,Khobar,Extra Virgin Olive Oil 5L,STR-OLV-02,Ingredients,1,0.0,0.0,95.0,cash
2026-01-13,TX-B5_cash_constrained_restaurant-d00-000186,Khobar - Main Kitchen,Khobar,Extra Virgin Olive Oil 5L,STR-OLV-02,Ingredients,1,0.0,0.0,95.0,mada
2026-01-14,TX-B5_cash_constrained_restaurant-d00-000187,Khobar - Main Kitchen,Khobar,Extra Virgin Olive Oil 5L,STR-OLV-02,Ingredients,1,0.0,0.0,95.0,mada
2026-01-15,TX-B5_cash_constrained_restaurant-d00-000188,Khobar - Main Kitchen,Khobar,Extra Virgin Olive Oil 5L,STR-OLV-02,Ingredients,1,0.0,0.0,95.0,mada
2026-01-15,TX-B5_cash_constrained_restaurant-d00-000189,Khobar - Main Kitchen,Khobar,Extra Virgin Olive Oil 5L,STR-OLV-02,Ingredients,1,0.0,0.0,95.0,cash
2026-01-16,TX-B5_cash_constrained_restaurant-d00-000190,Khobar - Main Kitchen,Khobar,Extra Virgin Olive Oil 5L,STR-OLV-02,Ingredients,1,0.0,0.0,95.0,card
2026-01-17,TX-B5_cash_constrained_restaurant-d00-000191,Khobar - Main Kitchen,Khobar,Extra Virgin Olive Oil 5L,STR-OLV-02,Ingredients,1,0.0,0.0,95.0,cash
2026-01-17,TX-B5_cash_constrained_restaurant-d00-000192,Khobar - Main Kitchen,Khobar,Extra Virgin Olive Oil 5L,STR-OLV-02,Ingredients,1,0.0,0.0,95.0,cash
2026-01-18,TX-B5_cash_constrained_restaurant-d00-000193,Khobar - Main Kitchen,Khobar,Extra Virgin Olive Oil 5L,STR-OLV-02,Ingredients,1,0.0,0.0,95.0,card
2026-01-18,TX-B5_cash_constrained_restaurant-d00-000194,Khobar - Main Kitchen,Khobar,Extra Virgin Olive Oil 5L,STR-OLV-02,Ingredients,1,0.0,0.0,95.0,card
2026-01-19,TX-B5_cash_constrained_restaurant-d00-000195,Khobar - Main Kitchen,Khobar,Extra Virgin Olive Oil 5L,STR-OLV-02,Ingredients,1,0.0,0.0,95.0,card
2026-01-19,TX-B5_cash_constrained_restaurant-d00-000196,Khobar - Main Kitchen,Khobar,Extra Virgin Olive Oil 5L,STR-OLV-02,Ingredients,1,0.0,0.0,95.0,cash
2026-01-20,TX-B5_cash_constrained_restaurant-d00-000197,Khobar - Main Kitchen,Khobar,Extra Virgin Olive Oil 5L,STR-OLV-02,Ingredients,1,0.0,0.0,95.0,cash
2026-01-20,TX-B5_cash_constrained_restaurant-d00-000198,Khobar - Main Kitchen,Khobar,Extra Virgin Olive Oil 5L,STR-OLV-02,Ingredients,1,0.0,0.0,95.0,cash
2026-01-21,TX-B5_cash_constrained_restaurant-d00-000199,Khobar - Main Kitchen,Khobar,Extra Virgin Olive Oil 5L,STR-OLV-02,Ingredients,1,0.0,0.0,95.0,cash
2026-01-22,TX-B5_cash_constrained_restaurant-d00-000200,Khobar - Main Kitchen,Khobar,Extra Virgin Olive Oil 5L,STR-OLV-02,Ingredients,1,0.0,0.0,95.0,card
2026-01-22,TX-B5_cash_constrained_restaurant-d00-000201,Khobar - Main Kitchen,Khobar,Extra Virgin Olive Oil 5L,STR-OLV-02,Ingredients,1,0.0,0.0,95.0,cash
2026-01-23,TX-B5_cash_constrained_restaurant-d00-000202,Khobar - Main Kitchen,Khobar,Extra Virgin Olive Oil 5L,STR-OLV-02,Ingredients,1,0.0,0.0,95.0,mada
2026-01-24,TX-B5_cash_constrained_restaurant-d00-000203,Khobar - Main Kitchen,Khobar,Extra Virgin Olive Oil 5L,STR-OLV-02,Ingredients,1,0.0,0.0,95.0,cash
2026-01-25,TX-B5_cash_constrained_restaurant-d00-000204,Khobar - Main Kitchen,Khobar,Extra Virgin Olive Oil 5L,STR-OLV-02,Ingredients,1,0.0,0.0,95.0,card
2026-01-26,TX-B5_cash_constrained_restaurant-d00-000205,Khobar - Main Kitchen,Khobar,Extra Virgin Olive Oil 5L,STR-OLV-02,Ingredients,1,0.0,0.0,95.0,mada
2026-01-26,TX-B5_cash_constrained_restaurant-d00-000206,Khobar - Main Kitchen,Khobar,Extra Virgin Olive Oil 5L,STR-OLV-02,Ingredients,1,0.0,0.0,95.0,cash
2026-01-27,TX-B5_cash_constrained_restaurant-d00-000207,Khobar - Main Kitchen,Khobar,Extra Virgin Olive Oil 5L,STR-OLV-02,Ingredients,1,0.0,0.0,95.0,card
2026-01-27,TX-B5_cash_constrained_restaurant-d00-000208,Khobar - Main Kitchen,Khobar,Extra Virgin Olive Oil 5L,STR-OLV-02,Ingredients,1,0.0,0.0,95.0,card
2026-01-28,TX-B5_cash_constrained_restaurant-d00-000209,Khobar - Main Kitchen,Khobar,Extra Virgin Olive Oil 5L,STR-OLV-02,Ingredients,1,0.0,0.0,95.0,mada
2026-01-29,TX-B5_cash_constrained_restaurant-d00-000210,Khobar - Main Kitchen,Khobar,Extra Virgin Olive Oil 5L,STR-OLV-02,Ingredients,1,0.0,0.0,95.0,card
2026-01-30,TX-B5_cash_constrained_restaurant-d00-000211,Khobar - Main Kitchen,Khobar,Extra Virgin Olive Oil 5L,STR-OLV-02,Ingredients,1,0.0,0.0,95.0,card
2026-01-31,TX-B5_cash_constrained_restaurant-d00-000212,Khobar - Main Kitchen,Khobar,Extra Virgin Olive Oil 5L,STR-OLV-02,Ingredients,1,0.0,0.0,95.0,cash
2026-02-01,TX-B5_cash_constrained_restaurant-d00-000213,Khobar - Main Kitchen,Khobar,Extra Virgin Olive Oil 5L,STR-OLV-02,Ingredients,1,0.0,0.0,95.0,mada
2026-02-02,TX-B5_cash_constrained_restaurant-d00-000214,Khobar - Main Kitchen,Khobar,Extra Virgin Olive Oil 5L,STR-OLV-02,Ingredients,1,0.0,0.0,95.0,cash
2026-02-03,TX-B5_cash_constrained_restaurant-d00-000215,Khobar - Main Kitchen,Khobar,Extra Virgin Olive Oil 5L,STR-OLV-02,Ingredients,1,0.0,0.0,95.0,cash
2026-02-04,TX-B5_cash_constrained_restaurant-d00-000216,Khobar - Main Kitchen,Khobar,Extra Virgin Olive Oil 5L,STR-OLV-02,Ingredients,1,0.0,0.0,95.0,card
2026-02-05,TX-B5_cash_constrained_restaurant-d00-000217,Khobar - Main Kitchen,Khobar,Extra Virgin Olive Oil 5L,STR-OLV-02,Ingredients,1,0.0,0.0,95.0,card
2026-02-06,TX-B5_cash_constrained_restaurant-d00-000218,Khobar - Main Kitchen,Khobar,Extra Virgin Olive Oil 5L,STR-OLV-02,Ingredients,1,0.0,0.0,95.0,mada
2026-02-07,TX-B5_cash_constrained_restaurant-d00-000219,Khobar - Main Kitchen,Khobar,Extra Virgin Olive Oil 5L,STR-OLV-02,Ingredients,1,0.0,0.0,95.0,mada
2026-02-08,TX-B5_cash_constrained_restaurant-d00-000220,Khobar - Main Kitchen,Khobar,Extra Virgin Olive Oil 5L,STR-OLV-02,Ingredients,1,0.0,0.0,95.0,card
2026-02-09,TX-B5_cash_constrained_restaurant-d00-000221,Khobar - Main Kitchen,Khobar,Extra Virgin Olive Oil 5L,STR-OLV-02,Ingredients,1,0.0,0.0,95.0,card
2026-02-09,TX-B5_cash_constrained_restaurant-d00-000222,Khobar - Main Kitchen,Khobar,Extra Virgin Olive Oil 5L,STR-OLV-02,Ingredients,1,0.0,0.0,95.0,cash
2026-02-10,TX-B5_cash_constrained_restaurant-d00-000223,Khobar - Main Kitchen,Khobar,Extra Virgin Olive Oil 5L,STR-OLV-02,Ingredients,1,0.0,0.0,95.0,mada
2026-02-11,TX-B5_cash_constrained_restaurant-d00-000224,Khobar - Main Kitchen,Khobar,Extra Virgin Olive Oil 5L,STR-OLV-02,Ingredients,1,0.0,0.0,95.0,cash
2026-02-11,TX-B5_cash_constrained_restaurant-d00-000225,Khobar - Main Kitchen,Khobar,Extra Virgin Olive Oil 5L,STR-OLV-02,Ingredients,1,0.0,0.0,95.0,mada
2026-02-12,TX-B5_cash_constrained_restaurant-d00-000226,Khobar - Main Kitchen,Khobar,Extra Virgin Olive Oil 5L,STR-OLV-02,Ingredients,1,0.0,0.0,95.0,mada
2026-02-13,TX-B5_cash_constrained_restaurant-d00-000227,Khobar - Main Kitchen,Khobar,Extra Virgin Olive Oil 5L,STR-OLV-02,Ingredients,1,0.0,0.0,95.0,mada
2026-02-14,TX-B5_cash_constrained_restaurant-d00-000228,Khobar - Main Kitchen,Khobar,Extra Virgin Olive Oil 5L,STR-OLV-02,Ingredients,1,0.0,0.0,95.0,mada
2026-02-14,TX-B5_cash_constrained_restaurant-d00-000229,Khobar - Main Kitchen,Khobar,Extra Virgin Olive Oil 5L,STR-OLV-02,Ingredients,1,0.0,0.0,95.0,cash
2026-02-15,TX-B5_cash_constrained_restaurant-d00-000230,Khobar - Main Kitchen,Khobar,Extra Virgin Olive Oil 5L,STR-OLV-02,Ingredients,1,0.0,0.0,95.0,mada
2026-02-15,TX-B5_cash_constrained_restaurant-d00-000231,Khobar - Main Kitchen,Khobar,Extra Virgin Olive Oil 5L,STR-OLV-02,Ingredients,1,0.0,0.0,95.0,cash
2026-02-16,TX-B5_cash_constrained_restaurant-d00-000232,Khobar - Main Kitchen,Khobar,Extra Virgin Olive Oil 5L,STR-OLV-02,Ingredients,1,0.0,0.0,95.0,cash
2026-02-17,TX-B5_cash_constrained_restaurant-d00-000233,Khobar - Main Kitchen,Khobar,Extra Virgin Olive Oil 5L,STR-OLV-02,Ingredients,1,0.0,0.0,95.0,mada
2026-02-17,TX-B5_cash_constrained_restaurant-d00-000234,Khobar - Main Kitchen,Khobar,Extra Virgin Olive Oil 5L,STR-OLV-02,Ingredients,1,0.0,0.0,95.0,mada
2026-02-18,TX-B5_cash_constrained_restaurant-d00-000235,Khobar - Main Kitchen,Khobar,Extra Virgin Olive Oil 5L,STR-OLV-02,Ingredients,1,0.0,0.0,95.0,card
2026-02-19,TX-B5_cash_constrained_restaurant-d00-000236,Khobar - Main Kitchen,Khobar,Extra Virgin Olive Oil 5L,STR-OLV-02,Ingredients,1,0.0,0.0,95.0,mada
2026-02-20,TX-B5_cash_constrained_restaurant-d00-000237,Khobar - Main Kitchen,Khobar,Extra Virgin Olive Oil 5L,STR-OLV-02,Ingredients,1,0.0,0.0,95.0,mada
2026-02-20,TX-B5_cash_constrained_restaurant-d00-000238,Khobar - Main Kitchen,Khobar,Extra Virgin Olive Oil 5L,STR-OLV-02,Ingredients,1,0.0,0.0,95.0,mada
2026-02-21,TX-B5_cash_constrained_restaurant-d00-000239,Khobar - Main Kitchen,Khobar,Extra Virgin Olive Oil 5L,STR-OLV-02,Ingredients,1,0.0,0.0,95.0,cash
2026-02-22,TX-B5_cash_constrained_restaurant-d00-000240,Khobar - Main Kitchen,Khobar,Extra Virgin Olive Oil 5L,STR-OLV-02,Ingredients,1,0.0,0.0,95.0,card
2026-02-22,TX-B5_cash_constrained_restaurant-d00-000241,Khobar - Main Kitchen,Khobar,Extra Virgin Olive Oil 5L,STR-OLV-02,Ingredients,1,0.0,0.0,95.0,cash
2026-02-23,TX-B5_cash_constrained_restaurant-d00-000242,Khobar - Main Kitchen,Khobar,Extra Virgin Olive Oil 5L,STR-OLV-02,Ingredients,1,0.0,0.0,95.0,cash
2026-02-24,TX-B5_cash_constrained_restaurant-d00-000243,Khobar - Main Kitchen,Khobar,Extra Virgin Olive Oil 5L,STR-OLV-02,Ingredients,1,0.0,0.0,95.0,card
2026-02-24,TX-B5_cash_constrained_restaurant-d00-000244,Khobar - Main Kitchen,Khobar,Extra Virgin Olive Oil 5L,STR-OLV-02,Ingredients,1,0.0,0.0,95.0,card
2026-02-25,TX-B5_cash_constrained_restaurant-d00-000245,Khobar - Main Kitchen,Khobar,Extra Virgin Olive Oil 5L,STR-OLV-02,Ingredients,1,0.0,0.0,95.0,card
2026-02-25,TX-B5_cash_constrained_restaurant-d00-000246,Khobar - Main Kitchen,Khobar,Extra Virgin Olive Oil 5L,STR-OLV-02,Ingredients,1,0.0,0.0,95.0,cash
2026-02-26,TX-B5_cash_constrained_restaurant-d00-000247,Khobar - Main Kitchen,Khobar,Extra Virgin Olive Oil 5L,STR-OLV-02,Ingredients,1,0.0,0.0,95.0,mada
2026-02-27,TX-B5_cash_constrained_restaurant-d00-000248,Khobar - Main Kitchen,Khobar,Extra Virgin Olive Oil 5L,STR-OLV-02,Ingredients,1,0.0,0.0,95.0,mada
2026-02-27,TX-B5_cash_constrained_restaurant-d00-000249,Khobar - Main Kitchen,Khobar,Extra Virgin Olive Oil 5L,STR-OLV-02,Ingredients,1,0.0,0.0,95.0,mada
2026-02-28,TX-B5_cash_constrained_restaurant-d00-000250,Khobar - Main Kitchen,Khobar,Extra Virgin Olive Oil 5L,STR-OLV-02,Ingredients,1,0.0,0.0,95.0,cash
2026-03-01,TX-B5_cash_constrained_restaurant-d00-000251,Khobar - Main Kitchen,Khobar,Extra Virgin Olive Oil 5L,STR-OLV-02,Ingredients,1,0.0,0.0,95.0,cash
2026-03-01,TX-B5_cash_constrained_restaurant-d00-000252,Khobar - Main Kitchen,Khobar,Extra Virgin Olive Oil 5L,STR-OLV-02,Ingredients,1,0.0,0.0,95.0,mada
2026-03-02,TX-B5_cash_constrained_restaurant-d00-000253,Khobar - Main Kitchen,Khobar,Extra Virgin Olive Oil 5L,STR-OLV-02,Ingredients,1,0.0,0.0,95.0,card
2026-03-02,TX-B5_cash_constrained_restaurant-d00-000254,Khobar - Main Kitchen,Khobar,Extra Virgin Olive Oil 5L,STR-OLV-02,Ingredients,1,0.0,0.0,95.0,cash
2026-03-03,TX-B5_cash_constrained_restaurant-d00-000255,Khobar - Main Kitchen,Khobar,Extra Virgin Olive Oil 5L,STR-OLV-02,Ingredients,1,0.0,0.0,95.0,cash
2026-03-03,TX-B5_cash_constrained_restaurant-d00-000256,Khobar - Main Kitchen,Khobar,Extra Virgin Olive Oil 5L,STR-OLV-02,Ingredients,1,0.0,0.0,95.0,mada
2026-03-04,TX-B5_cash_constrained_restaurant-d00-000257,Khobar - Main Kitchen,Khobar,Extra Virgin Olive Oil 5L,STR-OLV-02,Ingredients,1,0.0,0.0,95.0,cash
2026-03-05,TX-B5_cash_constrained_restaurant-d00-000258,Khobar - Main Kitchen,Khobar,Extra Virgin Olive Oil 5L,STR-OLV-02,Ingredients,1,0.0,0.0,95.0,card
2026-03-06,TX-B5_cash_constrained_restaurant-d00-000259,Khobar - Main Kitchen,Khobar,Extra Virgin Olive Oil 5L,STR-OLV-02,Ingredients,1,0.0,0.0,95.0,card
2026-03-07,TX-B5_cash_constrained_restaurant-d00-000260,Khobar - Main Kitchen,Khobar,Extra Virgin Olive Oil 5L,STR-OLV-02,Ingredients,1,0.0,0.0,95.0,mada
2026-03-08,TX-B5_cash_constrained_restaurant-d00-000261,Khobar - Main Kitchen,Khobar,Extra Virgin Olive Oil 5L,STR-OLV-02,Ingredients,1,0.0,0.0,95.0,mada
2026-03-08,TX-B5_cash_constrained_restaurant-d00-000262,Khobar - Main Kitchen,Khobar,Extra Virgin Olive Oil 5L,STR-OLV-02,Ingredients,1,0.0,0.0,95.0,mada
2026-03-09,TX-B5_cash_constrained_restaurant-d00-000263,Khobar - Main Kitchen,Khobar,Extra Virgin Olive Oil 5L,STR-OLV-02,Ingredients,1,0.0,0.0,95.0,cash
2026-03-10,TX-B5_cash_constrained_restaurant-d00-000264,Khobar - Main Kitchen,Khobar,Extra Virgin Olive Oil 5L,STR-OLV-02,Ingredients,1,0.0,0.0,95.0,card
2026-03-11,TX-B5_cash_constrained_restaurant-d00-000265,Khobar - Main Kitchen,Khobar,Extra Virgin Olive Oil 5L,STR-OLV-02,Ingredients,1,0.0,0.0,95.0,cash
2026-03-12,TX-B5_cash_constrained_restaurant-d00-000266,Khobar - Main Kitchen,Khobar,Extra Virgin Olive Oil 5L,STR-OLV-02,Ingredients,1,0.0,0.0,95.0,mada
2026-03-12,TX-B5_cash_constrained_restaurant-d00-000267,Khobar - Main Kitchen,Khobar,Extra Virgin Olive Oil 5L,STR-OLV-02,Ingredients,1,0.0,0.0,95.0,cash
2026-03-13,TX-B5_cash_constrained_restaurant-d00-000268,Khobar - Main Kitchen,Khobar,Extra Virgin Olive Oil 5L,STR-OLV-02,Ingredients,1,0.0,0.0,95.0,card
2026-03-13,TX-B5_cash_constrained_restaurant-d00-000269,Khobar - Main Kitchen,Khobar,Extra Virgin Olive Oil 5L,STR-OLV-02,Ingredients,1,0.0,0.0,95.0,card
2026-03-14,TX-B5_cash_constrained_restaurant-d00-000270,Khobar - Main Kitchen,Khobar,Extra Virgin Olive Oil 5L,STR-OLV-02,Ingredients,1,0.0,0.0,95.0,card
2026-03-15,TX-B5_cash_constrained_restaurant-d00-000271,Khobar - Main Kitchen,Khobar,Extra Virgin Olive Oil 5L,STR-OLV-02,Ingredients,1,0.0,0.0,95.0,mada
2026-03-15,TX-B5_cash_constrained_restaurant-d00-000272,Khobar - Main Kitchen,Khobar,Extra Virgin Olive Oil 5L,STR-OLV-02,Ingredients,1,0.0,0.0,95.0,card
2026-03-16,TX-B5_cash_constrained_restaurant-d00-000273,Khobar - Main Kitchen,Khobar,Extra Virgin Olive Oil 5L,STR-OLV-02,Ingredients,1,0.0,0.0,95.0,mada
2026-03-17,TX-B5_cash_constrained_restaurant-d00-000274,Khobar - Main Kitchen,Khobar,Extra Virgin Olive Oil 5L,STR-OLV-02,Ingredients,1,0.0,0.0,95.0,mada
2026-03-18,TX-B5_cash_constrained_restaurant-d00-000275,Khobar - Main Kitchen,Khobar,Extra Virgin Olive Oil 5L,STR-OLV-02,Ingredients,1,0.0,0.0,95.0,cash
2026-03-19,TX-B5_cash_constrained_restaurant-d00-000276,Khobar - Main Kitchen,Khobar,Extra Virgin Olive Oil 5L,STR-OLV-02,Ingredients,1,0.0,0.0,95.0,card
2026-03-19,TX-B5_cash_constrained_restaurant-d00-000277,Khobar - Main Kitchen,Khobar,Extra Virgin Olive Oil 5L,STR-OLV-02,Ingredients,1,0.0,0.0,95.0,card
2026-03-20,TX-B5_cash_constrained_restaurant-d00-000278,Khobar - Main Kitchen,Khobar,Extra Virgin Olive Oil 5L,STR-OLV-02,Ingredients,1,0.0,0.0,95.0,mada
2026-03-21,TX-B5_cash_constrained_restaurant-d00-000279,Khobar - Main Kitchen,Khobar,Extra Virgin Olive Oil 5L,STR-OLV-02,Ingredients,1,0.0,0.0,95.0,cash
2026-03-22,TX-B5_cash_constrained_restaurant-d00-000280,Khobar - Main Kitchen,Khobar,Extra Virgin Olive Oil 5L,STR-OLV-02,Ingredients,1,0.0,0.0,95.0,card
2026-03-23,TX-B5_cash_constrained_restaurant-d00-000281,Khobar - Main Kitchen,Khobar,Extra Virgin Olive Oil 5L,STR-OLV-02,Ingredients,1,0.0,0.0,95.0,card
2026-03-23,TX-B5_cash_constrained_restaurant-d00-000282,Khobar - Main Kitchen,Khobar,Extra Virgin Olive Oil 5L,STR-OLV-02,Ingredients,1,0.0,0.0,95.0,cash
2026-03-24,TX-B5_cash_constrained_restaurant-d00-000283,Khobar - Main Kitchen,Khobar,Extra Virgin Olive Oil 5L,STR-OLV-02,Ingredients,1,0.0,0.0,95.0,mada
2026-03-24,TX-B5_cash_constrained_restaurant-d00-000284,Khobar - Main Kitchen,Khobar,Extra Virgin Olive Oil 5L,STR-OLV-02,Ingredients,1,0.0,0.0,95.0,card
2026-03-25,TX-B5_cash_constrained_restaurant-d00-000285,Khobar - Main Kitchen,Khobar,Extra Virgin Olive Oil 5L,STR-OLV-02,Ingredients,1,0.0,0.0,95.0,cash
2026-03-26,TX-B5_cash_constrained_restaurant-d00-000286,Khobar - Main Kitchen,Khobar,Extra Virgin Olive Oil 5L,STR-OLV-02,Ingredients,1,0.0,0.0,95.0,cash
2026-03-27,TX-B5_cash_constrained_restaurant-d00-000287,Khobar - Main Kitchen,Khobar,Extra Virgin Olive Oil 5L,STR-OLV-02,Ingredients,1,0.0,0.0,95.0,card
2026-03-28,TX-B5_cash_constrained_restaurant-d00-000288,Khobar - Main Kitchen,Khobar,Extra Virgin Olive Oil 5L,STR-OLV-02,Ingredients,1,0.0,0.0,95.0,cash
2026-03-28,TX-B5_cash_constrained_restaurant-d00-000289,Khobar - Main Kitchen,Khobar,Extra Virgin Olive Oil 5L,STR-OLV-02,Ingredients,1,0.0,0.0,95.0,cash
2026-03-29,TX-B5_cash_constrained_restaurant-d00-000290,Khobar - Main Kitchen,Khobar,Extra Virgin Olive Oil 5L,STR-OLV-02,Ingredients,1,0.0,0.0,95.0,cash
2026-03-29,TX-B5_cash_constrained_restaurant-d00-000291,Khobar - Main Kitchen,Khobar,Extra Virgin Olive Oil 5L,STR-OLV-02,Ingredients,1,0.0,0.0,95.0,card
2026-03-30,TX-B5_cash_constrained_restaurant-d00-000292,Khobar - Main Kitchen,Khobar,Extra Virgin Olive Oil 5L,STR-OLV-02,Ingredients,1,0.0,0.0,95.0,mada
2026-03-30,TX-B5_cash_constrained_restaurant-d00-000293,Khobar - Main Kitchen,Khobar,Extra Virgin Olive Oil 5L,STR-OLV-02,Ingredients,1,0.0,0.0,95.0,cash
2026-03-31,TX-B5_cash_constrained_restaurant-d00-000294,Khobar - Main Kitchen,Khobar,Extra Virgin Olive Oil 5L,STR-OLV-02,Ingredients,1,0.0,0.0,95.0,cash
2026-03-31,TX-B5_cash_constrained_restaurant-d00-000295,Khobar - Main Kitchen,Khobar,Extra Virgin Olive Oil 5L,STR-OLV-02,Ingredients,1,0.0,0.0,95.0,mada
2026-04-01,TX-B5_cash_constrained_restaurant-d00-000296,Khobar - Main Kitchen,Khobar,Extra Virgin Olive Oil 5L,STR-OLV-02,Ingredients,1,0.0,0.0,95.0,cash
2026-04-02,TX-B5_cash_constrained_restaurant-d00-000297,Khobar - Main Kitchen,Khobar,Extra Virgin Olive Oil 5L,STR-OLV-02,Ingredients,1,0.0,0.0,95.0,card
2026-04-03,TX-B5_cash_constrained_restaurant-d00-000298,Khobar - Main Kitchen,Khobar,Extra Virgin Olive Oil 5L,STR-OLV-02,Ingredients,1,0.0,0.0,95.0,mada
2026-04-04,TX-B5_cash_constrained_restaurant-d00-000299,Khobar - Main Kitchen,Khobar,Extra Virgin Olive Oil 5L,STR-OLV-02,Ingredients,1,0.0,0.0,95.0,cash
2026-04-04,TX-B5_cash_constrained_restaurant-d00-000300,Khobar - Main Kitchen,Khobar,Extra Virgin Olive Oil 5L,STR-OLV-02,Ingredients,1,0.0,0.0,95.0,card
2026-04-05,TX-B5_cash_constrained_restaurant-d00-000301,Khobar - Main Kitchen,Khobar,Extra Virgin Olive Oil 5L,STR-OLV-02,Ingredients,1,0.0,0.0,95.0,cash
2026-04-06,TX-B5_cash_constrained_restaurant-d00-000302,Khobar - Main Kitchen,Khobar,Extra Virgin Olive Oil 5L,STR-OLV-02,Ingredients,1,0.0,0.0,95.0,mada
2026-04-07,TX-B5_cash_constrained_restaurant-d00-000303,Khobar - Main Kitchen,Khobar,Extra Virgin Olive Oil 5L,STR-OLV-02,Ingredients,1,0.0,0.0,95.0,card
2026-04-08,TX-B5_cash_constrained_restaurant-d00-000304,Khobar - Main Kitchen,Khobar,Extra Virgin Olive Oil 5L,STR-OLV-02,Ingredients,1,0.0,0.0,95.0,card
2026-04-08,TX-B5_cash_constrained_restaurant-d00-000305,Khobar - Main Kitchen,Khobar,Extra Virgin Olive Oil 5L,STR-OLV-02,Ingredients,1,0.0,0.0,95.0,mada
2026-04-09,TX-B5_cash_constrained_restaurant-d00-000306,Khobar - Main Kitchen,Khobar,Extra Virgin Olive Oil 5L,STR-OLV-02,Ingredients,1,0.0,0.0,95.0,mada
2026-04-09,TX-B5_cash_constrained_restaurant-d00-000307,Khobar - Main Kitchen,Khobar,Extra Virgin Olive Oil 5L,STR-OLV-02,Ingredients,1,0.0,0.0,95.0,mada
2026-04-10,TX-B5_cash_constrained_restaurant-d00-000308,Khobar - Main Kitchen,Khobar,Extra Virgin Olive Oil 5L,STR-OLV-02,Ingredients,1,0.0,0.0,95.0,cash
2026-04-10,TX-B5_cash_constrained_restaurant-d00-000309,Khobar - Main Kitchen,Khobar,Extra Virgin Olive Oil 5L,STR-OLV-02,Ingredients,1,0.0,0.0,95.0,card
2026-04-11,TX-B5_cash_constrained_restaurant-d00-000310,Khobar - Main Kitchen,Khobar,Extra Virgin Olive Oil 5L,STR-OLV-02,Ingredients,1,0.0,0.0,95.0,cash
2026-04-12,TX-B5_cash_constrained_restaurant-d00-000311,Khobar - Main Kitchen,Khobar,Extra Virgin Olive Oil 5L,STR-OLV-02,Ingredients,1,0.0,0.0,95.0,cash
2026-04-12,TX-B5_cash_constrained_restaurant-d00-000312,Khobar - Main Kitchen,Khobar,Extra Virgin Olive Oil 5L,STR-OLV-02,Ingredients,1,0.0,0.0,95.0,card
2026-04-13,TX-B5_cash_constrained_restaurant-d00-000313,Khobar - Main Kitchen,Khobar,Extra Virgin Olive Oil 5L,STR-OLV-02,Ingredients,1,0.0,0.0,95.0,cash
2026-04-14,TX-B5_cash_constrained_restaurant-d00-000314,Khobar - Main Kitchen,Khobar,Extra Virgin Olive Oil 5L,STR-OLV-02,Ingredients,1,0.0,0.0,95.0,card
2026-04-15,TX-B5_cash_constrained_restaurant-d00-000315,Khobar - Main Kitchen,Khobar,Extra Virgin Olive Oil 5L,STR-OLV-02,Ingredients,1,0.0,0.0,95.0,cash
2026-04-16,TX-B5_cash_constrained_restaurant-d00-000316,Khobar - Main Kitchen,Khobar,Extra Virgin Olive Oil 5L,STR-OLV-02,Ingredients,1,0.0,0.0,95.0,card
2026-04-17,TX-B5_cash_constrained_restaurant-d00-000317,Khobar - Main Kitchen,Khobar,Extra Virgin Olive Oil 5L,STR-OLV-02,Ingredients,1,0.0,0.0,95.0,card
2026-04-18,TX-B5_cash_constrained_restaurant-d00-000318,Khobar - Main Kitchen,Khobar,Extra Virgin Olive Oil 5L,STR-OLV-02,Ingredients,1,0.0,0.0,95.0,card
2026-04-18,TX-B5_cash_constrained_restaurant-d00-000319,Khobar - Main Kitchen,Khobar,Extra Virgin Olive Oil 5L,STR-OLV-02,Ingredients,1,0.0,0.0,95.0,mada
2026-04-19,TX-B5_cash_constrained_restaurant-d00-000320,Khobar - Main Kitchen,Khobar,Extra Virgin Olive Oil 5L,STR-OLV-02,Ingredients,1,0.0,0.0,95.0,mada
2026-04-20,TX-B5_cash_constrained_restaurant-d00-000321,Khobar - Main Kitchen,Khobar,Extra Virgin Olive Oil 5L,STR-OLV-02,Ingredients,1,0.0,0.0,95.0,cash
2026-04-21,TX-B5_cash_constrained_restaurant-d00-000322,Khobar - Main Kitchen,Khobar,Extra Virgin Olive Oil 5L,STR-OLV-02,Ingredients,1,0.0,0.0,95.0,mada
2026-04-22,TX-B5_cash_constrained_restaurant-d00-000323,Khobar - Main Kitchen,Khobar,Extra Virgin Olive Oil 5L,STR-OLV-02,Ingredients,1,0.0,0.0,95.0,mada
2026-04-23,TX-B5_cash_constrained_restaurant-d00-000324,Khobar - Main Kitchen,Khobar,Extra Virgin Olive Oil 5L,STR-OLV-02,Ingredients,1,0.0,0.0,95.0,card
2026-04-23,TX-B5_cash_constrained_restaurant-d00-000325,Khobar - Main Kitchen,Khobar,Extra Virgin Olive Oil 5L,STR-OLV-02,Ingredients,1,0.0,0.0,95.0,mada
2026-04-24,TX-B5_cash_constrained_restaurant-d00-000326,Khobar - Main Kitchen,Khobar,Extra Virgin Olive Oil 5L,STR-OLV-02,Ingredients,1,0.0,0.0,95.0,card
2026-04-25,TX-B5_cash_constrained_restaurant-d00-000327,Khobar - Main Kitchen,Khobar,Extra Virgin Olive Oil 5L,STR-OLV-02,Ingredients,1,0.0,0.0,95.0,mada
2026-04-26,TX-B5_cash_constrained_restaurant-d00-000328,Khobar - Main Kitchen,Khobar,Extra Virgin Olive Oil 5L,STR-OLV-02,Ingredients,1,0.0,0.0,95.0,card
2026-04-26,TX-B5_cash_constrained_restaurant-d00-000329,Khobar - Main Kitchen,Khobar,Extra Virgin Olive Oil 5L,STR-OLV-02,Ingredients,1,0.0,0.0,95.0,card
2026-04-27,TX-B5_cash_constrained_restaurant-d00-000330,Khobar - Main Kitchen,Khobar,Extra Virgin Olive Oil 5L,STR-OLV-02,Ingredients,1,0.0,0.0,95.0,mada
2026-04-28,TX-B5_cash_constrained_restaurant-d00-000331,Khobar - Main Kitchen,Khobar,Extra Virgin Olive Oil 5L,STR-OLV-02,Ingredients,1,0.0,0.0,95.0,card
2026-04-29,TX-B5_cash_constrained_restaurant-d00-000332,Khobar - Main Kitchen,Khobar,Extra Virgin Olive Oil 5L,STR-OLV-02,Ingredients,1,0.0,0.0,95.0,card
2026-04-29,TX-B5_cash_constrained_restaurant-d00-000333,Khobar - Main Kitchen,Khobar,Extra Virgin Olive Oil 5L,STR-OLV-02,Ingredients,1,0.0,0.0,95.0,mada
2026-04-30,TX-B5_cash_constrained_restaurant-d00-000334,Khobar - Main Kitchen,Khobar,Extra Virgin Olive Oil 5L,STR-OLV-02,Ingredients,1,0.0,0.0,95.0,card
2026-05-01,TX-B5_cash_constrained_restaurant-d00-000335,Khobar - Main Kitchen,Khobar,Extra Virgin Olive Oil 5L,STR-OLV-02,Ingredients,1,0.0,0.0,95.0,mada
2026-05-01,TX-B5_cash_constrained_restaurant-d00-000336,Khobar - Main Kitchen,Khobar,Extra Virgin Olive Oil 5L,STR-OLV-02,Ingredients,1,0.0,0.0,95.0,cash
2026-05-02,TX-B5_cash_constrained_restaurant-d00-000337,Khobar - Main Kitchen,Khobar,Extra Virgin Olive Oil 5L,STR-OLV-02,Ingredients,1,0.0,0.0,95.0,card
2026-05-03,TX-B5_cash_constrained_restaurant-d00-000338,Khobar - Main Kitchen,Khobar,Extra Virgin Olive Oil 5L,STR-OLV-02,Ingredients,1,0.0,0.0,95.0,mada
2026-05-03,TX-B5_cash_constrained_restaurant-d00-000339,Khobar - Main Kitchen,Khobar,Extra Virgin Olive Oil 5L,STR-OLV-02,Ingredients,1,0.0,0.0,95.0,card
2026-05-04,TX-B5_cash_constrained_restaurant-d00-000340,Khobar - Main Kitchen,Khobar,Extra Virgin Olive Oil 5L,STR-OLV-02,Ingredients,1,0.0,0.0,95.0,cash
2026-05-05,TX-B5_cash_constrained_restaurant-d00-000341,Khobar - Main Kitchen,Khobar,Extra Virgin Olive Oil 5L,STR-OLV-02,Ingredients,1,0.0,0.0,95.0,card
2026-05-06,TX-B5_cash_constrained_restaurant-d00-000342,Khobar - Main Kitchen,Khobar,Extra Virgin Olive Oil 5L,STR-OLV-02,Ingredients,1,0.0,0.0,95.0,cash
2026-05-06,TX-B5_cash_constrained_restaurant-d00-000343,Khobar - Main Kitchen,Khobar,Extra Virgin Olive Oil 5L,STR-OLV-02,Ingredients,1,0.0,0.0,95.0,card
2026-05-07,TX-B5_cash_constrained_restaurant-d00-000344,Khobar - Main Kitchen,Khobar,Extra Virgin Olive Oil 5L,STR-OLV-02,Ingredients,1,0.0,0.0,95.0,card
2026-05-08,TX-B5_cash_constrained_restaurant-d00-000345,Khobar - Main Kitchen,Khobar,Extra Virgin Olive Oil 5L,STR-OLV-02,Ingredients,1,0.0,0.0,95.0,cash
2026-05-08,TX-B5_cash_constrained_restaurant-d00-000346,Khobar - Main Kitchen,Khobar,Extra Virgin Olive Oil 5L,STR-OLV-02,Ingredients,1,0.0,0.0,95.0,cash
2026-05-09,TX-B5_cash_constrained_restaurant-d00-000347,Khobar - Main Kitchen,Khobar,Extra Virgin Olive Oil 5L,STR-OLV-02,Ingredients,1,0.0,0.0,95.0,cash
2026-05-09,TX-B5_cash_constrained_restaurant-d00-000348,Khobar - Main Kitchen,Khobar,Extra Virgin Olive Oil 5L,STR-OLV-02,Ingredients,1,0.0,0.0,95.0,cash
2026-05-10,TX-B5_cash_constrained_restaurant-d00-000349,Khobar - Main Kitchen,Khobar,Extra Virgin Olive Oil 5L,STR-OLV-02,Ingredients,1,0.0,0.0,95.0,cash
2026-05-10,TX-B5_cash_constrained_restaurant-d00-000350,Khobar - Main Kitchen,Khobar,Extra Virgin Olive Oil 5L,STR-OLV-02,Ingredients,1,0.0,0.0,95.0,mada
2026-05-11,TX-B5_cash_constrained_restaurant-d00-000351,Khobar - Main Kitchen,Khobar,Extra Virgin Olive Oil 5L,STR-OLV-02,Ingredients,1,0.0,0.0,95.0,cash
2026-05-11,TX-B5_cash_constrained_restaurant-d00-000352,Khobar - Main Kitchen,Khobar,Extra Virgin Olive Oil 5L,STR-OLV-02,Ingredients,1,0.0,0.0,95.0,card
2026-05-12,TX-B5_cash_constrained_restaurant-d00-000353,Khobar - Main Kitchen,Khobar,Extra Virgin Olive Oil 5L,STR-OLV-02,Ingredients,1,0.0,0.0,95.0,mada
2026-05-14,TX-B5_cash_constrained_restaurant-d00-000354,Khobar - Main Kitchen,Khobar,Extra Virgin Olive Oil 5L,STR-OLV-02,Ingredients,1,0.0,0.0,95.0,card
2026-05-14,TX-B5_cash_constrained_restaurant-d00-000355,Khobar - Main Kitchen,Khobar,Extra Virgin Olive Oil 5L,STR-OLV-02,Ingredients,1,0.0,0.0,95.0,card
2026-05-15,TX-B5_cash_constrained_restaurant-d00-000356,Khobar - Main Kitchen,Khobar,Extra Virgin Olive Oil 5L,STR-OLV-02,Ingredients,1,0.0,0.0,95.0,card
2026-05-15,TX-B5_cash_constrained_restaurant-d00-000357,Khobar - Main Kitchen,Khobar,Extra Virgin Olive Oil 5L,STR-OLV-02,Ingredients,1,0.0,0.0,95.0,cash
2026-05-16,TX-B5_cash_constrained_restaurant-d00-000358,Khobar - Main Kitchen,Khobar,Extra Virgin Olive Oil 5L,STR-OLV-02,Ingredients,1,0.0,0.0,95.0,card
2026-05-17,TX-B5_cash_constrained_restaurant-d00-000359,Khobar - Main Kitchen,Khobar,Extra Virgin Olive Oil 5L,STR-OLV-02,Ingredients,1,0.0,0.0,95.0,mada
2026-05-18,TX-B5_cash_constrained_restaurant-d00-000360,Khobar - Main Kitchen,Khobar,Extra Virgin Olive Oil 5L,STR-OLV-02,Ingredients,1,0.0,0.0,95.0,card
2026-05-19,TX-B5_cash_constrained_restaurant-d00-000361,Khobar - Main Kitchen,Khobar,Extra Virgin Olive Oil 5L,STR-OLV-02,Ingredients,1,0.0,0.0,95.0,card
2026-05-19,TX-B5_cash_constrained_restaurant-d00-000362,Khobar - Main Kitchen,Khobar,Extra Virgin Olive Oil 5L,STR-OLV-02,Ingredients,1,0.0,0.0,95.0,mada
2026-05-20,TX-B5_cash_constrained_restaurant-d00-000363,Khobar - Main Kitchen,Khobar,Extra Virgin Olive Oil 5L,STR-OLV-02,Ingredients,1,0.0,0.0,95.0,mada
2026-05-20,TX-B5_cash_constrained_restaurant-d00-000364,Khobar - Main Kitchen,Khobar,Extra Virgin Olive Oil 5L,STR-OLV-02,Ingredients,1,0.0,0.0,95.0,mada
2026-05-21,TX-B5_cash_constrained_restaurant-d00-000365,Khobar - Main Kitchen,Khobar,Extra Virgin Olive Oil 5L,STR-OLV-02,Ingredients,1,0.0,0.0,95.0,mada
2026-05-22,TX-B5_cash_constrained_restaurant-d00-000366,Khobar - Main Kitchen,Khobar,Extra Virgin Olive Oil 5L,STR-OLV-02,Ingredients,1,0.0,0.0,95.0,card
2026-05-23,TX-B5_cash_constrained_restaurant-d00-000367,Khobar - Main Kitchen,Khobar,Extra Virgin Olive Oil 5L,STR-OLV-02,Ingredients,1,0.0,0.0,95.0,cash
2026-05-24,TX-B5_cash_constrained_restaurant-d00-000368,Khobar - Main Kitchen,Khobar,Extra Virgin Olive Oil 5L,STR-OLV-02,Ingredients,1,0.0,0.0,95.0,mada
2026-05-24,TX-B5_cash_constrained_restaurant-d00-000369,Khobar - Main Kitchen,Khobar,Extra Virgin Olive Oil 5L,STR-OLV-02,Ingredients,1,0.0,0.0,95.0,cash
2026-05-25,TX-B5_cash_constrained_restaurant-d00-000370,Khobar - Main Kitchen,Khobar,Extra Virgin Olive Oil 5L,STR-OLV-02,Ingredients,1,0.0,0.0,95.0,card
2026-05-26,TX-B5_cash_constrained_restaurant-d00-000371,Khobar - Main Kitchen,Khobar,Extra Virgin Olive Oil 5L,STR-OLV-02,Ingredients,1,0.0,0.0,95.0,cash
2026-05-27,TX-B5_cash_constrained_restaurant-d00-000372,Khobar - Main Kitchen,Khobar,Extra Virgin Olive Oil 5L,STR-OLV-02,Ingredients,1,0.0,0.0,95.0,card
2026-05-28,TX-B5_cash_constrained_restaurant-d00-000373,Khobar - Main Kitchen,Khobar,Extra Virgin Olive Oil 5L,STR-OLV-02,Ingredients,1,0.0,0.0,95.0,mada
2026-05-28,TX-B5_cash_constrained_restaurant-d00-000374,Khobar - Main Kitchen,Khobar,Extra Virgin Olive Oil 5L,STR-OLV-02,Ingredients,1,0.0,0.0,95.0,cash
2026-05-29,TX-B5_cash_constrained_restaurant-d00-000375,Khobar - Main Kitchen,Khobar,Extra Virgin Olive Oil 5L,STR-OLV-02,Ingredients,1,0.0,0.0,95.0,cash
2026-05-30,TX-B5_cash_constrained_restaurant-d00-000376,Khobar - Main Kitchen,Khobar,Extra Virgin Olive Oil 5L,STR-OLV-02,Ingredients,1,0.0,0.0,95.0,cash
2026-05-31,TX-B5_cash_constrained_restaurant-d00-000377,Khobar - Main Kitchen,Khobar,Extra Virgin Olive Oil 5L,STR-OLV-02,Ingredients,1,0.0,0.0,95.0,card
2026-06-01,TX-B5_cash_constrained_restaurant-d00-000378,Khobar - Main Kitchen,Khobar,Extra Virgin Olive Oil 5L,STR-OLV-02,Ingredients,1,0.0,0.0,95.0,card
2026-06-01,TX-B5_cash_constrained_restaurant-d00-000379,Khobar - Main Kitchen,Khobar,Extra Virgin Olive Oil 5L,STR-OLV-02,Ingredients,1,0.0,0.0,95.0,cash
2026-06-02,TX-B5_cash_constrained_restaurant-d00-000380,Khobar - Main Kitchen,Khobar,Extra Virgin Olive Oil 5L,STR-OLV-02,Ingredients,1,0.0,0.0,95.0,cash
2026-06-02,TX-B5_cash_constrained_restaurant-d00-000381,Khobar - Main Kitchen,Khobar,Extra Virgin Olive Oil 5L,STR-OLV-02,Ingredients,1,0.0,0.0,95.0,cash
2026-06-03,TX-B5_cash_constrained_restaurant-d00-000382,Khobar - Main Kitchen,Khobar,Extra Virgin Olive Oil 5L,STR-OLV-02,Ingredients,1,0.0,0.0,95.0,mada
2026-06-04,TX-B5_cash_constrained_restaurant-d00-000383,Khobar - Main Kitchen,Khobar,Extra Virgin Olive Oil 5L,STR-OLV-02,Ingredients,1,0.0,0.0,95.0,mada
2026-06-05,TX-B5_cash_constrained_restaurant-d00-000384,Khobar - Main Kitchen,Khobar,Extra Virgin Olive Oil 5L,STR-OLV-02,Ingredients,1,0.0,0.0,95.0,cash
2026-06-06,TX-B5_cash_constrained_restaurant-d00-000385,Khobar - Main Kitchen,Khobar,Extra Virgin Olive Oil 5L,STR-OLV-02,Ingredients,1,0.0,0.0,95.0,mada
2026-06-06,TX-B5_cash_constrained_restaurant-d00-000386,Khobar - Main Kitchen,Khobar,Extra Virgin Olive Oil 5L,STR-OLV-02,Ingredients,1,0.0,0.0,95.0,cash
2026-06-07,TX-B5_cash_constrained_restaurant-d00-000387,Khobar - Main Kitchen,Khobar,Extra Virgin Olive Oil 5L,STR-OLV-02,Ingredients,1,0.0,0.0,95.0,cash
2026-06-08,TX-B5_cash_constrained_restaurant-d00-000388,Khobar - Main Kitchen,Khobar,Extra Virgin Olive Oil 5L,STR-OLV-02,Ingredients,1,0.0,0.0,95.0,cash
2026-06-09,TX-B5_cash_constrained_restaurant-d00-000389,Khobar - Main Kitchen,Khobar,Extra Virgin Olive Oil 5L,STR-OLV-02,Ingredients,1,0.0,0.0,95.0,mada
2026-06-09,TX-B5_cash_constrained_restaurant-d00-000390,Khobar - Main Kitchen,Khobar,Extra Virgin Olive Oil 5L,STR-OLV-02,Ingredients,1,0.0,0.0,95.0,cash
2026-06-10,TX-B5_cash_constrained_restaurant-d00-000391,Khobar - Main Kitchen,Khobar,Extra Virgin Olive Oil 5L,STR-OLV-02,Ingredients,1,0.0,0.0,95.0,cash
2026-06-11,TX-B5_cash_constrained_restaurant-d00-000392,Khobar - Main Kitchen,Khobar,Extra Virgin Olive Oil 5L,STR-OLV-02,Ingredients,1,0.0,0.0,95.0,cash
2026-06-11,TX-B5_cash_constrained_restaurant-d00-000393,Khobar - Main Kitchen,Khobar,Extra Virgin Olive Oil 5L,STR-OLV-02,Ingredients,1,0.0,0.0,95.0,card
2026-06-12,TX-B5_cash_constrained_restaurant-d00-000394,Khobar - Main Kitchen,Khobar,Extra Virgin Olive Oil 5L,STR-OLV-02,Ingredients,1,0.0,0.0,95.0,card
2026-06-13,TX-B5_cash_constrained_restaurant-d00-000395,Khobar - Main Kitchen,Khobar,Extra Virgin Olive Oil 5L,STR-OLV-02,Ingredients,1,0.0,0.0,95.0,mada
2026-06-14,TX-B5_cash_constrained_restaurant-d00-000396,Khobar - Main Kitchen,Khobar,Extra Virgin Olive Oil 5L,STR-OLV-02,Ingredients,1,0.0,0.0,95.0,cash
2026-06-14,TX-B5_cash_constrained_restaurant-d00-000397,Khobar - Main Kitchen,Khobar,Extra Virgin Olive Oil 5L,STR-OLV-02,Ingredients,1,0.0,0.0,95.0,card
2026-06-15,TX-B5_cash_constrained_restaurant-d00-000398,Khobar - Main Kitchen,Khobar,Extra Virgin Olive Oil 5L,STR-OLV-02,Ingredients,1,0.0,0.0,95.0,mada
2026-06-15,TX-B5_cash_constrained_restaurant-d00-000399,Khobar - Main Kitchen,Khobar,Extra Virgin Olive Oil 5L,STR-OLV-02,Ingredients,1,0.0,0.0,95.0,cash
2026-06-16,TX-B5_cash_constrained_restaurant-d00-000400,Khobar - Main Kitchen,Khobar,Extra Virgin Olive Oil 5L,STR-OLV-02,Ingredients,1,0.0,0.0,95.0,card
2026-06-16,TX-B5_cash_constrained_restaurant-d00-000401,Khobar - Main Kitchen,Khobar,Extra Virgin Olive Oil 5L,STR-OLV-02,Ingredients,1,0.0,0.0,95.0,cash
2026-06-17,TX-B5_cash_constrained_restaurant-d00-000402,Khobar - Main Kitchen,Khobar,Extra Virgin Olive Oil 5L,STR-OLV-02,Ingredients,1,0.0,0.0,95.0,cash
2026-06-18,TX-B5_cash_constrained_restaurant-d00-000403,Khobar - Main Kitchen,Khobar,Extra Virgin Olive Oil 5L,STR-OLV-02,Ingredients,1,0.0,0.0,95.0,cash
2026-06-19,TX-B5_cash_constrained_restaurant-d00-000404,Khobar - Main Kitchen,Khobar,Extra Virgin Olive Oil 5L,STR-OLV-02,Ingredients,1,0.0,0.0,95.0,cash
2026-06-19,TX-B5_cash_constrained_restaurant-d00-000405,Khobar - Main Kitchen,Khobar,Extra Virgin Olive Oil 5L,STR-OLV-02,Ingredients,1,0.0,0.0,95.0,card
2026-06-20,TX-B5_cash_constrained_restaurant-d00-000406,Khobar - Main Kitchen,Khobar,Extra Virgin Olive Oil 5L,STR-OLV-02,Ingredients,1,0.0,0.0,95.0,mada
2026-06-21,TX-B5_cash_constrained_restaurant-d00-000407,Khobar - Main Kitchen,Khobar,Extra Virgin Olive Oil 5L,STR-OLV-02,Ingredients,1,0.0,0.0,95.0,cash
2026-06-22,TX-B5_cash_constrained_restaurant-d00-000408,Khobar - Main Kitchen,Khobar,Extra Virgin Olive Oil 5L,STR-OLV-02,Ingredients,1,0.0,0.0,95.0,mada
2026-06-23,TX-B5_cash_constrained_restaurant-d00-000409,Khobar - Main Kitchen,Khobar,Extra Virgin Olive Oil 5L,STR-OLV-02,Ingredients,1,0.0,0.0,95.0,mada
2026-06-23,TX-B5_cash_constrained_restaurant-d00-000410,Khobar - Main Kitchen,Khobar,Extra Virgin Olive Oil 5L,STR-OLV-02,Ingredients,1,0.0,0.0,95.0,mada
2026-06-24,TX-B5_cash_constrained_restaurant-d00-000411,Khobar - Main Kitchen,Khobar,Extra Virgin Olive Oil 5L,STR-OLV-02,Ingredients,1,0.0,0.0,95.0,mada
2026-06-25,TX-B5_cash_constrained_restaurant-d00-000412,Khobar - Main Kitchen,Khobar,Extra Virgin Olive Oil 5L,STR-OLV-02,Ingredients,1,0.0,0.0,95.0,mada
2026-06-25,TX-B5_cash_constrained_restaurant-d00-000413,Khobar - Main Kitchen,Khobar,Extra Virgin Olive Oil 5L,STR-OLV-02,Ingredients,1,0.0,0.0,95.0,cash
2026-06-26,TX-B5_cash_constrained_restaurant-d00-000414,Khobar - Main Kitchen,Khobar,Extra Virgin Olive Oil 5L,STR-OLV-02,Ingredients,1,0.0,0.0,95.0,mada
2026-06-27,TX-B5_cash_constrained_restaurant-d00-000415,Khobar - Main Kitchen,Khobar,Extra Virgin Olive Oil 5L,STR-OLV-02,Ingredients,1,0.0,0.0,95.0,cash
2026-06-28,TX-B5_cash_constrained_restaurant-d00-000416,Khobar - Main Kitchen,Khobar,Extra Virgin Olive Oil 5L,STR-OLV-02,Ingredients,1,0.0,0.0,95.0,cash
2026-06-29,TX-B5_cash_constrained_restaurant-d00-000417,Khobar - Main Kitchen,Khobar,Extra Virgin Olive Oil 5L,STR-OLV-02,Ingredients,1,0.0,0.0,95.0,cash
2026-06-29,TX-B5_cash_constrained_restaurant-d00-000418,Khobar - Main Kitchen,Khobar,Extra Virgin Olive Oil 5L,STR-OLV-02,Ingredients,1,0.0,0.0,95.0,mada
2026-06-30,TX-B5_cash_constrained_restaurant-d00-000419,Khobar - Main Kitchen,Khobar,Extra Virgin Olive Oil 5L,STR-OLV-02,Ingredients,1,0.0,0.0,95.0,mada
2026-06-30,TX-B5_cash_constrained_restaurant-d00-000420,Khobar - Main Kitchen,Khobar,Extra Virgin Olive Oil 5L,STR-OLV-02,Ingredients,1,0.0,0.0,95.0,mada
2026-07-01,TX-B5_cash_constrained_restaurant-d00-000421,Khobar - Main Kitchen,Khobar,Extra Virgin Olive Oil 5L,STR-OLV-02,Ingredients,1,0.0,0.0,95.0,card
2026-07-01,TX-B5_cash_constrained_restaurant-d00-000422,Khobar - Main Kitchen,Khobar,Extra Virgin Olive Oil 5L,STR-OLV-02,Ingredients,1,0.0,0.0,95.0,mada
2026-07-02,TX-B5_cash_constrained_restaurant-d00-000423,Khobar - Main Kitchen,Khobar,Extra Virgin Olive Oil 5L,STR-OLV-02,Ingredients,1,0.0,0.0,95.0,cash
2026-07-02,TX-B5_cash_constrained_restaurant-d00-000424,Khobar - Main Kitchen,Khobar,Extra Virgin Olive Oil 5L,STR-OLV-02,Ingredients,1,0.0,0.0,95.0,cash
2026-07-03,TX-B5_cash_constrained_restaurant-d00-000425,Khobar - Main Kitchen,Khobar,Extra Virgin Olive Oil 5L,STR-OLV-02,Ingredients,1,0.0,0.0,95.0,cash
2026-07-04,TX-B5_cash_constrained_restaurant-d00-000426,Khobar - Main Kitchen,Khobar,Extra Virgin Olive Oil 5L,STR-OLV-02,Ingredients,1,0.0,0.0,95.0,cash
2026-07-05,TX-B5_cash_constrained_restaurant-d00-000427,Khobar - Main Kitchen,Khobar,Extra Virgin Olive Oil 5L,STR-OLV-02,Ingredients,1,0.0,0.0,95.0,mada
2026-07-05,TX-B5_cash_constrained_restaurant-d00-000428,Khobar - Main Kitchen,Khobar,Extra Virgin Olive Oil 5L,STR-OLV-02,Ingredients,1,0.0,0.0,95.0,card
2026-07-06,TX-B5_cash_constrained_restaurant-d00-000429,Khobar - Main Kitchen,Khobar,Extra Virgin Olive Oil 5L,STR-OLV-02,Ingredients,1,0.0,0.0,95.0,cash
2026-07-07,TX-B5_cash_constrained_restaurant-d00-000430,Khobar - Main Kitchen,Khobar,Extra Virgin Olive Oil 5L,STR-OLV-02,Ingredients,1,0.0,0.0,95.0,card
2026-07-08,TX-B5_cash_constrained_restaurant-d00-000431,Khobar - Main Kitchen,Khobar,Extra Virgin Olive Oil 5L,STR-OLV-02,Ingredients,1,0.0,0.0,95.0,mada
2026-07-09,TX-B5_cash_constrained_restaurant-d00-000432,Khobar - Main Kitchen,Khobar,Extra Virgin Olive Oil 5L,STR-OLV-02,Ingredients,1,0.0,0.0,95.0,card
2026-07-10,TX-B5_cash_constrained_restaurant-d00-000433,Khobar - Main Kitchen,Khobar,Extra Virgin Olive Oil 5L,STR-OLV-02,Ingredients,1,0.0,0.0,95.0,cash
2026-07-11,TX-B5_cash_constrained_restaurant-d00-000434,Khobar - Main Kitchen,Khobar,Extra Virgin Olive Oil 5L,STR-OLV-02,Ingredients,1,0.0,0.0,95.0,mada
2026-07-12,TX-B5_cash_constrained_restaurant-d00-000435,Khobar - Main Kitchen,Khobar,Extra Virgin Olive Oil 5L,STR-OLV-02,Ingredients,1,0.0,0.0,95.0,cash
2026-07-13,TX-B5_cash_constrained_restaurant-d00-000436,Khobar - Main Kitchen,Khobar,Extra Virgin Olive Oil 5L,STR-OLV-02,Ingredients,1,0.0,0.0,95.0,card
2026-07-14,TX-B5_cash_constrained_restaurant-d00-000437,Khobar - Main Kitchen,Khobar,Extra Virgin Olive Oil 5L,STR-OLV-02,Ingredients,1,0.0,0.0,95.0,mada
2026-07-14,TX-B5_cash_constrained_restaurant-d00-000438,Khobar - Main Kitchen,Khobar,Extra Virgin Olive Oil 5L,STR-OLV-02,Ingredients,1,0.0,0.0,95.0,mada
2026-07-15,TX-B5_cash_constrained_restaurant-d00-000439,Khobar - Main Kitchen,Khobar,Extra Virgin Olive Oil 5L,STR-OLV-02,Ingredients,1,0.0,0.0,95.0,mada
2026-07-15,TX-B5_cash_constrained_restaurant-d00-000440,Khobar - Main Kitchen,Khobar,Extra Virgin Olive Oil 5L,STR-OLV-02,Ingredients,1,0.0,0.0,95.0,card
2026-07-16,TX-B5_cash_constrained_restaurant-d00-000441,Khobar - Main Kitchen,Khobar,Extra Virgin Olive Oil 5L,STR-OLV-02,Ingredients,1,0.0,0.0,95.0,card
2026-07-17,TX-B5_cash_constrained_restaurant-d00-000442,Khobar - Main Kitchen,Khobar,Extra Virgin Olive Oil 5L,STR-OLV-02,Ingredients,1,0.0,0.0,95.0,card
2026-07-17,TX-B5_cash_constrained_restaurant-d00-000443,Khobar - Main Kitchen,Khobar,Extra Virgin Olive Oil 5L,STR-OLV-02,Ingredients,1,0.0,0.0,95.0,mada
2026-07-18,TX-B5_cash_constrained_restaurant-d00-000444,Khobar - Main Kitchen,Khobar,Extra Virgin Olive Oil 5L,STR-OLV-02,Ingredients,1,0.0,0.0,95.0,cash
2026-07-19,TX-B5_cash_constrained_restaurant-d00-000445,Khobar - Main Kitchen,Khobar,Extra Virgin Olive Oil 5L,STR-OLV-02,Ingredients,1,0.0,0.0,95.0,card
2026-07-20,TX-B5_cash_constrained_restaurant-d00-000446,Khobar - Main Kitchen,Khobar,Extra Virgin Olive Oil 5L,STR-OLV-02,Ingredients,1,0.0,0.0,95.0,cash
2026-07-20,TX-B5_cash_constrained_restaurant-d00-000447,Khobar - Main Kitchen,Khobar,Extra Virgin Olive Oil 5L,STR-OLV-02,Ingredients,1,0.0,0.0,95.0,card
2026-07-21,TX-B5_cash_constrained_restaurant-d00-000448,Khobar - Main Kitchen,Khobar,Extra Virgin Olive Oil 5L,STR-OLV-02,Ingredients,1,0.0,0.0,95.0,card
2026-07-21,TX-B5_cash_constrained_restaurant-d00-000449,Khobar - Main Kitchen,Khobar,Extra Virgin Olive Oil 5L,STR-OLV-02,Ingredients,1,0.0,0.0,95.0,cash
2026-07-22,TX-B5_cash_constrained_restaurant-d00-000450,Khobar - Main Kitchen,Khobar,Extra Virgin Olive Oil 5L,STR-OLV-02,Ingredients,1,0.0,0.0,95.0,mada
2026-07-23,TX-B5_cash_constrained_restaurant-d00-000451,Khobar - Main Kitchen,Khobar,Extra Virgin Olive Oil 5L,STR-OLV-02,Ingredients,1,0.0,0.0,95.0,mada
2026-07-23,TX-B5_cash_constrained_restaurant-d00-000452,Khobar - Main Kitchen,Khobar,Extra Virgin Olive Oil 5L,STR-OLV-02,Ingredients,1,0.0,0.0,95.0,cash
2026-07-24,TX-B5_cash_constrained_restaurant-d00-000453,Khobar - Main Kitchen,Khobar,Extra Virgin Olive Oil 5L,STR-OLV-02,Ingredients,1,0.0,0.0,95.0,cash
2026-07-25,TX-B5_cash_constrained_restaurant-d00-000454,Khobar - Main Kitchen,Khobar,Extra Virgin Olive Oil 5L,STR-OLV-02,Ingredients,1,0.0,0.0,95.0,cash
2026-07-26,TX-B5_cash_constrained_restaurant-d00-000455,Khobar - Main Kitchen,Khobar,Extra Virgin Olive Oil 5L,STR-OLV-02,Ingredients,1,0.0,0.0,95.0,mada
2026-07-26,TX-B5_cash_constrained_restaurant-d00-000456,Khobar - Main Kitchen,Khobar,Extra Virgin Olive Oil 5L,STR-OLV-02,Ingredients,1,0.0,0.0,95.0,card
2026-07-27,TX-B5_cash_constrained_restaurant-d00-000457,Khobar - Main Kitchen,Khobar,Extra Virgin Olive Oil 5L,STR-OLV-02,Ingredients,1,0.0,0.0,95.0,card
2026-07-27,TX-B5_cash_constrained_restaurant-d00-000458,Khobar - Main Kitchen,Khobar,Extra Virgin Olive Oil 5L,STR-OLV-02,Ingredients,1,0.0,0.0,95.0,cash
2026-07-28,TX-B5_cash_constrained_restaurant-d00-000459,Khobar - Main Kitchen,Khobar,Extra Virgin Olive Oil 5L,STR-OLV-02,Ingredients,1,0.0,0.0,95.0,card
2026-07-29,TX-B5_cash_constrained_restaurant-d00-000460,Khobar - Main Kitchen,Khobar,Extra Virgin Olive Oil 5L,STR-OLV-02,Ingredients,1,0.0,0.0,95.0,mada
2026-07-30,TX-B5_cash_constrained_restaurant-d00-000461,Khobar - Main Kitchen,Khobar,Extra Virgin Olive Oil 5L,STR-OLV-02,Ingredients,1,0.0,0.0,95.0,card
2026-07-30,TX-B5_cash_constrained_restaurant-d00-000462,Khobar - Main Kitchen,Khobar,Extra Virgin Olive Oil 5L,STR-OLV-02,Ingredients,1,0.0,0.0,95.0,mada
2026-07-31,TX-B5_cash_constrained_restaurant-d00-000463,Khobar - Main Kitchen,Khobar,Extra Virgin Olive Oil 5L,STR-OLV-02,Ingredients,1,0.0,0.0,95.0,cash
2026-08-01,TX-B5_cash_constrained_restaurant-d00-000464,Khobar - Main Kitchen,Khobar,Extra Virgin Olive Oil 5L,STR-OLV-02,Ingredients,1,0.0,0.0,95.0,cash
2026-08-02,TX-B5_cash_constrained_restaurant-d00-000465,Khobar - Main Kitchen,Khobar,Extra Virgin Olive Oil 5L,STR-OLV-02,Ingredients,1,0.0,0.0,95.0,card
2026-08-03,TX-B5_cash_constrained_restaurant-d00-000466,Khobar - Main Kitchen,Khobar,Extra Virgin Olive Oil 5L,STR-OLV-02,Ingredients,1,0.0,0.0,95.0,cash
2026-08-03,TX-B5_cash_constrained_restaurant-d00-000467,Khobar - Main Kitchen,Khobar,Extra Virgin Olive Oil 5L,STR-OLV-02,Ingredients,1,0.0,0.0,95.0,mada
2026-08-04,TX-B5_cash_constrained_restaurant-d00-000468,Khobar - Main Kitchen,Khobar,Extra Virgin Olive Oil 5L,STR-OLV-02,Ingredients,1,0.0,0.0,95.0,mada
2026-08-05,TX-B5_cash_constrained_restaurant-d00-000469,Khobar - Main Kitchen,Khobar,Extra Virgin Olive Oil 5L,STR-OLV-02,Ingredients,1,0.0,0.0,95.0,card
2026-08-05,TX-B5_cash_constrained_restaurant-d00-000470,Khobar - Main Kitchen,Khobar,Extra Virgin Olive Oil 5L,STR-OLV-02,Ingredients,1,0.0,0.0,95.0,cash
2026-08-06,TX-B5_cash_constrained_restaurant-d00-000471,Khobar - Main Kitchen,Khobar,Extra Virgin Olive Oil 5L,STR-OLV-02,Ingredients,1,0.0,0.0,95.0,card
2026-08-07,TX-B5_cash_constrained_restaurant-d00-000472,Khobar - Main Kitchen,Khobar,Extra Virgin Olive Oil 5L,STR-OLV-02,Ingredients,1,0.0,0.0,95.0,card
2026-08-08,TX-B5_cash_constrained_restaurant-d00-000473,Khobar - Main Kitchen,Khobar,Extra Virgin Olive Oil 5L,STR-OLV-02,Ingredients,1,0.0,0.0,95.0,mada
2026-08-08,TX-B5_cash_constrained_restaurant-d00-000474,Khobar - Main Kitchen,Khobar,Extra Virgin Olive Oil 5L,STR-OLV-02,Ingredients,1,0.0,0.0,95.0,card
2026-08-09,TX-B5_cash_constrained_restaurant-d00-000475,Khobar - Main Kitchen,Khobar,Extra Virgin Olive Oil 5L,STR-OLV-02,Ingredients,1,0.0,0.0,95.0,card
2026-08-10,TX-B5_cash_constrained_restaurant-d00-000476,Khobar - Main Kitchen,Khobar,Extra Virgin Olive Oil 5L,STR-OLV-02,Ingredients,1,0.0,0.0,95.0,mada
2026-08-11,TX-B5_cash_constrained_restaurant-d00-000477,Khobar - Main Kitchen,Khobar,Extra Virgin Olive Oil 5L,STR-OLV-02,Ingredients,1,0.0,0.0,95.0,cash
2026-08-12,TX-B5_cash_constrained_restaurant-d00-000478,Khobar - Main Kitchen,Khobar,Extra Virgin Olive Oil 5L,STR-OLV-02,Ingredients,1,0.0,0.0,95.0,cash
2026-08-13,TX-B5_cash_constrained_restaurant-d00-000479,Khobar - Main Kitchen,Khobar,Extra Virgin Olive Oil 5L,STR-OLV-02,Ingredients,1,0.0,0.0,95.0,cash
2026-08-14,TX-B5_cash_constrained_restaurant-d00-000480,Khobar - Main Kitchen,Khobar,Extra Virgin Olive Oil 5L,STR-OLV-02,Ingredients,1,0.0,0.0,95.0,card
2026-08-14,TX-B5_cash_constrained_restaurant-d00-000481,Khobar - Main Kitchen,Khobar,Extra Virgin Olive Oil 5L,STR-OLV-02,Ingredients,1,0.0,0.0,95.0,mada
2026-08-15,TX-B5_cash_constrained_restaurant-d00-000482,Khobar - Main Kitchen,Khobar,Extra Virgin Olive Oil 5L,STR-OLV-02,Ingredients,1,0.0,0.0,95.0,card
2026-08-15,TX-B5_cash_constrained_restaurant-d00-000483,Khobar - Main Kitchen,Khobar,Extra Virgin Olive Oil 5L,STR-OLV-02,Ingredients,1,0.0,0.0,95.0,mada
2026-08-16,TX-B5_cash_constrained_restaurant-d00-000484,Khobar - Main Kitchen,Khobar,Extra Virgin Olive Oil 5L,STR-OLV-02,Ingredients,1,0.0,0.0,95.0,cash
2026-08-17,TX-B5_cash_constrained_restaurant-d00-000485,Khobar - Main Kitchen,Khobar,Extra Virgin Olive Oil 5L,STR-OLV-02,Ingredients,1,0.0,0.0,95.0,card
2026-08-18,TX-B5_cash_constrained_restaurant-d00-000486,Khobar - Main Kitchen,Khobar,Extra Virgin Olive Oil 5L,STR-OLV-02,Ingredients,1,0.0,0.0,95.0,mada
2026-08-18,TX-B5_cash_constrained_restaurant-d00-000487,Khobar - Main Kitchen,Khobar,Extra Virgin Olive Oil 5L,STR-OLV-02,Ingredients,1,0.0,0.0,95.0,mada
2026-08-19,TX-B5_cash_constrained_restaurant-d00-000488,Khobar - Main Kitchen,Khobar,Extra Virgin Olive Oil 5L,STR-OLV-02,Ingredients,1,0.0,0.0,95.0,cash
2026-08-19,TX-B5_cash_constrained_restaurant-d00-000489,Khobar - Main Kitchen,Khobar,Extra Virgin Olive Oil 5L,STR-OLV-02,Ingredients,1,0.0,0.0,95.0,card
2026-08-20,TX-B5_cash_constrained_restaurant-d00-000490,Khobar - Main Kitchen,Khobar,Extra Virgin Olive Oil 5L,STR-OLV-02,Ingredients,1,0.0,0.0,95.0,card
2026-08-21,TX-B5_cash_constrained_restaurant-d00-000491,Khobar - Main Kitchen,Khobar,Extra Virgin Olive Oil 5L,STR-OLV-02,Ingredients,1,0.0,0.0,95.0,cash
2026-08-21,TX-B5_cash_constrained_restaurant-d00-000492,Khobar - Main Kitchen,Khobar,Extra Virgin Olive Oil 5L,STR-OLV-02,Ingredients,1,0.0,0.0,95.0,mada
2026-08-22,TX-B5_cash_constrained_restaurant-d00-000493,Khobar - Main Kitchen,Khobar,Extra Virgin Olive Oil 5L,STR-OLV-02,Ingredients,1,0.0,0.0,95.0,card
2026-08-23,TX-B5_cash_constrained_restaurant-d00-000494,Khobar - Main Kitchen,Khobar,Extra Virgin Olive Oil 5L,STR-OLV-02,Ingredients,1,0.0,0.0,95.0,card
2026-08-24,TX-B5_cash_constrained_restaurant-d00-000495,Khobar - Main Kitchen,Khobar,Extra Virgin Olive Oil 5L,STR-OLV-02,Ingredients,1,0.0,0.0,95.0,mada
2026-08-25,TX-B5_cash_constrained_restaurant-d00-000496,Khobar - Main Kitchen,Khobar,Extra Virgin Olive Oil 5L,STR-OLV-02,Ingredients,1,0.0,0.0,95.0,mada
2026-08-26,TX-B5_cash_constrained_restaurant-d00-000497,Khobar - Main Kitchen,Khobar,Extra Virgin Olive Oil 5L,STR-OLV-02,Ingredients,1,0.0,0.0,95.0,mada
2026-01-05,TX-B5_cash_constrained_restaurant-d00-000498,Khobar - Main Kitchen,Khobar,Tomato Puree Catering Pack,ING-TOM-03,Ingredients,1,0.0,0.0,48.0,cash
2026-01-05,TX-B5_cash_constrained_restaurant-d00-000499,Khobar - Main Kitchen,Khobar,Tomato Puree Catering Pack,ING-TOM-03,Ingredients,1,0.0,0.0,48.0,cash
2026-01-05,TX-B5_cash_constrained_restaurant-d00-000500,Khobar - Main Kitchen,Khobar,Tomato Puree Catering Pack,ING-TOM-03,Ingredients,1,0.0,0.0,48.0,mada
2026-01-05,TX-B5_cash_constrained_restaurant-d00-000501,Khobar - Main Kitchen,Khobar,Tomato Puree Catering Pack,ING-TOM-03,Ingredients,1,0.0,0.0,48.0,mada
2026-01-06,TX-B5_cash_constrained_restaurant-d00-000502,Khobar - Main Kitchen,Khobar,Tomato Puree Catering Pack,ING-TOM-03,Ingredients,1,0.0,0.0,48.0,cash
2026-01-06,TX-B5_cash_constrained_restaurant-d00-000503,Khobar - Main Kitchen,Khobar,Tomato Puree Catering Pack,ING-TOM-03,Ingredients,1,0.0,0.0,48.0,mada
2026-01-06,TX-B5_cash_constrained_restaurant-d00-000504,Khobar - Main Kitchen,Khobar,Tomato Puree Catering Pack,ING-TOM-03,Ingredients,1,0.0,0.0,48.0,cash
2026-01-07,TX-B5_cash_constrained_restaurant-d00-000505,Khobar - Main Kitchen,Khobar,Tomato Puree Catering Pack,ING-TOM-03,Ingredients,1,0.0,0.0,48.0,mada
2026-01-07,TX-B5_cash_constrained_restaurant-d00-000506,Khobar - Main Kitchen,Khobar,Tomato Puree Catering Pack,ING-TOM-03,Ingredients,1,0.0,0.0,48.0,cash
2026-01-07,TX-B5_cash_constrained_restaurant-d00-000507,Khobar - Main Kitchen,Khobar,Tomato Puree Catering Pack,ING-TOM-03,Ingredients,1,0.0,0.0,48.0,mada
2026-01-07,TX-B5_cash_constrained_restaurant-d00-000508,Khobar - Main Kitchen,Khobar,Tomato Puree Catering Pack,ING-TOM-03,Ingredients,1,0.0,0.0,48.0,mada
2026-01-08,TX-B5_cash_constrained_restaurant-d00-000509,Khobar - Main Kitchen,Khobar,Tomato Puree Catering Pack,ING-TOM-03,Ingredients,1,0.0,0.0,48.0,mada
2026-01-08,TX-B5_cash_constrained_restaurant-d00-000510,Khobar - Main Kitchen,Khobar,Tomato Puree Catering Pack,ING-TOM-03,Ingredients,1,0.0,0.0,48.0,mada
2026-01-08,TX-B5_cash_constrained_restaurant-d00-000511,Khobar - Main Kitchen,Khobar,Tomato Puree Catering Pack,ING-TOM-03,Ingredients,1,0.0,0.0,48.0,card
2026-01-09,TX-B5_cash_constrained_restaurant-d00-000512,Khobar - Main Kitchen,Khobar,Tomato Puree Catering Pack,ING-TOM-03,Ingredients,1,0.0,0.0,48.0,cash
2026-01-09,TX-B5_cash_constrained_restaurant-d00-000513,Khobar - Main Kitchen,Khobar,Tomato Puree Catering Pack,ING-TOM-03,Ingredients,1,0.0,0.0,48.0,cash
2026-01-09,TX-B5_cash_constrained_restaurant-d00-000514,Khobar - Main Kitchen,Khobar,Tomato Puree Catering Pack,ING-TOM-03,Ingredients,1,0.0,0.0,48.0,card
2026-01-10,TX-B5_cash_constrained_restaurant-d00-000515,Khobar - Main Kitchen,Khobar,Tomato Puree Catering Pack,ING-TOM-03,Ingredients,1,0.0,0.0,48.0,mada
2026-01-10,TX-B5_cash_constrained_restaurant-d00-000516,Khobar - Main Kitchen,Khobar,Tomato Puree Catering Pack,ING-TOM-03,Ingredients,1,0.0,0.0,48.0,card
2026-01-10,TX-B5_cash_constrained_restaurant-d00-000517,Khobar - Main Kitchen,Khobar,Tomato Puree Catering Pack,ING-TOM-03,Ingredients,1,0.0,0.0,48.0,mada
2026-01-11,TX-B5_cash_constrained_restaurant-d00-000518,Khobar - Main Kitchen,Khobar,Tomato Puree Catering Pack,ING-TOM-03,Ingredients,1,0.0,0.0,48.0,mada
2026-01-11,TX-B5_cash_constrained_restaurant-d00-000519,Khobar - Main Kitchen,Khobar,Tomato Puree Catering Pack,ING-TOM-03,Ingredients,1,0.0,0.0,48.0,cash
2026-01-11,TX-B5_cash_constrained_restaurant-d00-000520,Khobar - Main Kitchen,Khobar,Tomato Puree Catering Pack,ING-TOM-03,Ingredients,1,0.0,0.0,48.0,mada
2026-01-11,TX-B5_cash_constrained_restaurant-d00-000521,Khobar - Main Kitchen,Khobar,Tomato Puree Catering Pack,ING-TOM-03,Ingredients,1,0.0,0.0,48.0,cash
2026-01-12,TX-B5_cash_constrained_restaurant-d00-000522,Khobar - Main Kitchen,Khobar,Tomato Puree Catering Pack,ING-TOM-03,Ingredients,1,0.0,0.0,48.0,mada
2026-01-12,TX-B5_cash_constrained_restaurant-d00-000523,Khobar - Main Kitchen,Khobar,Tomato Puree Catering Pack,ING-TOM-03,Ingredients,1,0.0,0.0,48.0,cash
2026-01-12,TX-B5_cash_constrained_restaurant-d00-000524,Khobar - Main Kitchen,Khobar,Tomato Puree Catering Pack,ING-TOM-03,Ingredients,1,0.0,0.0,48.0,cash
2026-01-13,TX-B5_cash_constrained_restaurant-d00-000525,Khobar - Main Kitchen,Khobar,Tomato Puree Catering Pack,ING-TOM-03,Ingredients,1,0.0,0.0,48.0,mada
2026-01-13,TX-B5_cash_constrained_restaurant-d00-000526,Khobar - Main Kitchen,Khobar,Tomato Puree Catering Pack,ING-TOM-03,Ingredients,1,0.0,0.0,48.0,cash
2026-01-13,TX-B5_cash_constrained_restaurant-d00-000527,Khobar - Main Kitchen,Khobar,Tomato Puree Catering Pack,ING-TOM-03,Ingredients,1,0.0,0.0,48.0,cash
2026-01-14,TX-B5_cash_constrained_restaurant-d00-000528,Khobar - Main Kitchen,Khobar,Tomato Puree Catering Pack,ING-TOM-03,Ingredients,1,0.0,0.0,48.0,card
2026-01-14,TX-B5_cash_constrained_restaurant-d00-000529,Khobar - Main Kitchen,Khobar,Tomato Puree Catering Pack,ING-TOM-03,Ingredients,1,0.0,0.0,48.0,cash
2026-01-14,TX-B5_cash_constrained_restaurant-d00-000530,Khobar - Main Kitchen,Khobar,Tomato Puree Catering Pack,ING-TOM-03,Ingredients,1,0.0,0.0,48.0,mada
2026-01-15,TX-B5_cash_constrained_restaurant-d00-000531,Khobar - Main Kitchen,Khobar,Tomato Puree Catering Pack,ING-TOM-03,Ingredients,1,0.0,0.0,48.0,mada
2026-01-15,TX-B5_cash_constrained_restaurant-d00-000532,Khobar - Main Kitchen,Khobar,Tomato Puree Catering Pack,ING-TOM-03,Ingredients,1,0.0,0.0,48.0,card
2026-01-15,TX-B5_cash_constrained_restaurant-d00-000533,Khobar - Main Kitchen,Khobar,Tomato Puree Catering Pack,ING-TOM-03,Ingredients,1,0.0,0.0,48.0,cash
2026-01-16,TX-B5_cash_constrained_restaurant-d00-000534,Khobar - Main Kitchen,Khobar,Tomato Puree Catering Pack,ING-TOM-03,Ingredients,1,0.0,0.0,48.0,cash
2026-01-16,TX-B5_cash_constrained_restaurant-d00-000535,Khobar - Main Kitchen,Khobar,Tomato Puree Catering Pack,ING-TOM-03,Ingredients,1,0.0,0.0,48.0,mada
2026-01-16,TX-B5_cash_constrained_restaurant-d00-000536,Khobar - Main Kitchen,Khobar,Tomato Puree Catering Pack,ING-TOM-03,Ingredients,1,0.0,0.0,48.0,card
2026-01-17,TX-B5_cash_constrained_restaurant-d00-000537,Khobar - Main Kitchen,Khobar,Tomato Puree Catering Pack,ING-TOM-03,Ingredients,1,0.0,0.0,48.0,cash
2026-01-17,TX-B5_cash_constrained_restaurant-d00-000538,Khobar - Main Kitchen,Khobar,Tomato Puree Catering Pack,ING-TOM-03,Ingredients,1,0.0,0.0,48.0,mada
2026-01-17,TX-B5_cash_constrained_restaurant-d00-000539,Khobar - Main Kitchen,Khobar,Tomato Puree Catering Pack,ING-TOM-03,Ingredients,1,0.0,0.0,48.0,card
2026-01-18,TX-B5_cash_constrained_restaurant-d00-000540,Khobar - Main Kitchen,Khobar,Tomato Puree Catering Pack,ING-TOM-03,Ingredients,1,0.0,0.0,48.0,card
2026-01-18,TX-B5_cash_constrained_restaurant-d00-000541,Khobar - Main Kitchen,Khobar,Tomato Puree Catering Pack,ING-TOM-03,Ingredients,1,0.0,0.0,48.0,cash
2026-01-18,TX-B5_cash_constrained_restaurant-d00-000542,Khobar - Main Kitchen,Khobar,Tomato Puree Catering Pack,ING-TOM-03,Ingredients,1,0.0,0.0,48.0,card
2026-01-19,TX-B5_cash_constrained_restaurant-d00-000543,Khobar - Main Kitchen,Khobar,Tomato Puree Catering Pack,ING-TOM-03,Ingredients,1,0.0,0.0,48.0,card
2026-01-19,TX-B5_cash_constrained_restaurant-d00-000544,Khobar - Main Kitchen,Khobar,Tomato Puree Catering Pack,ING-TOM-03,Ingredients,1,0.0,0.0,48.0,cash
2026-01-19,TX-B5_cash_constrained_restaurant-d00-000545,Khobar - Main Kitchen,Khobar,Tomato Puree Catering Pack,ING-TOM-03,Ingredients,1,0.0,0.0,48.0,card
2026-01-19,TX-B5_cash_constrained_restaurant-d00-000546,Khobar - Main Kitchen,Khobar,Tomato Puree Catering Pack,ING-TOM-03,Ingredients,1,0.0,0.0,48.0,cash
2026-01-20,TX-B5_cash_constrained_restaurant-d00-000547,Khobar - Main Kitchen,Khobar,Tomato Puree Catering Pack,ING-TOM-03,Ingredients,1,0.0,0.0,48.0,cash
2026-01-20,TX-B5_cash_constrained_restaurant-d00-000548,Khobar - Main Kitchen,Khobar,Tomato Puree Catering Pack,ING-TOM-03,Ingredients,1,0.0,0.0,48.0,card
2026-01-20,TX-B5_cash_constrained_restaurant-d00-000549,Khobar - Main Kitchen,Khobar,Tomato Puree Catering Pack,ING-TOM-03,Ingredients,1,0.0,0.0,48.0,cash
2026-01-21,TX-B5_cash_constrained_restaurant-d00-000550,Khobar - Main Kitchen,Khobar,Tomato Puree Catering Pack,ING-TOM-03,Ingredients,1,0.0,0.0,48.0,card
2026-01-21,TX-B5_cash_constrained_restaurant-d00-000551,Khobar - Main Kitchen,Khobar,Tomato Puree Catering Pack,ING-TOM-03,Ingredients,1,0.0,0.0,48.0,mada
2026-01-21,TX-B5_cash_constrained_restaurant-d00-000552,Khobar - Main Kitchen,Khobar,Tomato Puree Catering Pack,ING-TOM-03,Ingredients,1,0.0,0.0,48.0,mada
2026-01-21,TX-B5_cash_constrained_restaurant-d00-000553,Khobar - Main Kitchen,Khobar,Tomato Puree Catering Pack,ING-TOM-03,Ingredients,1,0.0,0.0,48.0,card
2026-01-22,TX-B5_cash_constrained_restaurant-d00-000554,Khobar - Main Kitchen,Khobar,Tomato Puree Catering Pack,ING-TOM-03,Ingredients,1,0.0,0.0,48.0,card
2026-01-22,TX-B5_cash_constrained_restaurant-d00-000555,Khobar - Main Kitchen,Khobar,Tomato Puree Catering Pack,ING-TOM-03,Ingredients,1,0.0,0.0,48.0,cash
2026-01-23,TX-B5_cash_constrained_restaurant-d00-000556,Khobar - Main Kitchen,Khobar,Tomato Puree Catering Pack,ING-TOM-03,Ingredients,1,0.0,0.0,48.0,mada
2026-01-23,TX-B5_cash_constrained_restaurant-d00-000557,Khobar - Main Kitchen,Khobar,Tomato Puree Catering Pack,ING-TOM-03,Ingredients,1,0.0,0.0,48.0,cash
2026-01-23,TX-B5_cash_constrained_restaurant-d00-000558,Khobar - Main Kitchen,Khobar,Tomato Puree Catering Pack,ING-TOM-03,Ingredients,1,0.0,0.0,48.0,cash
2026-01-24,TX-B5_cash_constrained_restaurant-d00-000559,Khobar - Main Kitchen,Khobar,Tomato Puree Catering Pack,ING-TOM-03,Ingredients,1,0.0,0.0,48.0,card
2026-01-24,TX-B5_cash_constrained_restaurant-d00-000560,Khobar - Main Kitchen,Khobar,Tomato Puree Catering Pack,ING-TOM-03,Ingredients,1,0.0,0.0,48.0,cash
2026-01-24,TX-B5_cash_constrained_restaurant-d00-000561,Khobar - Main Kitchen,Khobar,Tomato Puree Catering Pack,ING-TOM-03,Ingredients,1,0.0,0.0,48.0,card
2026-01-25,TX-B5_cash_constrained_restaurant-d00-000562,Khobar - Main Kitchen,Khobar,Tomato Puree Catering Pack,ING-TOM-03,Ingredients,1,0.0,0.0,48.0,cash
2026-01-25,TX-B5_cash_constrained_restaurant-d00-000563,Khobar - Main Kitchen,Khobar,Tomato Puree Catering Pack,ING-TOM-03,Ingredients,1,0.0,0.0,48.0,mada
2026-01-25,TX-B5_cash_constrained_restaurant-d00-000564,Khobar - Main Kitchen,Khobar,Tomato Puree Catering Pack,ING-TOM-03,Ingredients,1,0.0,0.0,48.0,mada
2026-01-25,TX-B5_cash_constrained_restaurant-d00-000565,Khobar - Main Kitchen,Khobar,Tomato Puree Catering Pack,ING-TOM-03,Ingredients,1,0.0,0.0,48.0,cash
2026-01-26,TX-B5_cash_constrained_restaurant-d00-000566,Khobar - Main Kitchen,Khobar,Tomato Puree Catering Pack,ING-TOM-03,Ingredients,1,0.0,0.0,48.0,cash
2026-01-26,TX-B5_cash_constrained_restaurant-d00-000567,Khobar - Main Kitchen,Khobar,Tomato Puree Catering Pack,ING-TOM-03,Ingredients,1,0.0,0.0,48.0,mada
2026-01-26,TX-B5_cash_constrained_restaurant-d00-000568,Khobar - Main Kitchen,Khobar,Tomato Puree Catering Pack,ING-TOM-03,Ingredients,1,0.0,0.0,48.0,card
2026-01-27,TX-B5_cash_constrained_restaurant-d00-000569,Khobar - Main Kitchen,Khobar,Tomato Puree Catering Pack,ING-TOM-03,Ingredients,1,0.0,0.0,48.0,card
2026-01-27,TX-B5_cash_constrained_restaurant-d00-000570,Khobar - Main Kitchen,Khobar,Tomato Puree Catering Pack,ING-TOM-03,Ingredients,1,0.0,0.0,48.0,mada
2026-01-27,TX-B5_cash_constrained_restaurant-d00-000571,Khobar - Main Kitchen,Khobar,Tomato Puree Catering Pack,ING-TOM-03,Ingredients,1,0.0,0.0,48.0,mada
2026-01-28,TX-B5_cash_constrained_restaurant-d00-000572,Khobar - Main Kitchen,Khobar,Tomato Puree Catering Pack,ING-TOM-03,Ingredients,1,0.0,0.0,48.0,card
2026-01-28,TX-B5_cash_constrained_restaurant-d00-000573,Khobar - Main Kitchen,Khobar,Tomato Puree Catering Pack,ING-TOM-03,Ingredients,1,0.0,0.0,48.0,cash
2026-01-29,TX-B5_cash_constrained_restaurant-d00-000574,Khobar - Main Kitchen,Khobar,Tomato Puree Catering Pack,ING-TOM-03,Ingredients,1,0.0,0.0,48.0,cash
2026-01-29,TX-B5_cash_constrained_restaurant-d00-000575,Khobar - Main Kitchen,Khobar,Tomato Puree Catering Pack,ING-TOM-03,Ingredients,1,0.0,0.0,48.0,cash
2026-01-30,TX-B5_cash_constrained_restaurant-d00-000576,Khobar - Main Kitchen,Khobar,Tomato Puree Catering Pack,ING-TOM-03,Ingredients,1,0.0,0.0,48.0,mada
2026-01-30,TX-B5_cash_constrained_restaurant-d00-000577,Khobar - Main Kitchen,Khobar,Tomato Puree Catering Pack,ING-TOM-03,Ingredients,1,0.0,0.0,48.0,cash
2026-01-30,TX-B5_cash_constrained_restaurant-d00-000578,Khobar - Main Kitchen,Khobar,Tomato Puree Catering Pack,ING-TOM-03,Ingredients,1,0.0,0.0,48.0,mada
2026-01-31,TX-B5_cash_constrained_restaurant-d00-000579,Khobar - Main Kitchen,Khobar,Tomato Puree Catering Pack,ING-TOM-03,Ingredients,1,0.0,0.0,48.0,mada
2026-01-31,TX-B5_cash_constrained_restaurant-d00-000580,Khobar - Main Kitchen,Khobar,Tomato Puree Catering Pack,ING-TOM-03,Ingredients,1,0.0,0.0,48.0,mada
2026-02-01,TX-B5_cash_constrained_restaurant-d00-000581,Khobar - Main Kitchen,Khobar,Tomato Puree Catering Pack,ING-TOM-03,Ingredients,1,0.0,0.0,48.0,card
2026-02-01,TX-B5_cash_constrained_restaurant-d00-000582,Khobar - Main Kitchen,Khobar,Tomato Puree Catering Pack,ING-TOM-03,Ingredients,1,0.0,0.0,48.0,cash
2026-02-01,TX-B5_cash_constrained_restaurant-d00-000583,Khobar - Main Kitchen,Khobar,Tomato Puree Catering Pack,ING-TOM-03,Ingredients,1,0.0,0.0,48.0,card
2026-02-02,TX-B5_cash_constrained_restaurant-d00-000584,Khobar - Main Kitchen,Khobar,Tomato Puree Catering Pack,ING-TOM-03,Ingredients,1,0.0,0.0,48.0,cash
2026-02-02,TX-B5_cash_constrained_restaurant-d00-000585,Khobar - Main Kitchen,Khobar,Tomato Puree Catering Pack,ING-TOM-03,Ingredients,1,0.0,0.0,48.0,mada
2026-02-02,TX-B5_cash_constrained_restaurant-d00-000586,Khobar - Main Kitchen,Khobar,Tomato Puree Catering Pack,ING-TOM-03,Ingredients,1,0.0,0.0,48.0,cash
2026-02-03,TX-B5_cash_constrained_restaurant-d00-000587,Khobar - Main Kitchen,Khobar,Tomato Puree Catering Pack,ING-TOM-03,Ingredients,1,0.0,0.0,48.0,cash
2026-02-03,TX-B5_cash_constrained_restaurant-d00-000588,Khobar - Main Kitchen,Khobar,Tomato Puree Catering Pack,ING-TOM-03,Ingredients,1,0.0,0.0,48.0,card
2026-02-03,TX-B5_cash_constrained_restaurant-d00-000589,Khobar - Main Kitchen,Khobar,Tomato Puree Catering Pack,ING-TOM-03,Ingredients,1,0.0,0.0,48.0,cash
2026-02-04,TX-B5_cash_constrained_restaurant-d00-000590,Khobar - Main Kitchen,Khobar,Tomato Puree Catering Pack,ING-TOM-03,Ingredients,1,0.0,0.0,48.0,card
2026-02-04,TX-B5_cash_constrained_restaurant-d00-000591,Khobar - Main Kitchen,Khobar,Tomato Puree Catering Pack,ING-TOM-03,Ingredients,1,0.0,0.0,48.0,cash
2026-02-04,TX-B5_cash_constrained_restaurant-d00-000592,Khobar - Main Kitchen,Khobar,Tomato Puree Catering Pack,ING-TOM-03,Ingredients,1,0.0,0.0,48.0,card
2026-02-05,TX-B5_cash_constrained_restaurant-d00-000593,Khobar - Main Kitchen,Khobar,Tomato Puree Catering Pack,ING-TOM-03,Ingredients,1,0.0,0.0,48.0,mada
2026-02-05,TX-B5_cash_constrained_restaurant-d00-000594,Khobar - Main Kitchen,Khobar,Tomato Puree Catering Pack,ING-TOM-03,Ingredients,1,0.0,0.0,48.0,card
2026-02-05,TX-B5_cash_constrained_restaurant-d00-000595,Khobar - Main Kitchen,Khobar,Tomato Puree Catering Pack,ING-TOM-03,Ingredients,1,0.0,0.0,48.0,cash
2026-02-05,TX-B5_cash_constrained_restaurant-d00-000596,Khobar - Main Kitchen,Khobar,Tomato Puree Catering Pack,ING-TOM-03,Ingredients,1,0.0,0.0,48.0,mada
2026-02-06,TX-B5_cash_constrained_restaurant-d00-000597,Khobar - Main Kitchen,Khobar,Tomato Puree Catering Pack,ING-TOM-03,Ingredients,1,0.0,0.0,48.0,mada
2026-02-06,TX-B5_cash_constrained_restaurant-d00-000598,Khobar - Main Kitchen,Khobar,Tomato Puree Catering Pack,ING-TOM-03,Ingredients,1,0.0,0.0,48.0,cash
2026-02-06,TX-B5_cash_constrained_restaurant-d00-000599,Khobar - Main Kitchen,Khobar,Tomato Puree Catering Pack,ING-TOM-03,Ingredients,1,0.0,0.0,48.0,card
2026-02-07,TX-B5_cash_constrained_restaurant-d00-000600,Khobar - Main Kitchen,Khobar,Tomato Puree Catering Pack,ING-TOM-03,Ingredients,1,0.0,0.0,48.0,card
2026-02-07,TX-B5_cash_constrained_restaurant-d00-000601,Khobar - Main Kitchen,Khobar,Tomato Puree Catering Pack,ING-TOM-03,Ingredients,1,0.0,0.0,48.0,cash
2026-02-08,TX-B5_cash_constrained_restaurant-d00-000602,Khobar - Main Kitchen,Khobar,Tomato Puree Catering Pack,ING-TOM-03,Ingredients,1,0.0,0.0,48.0,card
2026-02-08,TX-B5_cash_constrained_restaurant-d00-000603,Khobar - Main Kitchen,Khobar,Tomato Puree Catering Pack,ING-TOM-03,Ingredients,1,0.0,0.0,48.0,cash
2026-02-08,TX-B5_cash_constrained_restaurant-d00-000604,Khobar - Main Kitchen,Khobar,Tomato Puree Catering Pack,ING-TOM-03,Ingredients,1,0.0,0.0,48.0,cash
2026-02-08,TX-B5_cash_constrained_restaurant-d00-000605,Khobar - Main Kitchen,Khobar,Tomato Puree Catering Pack,ING-TOM-03,Ingredients,1,0.0,0.0,48.0,card
2026-02-09,TX-B5_cash_constrained_restaurant-d00-000606,Khobar - Main Kitchen,Khobar,Tomato Puree Catering Pack,ING-TOM-03,Ingredients,1,0.0,0.0,48.0,cash
2026-02-09,TX-B5_cash_constrained_restaurant-d00-000607,Khobar - Main Kitchen,Khobar,Tomato Puree Catering Pack,ING-TOM-03,Ingredients,1,0.0,0.0,48.0,card
2026-02-09,TX-B5_cash_constrained_restaurant-d00-000608,Khobar - Main Kitchen,Khobar,Tomato Puree Catering Pack,ING-TOM-03,Ingredients,1,0.0,0.0,48.0,cash
2026-02-09,TX-B5_cash_constrained_restaurant-d00-000609,Khobar - Main Kitchen,Khobar,Tomato Puree Catering Pack,ING-TOM-03,Ingredients,1,0.0,0.0,48.0,card
2026-02-10,TX-B5_cash_constrained_restaurant-d00-000610,Khobar - Main Kitchen,Khobar,Tomato Puree Catering Pack,ING-TOM-03,Ingredients,1,0.0,0.0,48.0,cash
2026-02-10,TX-B5_cash_constrained_restaurant-d00-000611,Khobar - Main Kitchen,Khobar,Tomato Puree Catering Pack,ING-TOM-03,Ingredients,1,0.0,0.0,48.0,cash
2026-02-11,TX-B5_cash_constrained_restaurant-d00-000612,Khobar - Main Kitchen,Khobar,Tomato Puree Catering Pack,ING-TOM-03,Ingredients,1,0.0,0.0,48.0,cash
2026-02-11,TX-B5_cash_constrained_restaurant-d00-000613,Khobar - Main Kitchen,Khobar,Tomato Puree Catering Pack,ING-TOM-03,Ingredients,1,0.0,0.0,48.0,card
2026-02-11,TX-B5_cash_constrained_restaurant-d00-000614,Khobar - Main Kitchen,Khobar,Tomato Puree Catering Pack,ING-TOM-03,Ingredients,1,0.0,0.0,48.0,card
2026-02-12,TX-B5_cash_constrained_restaurant-d00-000615,Khobar - Main Kitchen,Khobar,Tomato Puree Catering Pack,ING-TOM-03,Ingredients,1,0.0,0.0,48.0,cash
2026-02-12,TX-B5_cash_constrained_restaurant-d00-000616,Khobar - Main Kitchen,Khobar,Tomato Puree Catering Pack,ING-TOM-03,Ingredients,1,0.0,0.0,48.0,card
2026-02-12,TX-B5_cash_constrained_restaurant-d00-000617,Khobar - Main Kitchen,Khobar,Tomato Puree Catering Pack,ING-TOM-03,Ingredients,1,0.0,0.0,48.0,card
2026-02-12,TX-B5_cash_constrained_restaurant-d00-000618,Khobar - Main Kitchen,Khobar,Tomato Puree Catering Pack,ING-TOM-03,Ingredients,1,0.0,0.0,48.0,card
2026-02-13,TX-B5_cash_constrained_restaurant-d00-000619,Khobar - Main Kitchen,Khobar,Tomato Puree Catering Pack,ING-TOM-03,Ingredients,1,0.0,0.0,48.0,mada
2026-02-13,TX-B5_cash_constrained_restaurant-d00-000620,Khobar - Main Kitchen,Khobar,Tomato Puree Catering Pack,ING-TOM-03,Ingredients,1,0.0,0.0,48.0,card
2026-02-13,TX-B5_cash_constrained_restaurant-d00-000621,Khobar - Main Kitchen,Khobar,Tomato Puree Catering Pack,ING-TOM-03,Ingredients,1,0.0,0.0,48.0,mada
2026-02-14,TX-B5_cash_constrained_restaurant-d00-000622,Khobar - Main Kitchen,Khobar,Tomato Puree Catering Pack,ING-TOM-03,Ingredients,1,0.0,0.0,48.0,mada
2026-02-14,TX-B5_cash_constrained_restaurant-d00-000623,Khobar - Main Kitchen,Khobar,Tomato Puree Catering Pack,ING-TOM-03,Ingredients,1,0.0,0.0,48.0,mada
2026-02-14,TX-B5_cash_constrained_restaurant-d00-000624,Khobar - Main Kitchen,Khobar,Tomato Puree Catering Pack,ING-TOM-03,Ingredients,1,0.0,0.0,48.0,cash
2026-02-14,TX-B5_cash_constrained_restaurant-d00-000625,Khobar - Main Kitchen,Khobar,Tomato Puree Catering Pack,ING-TOM-03,Ingredients,1,0.0,0.0,48.0,card
2026-02-15,TX-B5_cash_constrained_restaurant-d00-000626,Khobar - Main Kitchen,Khobar,Tomato Puree Catering Pack,ING-TOM-03,Ingredients,1,0.0,0.0,48.0,card
2026-02-15,TX-B5_cash_constrained_restaurant-d00-000627,Khobar - Main Kitchen,Khobar,Tomato Puree Catering Pack,ING-TOM-03,Ingredients,1,0.0,0.0,48.0,mada
2026-02-15,TX-B5_cash_constrained_restaurant-d00-000628,Khobar - Main Kitchen,Khobar,Tomato Puree Catering Pack,ING-TOM-03,Ingredients,1,0.0,0.0,48.0,card
2026-02-16,TX-B5_cash_constrained_restaurant-d00-000629,Khobar - Main Kitchen,Khobar,Tomato Puree Catering Pack,ING-TOM-03,Ingredients,1,0.0,0.0,48.0,cash
2026-02-16,TX-B5_cash_constrained_restaurant-d00-000630,Khobar - Main Kitchen,Khobar,Tomato Puree Catering Pack,ING-TOM-03,Ingredients,1,0.0,0.0,48.0,card
2026-02-16,TX-B5_cash_constrained_restaurant-d00-000631,Khobar - Main Kitchen,Khobar,Tomato Puree Catering Pack,ING-TOM-03,Ingredients,1,0.0,0.0,48.0,card
2026-02-17,TX-B5_cash_constrained_restaurant-d00-000632,Khobar - Main Kitchen,Khobar,Tomato Puree Catering Pack,ING-TOM-03,Ingredients,1,0.0,0.0,48.0,mada
2026-02-17,TX-B5_cash_constrained_restaurant-d00-000633,Khobar - Main Kitchen,Khobar,Tomato Puree Catering Pack,ING-TOM-03,Ingredients,1,0.0,0.0,48.0,card
2026-02-17,TX-B5_cash_constrained_restaurant-d00-000634,Khobar - Main Kitchen,Khobar,Tomato Puree Catering Pack,ING-TOM-03,Ingredients,1,0.0,0.0,48.0,mada
2026-02-18,TX-B5_cash_constrained_restaurant-d00-000635,Khobar - Main Kitchen,Khobar,Tomato Puree Catering Pack,ING-TOM-03,Ingredients,1,0.0,0.0,48.0,mada
2026-02-18,TX-B5_cash_constrained_restaurant-d00-000636,Khobar - Main Kitchen,Khobar,Tomato Puree Catering Pack,ING-TOM-03,Ingredients,1,0.0,0.0,48.0,cash
2026-02-19,TX-B5_cash_constrained_restaurant-d00-000637,Khobar - Main Kitchen,Khobar,Tomato Puree Catering Pack,ING-TOM-03,Ingredients,1,0.0,0.0,48.0,mada
2026-02-19,TX-B5_cash_constrained_restaurant-d00-000638,Khobar - Main Kitchen,Khobar,Tomato Puree Catering Pack,ING-TOM-03,Ingredients,1,0.0,0.0,48.0,mada
2026-02-19,TX-B5_cash_constrained_restaurant-d00-000639,Khobar - Main Kitchen,Khobar,Tomato Puree Catering Pack,ING-TOM-03,Ingredients,1,0.0,0.0,48.0,mada
2026-02-20,TX-B5_cash_constrained_restaurant-d00-000640,Khobar - Main Kitchen,Khobar,Tomato Puree Catering Pack,ING-TOM-03,Ingredients,1,0.0,0.0,48.0,card
2026-02-20,TX-B5_cash_constrained_restaurant-d00-000641,Khobar - Main Kitchen,Khobar,Tomato Puree Catering Pack,ING-TOM-03,Ingredients,1,0.0,0.0,48.0,cash
2026-02-21,TX-B5_cash_constrained_restaurant-d00-000642,Khobar - Main Kitchen,Khobar,Tomato Puree Catering Pack,ING-TOM-03,Ingredients,1,0.0,0.0,48.0,cash
2026-02-21,TX-B5_cash_constrained_restaurant-d00-000643,Khobar - Main Kitchen,Khobar,Tomato Puree Catering Pack,ING-TOM-03,Ingredients,1,0.0,0.0,48.0,mada
2026-02-21,TX-B5_cash_constrained_restaurant-d00-000644,Khobar - Main Kitchen,Khobar,Tomato Puree Catering Pack,ING-TOM-03,Ingredients,1,0.0,0.0,48.0,mada
2026-02-22,TX-B5_cash_constrained_restaurant-d00-000645,Khobar - Main Kitchen,Khobar,Tomato Puree Catering Pack,ING-TOM-03,Ingredients,1,0.0,0.0,48.0,cash
2026-02-22,TX-B5_cash_constrained_restaurant-d00-000646,Khobar - Main Kitchen,Khobar,Tomato Puree Catering Pack,ING-TOM-03,Ingredients,1,0.0,0.0,48.0,mada
2026-02-22,TX-B5_cash_constrained_restaurant-d00-000647,Khobar - Main Kitchen,Khobar,Tomato Puree Catering Pack,ING-TOM-03,Ingredients,1,0.0,0.0,48.0,cash
2026-02-23,TX-B5_cash_constrained_restaurant-d00-000648,Khobar - Main Kitchen,Khobar,Tomato Puree Catering Pack,ING-TOM-03,Ingredients,1,0.0,0.0,48.0,card
2026-02-23,TX-B5_cash_constrained_restaurant-d00-000649,Khobar - Main Kitchen,Khobar,Tomato Puree Catering Pack,ING-TOM-03,Ingredients,1,0.0,0.0,48.0,card
2026-02-23,TX-B5_cash_constrained_restaurant-d00-000650,Khobar - Main Kitchen,Khobar,Tomato Puree Catering Pack,ING-TOM-03,Ingredients,1,0.0,0.0,48.0,mada
2026-02-24,TX-B5_cash_constrained_restaurant-d00-000651,Khobar - Main Kitchen,Khobar,Tomato Puree Catering Pack,ING-TOM-03,Ingredients,1,0.0,0.0,48.0,cash
2026-02-24,TX-B5_cash_constrained_restaurant-d00-000652,Khobar - Main Kitchen,Khobar,Tomato Puree Catering Pack,ING-TOM-03,Ingredients,1,0.0,0.0,48.0,mada
2026-02-24,TX-B5_cash_constrained_restaurant-d00-000653,Khobar - Main Kitchen,Khobar,Tomato Puree Catering Pack,ING-TOM-03,Ingredients,1,0.0,0.0,48.0,mada
2026-02-25,TX-B5_cash_constrained_restaurant-d00-000654,Khobar - Main Kitchen,Khobar,Tomato Puree Catering Pack,ING-TOM-03,Ingredients,1,0.0,0.0,48.0,cash
2026-02-25,TX-B5_cash_constrained_restaurant-d00-000655,Khobar - Main Kitchen,Khobar,Tomato Puree Catering Pack,ING-TOM-03,Ingredients,1,0.0,0.0,48.0,mada
2026-02-25,TX-B5_cash_constrained_restaurant-d00-000656,Khobar - Main Kitchen,Khobar,Tomato Puree Catering Pack,ING-TOM-03,Ingredients,1,0.0,0.0,48.0,cash
2026-02-26,TX-B5_cash_constrained_restaurant-d00-000657,Khobar - Main Kitchen,Khobar,Tomato Puree Catering Pack,ING-TOM-03,Ingredients,1,0.0,0.0,48.0,cash
2026-02-26,TX-B5_cash_constrained_restaurant-d00-000658,Khobar - Main Kitchen,Khobar,Tomato Puree Catering Pack,ING-TOM-03,Ingredients,1,0.0,0.0,48.0,card
2026-02-26,TX-B5_cash_constrained_restaurant-d00-000659,Khobar - Main Kitchen,Khobar,Tomato Puree Catering Pack,ING-TOM-03,Ingredients,1,0.0,0.0,48.0,card
2026-02-27,TX-B5_cash_constrained_restaurant-d00-000660,Khobar - Main Kitchen,Khobar,Tomato Puree Catering Pack,ING-TOM-03,Ingredients,1,0.0,0.0,48.0,card
2026-02-27,TX-B5_cash_constrained_restaurant-d00-000661,Khobar - Main Kitchen,Khobar,Tomato Puree Catering Pack,ING-TOM-03,Ingredients,1,0.0,0.0,48.0,card
2026-02-27,TX-B5_cash_constrained_restaurant-d00-000662,Khobar - Main Kitchen,Khobar,Tomato Puree Catering Pack,ING-TOM-03,Ingredients,1,0.0,0.0,48.0,cash
2026-02-28,TX-B5_cash_constrained_restaurant-d00-000663,Khobar - Main Kitchen,Khobar,Tomato Puree Catering Pack,ING-TOM-03,Ingredients,1,0.0,0.0,48.0,mada
2026-02-28,TX-B5_cash_constrained_restaurant-d00-000664,Khobar - Main Kitchen,Khobar,Tomato Puree Catering Pack,ING-TOM-03,Ingredients,1,0.0,0.0,48.0,mada
2026-02-28,TX-B5_cash_constrained_restaurant-d00-000665,Khobar - Main Kitchen,Khobar,Tomato Puree Catering Pack,ING-TOM-03,Ingredients,1,0.0,0.0,48.0,cash
2026-03-01,TX-B5_cash_constrained_restaurant-d00-000666,Khobar - Main Kitchen,Khobar,Tomato Puree Catering Pack,ING-TOM-03,Ingredients,1,0.0,0.0,48.0,cash
2026-03-01,TX-B5_cash_constrained_restaurant-d00-000667,Khobar - Main Kitchen,Khobar,Tomato Puree Catering Pack,ING-TOM-03,Ingredients,1,0.0,0.0,48.0,card
2026-03-01,TX-B5_cash_constrained_restaurant-d00-000668,Khobar - Main Kitchen,Khobar,Tomato Puree Catering Pack,ING-TOM-03,Ingredients,1,0.0,0.0,48.0,cash
2026-03-02,TX-B5_cash_constrained_restaurant-d00-000669,Khobar - Main Kitchen,Khobar,Tomato Puree Catering Pack,ING-TOM-03,Ingredients,1,0.0,0.0,48.0,mada
2026-03-02,TX-B5_cash_constrained_restaurant-d00-000670,Khobar - Main Kitchen,Khobar,Tomato Puree Catering Pack,ING-TOM-03,Ingredients,1,0.0,0.0,48.0,cash
2026-03-03,TX-B5_cash_constrained_restaurant-d00-000671,Khobar - Main Kitchen,Khobar,Tomato Puree Catering Pack,ING-TOM-03,Ingredients,1,0.0,0.0,48.0,mada
2026-03-03,TX-B5_cash_constrained_restaurant-d00-000672,Khobar - Main Kitchen,Khobar,Tomato Puree Catering Pack,ING-TOM-03,Ingredients,1,0.0,0.0,48.0,mada
2026-03-03,TX-B5_cash_constrained_restaurant-d00-000673,Khobar - Main Kitchen,Khobar,Tomato Puree Catering Pack,ING-TOM-03,Ingredients,1,0.0,0.0,48.0,card
2026-03-03,TX-B5_cash_constrained_restaurant-d00-000674,Khobar - Main Kitchen,Khobar,Tomato Puree Catering Pack,ING-TOM-03,Ingredients,1,0.0,0.0,48.0,cash
2026-03-04,TX-B5_cash_constrained_restaurant-d00-000675,Khobar - Main Kitchen,Khobar,Tomato Puree Catering Pack,ING-TOM-03,Ingredients,1,0.0,0.0,48.0,mada
2026-03-04,TX-B5_cash_constrained_restaurant-d00-000676,Khobar - Main Kitchen,Khobar,Tomato Puree Catering Pack,ING-TOM-03,Ingredients,1,0.0,0.0,48.0,cash
2026-03-05,TX-B5_cash_constrained_restaurant-d00-000677,Khobar - Main Kitchen,Khobar,Tomato Puree Catering Pack,ING-TOM-03,Ingredients,1,0.0,0.0,48.0,mada
2026-03-05,TX-B5_cash_constrained_restaurant-d00-000678,Khobar - Main Kitchen,Khobar,Tomato Puree Catering Pack,ING-TOM-03,Ingredients,1,0.0,0.0,48.0,mada
2026-03-05,TX-B5_cash_constrained_restaurant-d00-000679,Khobar - Main Kitchen,Khobar,Tomato Puree Catering Pack,ING-TOM-03,Ingredients,1,0.0,0.0,48.0,cash
2026-03-06,TX-B5_cash_constrained_restaurant-d00-000680,Khobar - Main Kitchen,Khobar,Tomato Puree Catering Pack,ING-TOM-03,Ingredients,1,0.0,0.0,48.0,card
2026-03-06,TX-B5_cash_constrained_restaurant-d00-000681,Khobar - Main Kitchen,Khobar,Tomato Puree Catering Pack,ING-TOM-03,Ingredients,1,0.0,0.0,48.0,cash
2026-03-07,TX-B5_cash_constrained_restaurant-d00-000682,Khobar - Main Kitchen,Khobar,Tomato Puree Catering Pack,ING-TOM-03,Ingredients,1,0.0,0.0,48.0,cash
2026-03-07,TX-B5_cash_constrained_restaurant-d00-000683,Khobar - Main Kitchen,Khobar,Tomato Puree Catering Pack,ING-TOM-03,Ingredients,1,0.0,0.0,48.0,card
2026-03-07,TX-B5_cash_constrained_restaurant-d00-000684,Khobar - Main Kitchen,Khobar,Tomato Puree Catering Pack,ING-TOM-03,Ingredients,1,0.0,0.0,48.0,mada
2026-03-07,TX-B5_cash_constrained_restaurant-d00-000685,Khobar - Main Kitchen,Khobar,Tomato Puree Catering Pack,ING-TOM-03,Ingredients,1,0.0,0.0,48.0,card
2026-03-08,TX-B5_cash_constrained_restaurant-d00-000686,Khobar - Main Kitchen,Khobar,Tomato Puree Catering Pack,ING-TOM-03,Ingredients,1,0.0,0.0,48.0,card
2026-03-08,TX-B5_cash_constrained_restaurant-d00-000687,Khobar - Main Kitchen,Khobar,Tomato Puree Catering Pack,ING-TOM-03,Ingredients,1,0.0,0.0,48.0,card
2026-03-08,TX-B5_cash_constrained_restaurant-d00-000688,Khobar - Main Kitchen,Khobar,Tomato Puree Catering Pack,ING-TOM-03,Ingredients,1,0.0,0.0,48.0,cash
2026-03-09,TX-B5_cash_constrained_restaurant-d00-000689,Khobar - Main Kitchen,Khobar,Tomato Puree Catering Pack,ING-TOM-03,Ingredients,1,0.0,0.0,48.0,cash
2026-03-09,TX-B5_cash_constrained_restaurant-d00-000690,Khobar - Main Kitchen,Khobar,Tomato Puree Catering Pack,ING-TOM-03,Ingredients,1,0.0,0.0,48.0,card
2026-03-09,TX-B5_cash_constrained_restaurant-d00-000691,Khobar - Main Kitchen,Khobar,Tomato Puree Catering Pack,ING-TOM-03,Ingredients,1,0.0,0.0,48.0,mada
2026-03-10,TX-B5_cash_constrained_restaurant-d00-000692,Khobar - Main Kitchen,Khobar,Tomato Puree Catering Pack,ING-TOM-03,Ingredients,1,0.0,0.0,48.0,mada
2026-03-10,TX-B5_cash_constrained_restaurant-d00-000693,Khobar - Main Kitchen,Khobar,Tomato Puree Catering Pack,ING-TOM-03,Ingredients,1,0.0,0.0,48.0,card
2026-03-10,TX-B5_cash_constrained_restaurant-d00-000694,Khobar - Main Kitchen,Khobar,Tomato Puree Catering Pack,ING-TOM-03,Ingredients,1,0.0,0.0,48.0,mada
2026-03-10,TX-B5_cash_constrained_restaurant-d00-000695,Khobar - Main Kitchen,Khobar,Tomato Puree Catering Pack,ING-TOM-03,Ingredients,1,0.0,0.0,48.0,cash
2026-03-11,TX-B5_cash_constrained_restaurant-d00-000696,Khobar - Main Kitchen,Khobar,Tomato Puree Catering Pack,ING-TOM-03,Ingredients,1,0.0,0.0,48.0,cash
2026-03-11,TX-B5_cash_constrained_restaurant-d00-000697,Khobar - Main Kitchen,Khobar,Tomato Puree Catering Pack,ING-TOM-03,Ingredients,1,0.0,0.0,48.0,card
2026-03-11,TX-B5_cash_constrained_restaurant-d00-000698,Khobar - Main Kitchen,Khobar,Tomato Puree Catering Pack,ING-TOM-03,Ingredients,1,0.0,0.0,48.0,mada
2026-03-12,TX-B5_cash_constrained_restaurant-d00-000699,Khobar - Main Kitchen,Khobar,Tomato Puree Catering Pack,ING-TOM-03,Ingredients,1,0.0,0.0,48.0,mada
2026-03-12,TX-B5_cash_constrained_restaurant-d00-000700,Khobar - Main Kitchen,Khobar,Tomato Puree Catering Pack,ING-TOM-03,Ingredients,1,0.0,0.0,48.0,mada
2026-03-12,TX-B5_cash_constrained_restaurant-d00-000701,Khobar - Main Kitchen,Khobar,Tomato Puree Catering Pack,ING-TOM-03,Ingredients,1,0.0,0.0,48.0,mada
2026-03-13,TX-B5_cash_constrained_restaurant-d00-000702,Khobar - Main Kitchen,Khobar,Tomato Puree Catering Pack,ING-TOM-03,Ingredients,1,0.0,0.0,48.0,card
2026-03-13,TX-B5_cash_constrained_restaurant-d00-000703,Khobar - Main Kitchen,Khobar,Tomato Puree Catering Pack,ING-TOM-03,Ingredients,1,0.0,0.0,48.0,mada
2026-03-13,TX-B5_cash_constrained_restaurant-d00-000704,Khobar - Main Kitchen,Khobar,Tomato Puree Catering Pack,ING-TOM-03,Ingredients,1,0.0,0.0,48.0,cash
2026-03-13,TX-B5_cash_constrained_restaurant-d00-000705,Khobar - Main Kitchen,Khobar,Tomato Puree Catering Pack,ING-TOM-03,Ingredients,1,0.0,0.0,48.0,card
2026-03-14,TX-B5_cash_constrained_restaurant-d00-000706,Khobar - Main Kitchen,Khobar,Tomato Puree Catering Pack,ING-TOM-03,Ingredients,1,0.0,0.0,48.0,cash
2026-03-14,TX-B5_cash_constrained_restaurant-d00-000707,Khobar - Main Kitchen,Khobar,Tomato Puree Catering Pack,ING-TOM-03,Ingredients,1,0.0,0.0,48.0,mada
2026-03-14,TX-B5_cash_constrained_restaurant-d00-000708,Khobar - Main Kitchen,Khobar,Tomato Puree Catering Pack,ING-TOM-03,Ingredients,1,0.0,0.0,48.0,cash
2026-03-15,TX-B5_cash_constrained_restaurant-d00-000709,Khobar - Main Kitchen,Khobar,Tomato Puree Catering Pack,ING-TOM-03,Ingredients,1,0.0,0.0,48.0,card
2026-03-15,TX-B5_cash_constrained_restaurant-d00-000710,Khobar - Main Kitchen,Khobar,Tomato Puree Catering Pack,ING-TOM-03,Ingredients,1,0.0,0.0,48.0,card
2026-03-16,TX-B5_cash_constrained_restaurant-d00-000711,Khobar - Main Kitchen,Khobar,Tomato Puree Catering Pack,ING-TOM-03,Ingredients,1,0.0,0.0,48.0,mada
2026-03-16,TX-B5_cash_constrained_restaurant-d00-000712,Khobar - Main Kitchen,Khobar,Tomato Puree Catering Pack,ING-TOM-03,Ingredients,1,0.0,0.0,48.0,mada
2026-03-17,TX-B5_cash_constrained_restaurant-d00-000713,Khobar - Main Kitchen,Khobar,Tomato Puree Catering Pack,ING-TOM-03,Ingredients,1,0.0,0.0,48.0,mada
2026-03-17,TX-B5_cash_constrained_restaurant-d00-000714,Khobar - Main Kitchen,Khobar,Tomato Puree Catering Pack,ING-TOM-03,Ingredients,1,0.0,0.0,48.0,cash
2026-03-17,TX-B5_cash_constrained_restaurant-d00-000715,Khobar - Main Kitchen,Khobar,Tomato Puree Catering Pack,ING-TOM-03,Ingredients,1,0.0,0.0,48.0,card
2026-03-17,TX-B5_cash_constrained_restaurant-d00-000716,Khobar - Main Kitchen,Khobar,Tomato Puree Catering Pack,ING-TOM-03,Ingredients,1,0.0,0.0,48.0,card
2026-03-18,TX-B5_cash_constrained_restaurant-d00-000717,Khobar - Main Kitchen,Khobar,Tomato Puree Catering Pack,ING-TOM-03,Ingredients,1,0.0,0.0,48.0,cash
2026-03-18,TX-B5_cash_constrained_restaurant-d00-000718,Khobar - Main Kitchen,Khobar,Tomato Puree Catering Pack,ING-TOM-03,Ingredients,1,0.0,0.0,48.0,cash
2026-03-18,TX-B5_cash_constrained_restaurant-d00-000719,Khobar - Main Kitchen,Khobar,Tomato Puree Catering Pack,ING-TOM-03,Ingredients,1,0.0,0.0,48.0,card
2026-03-19,TX-B5_cash_constrained_restaurant-d00-000720,Khobar - Main Kitchen,Khobar,Tomato Puree Catering Pack,ING-TOM-03,Ingredients,1,0.0,0.0,48.0,mada
2026-03-19,TX-B5_cash_constrained_restaurant-d00-000721,Khobar - Main Kitchen,Khobar,Tomato Puree Catering Pack,ING-TOM-03,Ingredients,1,0.0,0.0,48.0,mada
2026-03-20,TX-B5_cash_constrained_restaurant-d00-000722,Khobar - Main Kitchen,Khobar,Tomato Puree Catering Pack,ING-TOM-03,Ingredients,1,0.0,0.0,48.0,mada
2026-03-20,TX-B5_cash_constrained_restaurant-d00-000723,Khobar - Main Kitchen,Khobar,Tomato Puree Catering Pack,ING-TOM-03,Ingredients,1,0.0,0.0,48.0,card
2026-03-20,TX-B5_cash_constrained_restaurant-d00-000724,Khobar - Main Kitchen,Khobar,Tomato Puree Catering Pack,ING-TOM-03,Ingredients,1,0.0,0.0,48.0,card
2026-03-20,TX-B5_cash_constrained_restaurant-d00-000725,Khobar - Main Kitchen,Khobar,Tomato Puree Catering Pack,ING-TOM-03,Ingredients,1,0.0,0.0,48.0,mada
2026-03-21,TX-B5_cash_constrained_restaurant-d00-000726,Khobar - Main Kitchen,Khobar,Tomato Puree Catering Pack,ING-TOM-03,Ingredients,1,0.0,0.0,48.0,card
2026-03-21,TX-B5_cash_constrained_restaurant-d00-000727,Khobar - Main Kitchen,Khobar,Tomato Puree Catering Pack,ING-TOM-03,Ingredients,1,0.0,0.0,48.0,card
2026-03-21,TX-B5_cash_constrained_restaurant-d00-000728,Khobar - Main Kitchen,Khobar,Tomato Puree Catering Pack,ING-TOM-03,Ingredients,1,0.0,0.0,48.0,cash
2026-03-22,TX-B5_cash_constrained_restaurant-d00-000729,Khobar - Main Kitchen,Khobar,Tomato Puree Catering Pack,ING-TOM-03,Ingredients,1,0.0,0.0,48.0,cash
2026-03-22,TX-B5_cash_constrained_restaurant-d00-000730,Khobar - Main Kitchen,Khobar,Tomato Puree Catering Pack,ING-TOM-03,Ingredients,1,0.0,0.0,48.0,mada
2026-03-22,TX-B5_cash_constrained_restaurant-d00-000731,Khobar - Main Kitchen,Khobar,Tomato Puree Catering Pack,ING-TOM-03,Ingredients,1,0.0,0.0,48.0,card
2026-03-23,TX-B5_cash_constrained_restaurant-d00-000732,Khobar - Main Kitchen,Khobar,Tomato Puree Catering Pack,ING-TOM-03,Ingredients,1,0.0,0.0,48.0,cash
2026-03-23,TX-B5_cash_constrained_restaurant-d00-000733,Khobar - Main Kitchen,Khobar,Tomato Puree Catering Pack,ING-TOM-03,Ingredients,1,0.0,0.0,48.0,cash
2026-03-23,TX-B5_cash_constrained_restaurant-d00-000734,Khobar - Main Kitchen,Khobar,Tomato Puree Catering Pack,ING-TOM-03,Ingredients,1,0.0,0.0,48.0,card
2026-03-24,TX-B5_cash_constrained_restaurant-d00-000735,Khobar - Main Kitchen,Khobar,Tomato Puree Catering Pack,ING-TOM-03,Ingredients,1,0.0,0.0,48.0,cash
2026-03-24,TX-B5_cash_constrained_restaurant-d00-000736,Khobar - Main Kitchen,Khobar,Tomato Puree Catering Pack,ING-TOM-03,Ingredients,1,0.0,0.0,48.0,mada
2026-03-24,TX-B5_cash_constrained_restaurant-d00-000737,Khobar - Main Kitchen,Khobar,Tomato Puree Catering Pack,ING-TOM-03,Ingredients,1,0.0,0.0,48.0,mada
2026-03-24,TX-B5_cash_constrained_restaurant-d00-000738,Khobar - Main Kitchen,Khobar,Tomato Puree Catering Pack,ING-TOM-03,Ingredients,1,0.0,0.0,48.0,mada
2026-03-25,TX-B5_cash_constrained_restaurant-d00-000739,Khobar - Main Kitchen,Khobar,Tomato Puree Catering Pack,ING-TOM-03,Ingredients,1,0.0,0.0,48.0,card
2026-03-25,TX-B5_cash_constrained_restaurant-d00-000740,Khobar - Main Kitchen,Khobar,Tomato Puree Catering Pack,ING-TOM-03,Ingredients,1,0.0,0.0,48.0,mada
2026-03-25,TX-B5_cash_constrained_restaurant-d00-000741,Khobar - Main Kitchen,Khobar,Tomato Puree Catering Pack,ING-TOM-03,Ingredients,1,0.0,0.0,48.0,cash
2026-03-26,TX-B5_cash_constrained_restaurant-d00-000742,Khobar - Main Kitchen,Khobar,Tomato Puree Catering Pack,ING-TOM-03,Ingredients,1,0.0,0.0,48.0,card
2026-03-26,TX-B5_cash_constrained_restaurant-d00-000743,Khobar - Main Kitchen,Khobar,Tomato Puree Catering Pack,ING-TOM-03,Ingredients,1,0.0,0.0,48.0,cash
2026-03-26,TX-B5_cash_constrained_restaurant-d00-000744,Khobar - Main Kitchen,Khobar,Tomato Puree Catering Pack,ING-TOM-03,Ingredients,1,0.0,0.0,48.0,mada
2026-03-26,TX-B5_cash_constrained_restaurant-d00-000745,Khobar - Main Kitchen,Khobar,Tomato Puree Catering Pack,ING-TOM-03,Ingredients,1,0.0,0.0,48.0,mada
2026-03-27,TX-B5_cash_constrained_restaurant-d00-000746,Khobar - Main Kitchen,Khobar,Tomato Puree Catering Pack,ING-TOM-03,Ingredients,1,0.0,0.0,48.0,mada
2026-03-27,TX-B5_cash_constrained_restaurant-d00-000747,Khobar - Main Kitchen,Khobar,Tomato Puree Catering Pack,ING-TOM-03,Ingredients,1,0.0,0.0,48.0,card
2026-03-27,TX-B5_cash_constrained_restaurant-d00-000748,Khobar - Main Kitchen,Khobar,Tomato Puree Catering Pack,ING-TOM-03,Ingredients,1,0.0,0.0,48.0,card
2026-03-28,TX-B5_cash_constrained_restaurant-d00-000749,Khobar - Main Kitchen,Khobar,Tomato Puree Catering Pack,ING-TOM-03,Ingredients,1,0.0,0.0,48.0,mada
2026-03-28,TX-B5_cash_constrained_restaurant-d00-000750,Khobar - Main Kitchen,Khobar,Tomato Puree Catering Pack,ING-TOM-03,Ingredients,1,0.0,0.0,48.0,card
2026-03-28,TX-B5_cash_constrained_restaurant-d00-000751,Khobar - Main Kitchen,Khobar,Tomato Puree Catering Pack,ING-TOM-03,Ingredients,1,0.0,0.0,48.0,card
2026-03-29,TX-B5_cash_constrained_restaurant-d00-000752,Khobar - Main Kitchen,Khobar,Tomato Puree Catering Pack,ING-TOM-03,Ingredients,1,0.0,0.0,48.0,mada
2026-03-29,TX-B5_cash_constrained_restaurant-d00-000753,Khobar - Main Kitchen,Khobar,Tomato Puree Catering Pack,ING-TOM-03,Ingredients,1,0.0,0.0,48.0,mada
2026-03-29,TX-B5_cash_constrained_restaurant-d00-000754,Khobar - Main Kitchen,Khobar,Tomato Puree Catering Pack,ING-TOM-03,Ingredients,1,0.0,0.0,48.0,mada
2026-03-30,TX-B5_cash_constrained_restaurant-d00-000755,Khobar - Main Kitchen,Khobar,Tomato Puree Catering Pack,ING-TOM-03,Ingredients,1,0.0,0.0,48.0,card
2026-03-30,TX-B5_cash_constrained_restaurant-d00-000756,Khobar - Main Kitchen,Khobar,Tomato Puree Catering Pack,ING-TOM-03,Ingredients,1,0.0,0.0,48.0,cash
2026-03-31,TX-B5_cash_constrained_restaurant-d00-000757,Khobar - Main Kitchen,Khobar,Tomato Puree Catering Pack,ING-TOM-03,Ingredients,1,0.0,0.0,48.0,card
2026-03-31,TX-B5_cash_constrained_restaurant-d00-000758,Khobar - Main Kitchen,Khobar,Tomato Puree Catering Pack,ING-TOM-03,Ingredients,1,0.0,0.0,48.0,mada
2026-03-31,TX-B5_cash_constrained_restaurant-d00-000759,Khobar - Main Kitchen,Khobar,Tomato Puree Catering Pack,ING-TOM-03,Ingredients,1,0.0,0.0,48.0,mada
2026-04-01,TX-B5_cash_constrained_restaurant-d00-000760,Khobar - Main Kitchen,Khobar,Tomato Puree Catering Pack,ING-TOM-03,Ingredients,1,0.0,0.0,48.0,mada
2026-04-01,TX-B5_cash_constrained_restaurant-d00-000761,Khobar - Main Kitchen,Khobar,Tomato Puree Catering Pack,ING-TOM-03,Ingredients,1,0.0,0.0,48.0,card
2026-04-01,TX-B5_cash_constrained_restaurant-d00-000762,Khobar - Main Kitchen,Khobar,Tomato Puree Catering Pack,ING-TOM-03,Ingredients,1,0.0,0.0,48.0,card
2026-04-02,TX-B5_cash_constrained_restaurant-d00-000763,Khobar - Main Kitchen,Khobar,Tomato Puree Catering Pack,ING-TOM-03,Ingredients,1,0.0,0.0,48.0,mada
2026-04-02,TX-B5_cash_constrained_restaurant-d00-000764,Khobar - Main Kitchen,Khobar,Tomato Puree Catering Pack,ING-TOM-03,Ingredients,1,0.0,0.0,48.0,cash
2026-04-02,TX-B5_cash_constrained_restaurant-d00-000765,Khobar - Main Kitchen,Khobar,Tomato Puree Catering Pack,ING-TOM-03,Ingredients,1,0.0,0.0,48.0,mada
2026-04-03,TX-B5_cash_constrained_restaurant-d00-000766,Khobar - Main Kitchen,Khobar,Tomato Puree Catering Pack,ING-TOM-03,Ingredients,1,0.0,0.0,48.0,cash
2026-04-03,TX-B5_cash_constrained_restaurant-d00-000767,Khobar - Main Kitchen,Khobar,Tomato Puree Catering Pack,ING-TOM-03,Ingredients,1,0.0,0.0,48.0,cash
2026-04-04,TX-B5_cash_constrained_restaurant-d00-000768,Khobar - Main Kitchen,Khobar,Tomato Puree Catering Pack,ING-TOM-03,Ingredients,1,0.0,0.0,48.0,cash
2026-04-04,TX-B5_cash_constrained_restaurant-d00-000769,Khobar - Main Kitchen,Khobar,Tomato Puree Catering Pack,ING-TOM-03,Ingredients,1,0.0,0.0,48.0,mada
2026-04-04,TX-B5_cash_constrained_restaurant-d00-000770,Khobar - Main Kitchen,Khobar,Tomato Puree Catering Pack,ING-TOM-03,Ingredients,1,0.0,0.0,48.0,card
2026-04-05,TX-B5_cash_constrained_restaurant-d00-000771,Khobar - Main Kitchen,Khobar,Tomato Puree Catering Pack,ING-TOM-03,Ingredients,1,0.0,0.0,48.0,card
2026-04-05,TX-B5_cash_constrained_restaurant-d00-000772,Khobar - Main Kitchen,Khobar,Tomato Puree Catering Pack,ING-TOM-03,Ingredients,1,0.0,0.0,48.0,cash
2026-04-05,TX-B5_cash_constrained_restaurant-d00-000773,Khobar - Main Kitchen,Khobar,Tomato Puree Catering Pack,ING-TOM-03,Ingredients,1,0.0,0.0,48.0,card
2026-04-06,TX-B5_cash_constrained_restaurant-d00-000774,Khobar - Main Kitchen,Khobar,Tomato Puree Catering Pack,ING-TOM-03,Ingredients,1,0.0,0.0,48.0,mada
2026-04-06,TX-B5_cash_constrained_restaurant-d00-000775,Khobar - Main Kitchen,Khobar,Tomato Puree Catering Pack,ING-TOM-03,Ingredients,1,0.0,0.0,48.0,card
2026-04-06,TX-B5_cash_constrained_restaurant-d00-000776,Khobar - Main Kitchen,Khobar,Tomato Puree Catering Pack,ING-TOM-03,Ingredients,1,0.0,0.0,48.0,mada
2026-04-07,TX-B5_cash_constrained_restaurant-d00-000777,Khobar - Main Kitchen,Khobar,Tomato Puree Catering Pack,ING-TOM-03,Ingredients,1,0.0,0.0,48.0,card
2026-04-07,TX-B5_cash_constrained_restaurant-d00-000778,Khobar - Main Kitchen,Khobar,Tomato Puree Catering Pack,ING-TOM-03,Ingredients,1,0.0,0.0,48.0,cash
2026-04-07,TX-B5_cash_constrained_restaurant-d00-000779,Khobar - Main Kitchen,Khobar,Tomato Puree Catering Pack,ING-TOM-03,Ingredients,1,0.0,0.0,48.0,mada
2026-04-07,TX-B5_cash_constrained_restaurant-d00-000780,Khobar - Main Kitchen,Khobar,Tomato Puree Catering Pack,ING-TOM-03,Ingredients,1,0.0,0.0,48.0,mada
2026-04-08,TX-B5_cash_constrained_restaurant-d00-000781,Khobar - Main Kitchen,Khobar,Tomato Puree Catering Pack,ING-TOM-03,Ingredients,1,0.0,0.0,48.0,card
2026-04-08,TX-B5_cash_constrained_restaurant-d00-000782,Khobar - Main Kitchen,Khobar,Tomato Puree Catering Pack,ING-TOM-03,Ingredients,1,0.0,0.0,48.0,cash
2026-04-08,TX-B5_cash_constrained_restaurant-d00-000783,Khobar - Main Kitchen,Khobar,Tomato Puree Catering Pack,ING-TOM-03,Ingredients,1,0.0,0.0,48.0,mada
2026-04-09,TX-B5_cash_constrained_restaurant-d00-000784,Khobar - Main Kitchen,Khobar,Tomato Puree Catering Pack,ING-TOM-03,Ingredients,1,0.0,0.0,48.0,cash
2026-04-09,TX-B5_cash_constrained_restaurant-d00-000785,Khobar - Main Kitchen,Khobar,Tomato Puree Catering Pack,ING-TOM-03,Ingredients,1,0.0,0.0,48.0,mada
2026-04-09,TX-B5_cash_constrained_restaurant-d00-000786,Khobar - Main Kitchen,Khobar,Tomato Puree Catering Pack,ING-TOM-03,Ingredients,1,0.0,0.0,48.0,mada
2026-04-09,TX-B5_cash_constrained_restaurant-d00-000787,Khobar - Main Kitchen,Khobar,Tomato Puree Catering Pack,ING-TOM-03,Ingredients,1,0.0,0.0,48.0,card
2026-04-10,TX-B5_cash_constrained_restaurant-d00-000788,Khobar - Main Kitchen,Khobar,Tomato Puree Catering Pack,ING-TOM-03,Ingredients,1,0.0,0.0,48.0,card
2026-04-10,TX-B5_cash_constrained_restaurant-d00-000789,Khobar - Main Kitchen,Khobar,Tomato Puree Catering Pack,ING-TOM-03,Ingredients,1,0.0,0.0,48.0,card
2026-04-10,TX-B5_cash_constrained_restaurant-d00-000790,Khobar - Main Kitchen,Khobar,Tomato Puree Catering Pack,ING-TOM-03,Ingredients,1,0.0,0.0,48.0,mada
2026-04-10,TX-B5_cash_constrained_restaurant-d00-000791,Khobar - Main Kitchen,Khobar,Tomato Puree Catering Pack,ING-TOM-03,Ingredients,1,0.0,0.0,48.0,card
2026-04-11,TX-B5_cash_constrained_restaurant-d00-000792,Khobar - Main Kitchen,Khobar,Tomato Puree Catering Pack,ING-TOM-03,Ingredients,1,0.0,0.0,48.0,cash
2026-04-11,TX-B5_cash_constrained_restaurant-d00-000793,Khobar - Main Kitchen,Khobar,Tomato Puree Catering Pack,ING-TOM-03,Ingredients,1,0.0,0.0,48.0,cash
2026-04-11,TX-B5_cash_constrained_restaurant-d00-000794,Khobar - Main Kitchen,Khobar,Tomato Puree Catering Pack,ING-TOM-03,Ingredients,1,0.0,0.0,48.0,mada
2026-04-12,TX-B5_cash_constrained_restaurant-d00-000795,Khobar - Main Kitchen,Khobar,Tomato Puree Catering Pack,ING-TOM-03,Ingredients,1,0.0,0.0,48.0,card
2026-04-12,TX-B5_cash_constrained_restaurant-d00-000796,Khobar - Main Kitchen,Khobar,Tomato Puree Catering Pack,ING-TOM-03,Ingredients,1,0.0,0.0,48.0,card
2026-04-12,TX-B5_cash_constrained_restaurant-d00-000797,Khobar - Main Kitchen,Khobar,Tomato Puree Catering Pack,ING-TOM-03,Ingredients,1,0.0,0.0,48.0,cash
2026-04-13,TX-B5_cash_constrained_restaurant-d00-000798,Khobar - Main Kitchen,Khobar,Tomato Puree Catering Pack,ING-TOM-03,Ingredients,1,0.0,0.0,48.0,cash
2026-04-13,TX-B5_cash_constrained_restaurant-d00-000799,Khobar - Main Kitchen,Khobar,Tomato Puree Catering Pack,ING-TOM-03,Ingredients,1,0.0,0.0,48.0,card
2026-04-13,TX-B5_cash_constrained_restaurant-d00-000800,Khobar - Main Kitchen,Khobar,Tomato Puree Catering Pack,ING-TOM-03,Ingredients,1,0.0,0.0,48.0,mada
2026-04-14,TX-B5_cash_constrained_restaurant-d00-000801,Khobar - Main Kitchen,Khobar,Tomato Puree Catering Pack,ING-TOM-03,Ingredients,1,0.0,0.0,48.0,card
2026-04-14,TX-B5_cash_constrained_restaurant-d00-000802,Khobar - Main Kitchen,Khobar,Tomato Puree Catering Pack,ING-TOM-03,Ingredients,1,0.0,0.0,48.0,cash
2026-04-14,TX-B5_cash_constrained_restaurant-d00-000803,Khobar - Main Kitchen,Khobar,Tomato Puree Catering Pack,ING-TOM-03,Ingredients,1,0.0,0.0,48.0,card
2026-04-15,TX-B5_cash_constrained_restaurant-d00-000804,Khobar - Main Kitchen,Khobar,Tomato Puree Catering Pack,ING-TOM-03,Ingredients,1,0.0,0.0,48.0,cash
2026-04-15,TX-B5_cash_constrained_restaurant-d00-000805,Khobar - Main Kitchen,Khobar,Tomato Puree Catering Pack,ING-TOM-03,Ingredients,1,0.0,0.0,48.0,mada
2026-04-15,TX-B5_cash_constrained_restaurant-d00-000806,Khobar - Main Kitchen,Khobar,Tomato Puree Catering Pack,ING-TOM-03,Ingredients,1,0.0,0.0,48.0,mada
2026-04-15,TX-B5_cash_constrained_restaurant-d00-000807,Khobar - Main Kitchen,Khobar,Tomato Puree Catering Pack,ING-TOM-03,Ingredients,1,0.0,0.0,48.0,mada
2026-04-16,TX-B5_cash_constrained_restaurant-d00-000808,Khobar - Main Kitchen,Khobar,Tomato Puree Catering Pack,ING-TOM-03,Ingredients,1,0.0,0.0,48.0,cash
2026-04-16,TX-B5_cash_constrained_restaurant-d00-000809,Khobar - Main Kitchen,Khobar,Tomato Puree Catering Pack,ING-TOM-03,Ingredients,1,0.0,0.0,48.0,cash
2026-04-16,TX-B5_cash_constrained_restaurant-d00-000810,Khobar - Main Kitchen,Khobar,Tomato Puree Catering Pack,ING-TOM-03,Ingredients,1,0.0,0.0,48.0,mada
2026-04-17,TX-B5_cash_constrained_restaurant-d00-000811,Khobar - Main Kitchen,Khobar,Tomato Puree Catering Pack,ING-TOM-03,Ingredients,1,0.0,0.0,48.0,mada
2026-04-17,TX-B5_cash_constrained_restaurant-d00-000812,Khobar - Main Kitchen,Khobar,Tomato Puree Catering Pack,ING-TOM-03,Ingredients,1,0.0,0.0,48.0,cash
2026-04-17,TX-B5_cash_constrained_restaurant-d00-000813,Khobar - Main Kitchen,Khobar,Tomato Puree Catering Pack,ING-TOM-03,Ingredients,1,0.0,0.0,48.0,cash
2026-04-17,TX-B5_cash_constrained_restaurant-d00-000814,Khobar - Main Kitchen,Khobar,Tomato Puree Catering Pack,ING-TOM-03,Ingredients,1,0.0,0.0,48.0,cash
2026-04-18,TX-B5_cash_constrained_restaurant-d00-000815,Khobar - Main Kitchen,Khobar,Tomato Puree Catering Pack,ING-TOM-03,Ingredients,1,0.0,0.0,48.0,cash
2026-04-18,TX-B5_cash_constrained_restaurant-d00-000816,Khobar - Main Kitchen,Khobar,Tomato Puree Catering Pack,ING-TOM-03,Ingredients,1,0.0,0.0,48.0,card
2026-04-18,TX-B5_cash_constrained_restaurant-d00-000817,Khobar - Main Kitchen,Khobar,Tomato Puree Catering Pack,ING-TOM-03,Ingredients,1,0.0,0.0,48.0,cash
2026-04-19,TX-B5_cash_constrained_restaurant-d00-000818,Khobar - Main Kitchen,Khobar,Tomato Puree Catering Pack,ING-TOM-03,Ingredients,1,0.0,0.0,48.0,card
2026-04-19,TX-B5_cash_constrained_restaurant-d00-000819,Khobar - Main Kitchen,Khobar,Tomato Puree Catering Pack,ING-TOM-03,Ingredients,1,0.0,0.0,48.0,mada
2026-04-20,TX-B5_cash_constrained_restaurant-d00-000820,Khobar - Main Kitchen,Khobar,Tomato Puree Catering Pack,ING-TOM-03,Ingredients,1,0.0,0.0,48.0,card
2026-04-20,TX-B5_cash_constrained_restaurant-d00-000821,Khobar - Main Kitchen,Khobar,Tomato Puree Catering Pack,ING-TOM-03,Ingredients,1,0.0,0.0,48.0,cash
2026-04-20,TX-B5_cash_constrained_restaurant-d00-000822,Khobar - Main Kitchen,Khobar,Tomato Puree Catering Pack,ING-TOM-03,Ingredients,1,0.0,0.0,48.0,mada
2026-04-21,TX-B5_cash_constrained_restaurant-d00-000823,Khobar - Main Kitchen,Khobar,Tomato Puree Catering Pack,ING-TOM-03,Ingredients,1,0.0,0.0,48.0,mada
2026-04-21,TX-B5_cash_constrained_restaurant-d00-000824,Khobar - Main Kitchen,Khobar,Tomato Puree Catering Pack,ING-TOM-03,Ingredients,1,0.0,0.0,48.0,mada
2026-04-21,TX-B5_cash_constrained_restaurant-d00-000825,Khobar - Main Kitchen,Khobar,Tomato Puree Catering Pack,ING-TOM-03,Ingredients,1,0.0,0.0,48.0,mada
2026-04-22,TX-B5_cash_constrained_restaurant-d00-000826,Khobar - Main Kitchen,Khobar,Tomato Puree Catering Pack,ING-TOM-03,Ingredients,1,0.0,0.0,48.0,card
2026-04-22,TX-B5_cash_constrained_restaurant-d00-000827,Khobar - Main Kitchen,Khobar,Tomato Puree Catering Pack,ING-TOM-03,Ingredients,1,0.0,0.0,48.0,card
2026-04-22,TX-B5_cash_constrained_restaurant-d00-000828,Khobar - Main Kitchen,Khobar,Tomato Puree Catering Pack,ING-TOM-03,Ingredients,1,0.0,0.0,48.0,mada
2026-04-23,TX-B5_cash_constrained_restaurant-d00-000829,Khobar - Main Kitchen,Khobar,Tomato Puree Catering Pack,ING-TOM-03,Ingredients,1,0.0,0.0,48.0,cash
2026-04-23,TX-B5_cash_constrained_restaurant-d00-000830,Khobar - Main Kitchen,Khobar,Tomato Puree Catering Pack,ING-TOM-03,Ingredients,1,0.0,0.0,48.0,mada
2026-04-23,TX-B5_cash_constrained_restaurant-d00-000831,Khobar - Main Kitchen,Khobar,Tomato Puree Catering Pack,ING-TOM-03,Ingredients,1,0.0,0.0,48.0,cash
2026-04-23,TX-B5_cash_constrained_restaurant-d00-000832,Khobar - Main Kitchen,Khobar,Tomato Puree Catering Pack,ING-TOM-03,Ingredients,1,0.0,0.0,48.0,cash
2026-04-24,TX-B5_cash_constrained_restaurant-d00-000833,Khobar - Main Kitchen,Khobar,Tomato Puree Catering Pack,ING-TOM-03,Ingredients,1,0.0,0.0,48.0,mada
2026-04-24,TX-B5_cash_constrained_restaurant-d00-000834,Khobar - Main Kitchen,Khobar,Tomato Puree Catering Pack,ING-TOM-03,Ingredients,1,0.0,0.0,48.0,card
2026-04-24,TX-B5_cash_constrained_restaurant-d00-000835,Khobar - Main Kitchen,Khobar,Tomato Puree Catering Pack,ING-TOM-03,Ingredients,1,0.0,0.0,48.0,mada
2026-04-25,TX-B5_cash_constrained_restaurant-d00-000836,Khobar - Main Kitchen,Khobar,Tomato Puree Catering Pack,ING-TOM-03,Ingredients,1,0.0,0.0,48.0,card
2026-04-25,TX-B5_cash_constrained_restaurant-d00-000837,Khobar - Main Kitchen,Khobar,Tomato Puree Catering Pack,ING-TOM-03,Ingredients,1,0.0,0.0,48.0,card
2026-04-25,TX-B5_cash_constrained_restaurant-d00-000838,Khobar - Main Kitchen,Khobar,Tomato Puree Catering Pack,ING-TOM-03,Ingredients,1,0.0,0.0,48.0,cash
2026-04-26,TX-B5_cash_constrained_restaurant-d00-000839,Khobar - Main Kitchen,Khobar,Tomato Puree Catering Pack,ING-TOM-03,Ingredients,1,0.0,0.0,48.0,mada
2026-04-26,TX-B5_cash_constrained_restaurant-d00-000840,Khobar - Main Kitchen,Khobar,Tomato Puree Catering Pack,ING-TOM-03,Ingredients,1,0.0,0.0,48.0,card
2026-04-26,TX-B5_cash_constrained_restaurant-d00-000841,Khobar - Main Kitchen,Khobar,Tomato Puree Catering Pack,ING-TOM-03,Ingredients,1,0.0,0.0,48.0,mada
2026-04-27,TX-B5_cash_constrained_restaurant-d00-000842,Khobar - Main Kitchen,Khobar,Tomato Puree Catering Pack,ING-TOM-03,Ingredients,1,0.0,0.0,48.0,mada
2026-04-27,TX-B5_cash_constrained_restaurant-d00-000843,Khobar - Main Kitchen,Khobar,Tomato Puree Catering Pack,ING-TOM-03,Ingredients,1,0.0,0.0,48.0,mada
2026-04-27,TX-B5_cash_constrained_restaurant-d00-000844,Khobar - Main Kitchen,Khobar,Tomato Puree Catering Pack,ING-TOM-03,Ingredients,1,0.0,0.0,48.0,cash
2026-04-27,TX-B5_cash_constrained_restaurant-d00-000845,Khobar - Main Kitchen,Khobar,Tomato Puree Catering Pack,ING-TOM-03,Ingredients,1,0.0,0.0,48.0,mada
2026-04-28,TX-B5_cash_constrained_restaurant-d00-000846,Khobar - Main Kitchen,Khobar,Tomato Puree Catering Pack,ING-TOM-03,Ingredients,1,0.0,0.0,48.0,mada
2026-04-28,TX-B5_cash_constrained_restaurant-d00-000847,Khobar - Main Kitchen,Khobar,Tomato Puree Catering Pack,ING-TOM-03,Ingredients,1,0.0,0.0,48.0,cash
2026-04-28,TX-B5_cash_constrained_restaurant-d00-000848,Khobar - Main Kitchen,Khobar,Tomato Puree Catering Pack,ING-TOM-03,Ingredients,1,0.0,0.0,48.0,mada
2026-04-29,TX-B5_cash_constrained_restaurant-d00-000849,Khobar - Main Kitchen,Khobar,Tomato Puree Catering Pack,ING-TOM-03,Ingredients,1,0.0,0.0,48.0,card
2026-04-29,TX-B5_cash_constrained_restaurant-d00-000850,Khobar - Main Kitchen,Khobar,Tomato Puree Catering Pack,ING-TOM-03,Ingredients,1,0.0,0.0,48.0,mada
2026-04-29,TX-B5_cash_constrained_restaurant-d00-000851,Khobar - Main Kitchen,Khobar,Tomato Puree Catering Pack,ING-TOM-03,Ingredients,1,0.0,0.0,48.0,card
2026-04-30,TX-B5_cash_constrained_restaurant-d00-000852,Khobar - Main Kitchen,Khobar,Tomato Puree Catering Pack,ING-TOM-03,Ingredients,1,0.0,0.0,48.0,card
2026-04-30,TX-B5_cash_constrained_restaurant-d00-000853,Khobar - Main Kitchen,Khobar,Tomato Puree Catering Pack,ING-TOM-03,Ingredients,1,0.0,0.0,48.0,card
2026-04-30,TX-B5_cash_constrained_restaurant-d00-000854,Khobar - Main Kitchen,Khobar,Tomato Puree Catering Pack,ING-TOM-03,Ingredients,1,0.0,0.0,48.0,mada
2026-05-01,TX-B5_cash_constrained_restaurant-d00-000855,Khobar - Main Kitchen,Khobar,Tomato Puree Catering Pack,ING-TOM-03,Ingredients,1,0.0,0.0,48.0,cash
2026-05-01,TX-B5_cash_constrained_restaurant-d00-000856,Khobar - Main Kitchen,Khobar,Tomato Puree Catering Pack,ING-TOM-03,Ingredients,1,0.0,0.0,48.0,cash
2026-05-01,TX-B5_cash_constrained_restaurant-d00-000857,Khobar - Main Kitchen,Khobar,Tomato Puree Catering Pack,ING-TOM-03,Ingredients,1,0.0,0.0,48.0,card
2026-05-02,TX-B5_cash_constrained_restaurant-d00-000858,Khobar - Main Kitchen,Khobar,Tomato Puree Catering Pack,ING-TOM-03,Ingredients,1,0.0,0.0,48.0,cash
2026-05-02,TX-B5_cash_constrained_restaurant-d00-000859,Khobar - Main Kitchen,Khobar,Tomato Puree Catering Pack,ING-TOM-03,Ingredients,1,0.0,0.0,48.0,mada
2026-05-02,TX-B5_cash_constrained_restaurant-d00-000860,Khobar - Main Kitchen,Khobar,Tomato Puree Catering Pack,ING-TOM-03,Ingredients,1,0.0,0.0,48.0,cash
2026-05-03,TX-B5_cash_constrained_restaurant-d00-000861,Khobar - Main Kitchen,Khobar,Tomato Puree Catering Pack,ING-TOM-03,Ingredients,1,0.0,0.0,48.0,mada
2026-05-03,TX-B5_cash_constrained_restaurant-d00-000862,Khobar - Main Kitchen,Khobar,Tomato Puree Catering Pack,ING-TOM-03,Ingredients,1,0.0,0.0,48.0,mada
2026-05-03,TX-B5_cash_constrained_restaurant-d00-000863,Khobar - Main Kitchen,Khobar,Tomato Puree Catering Pack,ING-TOM-03,Ingredients,1,0.0,0.0,48.0,cash
2026-05-03,TX-B5_cash_constrained_restaurant-d00-000864,Khobar - Main Kitchen,Khobar,Tomato Puree Catering Pack,ING-TOM-03,Ingredients,1,0.0,0.0,48.0,cash
2026-05-04,TX-B5_cash_constrained_restaurant-d00-000865,Khobar - Main Kitchen,Khobar,Tomato Puree Catering Pack,ING-TOM-03,Ingredients,1,0.0,0.0,48.0,cash
2026-05-04,TX-B5_cash_constrained_restaurant-d00-000866,Khobar - Main Kitchen,Khobar,Tomato Puree Catering Pack,ING-TOM-03,Ingredients,1,0.0,0.0,48.0,mada
2026-05-04,TX-B5_cash_constrained_restaurant-d00-000867,Khobar - Main Kitchen,Khobar,Tomato Puree Catering Pack,ING-TOM-03,Ingredients,1,0.0,0.0,48.0,mada
2026-05-05,TX-B5_cash_constrained_restaurant-d00-000868,Khobar - Main Kitchen,Khobar,Tomato Puree Catering Pack,ING-TOM-03,Ingredients,1,0.0,0.0,48.0,cash
2026-05-05,TX-B5_cash_constrained_restaurant-d00-000869,Khobar - Main Kitchen,Khobar,Tomato Puree Catering Pack,ING-TOM-03,Ingredients,1,0.0,0.0,48.0,card
2026-05-06,TX-B5_cash_constrained_restaurant-d00-000870,Khobar - Main Kitchen,Khobar,Tomato Puree Catering Pack,ING-TOM-03,Ingredients,1,0.0,0.0,48.0,card
2026-05-06,TX-B5_cash_constrained_restaurant-d00-000871,Khobar - Main Kitchen,Khobar,Tomato Puree Catering Pack,ING-TOM-03,Ingredients,1,0.0,0.0,48.0,mada
2026-05-06,TX-B5_cash_constrained_restaurant-d00-000872,Khobar - Main Kitchen,Khobar,Tomato Puree Catering Pack,ING-TOM-03,Ingredients,1,0.0,0.0,48.0,mada
2026-05-06,TX-B5_cash_constrained_restaurant-d00-000873,Khobar - Main Kitchen,Khobar,Tomato Puree Catering Pack,ING-TOM-03,Ingredients,1,0.0,0.0,48.0,cash
2026-05-07,TX-B5_cash_constrained_restaurant-d00-000874,Khobar - Main Kitchen,Khobar,Tomato Puree Catering Pack,ING-TOM-03,Ingredients,1,0.0,0.0,48.0,mada
2026-05-07,TX-B5_cash_constrained_restaurant-d00-000875,Khobar - Main Kitchen,Khobar,Tomato Puree Catering Pack,ING-TOM-03,Ingredients,1,0.0,0.0,48.0,cash
2026-05-08,TX-B5_cash_constrained_restaurant-d00-000876,Khobar - Main Kitchen,Khobar,Tomato Puree Catering Pack,ING-TOM-03,Ingredients,1,0.0,0.0,48.0,card
2026-05-08,TX-B5_cash_constrained_restaurant-d00-000877,Khobar - Main Kitchen,Khobar,Tomato Puree Catering Pack,ING-TOM-03,Ingredients,1,0.0,0.0,48.0,mada
2026-05-09,TX-B5_cash_constrained_restaurant-d00-000878,Khobar - Main Kitchen,Khobar,Tomato Puree Catering Pack,ING-TOM-03,Ingredients,1,0.0,0.0,48.0,cash
2026-05-09,TX-B5_cash_constrained_restaurant-d00-000879,Khobar - Main Kitchen,Khobar,Tomato Puree Catering Pack,ING-TOM-03,Ingredients,1,0.0,0.0,48.0,card
2026-05-09,TX-B5_cash_constrained_restaurant-d00-000880,Khobar - Main Kitchen,Khobar,Tomato Puree Catering Pack,ING-TOM-03,Ingredients,1,0.0,0.0,48.0,mada
2026-05-09,TX-B5_cash_constrained_restaurant-d00-000881,Khobar - Main Kitchen,Khobar,Tomato Puree Catering Pack,ING-TOM-03,Ingredients,1,0.0,0.0,48.0,cash
2026-05-10,TX-B5_cash_constrained_restaurant-d00-000882,Khobar - Main Kitchen,Khobar,Tomato Puree Catering Pack,ING-TOM-03,Ingredients,1,0.0,0.0,48.0,mada
2026-05-10,TX-B5_cash_constrained_restaurant-d00-000883,Khobar - Main Kitchen,Khobar,Tomato Puree Catering Pack,ING-TOM-03,Ingredients,1,0.0,0.0,48.0,mada
2026-05-10,TX-B5_cash_constrained_restaurant-d00-000884,Khobar - Main Kitchen,Khobar,Tomato Puree Catering Pack,ING-TOM-03,Ingredients,1,0.0,0.0,48.0,card
2026-05-11,TX-B5_cash_constrained_restaurant-d00-000885,Khobar - Main Kitchen,Khobar,Tomato Puree Catering Pack,ING-TOM-03,Ingredients,1,0.0,0.0,48.0,cash
2026-05-11,TX-B5_cash_constrained_restaurant-d00-000886,Khobar - Main Kitchen,Khobar,Tomato Puree Catering Pack,ING-TOM-03,Ingredients,1,0.0,0.0,48.0,mada
2026-05-12,TX-B5_cash_constrained_restaurant-d00-000887,Khobar - Main Kitchen,Khobar,Tomato Puree Catering Pack,ING-TOM-03,Ingredients,1,0.0,0.0,48.0,card
2026-05-12,TX-B5_cash_constrained_restaurant-d00-000888,Khobar - Main Kitchen,Khobar,Tomato Puree Catering Pack,ING-TOM-03,Ingredients,1,0.0,0.0,48.0,card
2026-05-12,TX-B5_cash_constrained_restaurant-d00-000889,Khobar - Main Kitchen,Khobar,Tomato Puree Catering Pack,ING-TOM-03,Ingredients,1,0.0,0.0,48.0,cash
2026-05-13,TX-B5_cash_constrained_restaurant-d00-000890,Khobar - Main Kitchen,Khobar,Tomato Puree Catering Pack,ING-TOM-03,Ingredients,1,0.0,0.0,48.0,cash
2026-05-13,TX-B5_cash_constrained_restaurant-d00-000891,Khobar - Main Kitchen,Khobar,Tomato Puree Catering Pack,ING-TOM-03,Ingredients,1,0.0,0.0,48.0,cash
2026-05-13,TX-B5_cash_constrained_restaurant-d00-000892,Khobar - Main Kitchen,Khobar,Tomato Puree Catering Pack,ING-TOM-03,Ingredients,1,0.0,0.0,48.0,card
2026-05-13,TX-B5_cash_constrained_restaurant-d00-000893,Khobar - Main Kitchen,Khobar,Tomato Puree Catering Pack,ING-TOM-03,Ingredients,1,0.0,0.0,48.0,mada
2026-05-14,TX-B5_cash_constrained_restaurant-d00-000894,Khobar - Main Kitchen,Khobar,Tomato Puree Catering Pack,ING-TOM-03,Ingredients,1,0.0,0.0,48.0,card
2026-05-14,TX-B5_cash_constrained_restaurant-d00-000895,Khobar - Main Kitchen,Khobar,Tomato Puree Catering Pack,ING-TOM-03,Ingredients,1,0.0,0.0,48.0,card
2026-05-15,TX-B5_cash_constrained_restaurant-d00-000896,Khobar - Main Kitchen,Khobar,Tomato Puree Catering Pack,ING-TOM-03,Ingredients,1,0.0,0.0,48.0,mada
2026-05-15,TX-B5_cash_constrained_restaurant-d00-000897,Khobar - Main Kitchen,Khobar,Tomato Puree Catering Pack,ING-TOM-03,Ingredients,1,0.0,0.0,48.0,card
2026-05-15,TX-B5_cash_constrained_restaurant-d00-000898,Khobar - Main Kitchen,Khobar,Tomato Puree Catering Pack,ING-TOM-03,Ingredients,1,0.0,0.0,48.0,mada
2026-05-15,TX-B5_cash_constrained_restaurant-d00-000899,Khobar - Main Kitchen,Khobar,Tomato Puree Catering Pack,ING-TOM-03,Ingredients,1,0.0,0.0,48.0,cash
2026-05-16,TX-B5_cash_constrained_restaurant-d00-000900,Khobar - Main Kitchen,Khobar,Tomato Puree Catering Pack,ING-TOM-03,Ingredients,1,0.0,0.0,48.0,card
2026-05-16,TX-B5_cash_constrained_restaurant-d00-000901,Khobar - Main Kitchen,Khobar,Tomato Puree Catering Pack,ING-TOM-03,Ingredients,1,0.0,0.0,48.0,mada
2026-05-16,TX-B5_cash_constrained_restaurant-d00-000902,Khobar - Main Kitchen,Khobar,Tomato Puree Catering Pack,ING-TOM-03,Ingredients,1,0.0,0.0,48.0,mada
2026-05-17,TX-B5_cash_constrained_restaurant-d00-000903,Khobar - Main Kitchen,Khobar,Tomato Puree Catering Pack,ING-TOM-03,Ingredients,1,0.0,0.0,48.0,mada
2026-05-17,TX-B5_cash_constrained_restaurant-d00-000904,Khobar - Main Kitchen,Khobar,Tomato Puree Catering Pack,ING-TOM-03,Ingredients,1,0.0,0.0,48.0,mada
2026-05-17,TX-B5_cash_constrained_restaurant-d00-000905,Khobar - Main Kitchen,Khobar,Tomato Puree Catering Pack,ING-TOM-03,Ingredients,1,0.0,0.0,48.0,cash
2026-05-18,TX-B5_cash_constrained_restaurant-d00-000906,Khobar - Main Kitchen,Khobar,Tomato Puree Catering Pack,ING-TOM-03,Ingredients,1,0.0,0.0,48.0,card
2026-05-18,TX-B5_cash_constrained_restaurant-d00-000907,Khobar - Main Kitchen,Khobar,Tomato Puree Catering Pack,ING-TOM-03,Ingredients,1,0.0,0.0,48.0,mada
2026-05-18,TX-B5_cash_constrained_restaurant-d00-000908,Khobar - Main Kitchen,Khobar,Tomato Puree Catering Pack,ING-TOM-03,Ingredients,1,0.0,0.0,48.0,mada
2026-05-19,TX-B5_cash_constrained_restaurant-d00-000909,Khobar - Main Kitchen,Khobar,Tomato Puree Catering Pack,ING-TOM-03,Ingredients,1,0.0,0.0,48.0,card
2026-05-19,TX-B5_cash_constrained_restaurant-d00-000910,Khobar - Main Kitchen,Khobar,Tomato Puree Catering Pack,ING-TOM-03,Ingredients,1,0.0,0.0,48.0,card
2026-05-20,TX-B5_cash_constrained_restaurant-d00-000911,Khobar - Main Kitchen,Khobar,Tomato Puree Catering Pack,ING-TOM-03,Ingredients,1,0.0,0.0,48.0,card
2026-05-20,TX-B5_cash_constrained_restaurant-d00-000912,Khobar - Main Kitchen,Khobar,Tomato Puree Catering Pack,ING-TOM-03,Ingredients,1,0.0,0.0,48.0,card
2026-05-20,TX-B5_cash_constrained_restaurant-d00-000913,Khobar - Main Kitchen,Khobar,Tomato Puree Catering Pack,ING-TOM-03,Ingredients,1,0.0,0.0,48.0,cash
2026-05-20,TX-B5_cash_constrained_restaurant-d00-000914,Khobar - Main Kitchen,Khobar,Tomato Puree Catering Pack,ING-TOM-03,Ingredients,1,0.0,0.0,48.0,card
2026-05-21,TX-B5_cash_constrained_restaurant-d00-000915,Khobar - Main Kitchen,Khobar,Tomato Puree Catering Pack,ING-TOM-03,Ingredients,1,0.0,0.0,48.0,mada
2026-05-21,TX-B5_cash_constrained_restaurant-d00-000916,Khobar - Main Kitchen,Khobar,Tomato Puree Catering Pack,ING-TOM-03,Ingredients,1,0.0,0.0,48.0,cash
2026-05-21,TX-B5_cash_constrained_restaurant-d00-000917,Khobar - Main Kitchen,Khobar,Tomato Puree Catering Pack,ING-TOM-03,Ingredients,1,0.0,0.0,48.0,cash
2026-05-22,TX-B5_cash_constrained_restaurant-d00-000918,Khobar - Main Kitchen,Khobar,Tomato Puree Catering Pack,ING-TOM-03,Ingredients,1,0.0,0.0,48.0,card
2026-05-22,TX-B5_cash_constrained_restaurant-d00-000919,Khobar - Main Kitchen,Khobar,Tomato Puree Catering Pack,ING-TOM-03,Ingredients,1,0.0,0.0,48.0,mada
2026-05-22,TX-B5_cash_constrained_restaurant-d00-000920,Khobar - Main Kitchen,Khobar,Tomato Puree Catering Pack,ING-TOM-03,Ingredients,1,0.0,0.0,48.0,cash
2026-05-23,TX-B5_cash_constrained_restaurant-d00-000921,Khobar - Main Kitchen,Khobar,Tomato Puree Catering Pack,ING-TOM-03,Ingredients,1,0.0,0.0,48.0,cash
2026-05-23,TX-B5_cash_constrained_restaurant-d00-000922,Khobar - Main Kitchen,Khobar,Tomato Puree Catering Pack,ING-TOM-03,Ingredients,1,0.0,0.0,48.0,cash
2026-05-23,TX-B5_cash_constrained_restaurant-d00-000923,Khobar - Main Kitchen,Khobar,Tomato Puree Catering Pack,ING-TOM-03,Ingredients,1,0.0,0.0,48.0,cash
2026-05-24,TX-B5_cash_constrained_restaurant-d00-000924,Khobar - Main Kitchen,Khobar,Tomato Puree Catering Pack,ING-TOM-03,Ingredients,1,0.0,0.0,48.0,mada
2026-05-24,TX-B5_cash_constrained_restaurant-d00-000925,Khobar - Main Kitchen,Khobar,Tomato Puree Catering Pack,ING-TOM-03,Ingredients,1,0.0,0.0,48.0,mada
2026-05-25,TX-B5_cash_constrained_restaurant-d00-000926,Khobar - Main Kitchen,Khobar,Tomato Puree Catering Pack,ING-TOM-03,Ingredients,1,0.0,0.0,48.0,card
2026-05-25,TX-B5_cash_constrained_restaurant-d00-000927,Khobar - Main Kitchen,Khobar,Tomato Puree Catering Pack,ING-TOM-03,Ingredients,1,0.0,0.0,48.0,card
2026-05-25,TX-B5_cash_constrained_restaurant-d00-000928,Khobar - Main Kitchen,Khobar,Tomato Puree Catering Pack,ING-TOM-03,Ingredients,1,0.0,0.0,48.0,card
2026-05-26,TX-B5_cash_constrained_restaurant-d00-000929,Khobar - Main Kitchen,Khobar,Tomato Puree Catering Pack,ING-TOM-03,Ingredients,1,0.0,0.0,48.0,cash
2026-05-26,TX-B5_cash_constrained_restaurant-d00-000930,Khobar - Main Kitchen,Khobar,Tomato Puree Catering Pack,ING-TOM-03,Ingredients,1,0.0,0.0,48.0,cash
2026-05-27,TX-B5_cash_constrained_restaurant-d00-000931,Khobar - Main Kitchen,Khobar,Tomato Puree Catering Pack,ING-TOM-03,Ingredients,1,0.0,0.0,48.0,cash
2026-05-27,TX-B5_cash_constrained_restaurant-d00-000932,Khobar - Main Kitchen,Khobar,Tomato Puree Catering Pack,ING-TOM-03,Ingredients,1,0.0,0.0,48.0,cash
2026-05-27,TX-B5_cash_constrained_restaurant-d00-000933,Khobar - Main Kitchen,Khobar,Tomato Puree Catering Pack,ING-TOM-03,Ingredients,1,0.0,0.0,48.0,card
2026-05-28,TX-B5_cash_constrained_restaurant-d00-000934,Khobar - Main Kitchen,Khobar,Tomato Puree Catering Pack,ING-TOM-03,Ingredients,1,0.0,0.0,48.0,card
2026-05-28,TX-B5_cash_constrained_restaurant-d00-000935,Khobar - Main Kitchen,Khobar,Tomato Puree Catering Pack,ING-TOM-03,Ingredients,1,0.0,0.0,48.0,cash
2026-05-28,TX-B5_cash_constrained_restaurant-d00-000936,Khobar - Main Kitchen,Khobar,Tomato Puree Catering Pack,ING-TOM-03,Ingredients,1,0.0,0.0,48.0,mada
2026-05-29,TX-B5_cash_constrained_restaurant-d00-000937,Khobar - Main Kitchen,Khobar,Tomato Puree Catering Pack,ING-TOM-03,Ingredients,1,0.0,0.0,48.0,cash
2026-05-29,TX-B5_cash_constrained_restaurant-d00-000938,Khobar - Main Kitchen,Khobar,Tomato Puree Catering Pack,ING-TOM-03,Ingredients,1,0.0,0.0,48.0,card
2026-05-29,TX-B5_cash_constrained_restaurant-d00-000939,Khobar - Main Kitchen,Khobar,Tomato Puree Catering Pack,ING-TOM-03,Ingredients,1,0.0,0.0,48.0,card
2026-05-30,TX-B5_cash_constrained_restaurant-d00-000940,Khobar - Main Kitchen,Khobar,Tomato Puree Catering Pack,ING-TOM-03,Ingredients,1,0.0,0.0,48.0,cash
2026-05-30,TX-B5_cash_constrained_restaurant-d00-000941,Khobar - Main Kitchen,Khobar,Tomato Puree Catering Pack,ING-TOM-03,Ingredients,1,0.0,0.0,48.0,cash
2026-05-30,TX-B5_cash_constrained_restaurant-d00-000942,Khobar - Main Kitchen,Khobar,Tomato Puree Catering Pack,ING-TOM-03,Ingredients,1,0.0,0.0,48.0,mada
2026-05-31,TX-B5_cash_constrained_restaurant-d00-000943,Khobar - Main Kitchen,Khobar,Tomato Puree Catering Pack,ING-TOM-03,Ingredients,1,0.0,0.0,48.0,mada
2026-05-31,TX-B5_cash_constrained_restaurant-d00-000944,Khobar - Main Kitchen,Khobar,Tomato Puree Catering Pack,ING-TOM-03,Ingredients,1,0.0,0.0,48.0,mada
2026-05-31,TX-B5_cash_constrained_restaurant-d00-000945,Khobar - Main Kitchen,Khobar,Tomato Puree Catering Pack,ING-TOM-03,Ingredients,1,0.0,0.0,48.0,cash
2026-06-01,TX-B5_cash_constrained_restaurant-d00-000946,Khobar - Main Kitchen,Khobar,Tomato Puree Catering Pack,ING-TOM-03,Ingredients,1,0.0,0.0,48.0,mada
2026-06-01,TX-B5_cash_constrained_restaurant-d00-000947,Khobar - Main Kitchen,Khobar,Tomato Puree Catering Pack,ING-TOM-03,Ingredients,1,0.0,0.0,48.0,mada
2026-06-01,TX-B5_cash_constrained_restaurant-d00-000948,Khobar - Main Kitchen,Khobar,Tomato Puree Catering Pack,ING-TOM-03,Ingredients,1,0.0,0.0,48.0,cash
2026-06-02,TX-B5_cash_constrained_restaurant-d00-000949,Khobar - Main Kitchen,Khobar,Tomato Puree Catering Pack,ING-TOM-03,Ingredients,1,0.0,0.0,48.0,cash
2026-06-02,TX-B5_cash_constrained_restaurant-d00-000950,Khobar - Main Kitchen,Khobar,Tomato Puree Catering Pack,ING-TOM-03,Ingredients,1,0.0,0.0,48.0,cash
2026-06-02,TX-B5_cash_constrained_restaurant-d00-000951,Khobar - Main Kitchen,Khobar,Tomato Puree Catering Pack,ING-TOM-03,Ingredients,1,0.0,0.0,48.0,card
2026-06-03,TX-B5_cash_constrained_restaurant-d00-000952,Khobar - Main Kitchen,Khobar,Tomato Puree Catering Pack,ING-TOM-03,Ingredients,1,0.0,0.0,48.0,card
2026-06-03,TX-B5_cash_constrained_restaurant-d00-000953,Khobar - Main Kitchen,Khobar,Tomato Puree Catering Pack,ING-TOM-03,Ingredients,1,0.0,0.0,48.0,cash
2026-06-04,TX-B5_cash_constrained_restaurant-d00-000954,Khobar - Main Kitchen,Khobar,Tomato Puree Catering Pack,ING-TOM-03,Ingredients,1,0.0,0.0,48.0,mada
2026-06-04,TX-B5_cash_constrained_restaurant-d00-000955,Khobar - Main Kitchen,Khobar,Tomato Puree Catering Pack,ING-TOM-03,Ingredients,1,0.0,0.0,48.0,card
2026-06-05,TX-B5_cash_constrained_restaurant-d00-000956,Khobar - Main Kitchen,Khobar,Tomato Puree Catering Pack,ING-TOM-03,Ingredients,1,0.0,0.0,48.0,cash
2026-06-05,TX-B5_cash_constrained_restaurant-d00-000957,Khobar - Main Kitchen,Khobar,Tomato Puree Catering Pack,ING-TOM-03,Ingredients,1,0.0,0.0,48.0,mada
2026-06-05,TX-B5_cash_constrained_restaurant-d00-000958,Khobar - Main Kitchen,Khobar,Tomato Puree Catering Pack,ING-TOM-03,Ingredients,1,0.0,0.0,48.0,cash
2026-06-06,TX-B5_cash_constrained_restaurant-d00-000959,Khobar - Main Kitchen,Khobar,Tomato Puree Catering Pack,ING-TOM-03,Ingredients,1,0.0,0.0,48.0,cash
2026-06-06,TX-B5_cash_constrained_restaurant-d00-000960,Khobar - Main Kitchen,Khobar,Tomato Puree Catering Pack,ING-TOM-03,Ingredients,1,0.0,0.0,48.0,card
2026-06-06,TX-B5_cash_constrained_restaurant-d00-000961,Khobar - Main Kitchen,Khobar,Tomato Puree Catering Pack,ING-TOM-03,Ingredients,1,0.0,0.0,48.0,card
2026-06-07,TX-B5_cash_constrained_restaurant-d00-000962,Khobar - Main Kitchen,Khobar,Tomato Puree Catering Pack,ING-TOM-03,Ingredients,1,0.0,0.0,48.0,cash
2026-06-07,TX-B5_cash_constrained_restaurant-d00-000963,Khobar - Main Kitchen,Khobar,Tomato Puree Catering Pack,ING-TOM-03,Ingredients,1,0.0,0.0,48.0,card
2026-06-07,TX-B5_cash_constrained_restaurant-d00-000964,Khobar - Main Kitchen,Khobar,Tomato Puree Catering Pack,ING-TOM-03,Ingredients,1,0.0,0.0,48.0,cash
2026-06-08,TX-B5_cash_constrained_restaurant-d00-000965,Khobar - Main Kitchen,Khobar,Tomato Puree Catering Pack,ING-TOM-03,Ingredients,1,0.0,0.0,48.0,cash
2026-06-08,TX-B5_cash_constrained_restaurant-d00-000966,Khobar - Main Kitchen,Khobar,Tomato Puree Catering Pack,ING-TOM-03,Ingredients,1,0.0,0.0,48.0,mada
2026-06-09,TX-B5_cash_constrained_restaurant-d00-000967,Khobar - Main Kitchen,Khobar,Tomato Puree Catering Pack,ING-TOM-03,Ingredients,1,0.0,0.0,48.0,cash
2026-06-09,TX-B5_cash_constrained_restaurant-d00-000968,Khobar - Main Kitchen,Khobar,Tomato Puree Catering Pack,ING-TOM-03,Ingredients,1,0.0,0.0,48.0,cash
2026-06-09,TX-B5_cash_constrained_restaurant-d00-000969,Khobar - Main Kitchen,Khobar,Tomato Puree Catering Pack,ING-TOM-03,Ingredients,1,0.0,0.0,48.0,cash
2026-06-10,TX-B5_cash_constrained_restaurant-d00-000970,Khobar - Main Kitchen,Khobar,Tomato Puree Catering Pack,ING-TOM-03,Ingredients,1,0.0,0.0,48.0,card
2026-06-10,TX-B5_cash_constrained_restaurant-d00-000971,Khobar - Main Kitchen,Khobar,Tomato Puree Catering Pack,ING-TOM-03,Ingredients,1,0.0,0.0,48.0,cash
2026-06-11,TX-B5_cash_constrained_restaurant-d00-000972,Khobar - Main Kitchen,Khobar,Tomato Puree Catering Pack,ING-TOM-03,Ingredients,1,0.0,0.0,48.0,card
2026-06-11,TX-B5_cash_constrained_restaurant-d00-000973,Khobar - Main Kitchen,Khobar,Tomato Puree Catering Pack,ING-TOM-03,Ingredients,1,0.0,0.0,48.0,card
2026-06-11,TX-B5_cash_constrained_restaurant-d00-000974,Khobar - Main Kitchen,Khobar,Tomato Puree Catering Pack,ING-TOM-03,Ingredients,1,0.0,0.0,48.0,card
2026-06-11,TX-B5_cash_constrained_restaurant-d00-000975,Khobar - Main Kitchen,Khobar,Tomato Puree Catering Pack,ING-TOM-03,Ingredients,1,0.0,0.0,48.0,cash
2026-06-12,TX-B5_cash_constrained_restaurant-d00-000976,Khobar - Main Kitchen,Khobar,Tomato Puree Catering Pack,ING-TOM-03,Ingredients,1,0.0,0.0,48.0,mada
2026-06-12,TX-B5_cash_constrained_restaurant-d00-000977,Khobar - Main Kitchen,Khobar,Tomato Puree Catering Pack,ING-TOM-03,Ingredients,1,0.0,0.0,48.0,mada
2026-06-12,TX-B5_cash_constrained_restaurant-d00-000978,Khobar - Main Kitchen,Khobar,Tomato Puree Catering Pack,ING-TOM-03,Ingredients,1,0.0,0.0,48.0,mada
2026-06-12,TX-B5_cash_constrained_restaurant-d00-000979,Khobar - Main Kitchen,Khobar,Tomato Puree Catering Pack,ING-TOM-03,Ingredients,1,0.0,0.0,48.0,cash
2026-06-13,TX-B5_cash_constrained_restaurant-d00-000980,Khobar - Main Kitchen,Khobar,Tomato Puree Catering Pack,ING-TOM-03,Ingredients,1,0.0,0.0,48.0,card
2026-06-13,TX-B5_cash_constrained_restaurant-d00-000981,Khobar - Main Kitchen,Khobar,Tomato Puree Catering Pack,ING-TOM-03,Ingredients,1,0.0,0.0,48.0,cash
2026-06-14,TX-B5_cash_constrained_restaurant-d00-000982,Khobar - Main Kitchen,Khobar,Tomato Puree Catering Pack,ING-TOM-03,Ingredients,1,0.0,0.0,48.0,mada
2026-06-14,TX-B5_cash_constrained_restaurant-d00-000983,Khobar - Main Kitchen,Khobar,Tomato Puree Catering Pack,ING-TOM-03,Ingredients,1,0.0,0.0,48.0,mada
2026-06-14,TX-B5_cash_constrained_restaurant-d00-000984,Khobar - Main Kitchen,Khobar,Tomato Puree Catering Pack,ING-TOM-03,Ingredients,1,0.0,0.0,48.0,mada
2026-06-15,TX-B5_cash_constrained_restaurant-d00-000985,Khobar - Main Kitchen,Khobar,Tomato Puree Catering Pack,ING-TOM-03,Ingredients,1,0.0,0.0,48.0,mada
2026-06-15,TX-B5_cash_constrained_restaurant-d00-000986,Khobar - Main Kitchen,Khobar,Tomato Puree Catering Pack,ING-TOM-03,Ingredients,1,0.0,0.0,48.0,cash
2026-06-15,TX-B5_cash_constrained_restaurant-d00-000987,Khobar - Main Kitchen,Khobar,Tomato Puree Catering Pack,ING-TOM-03,Ingredients,1,0.0,0.0,48.0,card
2026-06-16,TX-B5_cash_constrained_restaurant-d00-000988,Khobar - Main Kitchen,Khobar,Tomato Puree Catering Pack,ING-TOM-03,Ingredients,1,0.0,0.0,48.0,card
2026-06-16,TX-B5_cash_constrained_restaurant-d00-000989,Khobar - Main Kitchen,Khobar,Tomato Puree Catering Pack,ING-TOM-03,Ingredients,1,0.0,0.0,48.0,cash
2026-06-16,TX-B5_cash_constrained_restaurant-d00-000990,Khobar - Main Kitchen,Khobar,Tomato Puree Catering Pack,ING-TOM-03,Ingredients,1,0.0,0.0,48.0,mada
2026-06-17,TX-B5_cash_constrained_restaurant-d00-000991,Khobar - Main Kitchen,Khobar,Tomato Puree Catering Pack,ING-TOM-03,Ingredients,1,0.0,0.0,48.0,cash
2026-06-17,TX-B5_cash_constrained_restaurant-d00-000992,Khobar - Main Kitchen,Khobar,Tomato Puree Catering Pack,ING-TOM-03,Ingredients,1,0.0,0.0,48.0,mada
2026-06-17,TX-B5_cash_constrained_restaurant-d00-000993,Khobar - Main Kitchen,Khobar,Tomato Puree Catering Pack,ING-TOM-03,Ingredients,1,0.0,0.0,48.0,card
2026-06-18,TX-B5_cash_constrained_restaurant-d00-000994,Khobar - Main Kitchen,Khobar,Tomato Puree Catering Pack,ING-TOM-03,Ingredients,1,0.0,0.0,48.0,cash
2026-06-18,TX-B5_cash_constrained_restaurant-d00-000995,Khobar - Main Kitchen,Khobar,Tomato Puree Catering Pack,ING-TOM-03,Ingredients,1,0.0,0.0,48.0,mada
2026-06-18,TX-B5_cash_constrained_restaurant-d00-000996,Khobar - Main Kitchen,Khobar,Tomato Puree Catering Pack,ING-TOM-03,Ingredients,1,0.0,0.0,48.0,card
2026-06-18,TX-B5_cash_constrained_restaurant-d00-000997,Khobar - Main Kitchen,Khobar,Tomato Puree Catering Pack,ING-TOM-03,Ingredients,1,0.0,0.0,48.0,cash
2026-06-19,TX-B5_cash_constrained_restaurant-d00-000998,Khobar - Main Kitchen,Khobar,Tomato Puree Catering Pack,ING-TOM-03,Ingredients,1,0.0,0.0,48.0,mada
2026-06-19,TX-B5_cash_constrained_restaurant-d00-000999,Khobar - Main Kitchen,Khobar,Tomato Puree Catering Pack,ING-TOM-03,Ingredients,1,0.0,0.0,48.0,cash
2026-06-19,TX-B5_cash_constrained_restaurant-d00-001000,Khobar - Main Kitchen,Khobar,Tomato Puree Catering Pack,ING-TOM-03,Ingredients,1,0.0,0.0,48.0,cash
2026-06-20,TX-B5_cash_constrained_restaurant-d00-001001,Khobar - Main Kitchen,Khobar,Tomato Puree Catering Pack,ING-TOM-03,Ingredients,1,0.0,0.0,48.0,card
2026-06-20,TX-B5_cash_constrained_restaurant-d00-001002,Khobar - Main Kitchen,Khobar,Tomato Puree Catering Pack,ING-TOM-03,Ingredients,1,0.0,0.0,48.0,card
2026-06-20,TX-B5_cash_constrained_restaurant-d00-001003,Khobar - Main Kitchen,Khobar,Tomato Puree Catering Pack,ING-TOM-03,Ingredients,1,0.0,0.0,48.0,card
2026-06-21,TX-B5_cash_constrained_restaurant-d00-001004,Khobar - Main Kitchen,Khobar,Tomato Puree Catering Pack,ING-TOM-03,Ingredients,1,0.0,0.0,48.0,card
2026-06-21,TX-B5_cash_constrained_restaurant-d00-001005,Khobar - Main Kitchen,Khobar,Tomato Puree Catering Pack,ING-TOM-03,Ingredients,1,0.0,0.0,48.0,mada
2026-06-21,TX-B5_cash_constrained_restaurant-d00-001006,Khobar - Main Kitchen,Khobar,Tomato Puree Catering Pack,ING-TOM-03,Ingredients,1,0.0,0.0,48.0,card
2026-06-21,TX-B5_cash_constrained_restaurant-d00-001007,Khobar - Main Kitchen,Khobar,Tomato Puree Catering Pack,ING-TOM-03,Ingredients,1,0.0,0.0,48.0,mada
2026-06-22,TX-B5_cash_constrained_restaurant-d00-001008,Khobar - Main Kitchen,Khobar,Tomato Puree Catering Pack,ING-TOM-03,Ingredients,1,0.0,0.0,48.0,card
2026-06-22,TX-B5_cash_constrained_restaurant-d00-001009,Khobar - Main Kitchen,Khobar,Tomato Puree Catering Pack,ING-TOM-03,Ingredients,1,0.0,0.0,48.0,card
2026-06-22,TX-B5_cash_constrained_restaurant-d00-001010,Khobar - Main Kitchen,Khobar,Tomato Puree Catering Pack,ING-TOM-03,Ingredients,1,0.0,0.0,48.0,mada
2026-06-22,TX-B5_cash_constrained_restaurant-d00-001011,Khobar - Main Kitchen,Khobar,Tomato Puree Catering Pack,ING-TOM-03,Ingredients,1,0.0,0.0,48.0,mada
2026-06-22,TX-B5_cash_constrained_restaurant-d00-001012,Khobar - Main Kitchen,Khobar,Tomato Puree Catering Pack,ING-TOM-03,Ingredients,1,0.0,0.0,48.0,cash
2026-06-23,TX-B5_cash_constrained_restaurant-d00-001013,Khobar - Main Kitchen,Khobar,Tomato Puree Catering Pack,ING-TOM-03,Ingredients,1,0.0,0.0,48.0,cash
2026-06-23,TX-B5_cash_constrained_restaurant-d00-001014,Khobar - Main Kitchen,Khobar,Tomato Puree Catering Pack,ING-TOM-03,Ingredients,1,0.0,0.0,48.0,cash
2026-06-23,TX-B5_cash_constrained_restaurant-d00-001015,Khobar - Main Kitchen,Khobar,Tomato Puree Catering Pack,ING-TOM-03,Ingredients,1,0.0,0.0,48.0,mada
2026-06-24,TX-B5_cash_constrained_restaurant-d00-001016,Khobar - Main Kitchen,Khobar,Tomato Puree Catering Pack,ING-TOM-03,Ingredients,1,0.0,0.0,48.0,card
2026-06-24,TX-B5_cash_constrained_restaurant-d00-001017,Khobar - Main Kitchen,Khobar,Tomato Puree Catering Pack,ING-TOM-03,Ingredients,1,0.0,0.0,48.0,cash
2026-06-24,TX-B5_cash_constrained_restaurant-d00-001018,Khobar - Main Kitchen,Khobar,Tomato Puree Catering Pack,ING-TOM-03,Ingredients,1,0.0,0.0,48.0,card
2026-06-25,TX-B5_cash_constrained_restaurant-d00-001019,Khobar - Main Kitchen,Khobar,Tomato Puree Catering Pack,ING-TOM-03,Ingredients,1,0.0,0.0,48.0,card
2026-06-25,TX-B5_cash_constrained_restaurant-d00-001020,Khobar - Main Kitchen,Khobar,Tomato Puree Catering Pack,ING-TOM-03,Ingredients,1,0.0,0.0,48.0,mada
2026-06-25,TX-B5_cash_constrained_restaurant-d00-001021,Khobar - Main Kitchen,Khobar,Tomato Puree Catering Pack,ING-TOM-03,Ingredients,1,0.0,0.0,48.0,mada
2026-06-26,TX-B5_cash_constrained_restaurant-d00-001022,Khobar - Main Kitchen,Khobar,Tomato Puree Catering Pack,ING-TOM-03,Ingredients,1,0.0,0.0,48.0,card
2026-06-26,TX-B5_cash_constrained_restaurant-d00-001023,Khobar - Main Kitchen,Khobar,Tomato Puree Catering Pack,ING-TOM-03,Ingredients,1,0.0,0.0,48.0,cash
2026-06-26,TX-B5_cash_constrained_restaurant-d00-001024,Khobar - Main Kitchen,Khobar,Tomato Puree Catering Pack,ING-TOM-03,Ingredients,1,0.0,0.0,48.0,mada
2026-06-26,TX-B5_cash_constrained_restaurant-d00-001025,Khobar - Main Kitchen,Khobar,Tomato Puree Catering Pack,ING-TOM-03,Ingredients,1,0.0,0.0,48.0,mada
2026-06-27,TX-B5_cash_constrained_restaurant-d00-001026,Khobar - Main Kitchen,Khobar,Tomato Puree Catering Pack,ING-TOM-03,Ingredients,1,0.0,0.0,48.0,card
2026-06-27,TX-B5_cash_constrained_restaurant-d00-001027,Khobar - Main Kitchen,Khobar,Tomato Puree Catering Pack,ING-TOM-03,Ingredients,1,0.0,0.0,48.0,mada
2026-06-28,TX-B5_cash_constrained_restaurant-d00-001028,Khobar - Main Kitchen,Khobar,Tomato Puree Catering Pack,ING-TOM-03,Ingredients,1,0.0,0.0,48.0,mada
2026-06-28,TX-B5_cash_constrained_restaurant-d00-001029,Khobar - Main Kitchen,Khobar,Tomato Puree Catering Pack,ING-TOM-03,Ingredients,1,0.0,0.0,48.0,cash
2026-06-28,TX-B5_cash_constrained_restaurant-d00-001030,Khobar - Main Kitchen,Khobar,Tomato Puree Catering Pack,ING-TOM-03,Ingredients,1,0.0,0.0,48.0,mada
2026-06-29,TX-B5_cash_constrained_restaurant-d00-001031,Khobar - Main Kitchen,Khobar,Tomato Puree Catering Pack,ING-TOM-03,Ingredients,1,0.0,0.0,48.0,card
2026-06-29,TX-B5_cash_constrained_restaurant-d00-001032,Khobar - Main Kitchen,Khobar,Tomato Puree Catering Pack,ING-TOM-03,Ingredients,1,0.0,0.0,48.0,card
2026-06-29,TX-B5_cash_constrained_restaurant-d00-001033,Khobar - Main Kitchen,Khobar,Tomato Puree Catering Pack,ING-TOM-03,Ingredients,1,0.0,0.0,48.0,card
2026-06-30,TX-B5_cash_constrained_restaurant-d00-001034,Khobar - Main Kitchen,Khobar,Tomato Puree Catering Pack,ING-TOM-03,Ingredients,1,0.0,0.0,48.0,mada
2026-06-30,TX-B5_cash_constrained_restaurant-d00-001035,Khobar - Main Kitchen,Khobar,Tomato Puree Catering Pack,ING-TOM-03,Ingredients,1,0.0,0.0,48.0,cash
2026-06-30,TX-B5_cash_constrained_restaurant-d00-001036,Khobar - Main Kitchen,Khobar,Tomato Puree Catering Pack,ING-TOM-03,Ingredients,1,0.0,0.0,48.0,mada
2026-07-01,TX-B5_cash_constrained_restaurant-d00-001037,Khobar - Main Kitchen,Khobar,Tomato Puree Catering Pack,ING-TOM-03,Ingredients,1,0.0,0.0,48.0,cash
2026-07-01,TX-B5_cash_constrained_restaurant-d00-001038,Khobar - Main Kitchen,Khobar,Tomato Puree Catering Pack,ING-TOM-03,Ingredients,1,0.0,0.0,48.0,cash
2026-07-02,TX-B5_cash_constrained_restaurant-d00-001039,Khobar - Main Kitchen,Khobar,Tomato Puree Catering Pack,ING-TOM-03,Ingredients,1,0.0,0.0,48.0,card
2026-07-02,TX-B5_cash_constrained_restaurant-d00-001040,Khobar - Main Kitchen,Khobar,Tomato Puree Catering Pack,ING-TOM-03,Ingredients,1,0.0,0.0,48.0,cash
2026-07-03,TX-B5_cash_constrained_restaurant-d00-001041,Khobar - Main Kitchen,Khobar,Tomato Puree Catering Pack,ING-TOM-03,Ingredients,1,0.0,0.0,48.0,cash
2026-07-03,TX-B5_cash_constrained_restaurant-d00-001042,Khobar - Main Kitchen,Khobar,Tomato Puree Catering Pack,ING-TOM-03,Ingredients,1,0.0,0.0,48.0,cash
2026-07-03,TX-B5_cash_constrained_restaurant-d00-001043,Khobar - Main Kitchen,Khobar,Tomato Puree Catering Pack,ING-TOM-03,Ingredients,1,0.0,0.0,48.0,card
2026-07-04,TX-B5_cash_constrained_restaurant-d00-001044,Khobar - Main Kitchen,Khobar,Tomato Puree Catering Pack,ING-TOM-03,Ingredients,1,0.0,0.0,48.0,card
2026-07-04,TX-B5_cash_constrained_restaurant-d00-001045,Khobar - Main Kitchen,Khobar,Tomato Puree Catering Pack,ING-TOM-03,Ingredients,1,0.0,0.0,48.0,mada
2026-07-05,TX-B5_cash_constrained_restaurant-d00-001046,Khobar - Main Kitchen,Khobar,Tomato Puree Catering Pack,ING-TOM-03,Ingredients,1,0.0,0.0,48.0,card
2026-07-05,TX-B5_cash_constrained_restaurant-d00-001047,Khobar - Main Kitchen,Khobar,Tomato Puree Catering Pack,ING-TOM-03,Ingredients,1,0.0,0.0,48.0,cash
2026-07-05,TX-B5_cash_constrained_restaurant-d00-001048,Khobar - Main Kitchen,Khobar,Tomato Puree Catering Pack,ING-TOM-03,Ingredients,1,0.0,0.0,48.0,mada
2026-07-06,TX-B5_cash_constrained_restaurant-d00-001049,Khobar - Main Kitchen,Khobar,Tomato Puree Catering Pack,ING-TOM-03,Ingredients,1,0.0,0.0,48.0,mada
2026-07-06,TX-B5_cash_constrained_restaurant-d00-001050,Khobar - Main Kitchen,Khobar,Tomato Puree Catering Pack,ING-TOM-03,Ingredients,1,0.0,0.0,48.0,cash
2026-07-06,TX-B5_cash_constrained_restaurant-d00-001051,Khobar - Main Kitchen,Khobar,Tomato Puree Catering Pack,ING-TOM-03,Ingredients,1,0.0,0.0,48.0,mada
2026-07-06,TX-B5_cash_constrained_restaurant-d00-001052,Khobar - Main Kitchen,Khobar,Tomato Puree Catering Pack,ING-TOM-03,Ingredients,1,0.0,0.0,48.0,card
2026-07-07,TX-B5_cash_constrained_restaurant-d00-001053,Khobar - Main Kitchen,Khobar,Tomato Puree Catering Pack,ING-TOM-03,Ingredients,1,0.0,0.0,48.0,card
2026-07-07,TX-B5_cash_constrained_restaurant-d00-001054,Khobar - Main Kitchen,Khobar,Tomato Puree Catering Pack,ING-TOM-03,Ingredients,1,0.0,0.0,48.0,card
2026-07-07,TX-B5_cash_constrained_restaurant-d00-001055,Khobar - Main Kitchen,Khobar,Tomato Puree Catering Pack,ING-TOM-03,Ingredients,1,0.0,0.0,48.0,cash
2026-07-08,TX-B5_cash_constrained_restaurant-d00-001056,Khobar - Main Kitchen,Khobar,Tomato Puree Catering Pack,ING-TOM-03,Ingredients,1,0.0,0.0,48.0,mada
2026-07-08,TX-B5_cash_constrained_restaurant-d00-001057,Khobar - Main Kitchen,Khobar,Tomato Puree Catering Pack,ING-TOM-03,Ingredients,1,0.0,0.0,48.0,mada
2026-07-08,TX-B5_cash_constrained_restaurant-d00-001058,Khobar - Main Kitchen,Khobar,Tomato Puree Catering Pack,ING-TOM-03,Ingredients,1,0.0,0.0,48.0,mada
2026-07-08,TX-B5_cash_constrained_restaurant-d00-001059,Khobar - Main Kitchen,Khobar,Tomato Puree Catering Pack,ING-TOM-03,Ingredients,1,0.0,0.0,48.0,cash
2026-07-09,TX-B5_cash_constrained_restaurant-d00-001060,Khobar - Main Kitchen,Khobar,Tomato Puree Catering Pack,ING-TOM-03,Ingredients,1,0.0,0.0,48.0,mada
2026-07-09,TX-B5_cash_constrained_restaurant-d00-001061,Khobar - Main Kitchen,Khobar,Tomato Puree Catering Pack,ING-TOM-03,Ingredients,1,0.0,0.0,48.0,mada
2026-07-09,TX-B5_cash_constrained_restaurant-d00-001062,Khobar - Main Kitchen,Khobar,Tomato Puree Catering Pack,ING-TOM-03,Ingredients,1,0.0,0.0,48.0,card
2026-07-10,TX-B5_cash_constrained_restaurant-d00-001063,Khobar - Main Kitchen,Khobar,Tomato Puree Catering Pack,ING-TOM-03,Ingredients,1,0.0,0.0,48.0,mada
2026-07-10,TX-B5_cash_constrained_restaurant-d00-001064,Khobar - Main Kitchen,Khobar,Tomato Puree Catering Pack,ING-TOM-03,Ingredients,1,0.0,0.0,48.0,mada
2026-07-10,TX-B5_cash_constrained_restaurant-d00-001065,Khobar - Main Kitchen,Khobar,Tomato Puree Catering Pack,ING-TOM-03,Ingredients,1,0.0,0.0,48.0,cash
2026-07-10,TX-B5_cash_constrained_restaurant-d00-001066,Khobar - Main Kitchen,Khobar,Tomato Puree Catering Pack,ING-TOM-03,Ingredients,1,0.0,0.0,48.0,card
2026-07-11,TX-B5_cash_constrained_restaurant-d00-001067,Khobar - Main Kitchen,Khobar,Tomato Puree Catering Pack,ING-TOM-03,Ingredients,1,0.0,0.0,48.0,card
2026-07-11,TX-B5_cash_constrained_restaurant-d00-001068,Khobar - Main Kitchen,Khobar,Tomato Puree Catering Pack,ING-TOM-03,Ingredients,1,0.0,0.0,48.0,mada
2026-07-11,TX-B5_cash_constrained_restaurant-d00-001069,Khobar - Main Kitchen,Khobar,Tomato Puree Catering Pack,ING-TOM-03,Ingredients,1,0.0,0.0,48.0,card
2026-07-12,TX-B5_cash_constrained_restaurant-d00-001070,Khobar - Main Kitchen,Khobar,Tomato Puree Catering Pack,ING-TOM-03,Ingredients,1,0.0,0.0,48.0,card
2026-07-12,TX-B5_cash_constrained_restaurant-d00-001071,Khobar - Main Kitchen,Khobar,Tomato Puree Catering Pack,ING-TOM-03,Ingredients,1,0.0,0.0,48.0,mada
2026-07-12,TX-B5_cash_constrained_restaurant-d00-001072,Khobar - Main Kitchen,Khobar,Tomato Puree Catering Pack,ING-TOM-03,Ingredients,1,0.0,0.0,48.0,card
2026-07-13,TX-B5_cash_constrained_restaurant-d00-001073,Khobar - Main Kitchen,Khobar,Tomato Puree Catering Pack,ING-TOM-03,Ingredients,1,0.0,0.0,48.0,card
2026-07-13,TX-B5_cash_constrained_restaurant-d00-001074,Khobar - Main Kitchen,Khobar,Tomato Puree Catering Pack,ING-TOM-03,Ingredients,1,0.0,0.0,48.0,card
2026-07-13,TX-B5_cash_constrained_restaurant-d00-001075,Khobar - Main Kitchen,Khobar,Tomato Puree Catering Pack,ING-TOM-03,Ingredients,1,0.0,0.0,48.0,cash
2026-07-14,TX-B5_cash_constrained_restaurant-d00-001076,Khobar - Main Kitchen,Khobar,Tomato Puree Catering Pack,ING-TOM-03,Ingredients,1,0.0,0.0,48.0,mada
2026-07-14,TX-B5_cash_constrained_restaurant-d00-001077,Khobar - Main Kitchen,Khobar,Tomato Puree Catering Pack,ING-TOM-03,Ingredients,1,0.0,0.0,48.0,mada
2026-07-14,TX-B5_cash_constrained_restaurant-d00-001078,Khobar - Main Kitchen,Khobar,Tomato Puree Catering Pack,ING-TOM-03,Ingredients,1,0.0,0.0,48.0,cash
2026-07-15,TX-B5_cash_constrained_restaurant-d00-001079,Khobar - Main Kitchen,Khobar,Tomato Puree Catering Pack,ING-TOM-03,Ingredients,1,0.0,0.0,48.0,mada
2026-07-15,TX-B5_cash_constrained_restaurant-d00-001080,Khobar - Main Kitchen,Khobar,Tomato Puree Catering Pack,ING-TOM-03,Ingredients,1,0.0,0.0,48.0,card
2026-07-16,TX-B5_cash_constrained_restaurant-d00-001081,Khobar - Main Kitchen,Khobar,Tomato Puree Catering Pack,ING-TOM-03,Ingredients,1,0.0,0.0,48.0,cash
2026-07-16,TX-B5_cash_constrained_restaurant-d00-001082,Khobar - Main Kitchen,Khobar,Tomato Puree Catering Pack,ING-TOM-03,Ingredients,1,0.0,0.0,48.0,mada
2026-07-16,TX-B5_cash_constrained_restaurant-d00-001083,Khobar - Main Kitchen,Khobar,Tomato Puree Catering Pack,ING-TOM-03,Ingredients,1,0.0,0.0,48.0,mada
2026-07-17,TX-B5_cash_constrained_restaurant-d00-001084,Khobar - Main Kitchen,Khobar,Tomato Puree Catering Pack,ING-TOM-03,Ingredients,1,0.0,0.0,48.0,mada
2026-07-17,TX-B5_cash_constrained_restaurant-d00-001085,Khobar - Main Kitchen,Khobar,Tomato Puree Catering Pack,ING-TOM-03,Ingredients,1,0.0,0.0,48.0,mada
2026-07-18,TX-B5_cash_constrained_restaurant-d00-001086,Khobar - Main Kitchen,Khobar,Tomato Puree Catering Pack,ING-TOM-03,Ingredients,1,0.0,0.0,48.0,cash
2026-07-18,TX-B5_cash_constrained_restaurant-d00-001087,Khobar - Main Kitchen,Khobar,Tomato Puree Catering Pack,ING-TOM-03,Ingredients,1,0.0,0.0,48.0,card
2026-07-19,TX-B5_cash_constrained_restaurant-d00-001088,Khobar - Main Kitchen,Khobar,Tomato Puree Catering Pack,ING-TOM-03,Ingredients,1,0.0,0.0,48.0,cash
2026-07-19,TX-B5_cash_constrained_restaurant-d00-001089,Khobar - Main Kitchen,Khobar,Tomato Puree Catering Pack,ING-TOM-03,Ingredients,1,0.0,0.0,48.0,mada
2026-07-19,TX-B5_cash_constrained_restaurant-d00-001090,Khobar - Main Kitchen,Khobar,Tomato Puree Catering Pack,ING-TOM-03,Ingredients,1,0.0,0.0,48.0,card
2026-07-20,TX-B5_cash_constrained_restaurant-d00-001091,Khobar - Main Kitchen,Khobar,Tomato Puree Catering Pack,ING-TOM-03,Ingredients,1,0.0,0.0,48.0,mada
2026-07-20,TX-B5_cash_constrained_restaurant-d00-001092,Khobar - Main Kitchen,Khobar,Tomato Puree Catering Pack,ING-TOM-03,Ingredients,1,0.0,0.0,48.0,mada
2026-07-20,TX-B5_cash_constrained_restaurant-d00-001093,Khobar - Main Kitchen,Khobar,Tomato Puree Catering Pack,ING-TOM-03,Ingredients,1,0.0,0.0,48.0,card
2026-07-20,TX-B5_cash_constrained_restaurant-d00-001094,Khobar - Main Kitchen,Khobar,Tomato Puree Catering Pack,ING-TOM-03,Ingredients,1,0.0,0.0,48.0,mada
2026-07-21,TX-B5_cash_constrained_restaurant-d00-001095,Khobar - Main Kitchen,Khobar,Tomato Puree Catering Pack,ING-TOM-03,Ingredients,1,0.0,0.0,48.0,mada
2026-07-21,TX-B5_cash_constrained_restaurant-d00-001096,Khobar - Main Kitchen,Khobar,Tomato Puree Catering Pack,ING-TOM-03,Ingredients,1,0.0,0.0,48.0,mada
2026-07-21,TX-B5_cash_constrained_restaurant-d00-001097,Khobar - Main Kitchen,Khobar,Tomato Puree Catering Pack,ING-TOM-03,Ingredients,1,0.0,0.0,48.0,cash
2026-07-22,TX-B5_cash_constrained_restaurant-d00-001098,Khobar - Main Kitchen,Khobar,Tomato Puree Catering Pack,ING-TOM-03,Ingredients,1,0.0,0.0,48.0,cash
2026-07-22,TX-B5_cash_constrained_restaurant-d00-001099,Khobar - Main Kitchen,Khobar,Tomato Puree Catering Pack,ING-TOM-03,Ingredients,1,0.0,0.0,48.0,card
2026-07-22,TX-B5_cash_constrained_restaurant-d00-001100,Khobar - Main Kitchen,Khobar,Tomato Puree Catering Pack,ING-TOM-03,Ingredients,1,0.0,0.0,48.0,card
2026-07-22,TX-B5_cash_constrained_restaurant-d00-001101,Khobar - Main Kitchen,Khobar,Tomato Puree Catering Pack,ING-TOM-03,Ingredients,1,0.0,0.0,48.0,cash
2026-07-23,TX-B5_cash_constrained_restaurant-d00-001102,Khobar - Main Kitchen,Khobar,Tomato Puree Catering Pack,ING-TOM-03,Ingredients,1,0.0,0.0,48.0,mada
2026-07-23,TX-B5_cash_constrained_restaurant-d00-001103,Khobar - Main Kitchen,Khobar,Tomato Puree Catering Pack,ING-TOM-03,Ingredients,1,0.0,0.0,48.0,mada
2026-07-24,TX-B5_cash_constrained_restaurant-d00-001104,Khobar - Main Kitchen,Khobar,Tomato Puree Catering Pack,ING-TOM-03,Ingredients,1,0.0,0.0,48.0,cash
2026-07-24,TX-B5_cash_constrained_restaurant-d00-001105,Khobar - Main Kitchen,Khobar,Tomato Puree Catering Pack,ING-TOM-03,Ingredients,1,0.0,0.0,48.0,cash
2026-07-25,TX-B5_cash_constrained_restaurant-d00-001106,Khobar - Main Kitchen,Khobar,Tomato Puree Catering Pack,ING-TOM-03,Ingredients,1,0.0,0.0,48.0,card
2026-07-25,TX-B5_cash_constrained_restaurant-d00-001107,Khobar - Main Kitchen,Khobar,Tomato Puree Catering Pack,ING-TOM-03,Ingredients,1,0.0,0.0,48.0,card
2026-07-25,TX-B5_cash_constrained_restaurant-d00-001108,Khobar - Main Kitchen,Khobar,Tomato Puree Catering Pack,ING-TOM-03,Ingredients,1,0.0,0.0,48.0,cash
2026-07-26,TX-B5_cash_constrained_restaurant-d00-001109,Khobar - Main Kitchen,Khobar,Tomato Puree Catering Pack,ING-TOM-03,Ingredients,1,0.0,0.0,48.0,card
2026-07-26,TX-B5_cash_constrained_restaurant-d00-001110,Khobar - Main Kitchen,Khobar,Tomato Puree Catering Pack,ING-TOM-03,Ingredients,1,0.0,0.0,48.0,mada
2026-07-26,TX-B5_cash_constrained_restaurant-d00-001111,Khobar - Main Kitchen,Khobar,Tomato Puree Catering Pack,ING-TOM-03,Ingredients,1,0.0,0.0,48.0,mada
2026-07-27,TX-B5_cash_constrained_restaurant-d00-001112,Khobar - Main Kitchen,Khobar,Tomato Puree Catering Pack,ING-TOM-03,Ingredients,1,0.0,0.0,48.0,mada
2026-07-27,TX-B5_cash_constrained_restaurant-d00-001113,Khobar - Main Kitchen,Khobar,Tomato Puree Catering Pack,ING-TOM-03,Ingredients,1,0.0,0.0,48.0,mada
2026-07-27,TX-B5_cash_constrained_restaurant-d00-001114,Khobar - Main Kitchen,Khobar,Tomato Puree Catering Pack,ING-TOM-03,Ingredients,1,0.0,0.0,48.0,cash
2026-07-28,TX-B5_cash_constrained_restaurant-d00-001115,Khobar - Main Kitchen,Khobar,Tomato Puree Catering Pack,ING-TOM-03,Ingredients,1,0.0,0.0,48.0,cash
2026-07-28,TX-B5_cash_constrained_restaurant-d00-001116,Khobar - Main Kitchen,Khobar,Tomato Puree Catering Pack,ING-TOM-03,Ingredients,1,0.0,0.0,48.0,cash
2026-07-29,TX-B5_cash_constrained_restaurant-d00-001117,Khobar - Main Kitchen,Khobar,Tomato Puree Catering Pack,ING-TOM-03,Ingredients,1,0.0,0.0,48.0,cash
2026-07-29,TX-B5_cash_constrained_restaurant-d00-001118,Khobar - Main Kitchen,Khobar,Tomato Puree Catering Pack,ING-TOM-03,Ingredients,1,0.0,0.0,48.0,card
2026-07-29,TX-B5_cash_constrained_restaurant-d00-001119,Khobar - Main Kitchen,Khobar,Tomato Puree Catering Pack,ING-TOM-03,Ingredients,1,0.0,0.0,48.0,card
2026-07-29,TX-B5_cash_constrained_restaurant-d00-001120,Khobar - Main Kitchen,Khobar,Tomato Puree Catering Pack,ING-TOM-03,Ingredients,1,0.0,0.0,48.0,cash
2026-07-30,TX-B5_cash_constrained_restaurant-d00-001121,Khobar - Main Kitchen,Khobar,Tomato Puree Catering Pack,ING-TOM-03,Ingredients,1,0.0,0.0,48.0,mada
2026-07-30,TX-B5_cash_constrained_restaurant-d00-001122,Khobar - Main Kitchen,Khobar,Tomato Puree Catering Pack,ING-TOM-03,Ingredients,1,0.0,0.0,48.0,card
2026-07-30,TX-B5_cash_constrained_restaurant-d00-001123,Khobar - Main Kitchen,Khobar,Tomato Puree Catering Pack,ING-TOM-03,Ingredients,1,0.0,0.0,48.0,mada
2026-07-30,TX-B5_cash_constrained_restaurant-d00-001124,Khobar - Main Kitchen,Khobar,Tomato Puree Catering Pack,ING-TOM-03,Ingredients,1,0.0,0.0,48.0,mada
2026-07-31,TX-B5_cash_constrained_restaurant-d00-001125,Khobar - Main Kitchen,Khobar,Tomato Puree Catering Pack,ING-TOM-03,Ingredients,1,0.0,0.0,48.0,cash
2026-07-31,TX-B5_cash_constrained_restaurant-d00-001126,Khobar - Main Kitchen,Khobar,Tomato Puree Catering Pack,ING-TOM-03,Ingredients,1,0.0,0.0,48.0,mada
2026-07-31,TX-B5_cash_constrained_restaurant-d00-001127,Khobar - Main Kitchen,Khobar,Tomato Puree Catering Pack,ING-TOM-03,Ingredients,1,0.0,0.0,48.0,cash
2026-07-31,TX-B5_cash_constrained_restaurant-d00-001128,Khobar - Main Kitchen,Khobar,Tomato Puree Catering Pack,ING-TOM-03,Ingredients,1,0.0,0.0,48.0,mada
2026-08-01,TX-B5_cash_constrained_restaurant-d00-001129,Khobar - Main Kitchen,Khobar,Tomato Puree Catering Pack,ING-TOM-03,Ingredients,1,0.0,0.0,48.0,mada
2026-08-01,TX-B5_cash_constrained_restaurant-d00-001130,Khobar - Main Kitchen,Khobar,Tomato Puree Catering Pack,ING-TOM-03,Ingredients,1,0.0,0.0,48.0,mada
2026-08-01,TX-B5_cash_constrained_restaurant-d00-001131,Khobar - Main Kitchen,Khobar,Tomato Puree Catering Pack,ING-TOM-03,Ingredients,1,0.0,0.0,48.0,mada
2026-08-02,TX-B5_cash_constrained_restaurant-d00-001132,Khobar - Main Kitchen,Khobar,Tomato Puree Catering Pack,ING-TOM-03,Ingredients,1,0.0,0.0,48.0,card
2026-08-02,TX-B5_cash_constrained_restaurant-d00-001133,Khobar - Main Kitchen,Khobar,Tomato Puree Catering Pack,ING-TOM-03,Ingredients,1,0.0,0.0,48.0,card
2026-08-02,TX-B5_cash_constrained_restaurant-d00-001134,Khobar - Main Kitchen,Khobar,Tomato Puree Catering Pack,ING-TOM-03,Ingredients,1,0.0,0.0,48.0,card
2026-08-03,TX-B5_cash_constrained_restaurant-d00-001135,Khobar - Main Kitchen,Khobar,Tomato Puree Catering Pack,ING-TOM-03,Ingredients,1,0.0,0.0,48.0,mada
2026-08-03,TX-B5_cash_constrained_restaurant-d00-001136,Khobar - Main Kitchen,Khobar,Tomato Puree Catering Pack,ING-TOM-03,Ingredients,1,0.0,0.0,48.0,mada
2026-08-03,TX-B5_cash_constrained_restaurant-d00-001137,Khobar - Main Kitchen,Khobar,Tomato Puree Catering Pack,ING-TOM-03,Ingredients,1,0.0,0.0,48.0,mada
2026-08-03,TX-B5_cash_constrained_restaurant-d00-001138,Khobar - Main Kitchen,Khobar,Tomato Puree Catering Pack,ING-TOM-03,Ingredients,1,0.0,0.0,48.0,mada
2026-08-04,TX-B5_cash_constrained_restaurant-d00-001139,Khobar - Main Kitchen,Khobar,Tomato Puree Catering Pack,ING-TOM-03,Ingredients,1,0.0,0.0,48.0,mada
2026-08-04,TX-B5_cash_constrained_restaurant-d00-001140,Khobar - Main Kitchen,Khobar,Tomato Puree Catering Pack,ING-TOM-03,Ingredients,1,0.0,0.0,48.0,mada
2026-08-04,TX-B5_cash_constrained_restaurant-d00-001141,Khobar - Main Kitchen,Khobar,Tomato Puree Catering Pack,ING-TOM-03,Ingredients,1,0.0,0.0,48.0,card
2026-08-05,TX-B5_cash_constrained_restaurant-d00-001142,Khobar - Main Kitchen,Khobar,Tomato Puree Catering Pack,ING-TOM-03,Ingredients,1,0.0,0.0,48.0,card
2026-08-05,TX-B5_cash_constrained_restaurant-d00-001143,Khobar - Main Kitchen,Khobar,Tomato Puree Catering Pack,ING-TOM-03,Ingredients,1,0.0,0.0,48.0,cash
2026-08-05,TX-B5_cash_constrained_restaurant-d00-001144,Khobar - Main Kitchen,Khobar,Tomato Puree Catering Pack,ING-TOM-03,Ingredients,1,0.0,0.0,48.0,cash
2026-08-06,TX-B5_cash_constrained_restaurant-d00-001145,Khobar - Main Kitchen,Khobar,Tomato Puree Catering Pack,ING-TOM-03,Ingredients,1,0.0,0.0,48.0,cash
2026-08-06,TX-B5_cash_constrained_restaurant-d00-001146,Khobar - Main Kitchen,Khobar,Tomato Puree Catering Pack,ING-TOM-03,Ingredients,1,0.0,0.0,48.0,card
2026-08-06,TX-B5_cash_constrained_restaurant-d00-001147,Khobar - Main Kitchen,Khobar,Tomato Puree Catering Pack,ING-TOM-03,Ingredients,1,0.0,0.0,48.0,mada
2026-08-07,TX-B5_cash_constrained_restaurant-d00-001148,Khobar - Main Kitchen,Khobar,Tomato Puree Catering Pack,ING-TOM-03,Ingredients,1,0.0,0.0,48.0,mada
2026-08-07,TX-B5_cash_constrained_restaurant-d00-001149,Khobar - Main Kitchen,Khobar,Tomato Puree Catering Pack,ING-TOM-03,Ingredients,1,0.0,0.0,48.0,cash
2026-08-07,TX-B5_cash_constrained_restaurant-d00-001150,Khobar - Main Kitchen,Khobar,Tomato Puree Catering Pack,ING-TOM-03,Ingredients,1,0.0,0.0,48.0,mada
2026-08-07,TX-B5_cash_constrained_restaurant-d00-001151,Khobar - Main Kitchen,Khobar,Tomato Puree Catering Pack,ING-TOM-03,Ingredients,1,0.0,0.0,48.0,card
2026-08-08,TX-B5_cash_constrained_restaurant-d00-001152,Khobar - Main Kitchen,Khobar,Tomato Puree Catering Pack,ING-TOM-03,Ingredients,1,0.0,0.0,48.0,mada
2026-08-08,TX-B5_cash_constrained_restaurant-d00-001153,Khobar - Main Kitchen,Khobar,Tomato Puree Catering Pack,ING-TOM-03,Ingredients,1,0.0,0.0,48.0,cash
2026-08-08,TX-B5_cash_constrained_restaurant-d00-001154,Khobar - Main Kitchen,Khobar,Tomato Puree Catering Pack,ING-TOM-03,Ingredients,1,0.0,0.0,48.0,cash
2026-08-09,TX-B5_cash_constrained_restaurant-d00-001155,Khobar - Main Kitchen,Khobar,Tomato Puree Catering Pack,ING-TOM-03,Ingredients,1,0.0,0.0,48.0,card
2026-08-09,TX-B5_cash_constrained_restaurant-d00-001156,Khobar - Main Kitchen,Khobar,Tomato Puree Catering Pack,ING-TOM-03,Ingredients,1,0.0,0.0,48.0,cash
2026-08-09,TX-B5_cash_constrained_restaurant-d00-001157,Khobar - Main Kitchen,Khobar,Tomato Puree Catering Pack,ING-TOM-03,Ingredients,1,0.0,0.0,48.0,mada
2026-08-10,TX-B5_cash_constrained_restaurant-d00-001158,Khobar - Main Kitchen,Khobar,Tomato Puree Catering Pack,ING-TOM-03,Ingredients,1,0.0,0.0,48.0,card
2026-08-10,TX-B5_cash_constrained_restaurant-d00-001159,Khobar - Main Kitchen,Khobar,Tomato Puree Catering Pack,ING-TOM-03,Ingredients,1,0.0,0.0,48.0,mada
2026-08-10,TX-B5_cash_constrained_restaurant-d00-001160,Khobar - Main Kitchen,Khobar,Tomato Puree Catering Pack,ING-TOM-03,Ingredients,1,0.0,0.0,48.0,mada
2026-08-11,TX-B5_cash_constrained_restaurant-d00-001161,Khobar - Main Kitchen,Khobar,Tomato Puree Catering Pack,ING-TOM-03,Ingredients,1,0.0,0.0,48.0,mada
2026-08-11,TX-B5_cash_constrained_restaurant-d00-001162,Khobar - Main Kitchen,Khobar,Tomato Puree Catering Pack,ING-TOM-03,Ingredients,1,0.0,0.0,48.0,cash
2026-08-11,TX-B5_cash_constrained_restaurant-d00-001163,Khobar - Main Kitchen,Khobar,Tomato Puree Catering Pack,ING-TOM-03,Ingredients,1,0.0,0.0,48.0,card
2026-08-11,TX-B5_cash_constrained_restaurant-d00-001164,Khobar - Main Kitchen,Khobar,Tomato Puree Catering Pack,ING-TOM-03,Ingredients,1,0.0,0.0,48.0,card
2026-08-12,TX-B5_cash_constrained_restaurant-d00-001165,Khobar - Main Kitchen,Khobar,Tomato Puree Catering Pack,ING-TOM-03,Ingredients,1,0.0,0.0,48.0,card
2026-08-12,TX-B5_cash_constrained_restaurant-d00-001166,Khobar - Main Kitchen,Khobar,Tomato Puree Catering Pack,ING-TOM-03,Ingredients,1,0.0,0.0,48.0,mada
2026-08-13,TX-B5_cash_constrained_restaurant-d00-001167,Khobar - Main Kitchen,Khobar,Tomato Puree Catering Pack,ING-TOM-03,Ingredients,1,0.0,0.0,48.0,card
2026-08-13,TX-B5_cash_constrained_restaurant-d00-001168,Khobar - Main Kitchen,Khobar,Tomato Puree Catering Pack,ING-TOM-03,Ingredients,1,0.0,0.0,48.0,cash
2026-08-13,TX-B5_cash_constrained_restaurant-d00-001169,Khobar - Main Kitchen,Khobar,Tomato Puree Catering Pack,ING-TOM-03,Ingredients,1,0.0,0.0,48.0,mada
2026-08-14,TX-B5_cash_constrained_restaurant-d00-001170,Khobar - Main Kitchen,Khobar,Tomato Puree Catering Pack,ING-TOM-03,Ingredients,1,0.0,0.0,48.0,mada
2026-08-14,TX-B5_cash_constrained_restaurant-d00-001171,Khobar - Main Kitchen,Khobar,Tomato Puree Catering Pack,ING-TOM-03,Ingredients,1,0.0,0.0,48.0,card
2026-08-14,TX-B5_cash_constrained_restaurant-d00-001172,Khobar - Main Kitchen,Khobar,Tomato Puree Catering Pack,ING-TOM-03,Ingredients,1,0.0,0.0,48.0,card
2026-08-15,TX-B5_cash_constrained_restaurant-d00-001173,Khobar - Main Kitchen,Khobar,Tomato Puree Catering Pack,ING-TOM-03,Ingredients,1,0.0,0.0,48.0,cash
2026-08-15,TX-B5_cash_constrained_restaurant-d00-001174,Khobar - Main Kitchen,Khobar,Tomato Puree Catering Pack,ING-TOM-03,Ingredients,1,0.0,0.0,48.0,mada
2026-08-15,TX-B5_cash_constrained_restaurant-d00-001175,Khobar - Main Kitchen,Khobar,Tomato Puree Catering Pack,ING-TOM-03,Ingredients,1,0.0,0.0,48.0,card
2026-08-16,TX-B5_cash_constrained_restaurant-d00-001176,Khobar - Main Kitchen,Khobar,Tomato Puree Catering Pack,ING-TOM-03,Ingredients,1,0.0,0.0,48.0,mada
2026-08-16,TX-B5_cash_constrained_restaurant-d00-001177,Khobar - Main Kitchen,Khobar,Tomato Puree Catering Pack,ING-TOM-03,Ingredients,1,0.0,0.0,48.0,mada
2026-08-16,TX-B5_cash_constrained_restaurant-d00-001178,Khobar - Main Kitchen,Khobar,Tomato Puree Catering Pack,ING-TOM-03,Ingredients,1,0.0,0.0,48.0,mada
2026-08-17,TX-B5_cash_constrained_restaurant-d00-001179,Khobar - Main Kitchen,Khobar,Tomato Puree Catering Pack,ING-TOM-03,Ingredients,1,0.0,0.0,48.0,card
2026-08-17,TX-B5_cash_constrained_restaurant-d00-001180,Khobar - Main Kitchen,Khobar,Tomato Puree Catering Pack,ING-TOM-03,Ingredients,1,0.0,0.0,48.0,cash
2026-08-17,TX-B5_cash_constrained_restaurant-d00-001181,Khobar - Main Kitchen,Khobar,Tomato Puree Catering Pack,ING-TOM-03,Ingredients,1,0.0,0.0,48.0,mada
2026-08-18,TX-B5_cash_constrained_restaurant-d00-001182,Khobar - Main Kitchen,Khobar,Tomato Puree Catering Pack,ING-TOM-03,Ingredients,1,0.0,0.0,48.0,mada
2026-08-18,TX-B5_cash_constrained_restaurant-d00-001183,Khobar - Main Kitchen,Khobar,Tomato Puree Catering Pack,ING-TOM-03,Ingredients,1,0.0,0.0,48.0,mada
2026-08-18,TX-B5_cash_constrained_restaurant-d00-001184,Khobar - Main Kitchen,Khobar,Tomato Puree Catering Pack,ING-TOM-03,Ingredients,1,0.0,0.0,48.0,cash
2026-08-18,TX-B5_cash_constrained_restaurant-d00-001185,Khobar - Main Kitchen,Khobar,Tomato Puree Catering Pack,ING-TOM-03,Ingredients,1,0.0,0.0,48.0,mada
2026-08-18,TX-B5_cash_constrained_restaurant-d00-001186,Khobar - Main Kitchen,Khobar,Tomato Puree Catering Pack,ING-TOM-03,Ingredients,1,0.0,0.0,48.0,mada
2026-08-19,TX-B5_cash_constrained_restaurant-d00-001187,Khobar - Main Kitchen,Khobar,Tomato Puree Catering Pack,ING-TOM-03,Ingredients,1,0.0,0.0,48.0,cash
2026-08-19,TX-B5_cash_constrained_restaurant-d00-001188,Khobar - Main Kitchen,Khobar,Tomato Puree Catering Pack,ING-TOM-03,Ingredients,1,0.0,0.0,48.0,mada
2026-08-19,TX-B5_cash_constrained_restaurant-d00-001189,Khobar - Main Kitchen,Khobar,Tomato Puree Catering Pack,ING-TOM-03,Ingredients,1,0.0,0.0,48.0,mada
2026-08-20,TX-B5_cash_constrained_restaurant-d00-001190,Khobar - Main Kitchen,Khobar,Tomato Puree Catering Pack,ING-TOM-03,Ingredients,1,0.0,0.0,48.0,mada
2026-08-20,TX-B5_cash_constrained_restaurant-d00-001191,Khobar - Main Kitchen,Khobar,Tomato Puree Catering Pack,ING-TOM-03,Ingredients,1,0.0,0.0,48.0,cash
2026-08-20,TX-B5_cash_constrained_restaurant-d00-001192,Khobar - Main Kitchen,Khobar,Tomato Puree Catering Pack,ING-TOM-03,Ingredients,1,0.0,0.0,48.0,mada
2026-08-20,TX-B5_cash_constrained_restaurant-d00-001193,Khobar - Main Kitchen,Khobar,Tomato Puree Catering Pack,ING-TOM-03,Ingredients,1,0.0,0.0,48.0,mada
2026-08-21,TX-B5_cash_constrained_restaurant-d00-001194,Khobar - Main Kitchen,Khobar,Tomato Puree Catering Pack,ING-TOM-03,Ingredients,1,0.0,0.0,48.0,mada
2026-08-21,TX-B5_cash_constrained_restaurant-d00-001195,Khobar - Main Kitchen,Khobar,Tomato Puree Catering Pack,ING-TOM-03,Ingredients,1,0.0,0.0,48.0,cash
2026-08-21,TX-B5_cash_constrained_restaurant-d00-001196,Khobar - Main Kitchen,Khobar,Tomato Puree Catering Pack,ING-TOM-03,Ingredients,1,0.0,0.0,48.0,mada
2026-08-22,TX-B5_cash_constrained_restaurant-d00-001197,Khobar - Main Kitchen,Khobar,Tomato Puree Catering Pack,ING-TOM-03,Ingredients,1,0.0,0.0,48.0,card
2026-08-23,TX-B5_cash_constrained_restaurant-d00-001198,Khobar - Main Kitchen,Khobar,Tomato Puree Catering Pack,ING-TOM-03,Ingredients,1,0.0,0.0,48.0,cash
2026-08-23,TX-B5_cash_constrained_restaurant-d00-001199,Khobar - Main Kitchen,Khobar,Tomato Puree Catering Pack,ING-TOM-03,Ingredients,1,0.0,0.0,48.0,mada
2026-08-23,TX-B5_cash_constrained_restaurant-d00-001200,Khobar - Main Kitchen,Khobar,Tomato Puree Catering Pack,ING-TOM-03,Ingredients,1,0.0,0.0,48.0,card
2026-08-24,TX-B5_cash_constrained_restaurant-d00-001201,Khobar - Main Kitchen,Khobar,Tomato Puree Catering Pack,ING-TOM-03,Ingredients,1,0.0,0.0,48.0,cash
2026-08-24,TX-B5_cash_constrained_restaurant-d00-001202,Khobar - Main Kitchen,Khobar,Tomato Puree Catering Pack,ING-TOM-03,Ingredients,1,0.0,0.0,48.0,card
2026-08-25,TX-B5_cash_constrained_restaurant-d00-001203,Khobar - Main Kitchen,Khobar,Tomato Puree Catering Pack,ING-TOM-03,Ingredients,1,0.0,0.0,48.0,mada
2026-08-25,TX-B5_cash_constrained_restaurant-d00-001204,Khobar - Main Kitchen,Khobar,Tomato Puree Catering Pack,ING-TOM-03,Ingredients,1,0.0,0.0,48.0,card
2026-08-26,TX-B5_cash_constrained_restaurant-d00-001205,Khobar - Main Kitchen,Khobar,Tomato Puree Catering Pack,ING-TOM-03,Ingredients,1,0.0,0.0,48.0,mada
2026-08-26,TX-B5_cash_constrained_restaurant-d00-001206,Khobar - Main Kitchen,Khobar,Tomato Puree Catering Pack,ING-TOM-03,Ingredients,1,0.0,0.0,48.0,cash
2026-08-26,TX-B5_cash_constrained_restaurant-d00-001207,Khobar - Main Kitchen,Khobar,Tomato Puree Catering Pack,ING-TOM-03,Ingredients,1,0.0,0.0,48.0,mada
2026-01-05,TX-B5_cash_constrained_restaurant-d00-001208,Khobar - Main Kitchen,Khobar,Calrose Rice 20kg,ING-RIC-04,Ingredients,1,0.0,0.0,88.0,card
2026-01-05,TX-B5_cash_constrained_restaurant-d00-001209,Khobar - Main Kitchen,Khobar,Calrose Rice 20kg,ING-RIC-04,Ingredients,1,0.0,0.0,88.0,mada
2026-01-06,TX-B5_cash_constrained_restaurant-d00-001210,Khobar - Main Kitchen,Khobar,Calrose Rice 20kg,ING-RIC-04,Ingredients,1,0.0,0.0,88.0,mada
2026-01-06,TX-B5_cash_constrained_restaurant-d00-001211,Khobar - Main Kitchen,Khobar,Calrose Rice 20kg,ING-RIC-04,Ingredients,1,0.0,0.0,88.0,mada
2026-01-07,TX-B5_cash_constrained_restaurant-d00-001212,Khobar - Main Kitchen,Khobar,Calrose Rice 20kg,ING-RIC-04,Ingredients,1,0.0,0.0,88.0,cash
2026-01-07,TX-B5_cash_constrained_restaurant-d00-001213,Khobar - Main Kitchen,Khobar,Calrose Rice 20kg,ING-RIC-04,Ingredients,1,0.0,0.0,88.0,card
2026-01-08,TX-B5_cash_constrained_restaurant-d00-001214,Khobar - Main Kitchen,Khobar,Calrose Rice 20kg,ING-RIC-04,Ingredients,1,0.0,0.0,88.0,card
2026-01-08,TX-B5_cash_constrained_restaurant-d00-001215,Khobar - Main Kitchen,Khobar,Calrose Rice 20kg,ING-RIC-04,Ingredients,1,0.0,0.0,88.0,cash
2026-01-09,TX-B5_cash_constrained_restaurant-d00-001216,Khobar - Main Kitchen,Khobar,Calrose Rice 20kg,ING-RIC-04,Ingredients,1,0.0,0.0,88.0,mada
2026-01-09,TX-B5_cash_constrained_restaurant-d00-001217,Khobar - Main Kitchen,Khobar,Calrose Rice 20kg,ING-RIC-04,Ingredients,1,0.0,0.0,88.0,card
2026-01-10,TX-B5_cash_constrained_restaurant-d00-001218,Khobar - Main Kitchen,Khobar,Calrose Rice 20kg,ING-RIC-04,Ingredients,1,0.0,0.0,88.0,cash
2026-01-10,TX-B5_cash_constrained_restaurant-d00-001219,Khobar - Main Kitchen,Khobar,Calrose Rice 20kg,ING-RIC-04,Ingredients,1,0.0,0.0,88.0,cash
2026-01-10,TX-B5_cash_constrained_restaurant-d00-001220,Khobar - Main Kitchen,Khobar,Calrose Rice 20kg,ING-RIC-04,Ingredients,1,0.0,0.0,88.0,mada
2026-01-11,TX-B5_cash_constrained_restaurant-d00-001221,Khobar - Main Kitchen,Khobar,Calrose Rice 20kg,ING-RIC-04,Ingredients,1,0.0,0.0,88.0,card
2026-01-11,TX-B5_cash_constrained_restaurant-d00-001222,Khobar - Main Kitchen,Khobar,Calrose Rice 20kg,ING-RIC-04,Ingredients,1,0.0,0.0,88.0,mada
2026-01-12,TX-B5_cash_constrained_restaurant-d00-001223,Khobar - Main Kitchen,Khobar,Calrose Rice 20kg,ING-RIC-04,Ingredients,1,0.0,0.0,88.0,cash
2026-01-12,TX-B5_cash_constrained_restaurant-d00-001224,Khobar - Main Kitchen,Khobar,Calrose Rice 20kg,ING-RIC-04,Ingredients,1,0.0,0.0,88.0,card
2026-01-13,TX-B5_cash_constrained_restaurant-d00-001225,Khobar - Main Kitchen,Khobar,Calrose Rice 20kg,ING-RIC-04,Ingredients,1,0.0,0.0,88.0,card
2026-01-13,TX-B5_cash_constrained_restaurant-d00-001226,Khobar - Main Kitchen,Khobar,Calrose Rice 20kg,ING-RIC-04,Ingredients,1,0.0,0.0,88.0,mada
2026-01-14,TX-B5_cash_constrained_restaurant-d00-001227,Khobar - Main Kitchen,Khobar,Calrose Rice 20kg,ING-RIC-04,Ingredients,1,0.0,0.0,88.0,card
2026-01-14,TX-B5_cash_constrained_restaurant-d00-001228,Khobar - Main Kitchen,Khobar,Calrose Rice 20kg,ING-RIC-04,Ingredients,1,0.0,0.0,88.0,cash
2026-01-15,TX-B5_cash_constrained_restaurant-d00-001229,Khobar - Main Kitchen,Khobar,Calrose Rice 20kg,ING-RIC-04,Ingredients,1,0.0,0.0,88.0,cash
2026-01-15,TX-B5_cash_constrained_restaurant-d00-001230,Khobar - Main Kitchen,Khobar,Calrose Rice 20kg,ING-RIC-04,Ingredients,1,0.0,0.0,88.0,card
2026-01-16,TX-B5_cash_constrained_restaurant-d00-001231,Khobar - Main Kitchen,Khobar,Calrose Rice 20kg,ING-RIC-04,Ingredients,1,0.0,0.0,88.0,mada
2026-01-16,TX-B5_cash_constrained_restaurant-d00-001232,Khobar - Main Kitchen,Khobar,Calrose Rice 20kg,ING-RIC-04,Ingredients,1,0.0,0.0,88.0,mada
2026-01-17,TX-B5_cash_constrained_restaurant-d00-001233,Khobar - Main Kitchen,Khobar,Calrose Rice 20kg,ING-RIC-04,Ingredients,1,0.0,0.0,88.0,mada
2026-01-17,TX-B5_cash_constrained_restaurant-d00-001234,Khobar - Main Kitchen,Khobar,Calrose Rice 20kg,ING-RIC-04,Ingredients,1,0.0,0.0,88.0,card
2026-01-18,TX-B5_cash_constrained_restaurant-d00-001235,Khobar - Main Kitchen,Khobar,Calrose Rice 20kg,ING-RIC-04,Ingredients,1,0.0,0.0,88.0,cash
2026-01-18,TX-B5_cash_constrained_restaurant-d00-001236,Khobar - Main Kitchen,Khobar,Calrose Rice 20kg,ING-RIC-04,Ingredients,1,0.0,0.0,88.0,card
2026-01-19,TX-B5_cash_constrained_restaurant-d00-001237,Khobar - Main Kitchen,Khobar,Calrose Rice 20kg,ING-RIC-04,Ingredients,1,0.0,0.0,88.0,mada
2026-01-19,TX-B5_cash_constrained_restaurant-d00-001238,Khobar - Main Kitchen,Khobar,Calrose Rice 20kg,ING-RIC-04,Ingredients,1,0.0,0.0,88.0,mada
2026-01-20,TX-B5_cash_constrained_restaurant-d00-001239,Khobar - Main Kitchen,Khobar,Calrose Rice 20kg,ING-RIC-04,Ingredients,1,0.0,0.0,88.0,cash
2026-01-20,TX-B5_cash_constrained_restaurant-d00-001240,Khobar - Main Kitchen,Khobar,Calrose Rice 20kg,ING-RIC-04,Ingredients,1,0.0,0.0,88.0,card
2026-01-21,TX-B5_cash_constrained_restaurant-d00-001241,Khobar - Main Kitchen,Khobar,Calrose Rice 20kg,ING-RIC-04,Ingredients,1,0.0,0.0,88.0,mada
2026-01-21,TX-B5_cash_constrained_restaurant-d00-001242,Khobar - Main Kitchen,Khobar,Calrose Rice 20kg,ING-RIC-04,Ingredients,1,0.0,0.0,88.0,mada
2026-01-22,TX-B5_cash_constrained_restaurant-d00-001243,Khobar - Main Kitchen,Khobar,Calrose Rice 20kg,ING-RIC-04,Ingredients,1,0.0,0.0,88.0,card
2026-01-23,TX-B5_cash_constrained_restaurant-d00-001244,Khobar - Main Kitchen,Khobar,Calrose Rice 20kg,ING-RIC-04,Ingredients,1,0.0,0.0,88.0,card
2026-01-23,TX-B5_cash_constrained_restaurant-d00-001245,Khobar - Main Kitchen,Khobar,Calrose Rice 20kg,ING-RIC-04,Ingredients,1,0.0,0.0,88.0,cash
2026-01-23,TX-B5_cash_constrained_restaurant-d00-001246,Khobar - Main Kitchen,Khobar,Calrose Rice 20kg,ING-RIC-04,Ingredients,1,0.0,0.0,88.0,mada
2026-01-24,TX-B5_cash_constrained_restaurant-d00-001247,Khobar - Main Kitchen,Khobar,Calrose Rice 20kg,ING-RIC-04,Ingredients,1,0.0,0.0,88.0,mada
2026-01-24,TX-B5_cash_constrained_restaurant-d00-001248,Khobar - Main Kitchen,Khobar,Calrose Rice 20kg,ING-RIC-04,Ingredients,1,0.0,0.0,88.0,cash
2026-01-25,TX-B5_cash_constrained_restaurant-d00-001249,Khobar - Main Kitchen,Khobar,Calrose Rice 20kg,ING-RIC-04,Ingredients,1,0.0,0.0,88.0,card
2026-01-25,TX-B5_cash_constrained_restaurant-d00-001250,Khobar - Main Kitchen,Khobar,Calrose Rice 20kg,ING-RIC-04,Ingredients,1,0.0,0.0,88.0,cash
2026-01-26,TX-B5_cash_constrained_restaurant-d00-001251,Khobar - Main Kitchen,Khobar,Calrose Rice 20kg,ING-RIC-04,Ingredients,1,0.0,0.0,88.0,card
2026-01-26,TX-B5_cash_constrained_restaurant-d00-001252,Khobar - Main Kitchen,Khobar,Calrose Rice 20kg,ING-RIC-04,Ingredients,1,0.0,0.0,88.0,card
2026-01-27,TX-B5_cash_constrained_restaurant-d00-001253,Khobar - Main Kitchen,Khobar,Calrose Rice 20kg,ING-RIC-04,Ingredients,1,0.0,0.0,88.0,mada
2026-01-27,TX-B5_cash_constrained_restaurant-d00-001254,Khobar - Main Kitchen,Khobar,Calrose Rice 20kg,ING-RIC-04,Ingredients,1,0.0,0.0,88.0,mada
2026-01-28,TX-B5_cash_constrained_restaurant-d00-001255,Khobar - Main Kitchen,Khobar,Calrose Rice 20kg,ING-RIC-04,Ingredients,1,0.0,0.0,88.0,cash
2026-01-28,TX-B5_cash_constrained_restaurant-d00-001256,Khobar - Main Kitchen,Khobar,Calrose Rice 20kg,ING-RIC-04,Ingredients,1,0.0,0.0,88.0,mada
2026-01-29,TX-B5_cash_constrained_restaurant-d00-001257,Khobar - Main Kitchen,Khobar,Calrose Rice 20kg,ING-RIC-04,Ingredients,1,0.0,0.0,88.0,cash
2026-01-29,TX-B5_cash_constrained_restaurant-d00-001258,Khobar - Main Kitchen,Khobar,Calrose Rice 20kg,ING-RIC-04,Ingredients,1,0.0,0.0,88.0,card
2026-01-30,TX-B5_cash_constrained_restaurant-d00-001259,Khobar - Main Kitchen,Khobar,Calrose Rice 20kg,ING-RIC-04,Ingredients,1,0.0,0.0,88.0,cash
2026-01-30,TX-B5_cash_constrained_restaurant-d00-001260,Khobar - Main Kitchen,Khobar,Calrose Rice 20kg,ING-RIC-04,Ingredients,1,0.0,0.0,88.0,card
2026-01-31,TX-B5_cash_constrained_restaurant-d00-001261,Khobar - Main Kitchen,Khobar,Calrose Rice 20kg,ING-RIC-04,Ingredients,1,0.0,0.0,88.0,card
2026-01-31,TX-B5_cash_constrained_restaurant-d00-001262,Khobar - Main Kitchen,Khobar,Calrose Rice 20kg,ING-RIC-04,Ingredients,1,0.0,0.0,88.0,mada
2026-02-01,TX-B5_cash_constrained_restaurant-d00-001263,Khobar - Main Kitchen,Khobar,Calrose Rice 20kg,ING-RIC-04,Ingredients,1,0.0,0.0,88.0,mada
2026-02-01,TX-B5_cash_constrained_restaurant-d00-001264,Khobar - Main Kitchen,Khobar,Calrose Rice 20kg,ING-RIC-04,Ingredients,1,0.0,0.0,88.0,card
2026-02-02,TX-B5_cash_constrained_restaurant-d00-001265,Khobar - Main Kitchen,Khobar,Calrose Rice 20kg,ING-RIC-04,Ingredients,1,0.0,0.0,88.0,cash
2026-02-02,TX-B5_cash_constrained_restaurant-d00-001266,Khobar - Main Kitchen,Khobar,Calrose Rice 20kg,ING-RIC-04,Ingredients,1,0.0,0.0,88.0,cash
2026-02-03,TX-B5_cash_constrained_restaurant-d00-001267,Khobar - Main Kitchen,Khobar,Calrose Rice 20kg,ING-RIC-04,Ingredients,1,0.0,0.0,88.0,cash
2026-02-03,TX-B5_cash_constrained_restaurant-d00-001268,Khobar - Main Kitchen,Khobar,Calrose Rice 20kg,ING-RIC-04,Ingredients,1,0.0,0.0,88.0,mada
2026-02-04,TX-B5_cash_constrained_restaurant-d00-001269,Khobar - Main Kitchen,Khobar,Calrose Rice 20kg,ING-RIC-04,Ingredients,1,0.0,0.0,88.0,card
2026-02-04,TX-B5_cash_constrained_restaurant-d00-001270,Khobar - Main Kitchen,Khobar,Calrose Rice 20kg,ING-RIC-04,Ingredients,1,0.0,0.0,88.0,mada
2026-02-05,TX-B5_cash_constrained_restaurant-d00-001271,Khobar - Main Kitchen,Khobar,Calrose Rice 20kg,ING-RIC-04,Ingredients,1,0.0,0.0,88.0,card
2026-02-05,TX-B5_cash_constrained_restaurant-d00-001272,Khobar - Main Kitchen,Khobar,Calrose Rice 20kg,ING-RIC-04,Ingredients,1,0.0,0.0,88.0,cash
2026-02-05,TX-B5_cash_constrained_restaurant-d00-001273,Khobar - Main Kitchen,Khobar,Calrose Rice 20kg,ING-RIC-04,Ingredients,1,0.0,0.0,88.0,card
2026-02-06,TX-B5_cash_constrained_restaurant-d00-001274,Khobar - Main Kitchen,Khobar,Calrose Rice 20kg,ING-RIC-04,Ingredients,1,0.0,0.0,88.0,card
2026-02-06,TX-B5_cash_constrained_restaurant-d00-001275,Khobar - Main Kitchen,Khobar,Calrose Rice 20kg,ING-RIC-04,Ingredients,1,0.0,0.0,88.0,card
2026-02-07,TX-B5_cash_constrained_restaurant-d00-001276,Khobar - Main Kitchen,Khobar,Calrose Rice 20kg,ING-RIC-04,Ingredients,1,0.0,0.0,88.0,mada
2026-02-07,TX-B5_cash_constrained_restaurant-d00-001277,Khobar - Main Kitchen,Khobar,Calrose Rice 20kg,ING-RIC-04,Ingredients,1,0.0,0.0,88.0,mada
2026-02-08,TX-B5_cash_constrained_restaurant-d00-001278,Khobar - Main Kitchen,Khobar,Calrose Rice 20kg,ING-RIC-04,Ingredients,1,0.0,0.0,88.0,cash
2026-02-09,TX-B5_cash_constrained_restaurant-d00-001279,Khobar - Main Kitchen,Khobar,Calrose Rice 20kg,ING-RIC-04,Ingredients,1,0.0,0.0,88.0,cash
2026-02-09,TX-B5_cash_constrained_restaurant-d00-001280,Khobar - Main Kitchen,Khobar,Calrose Rice 20kg,ING-RIC-04,Ingredients,1,0.0,0.0,88.0,mada
2026-02-10,TX-B5_cash_constrained_restaurant-d00-001281,Khobar - Main Kitchen,Khobar,Calrose Rice 20kg,ING-RIC-04,Ingredients,1,0.0,0.0,88.0,cash
2026-02-10,TX-B5_cash_constrained_restaurant-d00-001282,Khobar - Main Kitchen,Khobar,Calrose Rice 20kg,ING-RIC-04,Ingredients,1,0.0,0.0,88.0,mada
2026-02-11,TX-B5_cash_constrained_restaurant-d00-001283,Khobar - Main Kitchen,Khobar,Calrose Rice 20kg,ING-RIC-04,Ingredients,1,0.0,0.0,88.0,mada
2026-02-12,TX-B5_cash_constrained_restaurant-d00-001284,Khobar - Main Kitchen,Khobar,Calrose Rice 20kg,ING-RIC-04,Ingredients,1,0.0,0.0,88.0,cash
2026-02-12,TX-B5_cash_constrained_restaurant-d00-001285,Khobar - Main Kitchen,Khobar,Calrose Rice 20kg,ING-RIC-04,Ingredients,1,0.0,0.0,88.0,card
2026-02-13,TX-B5_cash_constrained_restaurant-d00-001286,Khobar - Main Kitchen,Khobar,Calrose Rice 20kg,ING-RIC-04,Ingredients,1,0.0,0.0,88.0,cash
2026-02-13,TX-B5_cash_constrained_restaurant-d00-001287,Khobar - Main Kitchen,Khobar,Calrose Rice 20kg,ING-RIC-04,Ingredients,1,0.0,0.0,88.0,mada
2026-02-13,TX-B5_cash_constrained_restaurant-d00-001288,Khobar - Main Kitchen,Khobar,Calrose Rice 20kg,ING-RIC-04,Ingredients,1,0.0,0.0,88.0,cash
2026-02-14,TX-B5_cash_constrained_restaurant-d00-001289,Khobar - Main Kitchen,Khobar,Calrose Rice 20kg,ING-RIC-04,Ingredients,1,0.0,0.0,88.0,card
2026-02-14,TX-B5_cash_constrained_restaurant-d00-001290,Khobar - Main Kitchen,Khobar,Calrose Rice 20kg,ING-RIC-04,Ingredients,1,0.0,0.0,88.0,card
2026-02-15,TX-B5_cash_constrained_restaurant-d00-001291,Khobar - Main Kitchen,Khobar,Calrose Rice 20kg,ING-RIC-04,Ingredients,1,0.0,0.0,88.0,card
2026-02-15,TX-B5_cash_constrained_restaurant-d00-001292,Khobar - Main Kitchen,Khobar,Calrose Rice 20kg,ING-RIC-04,Ingredients,1,0.0,0.0,88.0,mada
2026-02-15,TX-B5_cash_constrained_restaurant-d00-001293,Khobar - Main Kitchen,Khobar,Calrose Rice 20kg,ING-RIC-04,Ingredients,1,0.0,0.0,88.0,card
2026-02-16,TX-B5_cash_constrained_restaurant-d00-001294,Khobar - Main Kitchen,Khobar,Calrose Rice 20kg,ING-RIC-04,Ingredients,1,0.0,0.0,88.0,cash
2026-02-16,TX-B5_cash_constrained_restaurant-d00-001295,Khobar - Main Kitchen,Khobar,Calrose Rice 20kg,ING-RIC-04,Ingredients,1,0.0,0.0,88.0,mada
2026-02-17,TX-B5_cash_constrained_restaurant-d00-001296,Khobar - Main Kitchen,Khobar,Calrose Rice 20kg,ING-RIC-04,Ingredients,1,0.0,0.0,88.0,card
2026-02-17,TX-B5_cash_constrained_restaurant-d00-001297,Khobar - Main Kitchen,Khobar,Calrose Rice 20kg,ING-RIC-04,Ingredients,1,0.0,0.0,88.0,card
2026-02-17,TX-B5_cash_constrained_restaurant-d00-001298,Khobar - Main Kitchen,Khobar,Calrose Rice 20kg,ING-RIC-04,Ingredients,1,0.0,0.0,88.0,cash
2026-02-18,TX-B5_cash_constrained_restaurant-d00-001299,Khobar - Main Kitchen,Khobar,Calrose Rice 20kg,ING-RIC-04,Ingredients,1,0.0,0.0,88.0,cash
2026-02-18,TX-B5_cash_constrained_restaurant-d00-001300,Khobar - Main Kitchen,Khobar,Calrose Rice 20kg,ING-RIC-04,Ingredients,1,0.0,0.0,88.0,card
2026-02-19,TX-B5_cash_constrained_restaurant-d00-001301,Khobar - Main Kitchen,Khobar,Calrose Rice 20kg,ING-RIC-04,Ingredients,1,0.0,0.0,88.0,mada
2026-02-20,TX-B5_cash_constrained_restaurant-d00-001302,Khobar - Main Kitchen,Khobar,Calrose Rice 20kg,ING-RIC-04,Ingredients,1,0.0,0.0,88.0,card
2026-02-20,TX-B5_cash_constrained_restaurant-d00-001303,Khobar - Main Kitchen,Khobar,Calrose Rice 20kg,ING-RIC-04,Ingredients,1,0.0,0.0,88.0,cash
2026-02-21,TX-B5_cash_constrained_restaurant-d00-001304,Khobar - Main Kitchen,Khobar,Calrose Rice 20kg,ING-RIC-04,Ingredients,1,0.0,0.0,88.0,cash
2026-02-21,TX-B5_cash_constrained_restaurant-d00-001305,Khobar - Main Kitchen,Khobar,Calrose Rice 20kg,ING-RIC-04,Ingredients,1,0.0,0.0,88.0,card
2026-02-22,TX-B5_cash_constrained_restaurant-d00-001306,Khobar - Main Kitchen,Khobar,Calrose Rice 20kg,ING-RIC-04,Ingredients,1,0.0,0.0,88.0,mada
2026-02-22,TX-B5_cash_constrained_restaurant-d00-001307,Khobar - Main Kitchen,Khobar,Calrose Rice 20kg,ING-RIC-04,Ingredients,1,0.0,0.0,88.0,mada
2026-02-23,TX-B5_cash_constrained_restaurant-d00-001308,Khobar - Main Kitchen,Khobar,Calrose Rice 20kg,ING-RIC-04,Ingredients,1,0.0,0.0,88.0,mada
2026-02-23,TX-B5_cash_constrained_restaurant-d00-001309,Khobar - Main Kitchen,Khobar,Calrose Rice 20kg,ING-RIC-04,Ingredients,1,0.0,0.0,88.0,card
2026-02-24,TX-B5_cash_constrained_restaurant-d00-001310,Khobar - Main Kitchen,Khobar,Calrose Rice 20kg,ING-RIC-04,Ingredients,1,0.0,0.0,88.0,cash
2026-02-24,TX-B5_cash_constrained_restaurant-d00-001311,Khobar - Main Kitchen,Khobar,Calrose Rice 20kg,ING-RIC-04,Ingredients,1,0.0,0.0,88.0,card
2026-02-25,TX-B5_cash_constrained_restaurant-d00-001312,Khobar - Main Kitchen,Khobar,Calrose Rice 20kg,ING-RIC-04,Ingredients,1,0.0,0.0,88.0,mada
2026-02-25,TX-B5_cash_constrained_restaurant-d00-001313,Khobar - Main Kitchen,Khobar,Calrose Rice 20kg,ING-RIC-04,Ingredients,1,0.0,0.0,88.0,mada
2026-02-26,TX-B5_cash_constrained_restaurant-d00-001314,Khobar - Main Kitchen,Khobar,Calrose Rice 20kg,ING-RIC-04,Ingredients,1,0.0,0.0,88.0,cash
2026-02-26,TX-B5_cash_constrained_restaurant-d00-001315,Khobar - Main Kitchen,Khobar,Calrose Rice 20kg,ING-RIC-04,Ingredients,1,0.0,0.0,88.0,card
2026-02-27,TX-B5_cash_constrained_restaurant-d00-001316,Khobar - Main Kitchen,Khobar,Calrose Rice 20kg,ING-RIC-04,Ingredients,1,0.0,0.0,88.0,card
2026-02-27,TX-B5_cash_constrained_restaurant-d00-001317,Khobar - Main Kitchen,Khobar,Calrose Rice 20kg,ING-RIC-04,Ingredients,1,0.0,0.0,88.0,card
2026-02-27,TX-B5_cash_constrained_restaurant-d00-001318,Khobar - Main Kitchen,Khobar,Calrose Rice 20kg,ING-RIC-04,Ingredients,1,0.0,0.0,88.0,cash
2026-02-28,TX-B5_cash_constrained_restaurant-d00-001319,Khobar - Main Kitchen,Khobar,Calrose Rice 20kg,ING-RIC-04,Ingredients,1,0.0,0.0,88.0,cash
2026-02-28,TX-B5_cash_constrained_restaurant-d00-001320,Khobar - Main Kitchen,Khobar,Calrose Rice 20kg,ING-RIC-04,Ingredients,1,0.0,0.0,88.0,cash
2026-03-01,TX-B5_cash_constrained_restaurant-d00-001321,Khobar - Main Kitchen,Khobar,Calrose Rice 20kg,ING-RIC-04,Ingredients,1,0.0,0.0,88.0,mada
2026-03-01,TX-B5_cash_constrained_restaurant-d00-001322,Khobar - Main Kitchen,Khobar,Calrose Rice 20kg,ING-RIC-04,Ingredients,1,0.0,0.0,88.0,mada
2026-03-02,TX-B5_cash_constrained_restaurant-d00-001323,Khobar - Main Kitchen,Khobar,Calrose Rice 20kg,ING-RIC-04,Ingredients,1,0.0,0.0,88.0,cash
2026-03-02,TX-B5_cash_constrained_restaurant-d00-001324,Khobar - Main Kitchen,Khobar,Calrose Rice 20kg,ING-RIC-04,Ingredients,1,0.0,0.0,88.0,cash
2026-03-02,TX-B5_cash_constrained_restaurant-d00-001325,Khobar - Main Kitchen,Khobar,Calrose Rice 20kg,ING-RIC-04,Ingredients,1,0.0,0.0,88.0,mada
2026-03-03,TX-B5_cash_constrained_restaurant-d00-001326,Khobar - Main Kitchen,Khobar,Calrose Rice 20kg,ING-RIC-04,Ingredients,1,0.0,0.0,88.0,card
2026-03-04,TX-B5_cash_constrained_restaurant-d00-001327,Khobar - Main Kitchen,Khobar,Calrose Rice 20kg,ING-RIC-04,Ingredients,1,0.0,0.0,88.0,mada
2026-03-04,TX-B5_cash_constrained_restaurant-d00-001328,Khobar - Main Kitchen,Khobar,Calrose Rice 20kg,ING-RIC-04,Ingredients,1,0.0,0.0,88.0,cash
2026-03-05,TX-B5_cash_constrained_restaurant-d00-001329,Khobar - Main Kitchen,Khobar,Calrose Rice 20kg,ING-RIC-04,Ingredients,1,0.0,0.0,88.0,card
2026-03-05,TX-B5_cash_constrained_restaurant-d00-001330,Khobar - Main Kitchen,Khobar,Calrose Rice 20kg,ING-RIC-04,Ingredients,1,0.0,0.0,88.0,cash
2026-03-06,TX-B5_cash_constrained_restaurant-d00-001331,Khobar - Main Kitchen,Khobar,Calrose Rice 20kg,ING-RIC-04,Ingredients,1,0.0,0.0,88.0,card
2026-03-06,TX-B5_cash_constrained_restaurant-d00-001332,Khobar - Main Kitchen,Khobar,Calrose Rice 20kg,ING-RIC-04,Ingredients,1,0.0,0.0,88.0,cash
2026-03-07,TX-B5_cash_constrained_restaurant-d00-001333,Khobar - Main Kitchen,Khobar,Calrose Rice 20kg,ING-RIC-04,Ingredients,1,0.0,0.0,88.0,mada
2026-03-07,TX-B5_cash_constrained_restaurant-d00-001334,Khobar - Main Kitchen,Khobar,Calrose Rice 20kg,ING-RIC-04,Ingredients,1,0.0,0.0,88.0,cash
2026-03-08,TX-B5_cash_constrained_restaurant-d00-001335,Khobar - Main Kitchen,Khobar,Calrose Rice 20kg,ING-RIC-04,Ingredients,1,0.0,0.0,88.0,mada
2026-03-08,TX-B5_cash_constrained_restaurant-d00-001336,Khobar - Main Kitchen,Khobar,Calrose Rice 20kg,ING-RIC-04,Ingredients,1,0.0,0.0,88.0,card
2026-03-09,TX-B5_cash_constrained_restaurant-d00-001337,Khobar - Main Kitchen,Khobar,Calrose Rice 20kg,ING-RIC-04,Ingredients,1,0.0,0.0,88.0,cash
2026-03-09,TX-B5_cash_constrained_restaurant-d00-001338,Khobar - Main Kitchen,Khobar,Calrose Rice 20kg,ING-RIC-04,Ingredients,1,0.0,0.0,88.0,mada
2026-03-10,TX-B5_cash_constrained_restaurant-d00-001339,Khobar - Main Kitchen,Khobar,Calrose Rice 20kg,ING-RIC-04,Ingredients,1,0.0,0.0,88.0,mada
2026-03-10,TX-B5_cash_constrained_restaurant-d00-001340,Khobar - Main Kitchen,Khobar,Calrose Rice 20kg,ING-RIC-04,Ingredients,1,0.0,0.0,88.0,cash
2026-03-10,TX-B5_cash_constrained_restaurant-d00-001341,Khobar - Main Kitchen,Khobar,Calrose Rice 20kg,ING-RIC-04,Ingredients,1,0.0,0.0,88.0,cash
2026-03-11,TX-B5_cash_constrained_restaurant-d00-001342,Khobar - Main Kitchen,Khobar,Calrose Rice 20kg,ING-RIC-04,Ingredients,1,0.0,0.0,88.0,mada
2026-03-11,TX-B5_cash_constrained_restaurant-d00-001343,Khobar - Main Kitchen,Khobar,Calrose Rice 20kg,ING-RIC-04,Ingredients,1,0.0,0.0,88.0,mada
2026-03-12,TX-B5_cash_constrained_restaurant-d00-001344,Khobar - Main Kitchen,Khobar,Calrose Rice 20kg,ING-RIC-04,Ingredients,1,0.0,0.0,88.0,mada
2026-03-12,TX-B5_cash_constrained_restaurant-d00-001345,Khobar - Main Kitchen,Khobar,Calrose Rice 20kg,ING-RIC-04,Ingredients,1,0.0,0.0,88.0,card
2026-03-13,TX-B5_cash_constrained_restaurant-d00-001346,Khobar - Main Kitchen,Khobar,Calrose Rice 20kg,ING-RIC-04,Ingredients,1,0.0,0.0,88.0,mada
2026-03-13,TX-B5_cash_constrained_restaurant-d00-001347,Khobar - Main Kitchen,Khobar,Calrose Rice 20kg,ING-RIC-04,Ingredients,1,0.0,0.0,88.0,mada
2026-03-14,TX-B5_cash_constrained_restaurant-d00-001348,Khobar - Main Kitchen,Khobar,Calrose Rice 20kg,ING-RIC-04,Ingredients,1,0.0,0.0,88.0,card
2026-03-14,TX-B5_cash_constrained_restaurant-d00-001349,Khobar - Main Kitchen,Khobar,Calrose Rice 20kg,ING-RIC-04,Ingredients,1,0.0,0.0,88.0,cash
2026-03-15,TX-B5_cash_constrained_restaurant-d00-001350,Khobar - Main Kitchen,Khobar,Calrose Rice 20kg,ING-RIC-04,Ingredients,1,0.0,0.0,88.0,card
2026-03-15,TX-B5_cash_constrained_restaurant-d00-001351,Khobar - Main Kitchen,Khobar,Calrose Rice 20kg,ING-RIC-04,Ingredients,1,0.0,0.0,88.0,mada
2026-03-16,TX-B5_cash_constrained_restaurant-d00-001352,Khobar - Main Kitchen,Khobar,Calrose Rice 20kg,ING-RIC-04,Ingredients,1,0.0,0.0,88.0,card
2026-03-16,TX-B5_cash_constrained_restaurant-d00-001353,Khobar - Main Kitchen,Khobar,Calrose Rice 20kg,ING-RIC-04,Ingredients,1,0.0,0.0,88.0,mada
2026-03-16,TX-B5_cash_constrained_restaurant-d00-001354,Khobar - Main Kitchen,Khobar,Calrose Rice 20kg,ING-RIC-04,Ingredients,1,0.0,0.0,88.0,card
2026-03-17,TX-B5_cash_constrained_restaurant-d00-001355,Khobar - Main Kitchen,Khobar,Calrose Rice 20kg,ING-RIC-04,Ingredients,1,0.0,0.0,88.0,card
2026-03-17,TX-B5_cash_constrained_restaurant-d00-001356,Khobar - Main Kitchen,Khobar,Calrose Rice 20kg,ING-RIC-04,Ingredients,1,0.0,0.0,88.0,cash
2026-03-18,TX-B5_cash_constrained_restaurant-d00-001357,Khobar - Main Kitchen,Khobar,Calrose Rice 20kg,ING-RIC-04,Ingredients,1,0.0,0.0,88.0,card
2026-03-18,TX-B5_cash_constrained_restaurant-d00-001358,Khobar - Main Kitchen,Khobar,Calrose Rice 20kg,ING-RIC-04,Ingredients,1,0.0,0.0,88.0,card
2026-03-19,TX-B5_cash_constrained_restaurant-d00-001359,Khobar - Main Kitchen,Khobar,Calrose Rice 20kg,ING-RIC-04,Ingredients,1,0.0,0.0,88.0,cash
2026-03-19,TX-B5_cash_constrained_restaurant-d00-001360,Khobar - Main Kitchen,Khobar,Calrose Rice 20kg,ING-RIC-04,Ingredients,1,0.0,0.0,88.0,mada
2026-03-20,TX-B5_cash_constrained_restaurant-d00-001361,Khobar - Main Kitchen,Khobar,Calrose Rice 20kg,ING-RIC-04,Ingredients,1,0.0,0.0,88.0,card
2026-03-20,TX-B5_cash_constrained_restaurant-d00-001362,Khobar - Main Kitchen,Khobar,Calrose Rice 20kg,ING-RIC-04,Ingredients,1,0.0,0.0,88.0,card
2026-03-20,TX-B5_cash_constrained_restaurant-d00-001363,Khobar - Main Kitchen,Khobar,Calrose Rice 20kg,ING-RIC-04,Ingredients,1,0.0,0.0,88.0,mada
2026-03-21,TX-B5_cash_constrained_restaurant-d00-001364,Khobar - Main Kitchen,Khobar,Calrose Rice 20kg,ING-RIC-04,Ingredients,1,0.0,0.0,88.0,card
2026-03-21,TX-B5_cash_constrained_restaurant-d00-001365,Khobar - Main Kitchen,Khobar,Calrose Rice 20kg,ING-RIC-04,Ingredients,1,0.0,0.0,88.0,card
2026-03-21,TX-B5_cash_constrained_restaurant-d00-001366,Khobar - Main Kitchen,Khobar,Calrose Rice 20kg,ING-RIC-04,Ingredients,1,0.0,0.0,88.0,card
2026-03-22,TX-B5_cash_constrained_restaurant-d00-001367,Khobar - Main Kitchen,Khobar,Calrose Rice 20kg,ING-RIC-04,Ingredients,1,0.0,0.0,88.0,card
2026-03-22,TX-B5_cash_constrained_restaurant-d00-001368,Khobar - Main Kitchen,Khobar,Calrose Rice 20kg,ING-RIC-04,Ingredients,1,0.0,0.0,88.0,cash
2026-03-23,TX-B5_cash_constrained_restaurant-d00-001369,Khobar - Main Kitchen,Khobar,Calrose Rice 20kg,ING-RIC-04,Ingredients,1,0.0,0.0,88.0,cash
2026-03-24,TX-B5_cash_constrained_restaurant-d00-001370,Khobar - Main Kitchen,Khobar,Calrose Rice 20kg,ING-RIC-04,Ingredients,1,0.0,0.0,88.0,card
2026-03-24,TX-B5_cash_constrained_restaurant-d00-001371,Khobar - Main Kitchen,Khobar,Calrose Rice 20kg,ING-RIC-04,Ingredients,1,0.0,0.0,88.0,cash
2026-03-24,TX-B5_cash_constrained_restaurant-d00-001372,Khobar - Main Kitchen,Khobar,Calrose Rice 20kg,ING-RIC-04,Ingredients,1,0.0,0.0,88.0,mada
2026-03-25,TX-B5_cash_constrained_restaurant-d00-001373,Khobar - Main Kitchen,Khobar,Calrose Rice 20kg,ING-RIC-04,Ingredients,1,0.0,0.0,88.0,cash
2026-03-25,TX-B5_cash_constrained_restaurant-d00-001374,Khobar - Main Kitchen,Khobar,Calrose Rice 20kg,ING-RIC-04,Ingredients,1,0.0,0.0,88.0,mada
2026-03-25,TX-B5_cash_constrained_restaurant-d00-001375,Khobar - Main Kitchen,Khobar,Calrose Rice 20kg,ING-RIC-04,Ingredients,1,0.0,0.0,88.0,cash
2026-03-26,TX-B5_cash_constrained_restaurant-d00-001376,Khobar - Main Kitchen,Khobar,Calrose Rice 20kg,ING-RIC-04,Ingredients,1,0.0,0.0,88.0,mada
2026-03-26,TX-B5_cash_constrained_restaurant-d00-001377,Khobar - Main Kitchen,Khobar,Calrose Rice 20kg,ING-RIC-04,Ingredients,1,0.0,0.0,88.0,cash
2026-03-27,TX-B5_cash_constrained_restaurant-d00-001378,Khobar - Main Kitchen,Khobar,Calrose Rice 20kg,ING-RIC-04,Ingredients,1,0.0,0.0,88.0,card
2026-03-27,TX-B5_cash_constrained_restaurant-d00-001379,Khobar - Main Kitchen,Khobar,Calrose Rice 20kg,ING-RIC-04,Ingredients,1,0.0,0.0,88.0,card
2026-03-28,TX-B5_cash_constrained_restaurant-d00-001380,Khobar - Main Kitchen,Khobar,Calrose Rice 20kg,ING-RIC-04,Ingredients,1,0.0,0.0,88.0,cash
2026-03-28,TX-B5_cash_constrained_restaurant-d00-001381,Khobar - Main Kitchen,Khobar,Calrose Rice 20kg,ING-RIC-04,Ingredients,1,0.0,0.0,88.0,card
2026-03-29,TX-B5_cash_constrained_restaurant-d00-001382,Khobar - Main Kitchen,Khobar,Calrose Rice 20kg,ING-RIC-04,Ingredients,1,0.0,0.0,88.0,card
2026-03-29,TX-B5_cash_constrained_restaurant-d00-001383,Khobar - Main Kitchen,Khobar,Calrose Rice 20kg,ING-RIC-04,Ingredients,1,0.0,0.0,88.0,cash
2026-03-29,TX-B5_cash_constrained_restaurant-d00-001384,Khobar - Main Kitchen,Khobar,Calrose Rice 20kg,ING-RIC-04,Ingredients,1,0.0,0.0,88.0,cash
2026-03-30,TX-B5_cash_constrained_restaurant-d00-001385,Khobar - Main Kitchen,Khobar,Calrose Rice 20kg,ING-RIC-04,Ingredients,1,0.0,0.0,88.0,card
2026-03-30,TX-B5_cash_constrained_restaurant-d00-001386,Khobar - Main Kitchen,Khobar,Calrose Rice 20kg,ING-RIC-04,Ingredients,1,0.0,0.0,88.0,cash
2026-03-30,TX-B5_cash_constrained_restaurant-d00-001387,Khobar - Main Kitchen,Khobar,Calrose Rice 20kg,ING-RIC-04,Ingredients,1,0.0,0.0,88.0,cash
2026-03-31,TX-B5_cash_constrained_restaurant-d00-001388,Khobar - Main Kitchen,Khobar,Calrose Rice 20kg,ING-RIC-04,Ingredients,1,0.0,0.0,88.0,card
2026-03-31,TX-B5_cash_constrained_restaurant-d00-001389,Khobar - Main Kitchen,Khobar,Calrose Rice 20kg,ING-RIC-04,Ingredients,1,0.0,0.0,88.0,mada
2026-04-01,TX-B5_cash_constrained_restaurant-d00-001390,Khobar - Main Kitchen,Khobar,Calrose Rice 20kg,ING-RIC-04,Ingredients,1,0.0,0.0,88.0,cash
2026-04-01,TX-B5_cash_constrained_restaurant-d00-001391,Khobar - Main Kitchen,Khobar,Calrose Rice 20kg,ING-RIC-04,Ingredients,1,0.0,0.0,88.0,mada
2026-04-02,TX-B5_cash_constrained_restaurant-d00-001392,Khobar - Main Kitchen,Khobar,Calrose Rice 20kg,ING-RIC-04,Ingredients,1,0.0,0.0,88.0,mada
2026-04-02,TX-B5_cash_constrained_restaurant-d00-001393,Khobar - Main Kitchen,Khobar,Calrose Rice 20kg,ING-RIC-04,Ingredients,1,0.0,0.0,88.0,card
2026-04-02,TX-B5_cash_constrained_restaurant-d00-001394,Khobar - Main Kitchen,Khobar,Calrose Rice 20kg,ING-RIC-04,Ingredients,1,0.0,0.0,88.0,mada
2026-04-03,TX-B5_cash_constrained_restaurant-d00-001395,Khobar - Main Kitchen,Khobar,Calrose Rice 20kg,ING-RIC-04,Ingredients,1,0.0,0.0,88.0,cash
2026-04-03,TX-B5_cash_constrained_restaurant-d00-001396,Khobar - Main Kitchen,Khobar,Calrose Rice 20kg,ING-RIC-04,Ingredients,1,0.0,0.0,88.0,mada
2026-04-04,TX-B5_cash_constrained_restaurant-d00-001397,Khobar - Main Kitchen,Khobar,Calrose Rice 20kg,ING-RIC-04,Ingredients,1,0.0,0.0,88.0,card
2026-04-04,TX-B5_cash_constrained_restaurant-d00-001398,Khobar - Main Kitchen,Khobar,Calrose Rice 20kg,ING-RIC-04,Ingredients,1,0.0,0.0,88.0,mada
2026-04-05,TX-B5_cash_constrained_restaurant-d00-001399,Khobar - Main Kitchen,Khobar,Calrose Rice 20kg,ING-RIC-04,Ingredients,1,0.0,0.0,88.0,mada
2026-04-05,TX-B5_cash_constrained_restaurant-d00-001400,Khobar - Main Kitchen,Khobar,Calrose Rice 20kg,ING-RIC-04,Ingredients,1,0.0,0.0,88.0,card
2026-04-06,TX-B5_cash_constrained_restaurant-d00-001401,Khobar - Main Kitchen,Khobar,Calrose Rice 20kg,ING-RIC-04,Ingredients,1,0.0,0.0,88.0,mada
2026-04-06,TX-B5_cash_constrained_restaurant-d00-001402,Khobar - Main Kitchen,Khobar,Calrose Rice 20kg,ING-RIC-04,Ingredients,1,0.0,0.0,88.0,card
2026-04-06,TX-B5_cash_constrained_restaurant-d00-001403,Khobar - Main Kitchen,Khobar,Calrose Rice 20kg,ING-RIC-04,Ingredients,1,0.0,0.0,88.0,cash
2026-04-07,TX-B5_cash_constrained_restaurant-d00-001404,Khobar - Main Kitchen,Khobar,Calrose Rice 20kg,ING-RIC-04,Ingredients,1,0.0,0.0,88.0,card
2026-04-07,TX-B5_cash_constrained_restaurant-d00-001405,Khobar - Main Kitchen,Khobar,Calrose Rice 20kg,ING-RIC-04,Ingredients,1,0.0,0.0,88.0,card
2026-04-07,TX-B5_cash_constrained_restaurant-d00-001406,Khobar - Main Kitchen,Khobar,Calrose Rice 20kg,ING-RIC-04,Ingredients,1,0.0,0.0,88.0,card
2026-04-08,TX-B5_cash_constrained_restaurant-d00-001407,Khobar - Main Kitchen,Khobar,Calrose Rice 20kg,ING-RIC-04,Ingredients,1,0.0,0.0,88.0,card
2026-04-08,TX-B5_cash_constrained_restaurant-d00-001408,Khobar - Main Kitchen,Khobar,Calrose Rice 20kg,ING-RIC-04,Ingredients,1,0.0,0.0,88.0,cash
2026-04-09,TX-B5_cash_constrained_restaurant-d00-001409,Khobar - Main Kitchen,Khobar,Calrose Rice 20kg,ING-RIC-04,Ingredients,1,0.0,0.0,88.0,mada
2026-04-09,TX-B5_cash_constrained_restaurant-d00-001410,Khobar - Main Kitchen,Khobar,Calrose Rice 20kg,ING-RIC-04,Ingredients,1,0.0,0.0,88.0,cash
2026-04-10,TX-B5_cash_constrained_restaurant-d00-001411,Khobar - Main Kitchen,Khobar,Calrose Rice 20kg,ING-RIC-04,Ingredients,1,0.0,0.0,88.0,card
2026-04-10,TX-B5_cash_constrained_restaurant-d00-001412,Khobar - Main Kitchen,Khobar,Calrose Rice 20kg,ING-RIC-04,Ingredients,1,0.0,0.0,88.0,mada
2026-04-11,TX-B5_cash_constrained_restaurant-d00-001413,Khobar - Main Kitchen,Khobar,Calrose Rice 20kg,ING-RIC-04,Ingredients,1,0.0,0.0,88.0,card
2026-04-11,TX-B5_cash_constrained_restaurant-d00-001414,Khobar - Main Kitchen,Khobar,Calrose Rice 20kg,ING-RIC-04,Ingredients,1,0.0,0.0,88.0,card
2026-04-12,TX-B5_cash_constrained_restaurant-d00-001415,Khobar - Main Kitchen,Khobar,Calrose Rice 20kg,ING-RIC-04,Ingredients,1,0.0,0.0,88.0,mada
2026-04-12,TX-B5_cash_constrained_restaurant-d00-001416,Khobar - Main Kitchen,Khobar,Calrose Rice 20kg,ING-RIC-04,Ingredients,1,0.0,0.0,88.0,card
2026-04-12,TX-B5_cash_constrained_restaurant-d00-001417,Khobar - Main Kitchen,Khobar,Calrose Rice 20kg,ING-RIC-04,Ingredients,1,0.0,0.0,88.0,cash
2026-04-13,TX-B5_cash_constrained_restaurant-d00-001418,Khobar - Main Kitchen,Khobar,Calrose Rice 20kg,ING-RIC-04,Ingredients,1,0.0,0.0,88.0,cash
2026-04-13,TX-B5_cash_constrained_restaurant-d00-001419,Khobar - Main Kitchen,Khobar,Calrose Rice 20kg,ING-RIC-04,Ingredients,1,0.0,0.0,88.0,cash
2026-04-14,TX-B5_cash_constrained_restaurant-d00-001420,Khobar - Main Kitchen,Khobar,Calrose Rice 20kg,ING-RIC-04,Ingredients,1,0.0,0.0,88.0,cash
2026-04-14,TX-B5_cash_constrained_restaurant-d00-001421,Khobar - Main Kitchen,Khobar,Calrose Rice 20kg,ING-RIC-04,Ingredients,1,0.0,0.0,88.0,mada
2026-04-15,TX-B5_cash_constrained_restaurant-d00-001422,Khobar - Main Kitchen,Khobar,Calrose Rice 20kg,ING-RIC-04,Ingredients,1,0.0,0.0,88.0,cash
2026-04-15,TX-B5_cash_constrained_restaurant-d00-001423,Khobar - Main Kitchen,Khobar,Calrose Rice 20kg,ING-RIC-04,Ingredients,1,0.0,0.0,88.0,mada
2026-04-15,TX-B5_cash_constrained_restaurant-d00-001424,Khobar - Main Kitchen,Khobar,Calrose Rice 20kg,ING-RIC-04,Ingredients,1,0.0,0.0,88.0,cash
2026-04-16,TX-B5_cash_constrained_restaurant-d00-001425,Khobar - Main Kitchen,Khobar,Calrose Rice 20kg,ING-RIC-04,Ingredients,1,0.0,0.0,88.0,cash
2026-04-16,TX-B5_cash_constrained_restaurant-d00-001426,Khobar - Main Kitchen,Khobar,Calrose Rice 20kg,ING-RIC-04,Ingredients,1,0.0,0.0,88.0,card
2026-04-17,TX-B5_cash_constrained_restaurant-d00-001427,Khobar - Main Kitchen,Khobar,Calrose Rice 20kg,ING-RIC-04,Ingredients,1,0.0,0.0,88.0,mada
2026-04-17,TX-B5_cash_constrained_restaurant-d00-001428,Khobar - Main Kitchen,Khobar,Calrose Rice 20kg,ING-RIC-04,Ingredients,1,0.0,0.0,88.0,mada
2026-04-18,TX-B5_cash_constrained_restaurant-d00-001429,Khobar - Main Kitchen,Khobar,Calrose Rice 20kg,ING-RIC-04,Ingredients,1,0.0,0.0,88.0,mada
2026-04-19,TX-B5_cash_constrained_restaurant-d00-001430,Khobar - Main Kitchen,Khobar,Calrose Rice 20kg,ING-RIC-04,Ingredients,1,0.0,0.0,88.0,card
2026-04-19,TX-B5_cash_constrained_restaurant-d00-001431,Khobar - Main Kitchen,Khobar,Calrose Rice 20kg,ING-RIC-04,Ingredients,1,0.0,0.0,88.0,card
2026-04-20,TX-B5_cash_constrained_restaurant-d00-001432,Khobar - Main Kitchen,Khobar,Calrose Rice 20kg,ING-RIC-04,Ingredients,1,0.0,0.0,88.0,mada
2026-04-20,TX-B5_cash_constrained_restaurant-d00-001433,Khobar - Main Kitchen,Khobar,Calrose Rice 20kg,ING-RIC-04,Ingredients,1,0.0,0.0,88.0,card
2026-04-21,TX-B5_cash_constrained_restaurant-d00-001434,Khobar - Main Kitchen,Khobar,Calrose Rice 20kg,ING-RIC-04,Ingredients,1,0.0,0.0,88.0,cash
2026-04-21,TX-B5_cash_constrained_restaurant-d00-001435,Khobar - Main Kitchen,Khobar,Calrose Rice 20kg,ING-RIC-04,Ingredients,1,0.0,0.0,88.0,mada
2026-04-22,TX-B5_cash_constrained_restaurant-d00-001436,Khobar - Main Kitchen,Khobar,Calrose Rice 20kg,ING-RIC-04,Ingredients,1,0.0,0.0,88.0,mada
2026-04-22,TX-B5_cash_constrained_restaurant-d00-001437,Khobar - Main Kitchen,Khobar,Calrose Rice 20kg,ING-RIC-04,Ingredients,1,0.0,0.0,88.0,mada
2026-04-23,TX-B5_cash_constrained_restaurant-d00-001438,Khobar - Main Kitchen,Khobar,Calrose Rice 20kg,ING-RIC-04,Ingredients,1,0.0,0.0,88.0,mada
2026-04-23,TX-B5_cash_constrained_restaurant-d00-001439,Khobar - Main Kitchen,Khobar,Calrose Rice 20kg,ING-RIC-04,Ingredients,1,0.0,0.0,88.0,cash
2026-04-24,TX-B5_cash_constrained_restaurant-d00-001440,Khobar - Main Kitchen,Khobar,Calrose Rice 20kg,ING-RIC-04,Ingredients,1,0.0,0.0,88.0,card
2026-04-24,TX-B5_cash_constrained_restaurant-d00-001441,Khobar - Main Kitchen,Khobar,Calrose Rice 20kg,ING-RIC-04,Ingredients,1,0.0,0.0,88.0,mada
2026-04-25,TX-B5_cash_constrained_restaurant-d00-001442,Khobar - Main Kitchen,Khobar,Calrose Rice 20kg,ING-RIC-04,Ingredients,1,0.0,0.0,88.0,mada
2026-04-25,TX-B5_cash_constrained_restaurant-d00-001443,Khobar - Main Kitchen,Khobar,Calrose Rice 20kg,ING-RIC-04,Ingredients,1,0.0,0.0,88.0,card
2026-04-25,TX-B5_cash_constrained_restaurant-d00-001444,Khobar - Main Kitchen,Khobar,Calrose Rice 20kg,ING-RIC-04,Ingredients,1,0.0,0.0,88.0,mada
2026-04-26,TX-B5_cash_constrained_restaurant-d00-001445,Khobar - Main Kitchen,Khobar,Calrose Rice 20kg,ING-RIC-04,Ingredients,1,0.0,0.0,88.0,cash
2026-04-26,TX-B5_cash_constrained_restaurant-d00-001446,Khobar - Main Kitchen,Khobar,Calrose Rice 20kg,ING-RIC-04,Ingredients,1,0.0,0.0,88.0,mada
2026-04-27,TX-B5_cash_constrained_restaurant-d00-001447,Khobar - Main Kitchen,Khobar,Calrose Rice 20kg,ING-RIC-04,Ingredients,1,0.0,0.0,88.0,mada
2026-04-27,TX-B5_cash_constrained_restaurant-d00-001448,Khobar - Main Kitchen,Khobar,Calrose Rice 20kg,ING-RIC-04,Ingredients,1,0.0,0.0,88.0,mada
2026-04-27,TX-B5_cash_constrained_restaurant-d00-001449,Khobar - Main Kitchen,Khobar,Calrose Rice 20kg,ING-RIC-04,Ingredients,1,0.0,0.0,88.0,cash
2026-04-28,TX-B5_cash_constrained_restaurant-d00-001450,Khobar - Main Kitchen,Khobar,Calrose Rice 20kg,ING-RIC-04,Ingredients,1,0.0,0.0,88.0,card
2026-04-28,TX-B5_cash_constrained_restaurant-d00-001451,Khobar - Main Kitchen,Khobar,Calrose Rice 20kg,ING-RIC-04,Ingredients,1,0.0,0.0,88.0,mada
2026-04-28,TX-B5_cash_constrained_restaurant-d00-001452,Khobar - Main Kitchen,Khobar,Calrose Rice 20kg,ING-RIC-04,Ingredients,1,0.0,0.0,88.0,mada
2026-04-29,TX-B5_cash_constrained_restaurant-d00-001453,Khobar - Main Kitchen,Khobar,Calrose Rice 20kg,ING-RIC-04,Ingredients,1,0.0,0.0,88.0,card
2026-04-29,TX-B5_cash_constrained_restaurant-d00-001454,Khobar - Main Kitchen,Khobar,Calrose Rice 20kg,ING-RIC-04,Ingredients,1,0.0,0.0,88.0,card
2026-04-30,TX-B5_cash_constrained_restaurant-d00-001455,Khobar - Main Kitchen,Khobar,Calrose Rice 20kg,ING-RIC-04,Ingredients,1,0.0,0.0,88.0,cash
2026-04-30,TX-B5_cash_constrained_restaurant-d00-001456,Khobar - Main Kitchen,Khobar,Calrose Rice 20kg,ING-RIC-04,Ingredients,1,0.0,0.0,88.0,card
2026-05-01,TX-B5_cash_constrained_restaurant-d00-001457,Khobar - Main Kitchen,Khobar,Calrose Rice 20kg,ING-RIC-04,Ingredients,1,0.0,0.0,88.0,cash
2026-05-01,TX-B5_cash_constrained_restaurant-d00-001458,Khobar - Main Kitchen,Khobar,Calrose Rice 20kg,ING-RIC-04,Ingredients,1,0.0,0.0,88.0,mada
2026-05-02,TX-B5_cash_constrained_restaurant-d00-001459,Khobar - Main Kitchen,Khobar,Calrose Rice 20kg,ING-RIC-04,Ingredients,1,0.0,0.0,88.0,cash
2026-05-02,TX-B5_cash_constrained_restaurant-d00-001460,Khobar - Main Kitchen,Khobar,Calrose Rice 20kg,ING-RIC-04,Ingredients,1,0.0,0.0,88.0,mada
2026-05-02,TX-B5_cash_constrained_restaurant-d00-001461,Khobar - Main Kitchen,Khobar,Calrose Rice 20kg,ING-RIC-04,Ingredients,1,0.0,0.0,88.0,cash
2026-05-03,TX-B5_cash_constrained_restaurant-d00-001462,Khobar - Main Kitchen,Khobar,Calrose Rice 20kg,ING-RIC-04,Ingredients,1,0.0,0.0,88.0,mada
2026-05-03,TX-B5_cash_constrained_restaurant-d00-001463,Khobar - Main Kitchen,Khobar,Calrose Rice 20kg,ING-RIC-04,Ingredients,1,0.0,0.0,88.0,cash
2026-05-04,TX-B5_cash_constrained_restaurant-d00-001464,Khobar - Main Kitchen,Khobar,Calrose Rice 20kg,ING-RIC-04,Ingredients,1,0.0,0.0,88.0,card
2026-05-04,TX-B5_cash_constrained_restaurant-d00-001465,Khobar - Main Kitchen,Khobar,Calrose Rice 20kg,ING-RIC-04,Ingredients,1,0.0,0.0,88.0,cash
2026-05-05,TX-B5_cash_constrained_restaurant-d00-001466,Khobar - Main Kitchen,Khobar,Calrose Rice 20kg,ING-RIC-04,Ingredients,1,0.0,0.0,88.0,mada
2026-05-05,TX-B5_cash_constrained_restaurant-d00-001467,Khobar - Main Kitchen,Khobar,Calrose Rice 20kg,ING-RIC-04,Ingredients,1,0.0,0.0,88.0,mada
2026-05-06,TX-B5_cash_constrained_restaurant-d00-001468,Khobar - Main Kitchen,Khobar,Calrose Rice 20kg,ING-RIC-04,Ingredients,1,0.0,0.0,88.0,card
2026-05-06,TX-B5_cash_constrained_restaurant-d00-001469,Khobar - Main Kitchen,Khobar,Calrose Rice 20kg,ING-RIC-04,Ingredients,1,0.0,0.0,88.0,mada
2026-05-07,TX-B5_cash_constrained_restaurant-d00-001470,Khobar - Main Kitchen,Khobar,Calrose Rice 20kg,ING-RIC-04,Ingredients,1,0.0,0.0,88.0,mada
2026-05-07,TX-B5_cash_constrained_restaurant-d00-001471,Khobar - Main Kitchen,Khobar,Calrose Rice 20kg,ING-RIC-04,Ingredients,1,0.0,0.0,88.0,card
2026-05-08,TX-B5_cash_constrained_restaurant-d00-001472,Khobar - Main Kitchen,Khobar,Calrose Rice 20kg,ING-RIC-04,Ingredients,1,0.0,0.0,88.0,cash
2026-05-08,TX-B5_cash_constrained_restaurant-d00-001473,Khobar - Main Kitchen,Khobar,Calrose Rice 20kg,ING-RIC-04,Ingredients,1,0.0,0.0,88.0,cash
2026-05-09,TX-B5_cash_constrained_restaurant-d00-001474,Khobar - Main Kitchen,Khobar,Calrose Rice 20kg,ING-RIC-04,Ingredients,1,0.0,0.0,88.0,mada
2026-05-09,TX-B5_cash_constrained_restaurant-d00-001475,Khobar - Main Kitchen,Khobar,Calrose Rice 20kg,ING-RIC-04,Ingredients,1,0.0,0.0,88.0,mada
2026-05-10,TX-B5_cash_constrained_restaurant-d00-001476,Khobar - Main Kitchen,Khobar,Calrose Rice 20kg,ING-RIC-04,Ingredients,1,0.0,0.0,88.0,mada
2026-05-10,TX-B5_cash_constrained_restaurant-d00-001477,Khobar - Main Kitchen,Khobar,Calrose Rice 20kg,ING-RIC-04,Ingredients,1,0.0,0.0,88.0,card
2026-05-10,TX-B5_cash_constrained_restaurant-d00-001478,Khobar - Main Kitchen,Khobar,Calrose Rice 20kg,ING-RIC-04,Ingredients,1,0.0,0.0,88.0,mada
2026-05-11,TX-B5_cash_constrained_restaurant-d00-001479,Khobar - Main Kitchen,Khobar,Calrose Rice 20kg,ING-RIC-04,Ingredients,1,0.0,0.0,88.0,card
2026-05-11,TX-B5_cash_constrained_restaurant-d00-001480,Khobar - Main Kitchen,Khobar,Calrose Rice 20kg,ING-RIC-04,Ingredients,1,0.0,0.0,88.0,cash
2026-05-12,TX-B5_cash_constrained_restaurant-d00-001481,Khobar - Main Kitchen,Khobar,Calrose Rice 20kg,ING-RIC-04,Ingredients,1,0.0,0.0,88.0,mada
2026-05-12,TX-B5_cash_constrained_restaurant-d00-001482,Khobar - Main Kitchen,Khobar,Calrose Rice 20kg,ING-RIC-04,Ingredients,1,0.0,0.0,88.0,cash
2026-05-12,TX-B5_cash_constrained_restaurant-d00-001483,Khobar - Main Kitchen,Khobar,Calrose Rice 20kg,ING-RIC-04,Ingredients,1,0.0,0.0,88.0,cash
2026-05-13,TX-B5_cash_constrained_restaurant-d00-001484,Khobar - Main Kitchen,Khobar,Calrose Rice 20kg,ING-RIC-04,Ingredients,1,0.0,0.0,88.0,mada
2026-05-13,TX-B5_cash_constrained_restaurant-d00-001485,Khobar - Main Kitchen,Khobar,Calrose Rice 20kg,ING-RIC-04,Ingredients,1,0.0,0.0,88.0,mada
2026-05-14,TX-B5_cash_constrained_restaurant-d00-001486,Khobar - Main Kitchen,Khobar,Calrose Rice 20kg,ING-RIC-04,Ingredients,1,0.0,0.0,88.0,cash
2026-05-14,TX-B5_cash_constrained_restaurant-d00-001487,Khobar - Main Kitchen,Khobar,Calrose Rice 20kg,ING-RIC-04,Ingredients,1,0.0,0.0,88.0,mada
2026-05-15,TX-B5_cash_constrained_restaurant-d00-001488,Khobar - Main Kitchen,Khobar,Calrose Rice 20kg,ING-RIC-04,Ingredients,1,0.0,0.0,88.0,card
2026-05-15,TX-B5_cash_constrained_restaurant-d00-001489,Khobar - Main Kitchen,Khobar,Calrose Rice 20kg,ING-RIC-04,Ingredients,1,0.0,0.0,88.0,card
2026-05-16,TX-B5_cash_constrained_restaurant-d00-001490,Khobar - Main Kitchen,Khobar,Calrose Rice 20kg,ING-RIC-04,Ingredients,1,0.0,0.0,88.0,cash
2026-05-16,TX-B5_cash_constrained_restaurant-d00-001491,Khobar - Main Kitchen,Khobar,Calrose Rice 20kg,ING-RIC-04,Ingredients,1,0.0,0.0,88.0,mada
2026-05-17,TX-B5_cash_constrained_restaurant-d00-001492,Khobar - Main Kitchen,Khobar,Calrose Rice 20kg,ING-RIC-04,Ingredients,1,0.0,0.0,88.0,card
2026-05-17,TX-B5_cash_constrained_restaurant-d00-001493,Khobar - Main Kitchen,Khobar,Calrose Rice 20kg,ING-RIC-04,Ingredients,1,0.0,0.0,88.0,mada
2026-05-18,TX-B5_cash_constrained_restaurant-d00-001494,Khobar - Main Kitchen,Khobar,Calrose Rice 20kg,ING-RIC-04,Ingredients,1,0.0,0.0,88.0,card
2026-05-18,TX-B5_cash_constrained_restaurant-d00-001495,Khobar - Main Kitchen,Khobar,Calrose Rice 20kg,ING-RIC-04,Ingredients,1,0.0,0.0,88.0,cash
2026-05-19,TX-B5_cash_constrained_restaurant-d00-001496,Khobar - Main Kitchen,Khobar,Calrose Rice 20kg,ING-RIC-04,Ingredients,1,0.0,0.0,88.0,mada
2026-05-19,TX-B5_cash_constrained_restaurant-d00-001497,Khobar - Main Kitchen,Khobar,Calrose Rice 20kg,ING-RIC-04,Ingredients,1,0.0,0.0,88.0,card
2026-05-20,TX-B5_cash_constrained_restaurant-d00-001498,Khobar - Main Kitchen,Khobar,Calrose Rice 20kg,ING-RIC-04,Ingredients,1,0.0,0.0,88.0,cash
2026-05-20,TX-B5_cash_constrained_restaurant-d00-001499,Khobar - Main Kitchen,Khobar,Calrose Rice 20kg,ING-RIC-04,Ingredients,1,0.0,0.0,88.0,card
2026-05-21,TX-B5_cash_constrained_restaurant-d00-001500,Khobar - Main Kitchen,Khobar,Calrose Rice 20kg,ING-RIC-04,Ingredients,1,0.0,0.0,88.0,mada
2026-05-21,TX-B5_cash_constrained_restaurant-d00-001501,Khobar - Main Kitchen,Khobar,Calrose Rice 20kg,ING-RIC-04,Ingredients,1,0.0,0.0,88.0,cash
2026-05-22,TX-B5_cash_constrained_restaurant-d00-001502,Khobar - Main Kitchen,Khobar,Calrose Rice 20kg,ING-RIC-04,Ingredients,1,0.0,0.0,88.0,card
2026-05-22,TX-B5_cash_constrained_restaurant-d00-001503,Khobar - Main Kitchen,Khobar,Calrose Rice 20kg,ING-RIC-04,Ingredients,1,0.0,0.0,88.0,card
2026-05-23,TX-B5_cash_constrained_restaurant-d00-001504,Khobar - Main Kitchen,Khobar,Calrose Rice 20kg,ING-RIC-04,Ingredients,1,0.0,0.0,88.0,card
2026-05-23,TX-B5_cash_constrained_restaurant-d00-001505,Khobar - Main Kitchen,Khobar,Calrose Rice 20kg,ING-RIC-04,Ingredients,1,0.0,0.0,88.0,mada
2026-05-23,TX-B5_cash_constrained_restaurant-d00-001506,Khobar - Main Kitchen,Khobar,Calrose Rice 20kg,ING-RIC-04,Ingredients,1,0.0,0.0,88.0,card
2026-05-24,TX-B5_cash_constrained_restaurant-d00-001507,Khobar - Main Kitchen,Khobar,Calrose Rice 20kg,ING-RIC-04,Ingredients,1,0.0,0.0,88.0,mada
2026-05-24,TX-B5_cash_constrained_restaurant-d00-001508,Khobar - Main Kitchen,Khobar,Calrose Rice 20kg,ING-RIC-04,Ingredients,1,0.0,0.0,88.0,mada
2026-05-24,TX-B5_cash_constrained_restaurant-d00-001509,Khobar - Main Kitchen,Khobar,Calrose Rice 20kg,ING-RIC-04,Ingredients,1,0.0,0.0,88.0,mada
2026-05-25,TX-B5_cash_constrained_restaurant-d00-001510,Khobar - Main Kitchen,Khobar,Calrose Rice 20kg,ING-RIC-04,Ingredients,1,0.0,0.0,88.0,mada
2026-05-25,TX-B5_cash_constrained_restaurant-d00-001511,Khobar - Main Kitchen,Khobar,Calrose Rice 20kg,ING-RIC-04,Ingredients,1,0.0,0.0,88.0,cash
2026-05-26,TX-B5_cash_constrained_restaurant-d00-001512,Khobar - Main Kitchen,Khobar,Calrose Rice 20kg,ING-RIC-04,Ingredients,1,0.0,0.0,88.0,mada
2026-05-26,TX-B5_cash_constrained_restaurant-d00-001513,Khobar - Main Kitchen,Khobar,Calrose Rice 20kg,ING-RIC-04,Ingredients,1,0.0,0.0,88.0,mada
2026-05-27,TX-B5_cash_constrained_restaurant-d00-001514,Khobar - Main Kitchen,Khobar,Calrose Rice 20kg,ING-RIC-04,Ingredients,1,0.0,0.0,88.0,cash
2026-05-27,TX-B5_cash_constrained_restaurant-d00-001515,Khobar - Main Kitchen,Khobar,Calrose Rice 20kg,ING-RIC-04,Ingredients,1,0.0,0.0,88.0,card
2026-05-27,TX-B5_cash_constrained_restaurant-d00-001516,Khobar - Main Kitchen,Khobar,Calrose Rice 20kg,ING-RIC-04,Ingredients,1,0.0,0.0,88.0,mada
2026-05-28,TX-B5_cash_constrained_restaurant-d00-001517,Khobar - Main Kitchen,Khobar,Calrose Rice 20kg,ING-RIC-04,Ingredients,1,0.0,0.0,88.0,mada
2026-05-28,TX-B5_cash_constrained_restaurant-d00-001518,Khobar - Main Kitchen,Khobar,Calrose Rice 20kg,ING-RIC-04,Ingredients,1,0.0,0.0,88.0,mada
2026-05-29,TX-B5_cash_constrained_restaurant-d00-001519,Khobar - Main Kitchen,Khobar,Calrose Rice 20kg,ING-RIC-04,Ingredients,1,0.0,0.0,88.0,cash
2026-05-29,TX-B5_cash_constrained_restaurant-d00-001520,Khobar - Main Kitchen,Khobar,Calrose Rice 20kg,ING-RIC-04,Ingredients,1,0.0,0.0,88.0,card
2026-05-30,TX-B5_cash_constrained_restaurant-d00-001521,Khobar - Main Kitchen,Khobar,Calrose Rice 20kg,ING-RIC-04,Ingredients,1,0.0,0.0,88.0,cash
2026-05-31,TX-B5_cash_constrained_restaurant-d00-001522,Khobar - Main Kitchen,Khobar,Calrose Rice 20kg,ING-RIC-04,Ingredients,1,0.0,0.0,88.0,cash
2026-05-31,TX-B5_cash_constrained_restaurant-d00-001523,Khobar - Main Kitchen,Khobar,Calrose Rice 20kg,ING-RIC-04,Ingredients,1,0.0,0.0,88.0,mada
2026-06-01,TX-B5_cash_constrained_restaurant-d00-001524,Khobar - Main Kitchen,Khobar,Calrose Rice 20kg,ING-RIC-04,Ingredients,1,0.0,0.0,88.0,mada
2026-06-01,TX-B5_cash_constrained_restaurant-d00-001525,Khobar - Main Kitchen,Khobar,Calrose Rice 20kg,ING-RIC-04,Ingredients,1,0.0,0.0,88.0,cash
2026-06-02,TX-B5_cash_constrained_restaurant-d00-001526,Khobar - Main Kitchen,Khobar,Calrose Rice 20kg,ING-RIC-04,Ingredients,1,0.0,0.0,88.0,cash
2026-06-02,TX-B5_cash_constrained_restaurant-d00-001527,Khobar - Main Kitchen,Khobar,Calrose Rice 20kg,ING-RIC-04,Ingredients,1,0.0,0.0,88.0,card
2026-06-03,TX-B5_cash_constrained_restaurant-d00-001528,Khobar - Main Kitchen,Khobar,Calrose Rice 20kg,ING-RIC-04,Ingredients,1,0.0,0.0,88.0,cash
2026-06-03,TX-B5_cash_constrained_restaurant-d00-001529,Khobar - Main Kitchen,Khobar,Calrose Rice 20kg,ING-RIC-04,Ingredients,1,0.0,0.0,88.0,card
2026-06-04,TX-B5_cash_constrained_restaurant-d00-001530,Khobar - Main Kitchen,Khobar,Calrose Rice 20kg,ING-RIC-04,Ingredients,1,0.0,0.0,88.0,cash
2026-06-04,TX-B5_cash_constrained_restaurant-d00-001531,Khobar - Main Kitchen,Khobar,Calrose Rice 20kg,ING-RIC-04,Ingredients,1,0.0,0.0,88.0,card
2026-06-05,TX-B5_cash_constrained_restaurant-d00-001532,Khobar - Main Kitchen,Khobar,Calrose Rice 20kg,ING-RIC-04,Ingredients,1,0.0,0.0,88.0,card
2026-06-05,TX-B5_cash_constrained_restaurant-d00-001533,Khobar - Main Kitchen,Khobar,Calrose Rice 20kg,ING-RIC-04,Ingredients,1,0.0,0.0,88.0,cash
2026-06-06,TX-B5_cash_constrained_restaurant-d00-001534,Khobar - Main Kitchen,Khobar,Calrose Rice 20kg,ING-RIC-04,Ingredients,1,0.0,0.0,88.0,mada
2026-06-06,TX-B5_cash_constrained_restaurant-d00-001535,Khobar - Main Kitchen,Khobar,Calrose Rice 20kg,ING-RIC-04,Ingredients,1,0.0,0.0,88.0,card
2026-06-07,TX-B5_cash_constrained_restaurant-d00-001536,Khobar - Main Kitchen,Khobar,Calrose Rice 20kg,ING-RIC-04,Ingredients,1,0.0,0.0,88.0,card
2026-06-07,TX-B5_cash_constrained_restaurant-d00-001537,Khobar - Main Kitchen,Khobar,Calrose Rice 20kg,ING-RIC-04,Ingredients,1,0.0,0.0,88.0,card
2026-06-08,TX-B5_cash_constrained_restaurant-d00-001538,Khobar - Main Kitchen,Khobar,Calrose Rice 20kg,ING-RIC-04,Ingredients,1,0.0,0.0,88.0,cash
2026-06-08,TX-B5_cash_constrained_restaurant-d00-001539,Khobar - Main Kitchen,Khobar,Calrose Rice 20kg,ING-RIC-04,Ingredients,1,0.0,0.0,88.0,cash
2026-06-08,TX-B5_cash_constrained_restaurant-d00-001540,Khobar - Main Kitchen,Khobar,Calrose Rice 20kg,ING-RIC-04,Ingredients,1,0.0,0.0,88.0,cash
2026-06-09,TX-B5_cash_constrained_restaurant-d00-001541,Khobar - Main Kitchen,Khobar,Calrose Rice 20kg,ING-RIC-04,Ingredients,1,0.0,0.0,88.0,cash
2026-06-09,TX-B5_cash_constrained_restaurant-d00-001542,Khobar - Main Kitchen,Khobar,Calrose Rice 20kg,ING-RIC-04,Ingredients,1,0.0,0.0,88.0,cash
2026-06-10,TX-B5_cash_constrained_restaurant-d00-001543,Khobar - Main Kitchen,Khobar,Calrose Rice 20kg,ING-RIC-04,Ingredients,1,0.0,0.0,88.0,mada
2026-06-10,TX-B5_cash_constrained_restaurant-d00-001544,Khobar - Main Kitchen,Khobar,Calrose Rice 20kg,ING-RIC-04,Ingredients,1,0.0,0.0,88.0,mada
2026-06-10,TX-B5_cash_constrained_restaurant-d00-001545,Khobar - Main Kitchen,Khobar,Calrose Rice 20kg,ING-RIC-04,Ingredients,1,0.0,0.0,88.0,mada
2026-06-11,TX-B5_cash_constrained_restaurant-d00-001546,Khobar - Main Kitchen,Khobar,Calrose Rice 20kg,ING-RIC-04,Ingredients,1,0.0,0.0,88.0,card
2026-06-11,TX-B5_cash_constrained_restaurant-d00-001547,Khobar - Main Kitchen,Khobar,Calrose Rice 20kg,ING-RIC-04,Ingredients,1,0.0,0.0,88.0,mada
2026-06-11,TX-B5_cash_constrained_restaurant-d00-001548,Khobar - Main Kitchen,Khobar,Calrose Rice 20kg,ING-RIC-04,Ingredients,1,0.0,0.0,88.0,mada
2026-06-12,TX-B5_cash_constrained_restaurant-d00-001549,Khobar - Main Kitchen,Khobar,Calrose Rice 20kg,ING-RIC-04,Ingredients,1,0.0,0.0,88.0,cash
2026-06-13,TX-B5_cash_constrained_restaurant-d00-001550,Khobar - Main Kitchen,Khobar,Calrose Rice 20kg,ING-RIC-04,Ingredients,1,0.0,0.0,88.0,cash
2026-06-13,TX-B5_cash_constrained_restaurant-d00-001551,Khobar - Main Kitchen,Khobar,Calrose Rice 20kg,ING-RIC-04,Ingredients,1,0.0,0.0,88.0,mada
2026-06-13,TX-B5_cash_constrained_restaurant-d00-001552,Khobar - Main Kitchen,Khobar,Calrose Rice 20kg,ING-RIC-04,Ingredients,1,0.0,0.0,88.0,cash
2026-06-14,TX-B5_cash_constrained_restaurant-d00-001553,Khobar - Main Kitchen,Khobar,Calrose Rice 20kg,ING-RIC-04,Ingredients,1,0.0,0.0,88.0,card
2026-06-14,TX-B5_cash_constrained_restaurant-d00-001554,Khobar - Main Kitchen,Khobar,Calrose Rice 20kg,ING-RIC-04,Ingredients,1,0.0,0.0,88.0,mada
2026-06-15,TX-B5_cash_constrained_restaurant-d00-001555,Khobar - Main Kitchen,Khobar,Calrose Rice 20kg,ING-RIC-04,Ingredients,1,0.0,0.0,88.0,mada
2026-06-15,TX-B5_cash_constrained_restaurant-d00-001556,Khobar - Main Kitchen,Khobar,Calrose Rice 20kg,ING-RIC-04,Ingredients,1,0.0,0.0,88.0,card
2026-06-16,TX-B5_cash_constrained_restaurant-d00-001557,Khobar - Main Kitchen,Khobar,Calrose Rice 20kg,ING-RIC-04,Ingredients,1,0.0,0.0,88.0,card
2026-06-16,TX-B5_cash_constrained_restaurant-d00-001558,Khobar - Main Kitchen,Khobar,Calrose Rice 20kg,ING-RIC-04,Ingredients,1,0.0,0.0,88.0,cash
2026-06-16,TX-B5_cash_constrained_restaurant-d00-001559,Khobar - Main Kitchen,Khobar,Calrose Rice 20kg,ING-RIC-04,Ingredients,1,0.0,0.0,88.0,cash
2026-06-17,TX-B5_cash_constrained_restaurant-d00-001560,Khobar - Main Kitchen,Khobar,Calrose Rice 20kg,ING-RIC-04,Ingredients,1,0.0,0.0,88.0,mada
2026-06-17,TX-B5_cash_constrained_restaurant-d00-001561,Khobar - Main Kitchen,Khobar,Calrose Rice 20kg,ING-RIC-04,Ingredients,1,0.0,0.0,88.0,card
2026-06-18,TX-B5_cash_constrained_restaurant-d00-001562,Khobar - Main Kitchen,Khobar,Calrose Rice 20kg,ING-RIC-04,Ingredients,1,0.0,0.0,88.0,mada
2026-06-18,TX-B5_cash_constrained_restaurant-d00-001563,Khobar - Main Kitchen,Khobar,Calrose Rice 20kg,ING-RIC-04,Ingredients,1,0.0,0.0,88.0,mada
2026-06-19,TX-B5_cash_constrained_restaurant-d00-001564,Khobar - Main Kitchen,Khobar,Calrose Rice 20kg,ING-RIC-04,Ingredients,1,0.0,0.0,88.0,mada
2026-06-19,TX-B5_cash_constrained_restaurant-d00-001565,Khobar - Main Kitchen,Khobar,Calrose Rice 20kg,ING-RIC-04,Ingredients,1,0.0,0.0,88.0,card
2026-06-19,TX-B5_cash_constrained_restaurant-d00-001566,Khobar - Main Kitchen,Khobar,Calrose Rice 20kg,ING-RIC-04,Ingredients,1,0.0,0.0,88.0,mada
2026-06-20,TX-B5_cash_constrained_restaurant-d00-001567,Khobar - Main Kitchen,Khobar,Calrose Rice 20kg,ING-RIC-04,Ingredients,1,0.0,0.0,88.0,card
2026-06-21,TX-B5_cash_constrained_restaurant-d00-001568,Khobar - Main Kitchen,Khobar,Calrose Rice 20kg,ING-RIC-04,Ingredients,1,0.0,0.0,88.0,card
2026-06-21,TX-B5_cash_constrained_restaurant-d00-001569,Khobar - Main Kitchen,Khobar,Calrose Rice 20kg,ING-RIC-04,Ingredients,1,0.0,0.0,88.0,mada
2026-06-22,TX-B5_cash_constrained_restaurant-d00-001570,Khobar - Main Kitchen,Khobar,Calrose Rice 20kg,ING-RIC-04,Ingredients,1,0.0,0.0,88.0,mada
2026-06-22,TX-B5_cash_constrained_restaurant-d00-001571,Khobar - Main Kitchen,Khobar,Calrose Rice 20kg,ING-RIC-04,Ingredients,1,0.0,0.0,88.0,card
2026-06-22,TX-B5_cash_constrained_restaurant-d00-001572,Khobar - Main Kitchen,Khobar,Calrose Rice 20kg,ING-RIC-04,Ingredients,1,0.0,0.0,88.0,mada
2026-06-23,TX-B5_cash_constrained_restaurant-d00-001573,Khobar - Main Kitchen,Khobar,Calrose Rice 20kg,ING-RIC-04,Ingredients,1,0.0,0.0,88.0,mada
2026-06-23,TX-B5_cash_constrained_restaurant-d00-001574,Khobar - Main Kitchen,Khobar,Calrose Rice 20kg,ING-RIC-04,Ingredients,1,0.0,0.0,88.0,cash
2026-06-24,TX-B5_cash_constrained_restaurant-d00-001575,Khobar - Main Kitchen,Khobar,Calrose Rice 20kg,ING-RIC-04,Ingredients,1,0.0,0.0,88.0,cash
2026-06-24,TX-B5_cash_constrained_restaurant-d00-001576,Khobar - Main Kitchen,Khobar,Calrose Rice 20kg,ING-RIC-04,Ingredients,1,0.0,0.0,88.0,card
2026-06-25,TX-B5_cash_constrained_restaurant-d00-001577,Khobar - Main Kitchen,Khobar,Calrose Rice 20kg,ING-RIC-04,Ingredients,1,0.0,0.0,88.0,mada
2026-06-25,TX-B5_cash_constrained_restaurant-d00-001578,Khobar - Main Kitchen,Khobar,Calrose Rice 20kg,ING-RIC-04,Ingredients,1,0.0,0.0,88.0,cash
2026-06-26,TX-B5_cash_constrained_restaurant-d00-001579,Khobar - Main Kitchen,Khobar,Calrose Rice 20kg,ING-RIC-04,Ingredients,1,0.0,0.0,88.0,cash
2026-06-26,TX-B5_cash_constrained_restaurant-d00-001580,Khobar - Main Kitchen,Khobar,Calrose Rice 20kg,ING-RIC-04,Ingredients,1,0.0,0.0,88.0,cash
2026-06-27,TX-B5_cash_constrained_restaurant-d00-001581,Khobar - Main Kitchen,Khobar,Calrose Rice 20kg,ING-RIC-04,Ingredients,1,0.0,0.0,88.0,mada
2026-06-27,TX-B5_cash_constrained_restaurant-d00-001582,Khobar - Main Kitchen,Khobar,Calrose Rice 20kg,ING-RIC-04,Ingredients,1,0.0,0.0,88.0,card
2026-06-28,TX-B5_cash_constrained_restaurant-d00-001583,Khobar - Main Kitchen,Khobar,Calrose Rice 20kg,ING-RIC-04,Ingredients,1,0.0,0.0,88.0,mada
2026-06-28,TX-B5_cash_constrained_restaurant-d00-001584,Khobar - Main Kitchen,Khobar,Calrose Rice 20kg,ING-RIC-04,Ingredients,1,0.0,0.0,88.0,mada
2026-06-29,TX-B5_cash_constrained_restaurant-d00-001585,Khobar - Main Kitchen,Khobar,Calrose Rice 20kg,ING-RIC-04,Ingredients,1,0.0,0.0,88.0,cash
2026-06-29,TX-B5_cash_constrained_restaurant-d00-001586,Khobar - Main Kitchen,Khobar,Calrose Rice 20kg,ING-RIC-04,Ingredients,1,0.0,0.0,88.0,card
2026-06-30,TX-B5_cash_constrained_restaurant-d00-001587,Khobar - Main Kitchen,Khobar,Calrose Rice 20kg,ING-RIC-04,Ingredients,1,0.0,0.0,88.0,cash
2026-06-30,TX-B5_cash_constrained_restaurant-d00-001588,Khobar - Main Kitchen,Khobar,Calrose Rice 20kg,ING-RIC-04,Ingredients,1,0.0,0.0,88.0,mada
2026-07-01,TX-B5_cash_constrained_restaurant-d00-001589,Khobar - Main Kitchen,Khobar,Calrose Rice 20kg,ING-RIC-04,Ingredients,1,0.0,0.0,88.0,card
2026-07-01,TX-B5_cash_constrained_restaurant-d00-001590,Khobar - Main Kitchen,Khobar,Calrose Rice 20kg,ING-RIC-04,Ingredients,1,0.0,0.0,88.0,mada
2026-07-02,TX-B5_cash_constrained_restaurant-d00-001591,Khobar - Main Kitchen,Khobar,Calrose Rice 20kg,ING-RIC-04,Ingredients,1,0.0,0.0,88.0,cash
2026-07-02,TX-B5_cash_constrained_restaurant-d00-001592,Khobar - Main Kitchen,Khobar,Calrose Rice 20kg,ING-RIC-04,Ingredients,1,0.0,0.0,88.0,card
2026-07-03,TX-B5_cash_constrained_restaurant-d00-001593,Khobar - Main Kitchen,Khobar,Calrose Rice 20kg,ING-RIC-04,Ingredients,1,0.0,0.0,88.0,cash
2026-07-03,TX-B5_cash_constrained_restaurant-d00-001594,Khobar - Main Kitchen,Khobar,Calrose Rice 20kg,ING-RIC-04,Ingredients,1,0.0,0.0,88.0,mada
2026-07-04,TX-B5_cash_constrained_restaurant-d00-001595,Khobar - Main Kitchen,Khobar,Calrose Rice 20kg,ING-RIC-04,Ingredients,1,0.0,0.0,88.0,card
2026-07-04,TX-B5_cash_constrained_restaurant-d00-001596,Khobar - Main Kitchen,Khobar,Calrose Rice 20kg,ING-RIC-04,Ingredients,1,0.0,0.0,88.0,mada
2026-07-04,TX-B5_cash_constrained_restaurant-d00-001597,Khobar - Main Kitchen,Khobar,Calrose Rice 20kg,ING-RIC-04,Ingredients,1,0.0,0.0,88.0,card
2026-07-05,TX-B5_cash_constrained_restaurant-d00-001598,Khobar - Main Kitchen,Khobar,Calrose Rice 20kg,ING-RIC-04,Ingredients,1,0.0,0.0,88.0,card
2026-07-05,TX-B5_cash_constrained_restaurant-d00-001599,Khobar - Main Kitchen,Khobar,Calrose Rice 20kg,ING-RIC-04,Ingredients,1,0.0,0.0,88.0,mada
2026-07-06,TX-B5_cash_constrained_restaurant-d00-001600,Khobar - Main Kitchen,Khobar,Calrose Rice 20kg,ING-RIC-04,Ingredients,1,0.0,0.0,88.0,card
2026-07-06,TX-B5_cash_constrained_restaurant-d00-001601,Khobar - Main Kitchen,Khobar,Calrose Rice 20kg,ING-RIC-04,Ingredients,1,0.0,0.0,88.0,mada
2026-07-06,TX-B5_cash_constrained_restaurant-d00-001602,Khobar - Main Kitchen,Khobar,Calrose Rice 20kg,ING-RIC-04,Ingredients,1,0.0,0.0,88.0,mada
2026-07-07,TX-B5_cash_constrained_restaurant-d00-001603,Khobar - Main Kitchen,Khobar,Calrose Rice 20kg,ING-RIC-04,Ingredients,1,0.0,0.0,88.0,card
2026-07-07,TX-B5_cash_constrained_restaurant-d00-001604,Khobar - Main Kitchen,Khobar,Calrose Rice 20kg,ING-RIC-04,Ingredients,1,0.0,0.0,88.0,mada
2026-07-08,TX-B5_cash_constrained_restaurant-d00-001605,Khobar - Main Kitchen,Khobar,Calrose Rice 20kg,ING-RIC-04,Ingredients,1,0.0,0.0,88.0,mada
2026-07-08,TX-B5_cash_constrained_restaurant-d00-001606,Khobar - Main Kitchen,Khobar,Calrose Rice 20kg,ING-RIC-04,Ingredients,1,0.0,0.0,88.0,cash
2026-07-09,TX-B5_cash_constrained_restaurant-d00-001607,Khobar - Main Kitchen,Khobar,Calrose Rice 20kg,ING-RIC-04,Ingredients,1,0.0,0.0,88.0,card
2026-07-10,TX-B5_cash_constrained_restaurant-d00-001608,Khobar - Main Kitchen,Khobar,Calrose Rice 20kg,ING-RIC-04,Ingredients,1,0.0,0.0,88.0,mada
2026-07-10,TX-B5_cash_constrained_restaurant-d00-001609,Khobar - Main Kitchen,Khobar,Calrose Rice 20kg,ING-RIC-04,Ingredients,1,0.0,0.0,88.0,mada
2026-07-10,TX-B5_cash_constrained_restaurant-d00-001610,Khobar - Main Kitchen,Khobar,Calrose Rice 20kg,ING-RIC-04,Ingredients,1,0.0,0.0,88.0,card
2026-07-11,TX-B5_cash_constrained_restaurant-d00-001611,Khobar - Main Kitchen,Khobar,Calrose Rice 20kg,ING-RIC-04,Ingredients,1,0.0,0.0,88.0,card
2026-07-11,TX-B5_cash_constrained_restaurant-d00-001612,Khobar - Main Kitchen,Khobar,Calrose Rice 20kg,ING-RIC-04,Ingredients,1,0.0,0.0,88.0,cash
2026-07-12,TX-B5_cash_constrained_restaurant-d00-001613,Khobar - Main Kitchen,Khobar,Calrose Rice 20kg,ING-RIC-04,Ingredients,1,0.0,0.0,88.0,cash
2026-07-12,TX-B5_cash_constrained_restaurant-d00-001614,Khobar - Main Kitchen,Khobar,Calrose Rice 20kg,ING-RIC-04,Ingredients,1,0.0,0.0,88.0,cash
2026-07-13,TX-B5_cash_constrained_restaurant-d00-001615,Khobar - Main Kitchen,Khobar,Calrose Rice 20kg,ING-RIC-04,Ingredients,1,0.0,0.0,88.0,cash
2026-07-13,TX-B5_cash_constrained_restaurant-d00-001616,Khobar - Main Kitchen,Khobar,Calrose Rice 20kg,ING-RIC-04,Ingredients,1,0.0,0.0,88.0,cash
2026-07-13,TX-B5_cash_constrained_restaurant-d00-001617,Khobar - Main Kitchen,Khobar,Calrose Rice 20kg,ING-RIC-04,Ingredients,1,0.0,0.0,88.0,card
2026-07-14,TX-B5_cash_constrained_restaurant-d00-001618,Khobar - Main Kitchen,Khobar,Calrose Rice 20kg,ING-RIC-04,Ingredients,1,0.0,0.0,88.0,cash
2026-07-14,TX-B5_cash_constrained_restaurant-d00-001619,Khobar - Main Kitchen,Khobar,Calrose Rice 20kg,ING-RIC-04,Ingredients,1,0.0,0.0,88.0,card
2026-07-14,TX-B5_cash_constrained_restaurant-d00-001620,Khobar - Main Kitchen,Khobar,Calrose Rice 20kg,ING-RIC-04,Ingredients,1,0.0,0.0,88.0,card
2026-07-15,TX-B5_cash_constrained_restaurant-d00-001621,Khobar - Main Kitchen,Khobar,Calrose Rice 20kg,ING-RIC-04,Ingredients,1,0.0,0.0,88.0,mada
2026-07-15,TX-B5_cash_constrained_restaurant-d00-001622,Khobar - Main Kitchen,Khobar,Calrose Rice 20kg,ING-RIC-04,Ingredients,1,0.0,0.0,88.0,mada
2026-07-16,TX-B5_cash_constrained_restaurant-d00-001623,Khobar - Main Kitchen,Khobar,Calrose Rice 20kg,ING-RIC-04,Ingredients,1,0.0,0.0,88.0,card
2026-07-16,TX-B5_cash_constrained_restaurant-d00-001624,Khobar - Main Kitchen,Khobar,Calrose Rice 20kg,ING-RIC-04,Ingredients,1,0.0,0.0,88.0,cash
2026-07-17,TX-B5_cash_constrained_restaurant-d00-001625,Khobar - Main Kitchen,Khobar,Calrose Rice 20kg,ING-RIC-04,Ingredients,1,0.0,0.0,88.0,mada
2026-07-18,TX-B5_cash_constrained_restaurant-d00-001626,Khobar - Main Kitchen,Khobar,Calrose Rice 20kg,ING-RIC-04,Ingredients,1,0.0,0.0,88.0,cash
2026-07-18,TX-B5_cash_constrained_restaurant-d00-001627,Khobar - Main Kitchen,Khobar,Calrose Rice 20kg,ING-RIC-04,Ingredients,1,0.0,0.0,88.0,cash
2026-07-18,TX-B5_cash_constrained_restaurant-d00-001628,Khobar - Main Kitchen,Khobar,Calrose Rice 20kg,ING-RIC-04,Ingredients,1,0.0,0.0,88.0,card
2026-07-19,TX-B5_cash_constrained_restaurant-d00-001629,Khobar - Main Kitchen,Khobar,Calrose Rice 20kg,ING-RIC-04,Ingredients,1,0.0,0.0,88.0,card
2026-07-20,TX-B5_cash_constrained_restaurant-d00-001630,Khobar - Main Kitchen,Khobar,Calrose Rice 20kg,ING-RIC-04,Ingredients,1,0.0,0.0,88.0,cash
2026-07-20,TX-B5_cash_constrained_restaurant-d00-001631,Khobar - Main Kitchen,Khobar,Calrose Rice 20kg,ING-RIC-04,Ingredients,1,0.0,0.0,88.0,cash
2026-07-21,TX-B5_cash_constrained_restaurant-d00-001632,Khobar - Main Kitchen,Khobar,Calrose Rice 20kg,ING-RIC-04,Ingredients,1,0.0,0.0,88.0,cash
2026-07-21,TX-B5_cash_constrained_restaurant-d00-001633,Khobar - Main Kitchen,Khobar,Calrose Rice 20kg,ING-RIC-04,Ingredients,1,0.0,0.0,88.0,mada
2026-07-22,TX-B5_cash_constrained_restaurant-d00-001634,Khobar - Main Kitchen,Khobar,Calrose Rice 20kg,ING-RIC-04,Ingredients,1,0.0,0.0,88.0,cash
2026-07-22,TX-B5_cash_constrained_restaurant-d00-001635,Khobar - Main Kitchen,Khobar,Calrose Rice 20kg,ING-RIC-04,Ingredients,1,0.0,0.0,88.0,mada
2026-07-23,TX-B5_cash_constrained_restaurant-d00-001636,Khobar - Main Kitchen,Khobar,Calrose Rice 20kg,ING-RIC-04,Ingredients,1,0.0,0.0,88.0,mada
2026-07-23,TX-B5_cash_constrained_restaurant-d00-001637,Khobar - Main Kitchen,Khobar,Calrose Rice 20kg,ING-RIC-04,Ingredients,1,0.0,0.0,88.0,card
2026-07-24,TX-B5_cash_constrained_restaurant-d00-001638,Khobar - Main Kitchen,Khobar,Calrose Rice 20kg,ING-RIC-04,Ingredients,1,0.0,0.0,88.0,card
2026-07-24,TX-B5_cash_constrained_restaurant-d00-001639,Khobar - Main Kitchen,Khobar,Calrose Rice 20kg,ING-RIC-04,Ingredients,1,0.0,0.0,88.0,card
2026-07-25,TX-B5_cash_constrained_restaurant-d00-001640,Khobar - Main Kitchen,Khobar,Calrose Rice 20kg,ING-RIC-04,Ingredients,1,0.0,0.0,88.0,mada
2026-07-25,TX-B5_cash_constrained_restaurant-d00-001641,Khobar - Main Kitchen,Khobar,Calrose Rice 20kg,ING-RIC-04,Ingredients,1,0.0,0.0,88.0,mada
2026-07-26,TX-B5_cash_constrained_restaurant-d00-001642,Khobar - Main Kitchen,Khobar,Calrose Rice 20kg,ING-RIC-04,Ingredients,1,0.0,0.0,88.0,cash
2026-07-26,TX-B5_cash_constrained_restaurant-d00-001643,Khobar - Main Kitchen,Khobar,Calrose Rice 20kg,ING-RIC-04,Ingredients,1,0.0,0.0,88.0,cash
2026-07-27,TX-B5_cash_constrained_restaurant-d00-001644,Khobar - Main Kitchen,Khobar,Calrose Rice 20kg,ING-RIC-04,Ingredients,1,0.0,0.0,88.0,mada
2026-07-27,TX-B5_cash_constrained_restaurant-d00-001645,Khobar - Main Kitchen,Khobar,Calrose Rice 20kg,ING-RIC-04,Ingredients,1,0.0,0.0,88.0,mada
2026-07-28,TX-B5_cash_constrained_restaurant-d00-001646,Khobar - Main Kitchen,Khobar,Calrose Rice 20kg,ING-RIC-04,Ingredients,1,0.0,0.0,88.0,cash
2026-07-28,TX-B5_cash_constrained_restaurant-d00-001647,Khobar - Main Kitchen,Khobar,Calrose Rice 20kg,ING-RIC-04,Ingredients,1,0.0,0.0,88.0,cash
2026-07-29,TX-B5_cash_constrained_restaurant-d00-001648,Khobar - Main Kitchen,Khobar,Calrose Rice 20kg,ING-RIC-04,Ingredients,1,0.0,0.0,88.0,mada
2026-07-29,TX-B5_cash_constrained_restaurant-d00-001649,Khobar - Main Kitchen,Khobar,Calrose Rice 20kg,ING-RIC-04,Ingredients,1,0.0,0.0,88.0,mada
2026-07-30,TX-B5_cash_constrained_restaurant-d00-001650,Khobar - Main Kitchen,Khobar,Calrose Rice 20kg,ING-RIC-04,Ingredients,1,0.0,0.0,88.0,mada
2026-07-30,TX-B5_cash_constrained_restaurant-d00-001651,Khobar - Main Kitchen,Khobar,Calrose Rice 20kg,ING-RIC-04,Ingredients,1,0.0,0.0,88.0,cash
2026-07-31,TX-B5_cash_constrained_restaurant-d00-001652,Khobar - Main Kitchen,Khobar,Calrose Rice 20kg,ING-RIC-04,Ingredients,1,0.0,0.0,88.0,mada
2026-07-31,TX-B5_cash_constrained_restaurant-d00-001653,Khobar - Main Kitchen,Khobar,Calrose Rice 20kg,ING-RIC-04,Ingredients,1,0.0,0.0,88.0,cash
2026-08-01,TX-B5_cash_constrained_restaurant-d00-001654,Khobar - Main Kitchen,Khobar,Calrose Rice 20kg,ING-RIC-04,Ingredients,1,0.0,0.0,88.0,mada
2026-08-01,TX-B5_cash_constrained_restaurant-d00-001655,Khobar - Main Kitchen,Khobar,Calrose Rice 20kg,ING-RIC-04,Ingredients,1,0.0,0.0,88.0,mada
2026-08-02,TX-B5_cash_constrained_restaurant-d00-001656,Khobar - Main Kitchen,Khobar,Calrose Rice 20kg,ING-RIC-04,Ingredients,1,0.0,0.0,88.0,mada
2026-08-02,TX-B5_cash_constrained_restaurant-d00-001657,Khobar - Main Kitchen,Khobar,Calrose Rice 20kg,ING-RIC-04,Ingredients,1,0.0,0.0,88.0,cash
2026-08-03,TX-B5_cash_constrained_restaurant-d00-001658,Khobar - Main Kitchen,Khobar,Calrose Rice 20kg,ING-RIC-04,Ingredients,1,0.0,0.0,88.0,card
2026-08-03,TX-B5_cash_constrained_restaurant-d00-001659,Khobar - Main Kitchen,Khobar,Calrose Rice 20kg,ING-RIC-04,Ingredients,1,0.0,0.0,88.0,card
2026-08-04,TX-B5_cash_constrained_restaurant-d00-001660,Khobar - Main Kitchen,Khobar,Calrose Rice 20kg,ING-RIC-04,Ingredients,1,0.0,0.0,88.0,mada
2026-08-04,TX-B5_cash_constrained_restaurant-d00-001661,Khobar - Main Kitchen,Khobar,Calrose Rice 20kg,ING-RIC-04,Ingredients,1,0.0,0.0,88.0,mada
2026-08-04,TX-B5_cash_constrained_restaurant-d00-001662,Khobar - Main Kitchen,Khobar,Calrose Rice 20kg,ING-RIC-04,Ingredients,1,0.0,0.0,88.0,card
2026-08-05,TX-B5_cash_constrained_restaurant-d00-001663,Khobar - Main Kitchen,Khobar,Calrose Rice 20kg,ING-RIC-04,Ingredients,1,0.0,0.0,88.0,card
2026-08-05,TX-B5_cash_constrained_restaurant-d00-001664,Khobar - Main Kitchen,Khobar,Calrose Rice 20kg,ING-RIC-04,Ingredients,1,0.0,0.0,88.0,card
2026-08-05,TX-B5_cash_constrained_restaurant-d00-001665,Khobar - Main Kitchen,Khobar,Calrose Rice 20kg,ING-RIC-04,Ingredients,1,0.0,0.0,88.0,card
2026-08-06,TX-B5_cash_constrained_restaurant-d00-001666,Khobar - Main Kitchen,Khobar,Calrose Rice 20kg,ING-RIC-04,Ingredients,1,0.0,0.0,88.0,mada
2026-08-06,TX-B5_cash_constrained_restaurant-d00-001667,Khobar - Main Kitchen,Khobar,Calrose Rice 20kg,ING-RIC-04,Ingredients,1,0.0,0.0,88.0,cash
2026-08-07,TX-B5_cash_constrained_restaurant-d00-001668,Khobar - Main Kitchen,Khobar,Calrose Rice 20kg,ING-RIC-04,Ingredients,1,0.0,0.0,88.0,mada
2026-08-07,TX-B5_cash_constrained_restaurant-d00-001669,Khobar - Main Kitchen,Khobar,Calrose Rice 20kg,ING-RIC-04,Ingredients,1,0.0,0.0,88.0,cash
2026-08-08,TX-B5_cash_constrained_restaurant-d00-001670,Khobar - Main Kitchen,Khobar,Calrose Rice 20kg,ING-RIC-04,Ingredients,1,0.0,0.0,88.0,mada
2026-08-08,TX-B5_cash_constrained_restaurant-d00-001671,Khobar - Main Kitchen,Khobar,Calrose Rice 20kg,ING-RIC-04,Ingredients,1,0.0,0.0,88.0,mada
2026-08-09,TX-B5_cash_constrained_restaurant-d00-001672,Khobar - Main Kitchen,Khobar,Calrose Rice 20kg,ING-RIC-04,Ingredients,1,0.0,0.0,88.0,card
2026-08-09,TX-B5_cash_constrained_restaurant-d00-001673,Khobar - Main Kitchen,Khobar,Calrose Rice 20kg,ING-RIC-04,Ingredients,1,0.0,0.0,88.0,card
2026-08-10,TX-B5_cash_constrained_restaurant-d00-001674,Khobar - Main Kitchen,Khobar,Calrose Rice 20kg,ING-RIC-04,Ingredients,1,0.0,0.0,88.0,mada
2026-08-10,TX-B5_cash_constrained_restaurant-d00-001675,Khobar - Main Kitchen,Khobar,Calrose Rice 20kg,ING-RIC-04,Ingredients,1,0.0,0.0,88.0,cash
2026-08-11,TX-B5_cash_constrained_restaurant-d00-001676,Khobar - Main Kitchen,Khobar,Calrose Rice 20kg,ING-RIC-04,Ingredients,1,0.0,0.0,88.0,mada
2026-08-11,TX-B5_cash_constrained_restaurant-d00-001677,Khobar - Main Kitchen,Khobar,Calrose Rice 20kg,ING-RIC-04,Ingredients,1,0.0,0.0,88.0,card
2026-08-11,TX-B5_cash_constrained_restaurant-d00-001678,Khobar - Main Kitchen,Khobar,Calrose Rice 20kg,ING-RIC-04,Ingredients,1,0.0,0.0,88.0,card
2026-08-12,TX-B5_cash_constrained_restaurant-d00-001679,Khobar - Main Kitchen,Khobar,Calrose Rice 20kg,ING-RIC-04,Ingredients,1,0.0,0.0,88.0,mada
2026-08-12,TX-B5_cash_constrained_restaurant-d00-001680,Khobar - Main Kitchen,Khobar,Calrose Rice 20kg,ING-RIC-04,Ingredients,1,0.0,0.0,88.0,card
2026-08-13,TX-B5_cash_constrained_restaurant-d00-001681,Khobar - Main Kitchen,Khobar,Calrose Rice 20kg,ING-RIC-04,Ingredients,1,0.0,0.0,88.0,card
2026-08-14,TX-B5_cash_constrained_restaurant-d00-001682,Khobar - Main Kitchen,Khobar,Calrose Rice 20kg,ING-RIC-04,Ingredients,1,0.0,0.0,88.0,card
2026-08-14,TX-B5_cash_constrained_restaurant-d00-001683,Khobar - Main Kitchen,Khobar,Calrose Rice 20kg,ING-RIC-04,Ingredients,1,0.0,0.0,88.0,card
2026-08-15,TX-B5_cash_constrained_restaurant-d00-001684,Khobar - Main Kitchen,Khobar,Calrose Rice 20kg,ING-RIC-04,Ingredients,1,0.0,0.0,88.0,mada
2026-08-15,TX-B5_cash_constrained_restaurant-d00-001685,Khobar - Main Kitchen,Khobar,Calrose Rice 20kg,ING-RIC-04,Ingredients,1,0.0,0.0,88.0,cash
2026-08-15,TX-B5_cash_constrained_restaurant-d00-001686,Khobar - Main Kitchen,Khobar,Calrose Rice 20kg,ING-RIC-04,Ingredients,1,0.0,0.0,88.0,card
2026-08-16,TX-B5_cash_constrained_restaurant-d00-001687,Khobar - Main Kitchen,Khobar,Calrose Rice 20kg,ING-RIC-04,Ingredients,1,0.0,0.0,88.0,cash
2026-08-16,TX-B5_cash_constrained_restaurant-d00-001688,Khobar - Main Kitchen,Khobar,Calrose Rice 20kg,ING-RIC-04,Ingredients,1,0.0,0.0,88.0,cash
2026-08-17,TX-B5_cash_constrained_restaurant-d00-001689,Khobar - Main Kitchen,Khobar,Calrose Rice 20kg,ING-RIC-04,Ingredients,1,0.0,0.0,88.0,mada
2026-08-18,TX-B5_cash_constrained_restaurant-d00-001690,Khobar - Main Kitchen,Khobar,Calrose Rice 20kg,ING-RIC-04,Ingredients,1,0.0,0.0,88.0,card
2026-08-18,TX-B5_cash_constrained_restaurant-d00-001691,Khobar - Main Kitchen,Khobar,Calrose Rice 20kg,ING-RIC-04,Ingredients,1,0.0,0.0,88.0,mada
2026-08-19,TX-B5_cash_constrained_restaurant-d00-001692,Khobar - Main Kitchen,Khobar,Calrose Rice 20kg,ING-RIC-04,Ingredients,1,0.0,0.0,88.0,cash
2026-08-19,TX-B5_cash_constrained_restaurant-d00-001693,Khobar - Main Kitchen,Khobar,Calrose Rice 20kg,ING-RIC-04,Ingredients,1,0.0,0.0,88.0,card
2026-08-20,TX-B5_cash_constrained_restaurant-d00-001694,Khobar - Main Kitchen,Khobar,Calrose Rice 20kg,ING-RIC-04,Ingredients,1,0.0,0.0,88.0,mada
2026-08-20,TX-B5_cash_constrained_restaurant-d00-001695,Khobar - Main Kitchen,Khobar,Calrose Rice 20kg,ING-RIC-04,Ingredients,1,0.0,0.0,88.0,mada
2026-08-20,TX-B5_cash_constrained_restaurant-d00-001696,Khobar - Main Kitchen,Khobar,Calrose Rice 20kg,ING-RIC-04,Ingredients,1,0.0,0.0,88.0,cash
2026-08-21,TX-B5_cash_constrained_restaurant-d00-001697,Khobar - Main Kitchen,Khobar,Calrose Rice 20kg,ING-RIC-04,Ingredients,1,0.0,0.0,88.0,mada
2026-08-21,TX-B5_cash_constrained_restaurant-d00-001698,Khobar - Main Kitchen,Khobar,Calrose Rice 20kg,ING-RIC-04,Ingredients,1,0.0,0.0,88.0,card
2026-08-22,TX-B5_cash_constrained_restaurant-d00-001699,Khobar - Main Kitchen,Khobar,Calrose Rice 20kg,ING-RIC-04,Ingredients,1,0.0,0.0,88.0,mada
2026-08-22,TX-B5_cash_constrained_restaurant-d00-001700,Khobar - Main Kitchen,Khobar,Calrose Rice 20kg,ING-RIC-04,Ingredients,1,0.0,0.0,88.0,cash
2026-08-22,TX-B5_cash_constrained_restaurant-d00-001701,Khobar - Main Kitchen,Khobar,Calrose Rice 20kg,ING-RIC-04,Ingredients,1,0.0,0.0,88.0,cash
2026-08-23,TX-B5_cash_constrained_restaurant-d00-001702,Khobar - Main Kitchen,Khobar,Calrose Rice 20kg,ING-RIC-04,Ingredients,1,0.0,0.0,88.0,cash
2026-08-23,TX-B5_cash_constrained_restaurant-d00-001703,Khobar - Main Kitchen,Khobar,Calrose Rice 20kg,ING-RIC-04,Ingredients,1,0.0,0.0,88.0,mada
2026-08-24,TX-B5_cash_constrained_restaurant-d00-001704,Khobar - Main Kitchen,Khobar,Calrose Rice 20kg,ING-RIC-04,Ingredients,1,0.0,0.0,88.0,card
2026-08-24,TX-B5_cash_constrained_restaurant-d00-001705,Khobar - Main Kitchen,Khobar,Calrose Rice 20kg,ING-RIC-04,Ingredients,1,0.0,0.0,88.0,cash
2026-08-25,TX-B5_cash_constrained_restaurant-d00-001706,Khobar - Main Kitchen,Khobar,Calrose Rice 20kg,ING-RIC-04,Ingredients,1,0.0,0.0,88.0,cash
2026-08-25,TX-B5_cash_constrained_restaurant-d00-001707,Khobar - Main Kitchen,Khobar,Calrose Rice 20kg,ING-RIC-04,Ingredients,1,0.0,0.0,88.0,mada
2026-08-26,TX-B5_cash_constrained_restaurant-d00-001708,Khobar - Main Kitchen,Khobar,Calrose Rice 20kg,ING-RIC-04,Ingredients,1,0.0,0.0,88.0,cash
2026-08-26,TX-B5_cash_constrained_restaurant-d00-001709,Khobar - Main Kitchen,Khobar,Calrose Rice 20kg,ING-RIC-04,Ingredients,1,0.0,0.0,88.0,mada
2026-01-05,TX-B5_cash_constrained_restaurant-d00-001710,Khobar - Main Kitchen,Khobar,Mystery Bulk Item A,HOLE-NODATA-01,Ingredients,1,0.0,0.0,0.0,mada
2026-01-06,TX-B5_cash_constrained_restaurant-d00-001711,Khobar - Main Kitchen,Khobar,Mystery Bulk Item A,HOLE-NODATA-01,Ingredients,1,0.0,0.0,0.0,card
2026-01-07,TX-B5_cash_constrained_restaurant-d00-001712,Khobar - Main Kitchen,Khobar,Mystery Bulk Item A,HOLE-NODATA-01,Ingredients,1,0.0,0.0,0.0,card
2026-01-08,TX-B5_cash_constrained_restaurant-d00-001713,Khobar - Main Kitchen,Khobar,Mystery Bulk Item A,HOLE-NODATA-01,Ingredients,1,0.0,0.0,0.0,cash
2026-01-09,TX-B5_cash_constrained_restaurant-d00-001714,Khobar - Main Kitchen,Khobar,Mystery Bulk Item A,HOLE-NODATA-01,Ingredients,1,0.0,0.0,0.0,card
2026-01-10,TX-B5_cash_constrained_restaurant-d00-001715,Khobar - Main Kitchen,Khobar,Mystery Bulk Item A,HOLE-NODATA-01,Ingredients,1,0.0,0.0,0.0,mada
2026-01-11,TX-B5_cash_constrained_restaurant-d00-001716,Khobar - Main Kitchen,Khobar,Mystery Bulk Item A,HOLE-NODATA-01,Ingredients,1,0.0,0.0,0.0,cash
2026-01-12,TX-B5_cash_constrained_restaurant-d00-001717,Khobar - Main Kitchen,Khobar,Mystery Bulk Item A,HOLE-NODATA-01,Ingredients,1,0.0,0.0,0.0,card
2026-01-13,TX-B5_cash_constrained_restaurant-d00-001718,Khobar - Main Kitchen,Khobar,Mystery Bulk Item A,HOLE-NODATA-01,Ingredients,1,0.0,0.0,0.0,card
2026-01-15,TX-B5_cash_constrained_restaurant-d00-001719,Khobar - Main Kitchen,Khobar,Mystery Bulk Item A,HOLE-NODATA-01,Ingredients,1,0.0,0.0,0.0,cash
2026-01-16,TX-B5_cash_constrained_restaurant-d00-001720,Khobar - Main Kitchen,Khobar,Mystery Bulk Item A,HOLE-NODATA-01,Ingredients,1,0.0,0.0,0.0,mada
2026-01-17,TX-B5_cash_constrained_restaurant-d00-001721,Khobar - Main Kitchen,Khobar,Mystery Bulk Item A,HOLE-NODATA-01,Ingredients,1,0.0,0.0,0.0,mada
2026-01-18,TX-B5_cash_constrained_restaurant-d00-001722,Khobar - Main Kitchen,Khobar,Mystery Bulk Item A,HOLE-NODATA-01,Ingredients,1,0.0,0.0,0.0,card
2026-01-19,TX-B5_cash_constrained_restaurant-d00-001723,Khobar - Main Kitchen,Khobar,Mystery Bulk Item A,HOLE-NODATA-01,Ingredients,1,0.0,0.0,0.0,card
2026-01-20,TX-B5_cash_constrained_restaurant-d00-001724,Khobar - Main Kitchen,Khobar,Mystery Bulk Item A,HOLE-NODATA-01,Ingredients,1,0.0,0.0,0.0,card
2026-01-21,TX-B5_cash_constrained_restaurant-d00-001725,Khobar - Main Kitchen,Khobar,Mystery Bulk Item A,HOLE-NODATA-01,Ingredients,1,0.0,0.0,0.0,cash
2026-01-22,TX-B5_cash_constrained_restaurant-d00-001726,Khobar - Main Kitchen,Khobar,Mystery Bulk Item A,HOLE-NODATA-01,Ingredients,1,0.0,0.0,0.0,card
2026-01-23,TX-B5_cash_constrained_restaurant-d00-001727,Khobar - Main Kitchen,Khobar,Mystery Bulk Item A,HOLE-NODATA-01,Ingredients,1,0.0,0.0,0.0,card
2026-01-24,TX-B5_cash_constrained_restaurant-d00-001728,Khobar - Main Kitchen,Khobar,Mystery Bulk Item A,HOLE-NODATA-01,Ingredients,1,0.0,0.0,0.0,cash
2026-01-25,TX-B5_cash_constrained_restaurant-d00-001729,Khobar - Main Kitchen,Khobar,Mystery Bulk Item A,HOLE-NODATA-01,Ingredients,1,0.0,0.0,0.0,mada
2026-01-26,TX-B5_cash_constrained_restaurant-d00-001730,Khobar - Main Kitchen,Khobar,Mystery Bulk Item A,HOLE-NODATA-01,Ingredients,1,0.0,0.0,0.0,card
2026-01-27,TX-B5_cash_constrained_restaurant-d00-001731,Khobar - Main Kitchen,Khobar,Mystery Bulk Item A,HOLE-NODATA-01,Ingredients,1,0.0,0.0,0.0,mada
2026-01-28,TX-B5_cash_constrained_restaurant-d00-001732,Khobar - Main Kitchen,Khobar,Mystery Bulk Item A,HOLE-NODATA-01,Ingredients,1,0.0,0.0,0.0,cash
2026-01-29,TX-B5_cash_constrained_restaurant-d00-001733,Khobar - Main Kitchen,Khobar,Mystery Bulk Item A,HOLE-NODATA-01,Ingredients,1,0.0,0.0,0.0,cash
2026-01-30,TX-B5_cash_constrained_restaurant-d00-001734,Khobar - Main Kitchen,Khobar,Mystery Bulk Item A,HOLE-NODATA-01,Ingredients,1,0.0,0.0,0.0,card
2026-01-31,TX-B5_cash_constrained_restaurant-d00-001735,Khobar - Main Kitchen,Khobar,Mystery Bulk Item A,HOLE-NODATA-01,Ingredients,1,0.0,0.0,0.0,mada
2026-02-01,TX-B5_cash_constrained_restaurant-d00-001736,Khobar - Main Kitchen,Khobar,Mystery Bulk Item A,HOLE-NODATA-01,Ingredients,1,0.0,0.0,0.0,mada
2026-02-02,TX-B5_cash_constrained_restaurant-d00-001737,Khobar - Main Kitchen,Khobar,Mystery Bulk Item A,HOLE-NODATA-01,Ingredients,1,0.0,0.0,0.0,card
2026-02-03,TX-B5_cash_constrained_restaurant-d00-001738,Khobar - Main Kitchen,Khobar,Mystery Bulk Item A,HOLE-NODATA-01,Ingredients,1,0.0,0.0,0.0,cash
2026-02-04,TX-B5_cash_constrained_restaurant-d00-001739,Khobar - Main Kitchen,Khobar,Mystery Bulk Item A,HOLE-NODATA-01,Ingredients,1,0.0,0.0,0.0,mada
2026-02-05,TX-B5_cash_constrained_restaurant-d00-001740,Khobar - Main Kitchen,Khobar,Mystery Bulk Item A,HOLE-NODATA-01,Ingredients,1,0.0,0.0,0.0,mada
2026-02-06,TX-B5_cash_constrained_restaurant-d00-001741,Khobar - Main Kitchen,Khobar,Mystery Bulk Item A,HOLE-NODATA-01,Ingredients,1,0.0,0.0,0.0,card
2026-02-07,TX-B5_cash_constrained_restaurant-d00-001742,Khobar - Main Kitchen,Khobar,Mystery Bulk Item A,HOLE-NODATA-01,Ingredients,1,0.0,0.0,0.0,cash
2026-02-08,TX-B5_cash_constrained_restaurant-d00-001743,Khobar - Main Kitchen,Khobar,Mystery Bulk Item A,HOLE-NODATA-01,Ingredients,1,0.0,0.0,0.0,card
2026-02-09,TX-B5_cash_constrained_restaurant-d00-001744,Khobar - Main Kitchen,Khobar,Mystery Bulk Item A,HOLE-NODATA-01,Ingredients,1,0.0,0.0,0.0,card
2026-02-10,TX-B5_cash_constrained_restaurant-d00-001745,Khobar - Main Kitchen,Khobar,Mystery Bulk Item A,HOLE-NODATA-01,Ingredients,1,0.0,0.0,0.0,card
2026-02-11,TX-B5_cash_constrained_restaurant-d00-001746,Khobar - Main Kitchen,Khobar,Mystery Bulk Item A,HOLE-NODATA-01,Ingredients,1,0.0,0.0,0.0,mada
2026-02-12,TX-B5_cash_constrained_restaurant-d00-001747,Khobar - Main Kitchen,Khobar,Mystery Bulk Item A,HOLE-NODATA-01,Ingredients,1,0.0,0.0,0.0,mada
2026-02-13,TX-B5_cash_constrained_restaurant-d00-001748,Khobar - Main Kitchen,Khobar,Mystery Bulk Item A,HOLE-NODATA-01,Ingredients,1,0.0,0.0,0.0,mada
2026-02-14,TX-B5_cash_constrained_restaurant-d00-001749,Khobar - Main Kitchen,Khobar,Mystery Bulk Item A,HOLE-NODATA-01,Ingredients,1,0.0,0.0,0.0,card
2026-02-15,TX-B5_cash_constrained_restaurant-d00-001750,Khobar - Main Kitchen,Khobar,Mystery Bulk Item A,HOLE-NODATA-01,Ingredients,1,0.0,0.0,0.0,card
2026-02-16,TX-B5_cash_constrained_restaurant-d00-001751,Khobar - Main Kitchen,Khobar,Mystery Bulk Item A,HOLE-NODATA-01,Ingredients,1,0.0,0.0,0.0,mada
2026-02-17,TX-B5_cash_constrained_restaurant-d00-001752,Khobar - Main Kitchen,Khobar,Mystery Bulk Item A,HOLE-NODATA-01,Ingredients,1,0.0,0.0,0.0,mada
2026-02-18,TX-B5_cash_constrained_restaurant-d00-001753,Khobar - Main Kitchen,Khobar,Mystery Bulk Item A,HOLE-NODATA-01,Ingredients,1,0.0,0.0,0.0,mada
2026-02-19,TX-B5_cash_constrained_restaurant-d00-001754,Khobar - Main Kitchen,Khobar,Mystery Bulk Item A,HOLE-NODATA-01,Ingredients,1,0.0,0.0,0.0,mada
2026-02-20,TX-B5_cash_constrained_restaurant-d00-001755,Khobar - Main Kitchen,Khobar,Mystery Bulk Item A,HOLE-NODATA-01,Ingredients,1,0.0,0.0,0.0,card
2026-02-21,TX-B5_cash_constrained_restaurant-d00-001756,Khobar - Main Kitchen,Khobar,Mystery Bulk Item A,HOLE-NODATA-01,Ingredients,1,0.0,0.0,0.0,mada
2026-02-22,TX-B5_cash_constrained_restaurant-d00-001757,Khobar - Main Kitchen,Khobar,Mystery Bulk Item A,HOLE-NODATA-01,Ingredients,1,0.0,0.0,0.0,card
2026-02-23,TX-B5_cash_constrained_restaurant-d00-001758,Khobar - Main Kitchen,Khobar,Mystery Bulk Item A,HOLE-NODATA-01,Ingredients,1,0.0,0.0,0.0,cash
2026-02-24,TX-B5_cash_constrained_restaurant-d00-001759,Khobar - Main Kitchen,Khobar,Mystery Bulk Item A,HOLE-NODATA-01,Ingredients,1,0.0,0.0,0.0,cash
2026-02-25,TX-B5_cash_constrained_restaurant-d00-001760,Khobar - Main Kitchen,Khobar,Mystery Bulk Item A,HOLE-NODATA-01,Ingredients,1,0.0,0.0,0.0,card
2026-02-26,TX-B5_cash_constrained_restaurant-d00-001761,Khobar - Main Kitchen,Khobar,Mystery Bulk Item A,HOLE-NODATA-01,Ingredients,1,0.0,0.0,0.0,cash
2026-02-27,TX-B5_cash_constrained_restaurant-d00-001762,Khobar - Main Kitchen,Khobar,Mystery Bulk Item A,HOLE-NODATA-01,Ingredients,1,0.0,0.0,0.0,mada
2026-02-28,TX-B5_cash_constrained_restaurant-d00-001763,Khobar - Main Kitchen,Khobar,Mystery Bulk Item A,HOLE-NODATA-01,Ingredients,1,0.0,0.0,0.0,cash
2026-03-01,TX-B5_cash_constrained_restaurant-d00-001764,Khobar - Main Kitchen,Khobar,Mystery Bulk Item A,HOLE-NODATA-01,Ingredients,1,0.0,0.0,0.0,cash
2026-03-02,TX-B5_cash_constrained_restaurant-d00-001765,Khobar - Main Kitchen,Khobar,Mystery Bulk Item A,HOLE-NODATA-01,Ingredients,1,0.0,0.0,0.0,mada
2026-03-03,TX-B5_cash_constrained_restaurant-d00-001766,Khobar - Main Kitchen,Khobar,Mystery Bulk Item A,HOLE-NODATA-01,Ingredients,1,0.0,0.0,0.0,mada
2026-03-04,TX-B5_cash_constrained_restaurant-d00-001767,Khobar - Main Kitchen,Khobar,Mystery Bulk Item A,HOLE-NODATA-01,Ingredients,1,0.0,0.0,0.0,mada
2026-03-05,TX-B5_cash_constrained_restaurant-d00-001768,Khobar - Main Kitchen,Khobar,Mystery Bulk Item A,HOLE-NODATA-01,Ingredients,1,0.0,0.0,0.0,cash
2026-03-06,TX-B5_cash_constrained_restaurant-d00-001769,Khobar - Main Kitchen,Khobar,Mystery Bulk Item A,HOLE-NODATA-01,Ingredients,1,0.0,0.0,0.0,mada
2026-03-07,TX-B5_cash_constrained_restaurant-d00-001770,Khobar - Main Kitchen,Khobar,Mystery Bulk Item A,HOLE-NODATA-01,Ingredients,1,0.0,0.0,0.0,cash
2026-03-08,TX-B5_cash_constrained_restaurant-d00-001771,Khobar - Main Kitchen,Khobar,Mystery Bulk Item A,HOLE-NODATA-01,Ingredients,1,0.0,0.0,0.0,card
2026-03-09,TX-B5_cash_constrained_restaurant-d00-001772,Khobar - Main Kitchen,Khobar,Mystery Bulk Item A,HOLE-NODATA-01,Ingredients,1,0.0,0.0,0.0,mada
2026-03-10,TX-B5_cash_constrained_restaurant-d00-001773,Khobar - Main Kitchen,Khobar,Mystery Bulk Item A,HOLE-NODATA-01,Ingredients,1,0.0,0.0,0.0,card
2026-03-11,TX-B5_cash_constrained_restaurant-d00-001774,Khobar - Main Kitchen,Khobar,Mystery Bulk Item A,HOLE-NODATA-01,Ingredients,1,0.0,0.0,0.0,mada
2026-03-12,TX-B5_cash_constrained_restaurant-d00-001775,Khobar - Main Kitchen,Khobar,Mystery Bulk Item A,HOLE-NODATA-01,Ingredients,1,0.0,0.0,0.0,cash
2026-03-13,TX-B5_cash_constrained_restaurant-d00-001776,Khobar - Main Kitchen,Khobar,Mystery Bulk Item A,HOLE-NODATA-01,Ingredients,1,0.0,0.0,0.0,cash
2026-03-14,TX-B5_cash_constrained_restaurant-d00-001777,Khobar - Main Kitchen,Khobar,Mystery Bulk Item A,HOLE-NODATA-01,Ingredients,1,0.0,0.0,0.0,card
2026-03-15,TX-B5_cash_constrained_restaurant-d00-001778,Khobar - Main Kitchen,Khobar,Mystery Bulk Item A,HOLE-NODATA-01,Ingredients,1,0.0,0.0,0.0,mada
2026-03-16,TX-B5_cash_constrained_restaurant-d00-001779,Khobar - Main Kitchen,Khobar,Mystery Bulk Item A,HOLE-NODATA-01,Ingredients,1,0.0,0.0,0.0,mada
2026-03-17,TX-B5_cash_constrained_restaurant-d00-001780,Khobar - Main Kitchen,Khobar,Mystery Bulk Item A,HOLE-NODATA-01,Ingredients,1,0.0,0.0,0.0,card
2026-03-18,TX-B5_cash_constrained_restaurant-d00-001781,Khobar - Main Kitchen,Khobar,Mystery Bulk Item A,HOLE-NODATA-01,Ingredients,1,0.0,0.0,0.0,mada
2026-03-19,TX-B5_cash_constrained_restaurant-d00-001782,Khobar - Main Kitchen,Khobar,Mystery Bulk Item A,HOLE-NODATA-01,Ingredients,1,0.0,0.0,0.0,cash
2026-03-20,TX-B5_cash_constrained_restaurant-d00-001783,Khobar - Main Kitchen,Khobar,Mystery Bulk Item A,HOLE-NODATA-01,Ingredients,1,0.0,0.0,0.0,card
2026-03-21,TX-B5_cash_constrained_restaurant-d00-001784,Khobar - Main Kitchen,Khobar,Mystery Bulk Item A,HOLE-NODATA-01,Ingredients,1,0.0,0.0,0.0,cash
2026-03-23,TX-B5_cash_constrained_restaurant-d00-001785,Khobar - Main Kitchen,Khobar,Mystery Bulk Item A,HOLE-NODATA-01,Ingredients,1,0.0,0.0,0.0,mada
2026-03-24,TX-B5_cash_constrained_restaurant-d00-001786,Khobar - Main Kitchen,Khobar,Mystery Bulk Item A,HOLE-NODATA-01,Ingredients,1,0.0,0.0,0.0,cash
2026-03-25,TX-B5_cash_constrained_restaurant-d00-001787,Khobar - Main Kitchen,Khobar,Mystery Bulk Item A,HOLE-NODATA-01,Ingredients,1,0.0,0.0,0.0,mada
2026-03-26,TX-B5_cash_constrained_restaurant-d00-001788,Khobar - Main Kitchen,Khobar,Mystery Bulk Item A,HOLE-NODATA-01,Ingredients,1,0.0,0.0,0.0,mada
2026-03-27,TX-B5_cash_constrained_restaurant-d00-001789,Khobar - Main Kitchen,Khobar,Mystery Bulk Item A,HOLE-NODATA-01,Ingredients,1,0.0,0.0,0.0,mada
2026-03-28,TX-B5_cash_constrained_restaurant-d00-001790,Khobar - Main Kitchen,Khobar,Mystery Bulk Item A,HOLE-NODATA-01,Ingredients,1,0.0,0.0,0.0,mada
2026-03-29,TX-B5_cash_constrained_restaurant-d00-001791,Khobar - Main Kitchen,Khobar,Mystery Bulk Item A,HOLE-NODATA-01,Ingredients,1,0.0,0.0,0.0,card
2026-03-30,TX-B5_cash_constrained_restaurant-d00-001792,Khobar - Main Kitchen,Khobar,Mystery Bulk Item A,HOLE-NODATA-01,Ingredients,1,0.0,0.0,0.0,card
2026-03-31,TX-B5_cash_constrained_restaurant-d00-001793,Khobar - Main Kitchen,Khobar,Mystery Bulk Item A,HOLE-NODATA-01,Ingredients,1,0.0,0.0,0.0,cash
2026-04-01,TX-B5_cash_constrained_restaurant-d00-001794,Khobar - Main Kitchen,Khobar,Mystery Bulk Item A,HOLE-NODATA-01,Ingredients,1,0.0,0.0,0.0,card
2026-04-02,TX-B5_cash_constrained_restaurant-d00-001795,Khobar - Main Kitchen,Khobar,Mystery Bulk Item A,HOLE-NODATA-01,Ingredients,1,0.0,0.0,0.0,mada
2026-04-03,TX-B5_cash_constrained_restaurant-d00-001796,Khobar - Main Kitchen,Khobar,Mystery Bulk Item A,HOLE-NODATA-01,Ingredients,1,0.0,0.0,0.0,cash
2026-04-04,TX-B5_cash_constrained_restaurant-d00-001797,Khobar - Main Kitchen,Khobar,Mystery Bulk Item A,HOLE-NODATA-01,Ingredients,1,0.0,0.0,0.0,mada
2026-04-05,TX-B5_cash_constrained_restaurant-d00-001798,Khobar - Main Kitchen,Khobar,Mystery Bulk Item A,HOLE-NODATA-01,Ingredients,1,0.0,0.0,0.0,card
2026-04-06,TX-B5_cash_constrained_restaurant-d00-001799,Khobar - Main Kitchen,Khobar,Mystery Bulk Item A,HOLE-NODATA-01,Ingredients,1,0.0,0.0,0.0,cash
2026-04-07,TX-B5_cash_constrained_restaurant-d00-001800,Khobar - Main Kitchen,Khobar,Mystery Bulk Item A,HOLE-NODATA-01,Ingredients,1,0.0,0.0,0.0,card
2026-04-08,TX-B5_cash_constrained_restaurant-d00-001801,Khobar - Main Kitchen,Khobar,Mystery Bulk Item A,HOLE-NODATA-01,Ingredients,1,0.0,0.0,0.0,cash
2026-04-09,TX-B5_cash_constrained_restaurant-d00-001802,Khobar - Main Kitchen,Khobar,Mystery Bulk Item A,HOLE-NODATA-01,Ingredients,1,0.0,0.0,0.0,mada
2026-04-10,TX-B5_cash_constrained_restaurant-d00-001803,Khobar - Main Kitchen,Khobar,Mystery Bulk Item A,HOLE-NODATA-01,Ingredients,1,0.0,0.0,0.0,cash
2026-04-11,TX-B5_cash_constrained_restaurant-d00-001804,Khobar - Main Kitchen,Khobar,Mystery Bulk Item A,HOLE-NODATA-01,Ingredients,1,0.0,0.0,0.0,cash
2026-04-12,TX-B5_cash_constrained_restaurant-d00-001805,Khobar - Main Kitchen,Khobar,Mystery Bulk Item A,HOLE-NODATA-01,Ingredients,1,0.0,0.0,0.0,mada
2026-04-13,TX-B5_cash_constrained_restaurant-d00-001806,Khobar - Main Kitchen,Khobar,Mystery Bulk Item A,HOLE-NODATA-01,Ingredients,1,0.0,0.0,0.0,cash
2026-04-14,TX-B5_cash_constrained_restaurant-d00-001807,Khobar - Main Kitchen,Khobar,Mystery Bulk Item A,HOLE-NODATA-01,Ingredients,1,0.0,0.0,0.0,mada
2026-04-15,TX-B5_cash_constrained_restaurant-d00-001808,Khobar - Main Kitchen,Khobar,Mystery Bulk Item A,HOLE-NODATA-01,Ingredients,1,0.0,0.0,0.0,card
2026-04-16,TX-B5_cash_constrained_restaurant-d00-001809,Khobar - Main Kitchen,Khobar,Mystery Bulk Item A,HOLE-NODATA-01,Ingredients,1,0.0,0.0,0.0,cash
2026-04-17,TX-B5_cash_constrained_restaurant-d00-001810,Khobar - Main Kitchen,Khobar,Mystery Bulk Item A,HOLE-NODATA-01,Ingredients,1,0.0,0.0,0.0,cash
2026-04-18,TX-B5_cash_constrained_restaurant-d00-001811,Khobar - Main Kitchen,Khobar,Mystery Bulk Item A,HOLE-NODATA-01,Ingredients,1,0.0,0.0,0.0,card
2026-04-19,TX-B5_cash_constrained_restaurant-d00-001812,Khobar - Main Kitchen,Khobar,Mystery Bulk Item A,HOLE-NODATA-01,Ingredients,1,0.0,0.0,0.0,cash
2026-04-20,TX-B5_cash_constrained_restaurant-d00-001813,Khobar - Main Kitchen,Khobar,Mystery Bulk Item A,HOLE-NODATA-01,Ingredients,1,0.0,0.0,0.0,card
2026-04-21,TX-B5_cash_constrained_restaurant-d00-001814,Khobar - Main Kitchen,Khobar,Mystery Bulk Item A,HOLE-NODATA-01,Ingredients,1,0.0,0.0,0.0,cash
2026-04-22,TX-B5_cash_constrained_restaurant-d00-001815,Khobar - Main Kitchen,Khobar,Mystery Bulk Item A,HOLE-NODATA-01,Ingredients,1,0.0,0.0,0.0,card
2026-04-23,TX-B5_cash_constrained_restaurant-d00-001816,Khobar - Main Kitchen,Khobar,Mystery Bulk Item A,HOLE-NODATA-01,Ingredients,1,0.0,0.0,0.0,cash
2026-04-24,TX-B5_cash_constrained_restaurant-d00-001817,Khobar - Main Kitchen,Khobar,Mystery Bulk Item A,HOLE-NODATA-01,Ingredients,1,0.0,0.0,0.0,mada
2026-04-25,TX-B5_cash_constrained_restaurant-d00-001818,Khobar - Main Kitchen,Khobar,Mystery Bulk Item A,HOLE-NODATA-01,Ingredients,1,0.0,0.0,0.0,card
2026-04-26,TX-B5_cash_constrained_restaurant-d00-001819,Khobar - Main Kitchen,Khobar,Mystery Bulk Item A,HOLE-NODATA-01,Ingredients,1,0.0,0.0,0.0,mada
2026-04-27,TX-B5_cash_constrained_restaurant-d00-001820,Khobar - Main Kitchen,Khobar,Mystery Bulk Item A,HOLE-NODATA-01,Ingredients,1,0.0,0.0,0.0,cash
2026-04-28,TX-B5_cash_constrained_restaurant-d00-001821,Khobar - Main Kitchen,Khobar,Mystery Bulk Item A,HOLE-NODATA-01,Ingredients,1,0.0,0.0,0.0,card
2026-04-29,TX-B5_cash_constrained_restaurant-d00-001822,Khobar - Main Kitchen,Khobar,Mystery Bulk Item A,HOLE-NODATA-01,Ingredients,1,0.0,0.0,0.0,cash
2026-04-30,TX-B5_cash_constrained_restaurant-d00-001823,Khobar - Main Kitchen,Khobar,Mystery Bulk Item A,HOLE-NODATA-01,Ingredients,1,0.0,0.0,0.0,cash
2026-05-01,TX-B5_cash_constrained_restaurant-d00-001824,Khobar - Main Kitchen,Khobar,Mystery Bulk Item A,HOLE-NODATA-01,Ingredients,1,0.0,0.0,0.0,mada
2026-05-02,TX-B5_cash_constrained_restaurant-d00-001825,Khobar - Main Kitchen,Khobar,Mystery Bulk Item A,HOLE-NODATA-01,Ingredients,1,0.0,0.0,0.0,card
2026-05-03,TX-B5_cash_constrained_restaurant-d00-001826,Khobar - Main Kitchen,Khobar,Mystery Bulk Item A,HOLE-NODATA-01,Ingredients,1,0.0,0.0,0.0,mada
2026-05-04,TX-B5_cash_constrained_restaurant-d00-001827,Khobar - Main Kitchen,Khobar,Mystery Bulk Item A,HOLE-NODATA-01,Ingredients,1,0.0,0.0,0.0,mada
2026-05-05,TX-B5_cash_constrained_restaurant-d00-001828,Khobar - Main Kitchen,Khobar,Mystery Bulk Item A,HOLE-NODATA-01,Ingredients,1,0.0,0.0,0.0,cash
2026-05-06,TX-B5_cash_constrained_restaurant-d00-001829,Khobar - Main Kitchen,Khobar,Mystery Bulk Item A,HOLE-NODATA-01,Ingredients,1,0.0,0.0,0.0,mada
2026-05-07,TX-B5_cash_constrained_restaurant-d00-001830,Khobar - Main Kitchen,Khobar,Mystery Bulk Item A,HOLE-NODATA-01,Ingredients,1,0.0,0.0,0.0,mada
2026-05-08,TX-B5_cash_constrained_restaurant-d00-001831,Khobar - Main Kitchen,Khobar,Mystery Bulk Item A,HOLE-NODATA-01,Ingredients,1,0.0,0.0,0.0,mada
2026-05-09,TX-B5_cash_constrained_restaurant-d00-001832,Khobar - Main Kitchen,Khobar,Mystery Bulk Item A,HOLE-NODATA-01,Ingredients,1,0.0,0.0,0.0,cash
2026-05-10,TX-B5_cash_constrained_restaurant-d00-001833,Khobar - Main Kitchen,Khobar,Mystery Bulk Item A,HOLE-NODATA-01,Ingredients,1,0.0,0.0,0.0,mada
2026-05-11,TX-B5_cash_constrained_restaurant-d00-001834,Khobar - Main Kitchen,Khobar,Mystery Bulk Item A,HOLE-NODATA-01,Ingredients,1,0.0,0.0,0.0,card
2026-05-12,TX-B5_cash_constrained_restaurant-d00-001835,Khobar - Main Kitchen,Khobar,Mystery Bulk Item A,HOLE-NODATA-01,Ingredients,1,0.0,0.0,0.0,cash
2026-05-13,TX-B5_cash_constrained_restaurant-d00-001836,Khobar - Main Kitchen,Khobar,Mystery Bulk Item A,HOLE-NODATA-01,Ingredients,1,0.0,0.0,0.0,card
2026-05-14,TX-B5_cash_constrained_restaurant-d00-001837,Khobar - Main Kitchen,Khobar,Mystery Bulk Item A,HOLE-NODATA-01,Ingredients,1,0.0,0.0,0.0,mada
2026-05-15,TX-B5_cash_constrained_restaurant-d00-001838,Khobar - Main Kitchen,Khobar,Mystery Bulk Item A,HOLE-NODATA-01,Ingredients,1,0.0,0.0,0.0,mada
2026-05-16,TX-B5_cash_constrained_restaurant-d00-001839,Khobar - Main Kitchen,Khobar,Mystery Bulk Item A,HOLE-NODATA-01,Ingredients,1,0.0,0.0,0.0,card
2026-05-17,TX-B5_cash_constrained_restaurant-d00-001840,Khobar - Main Kitchen,Khobar,Mystery Bulk Item A,HOLE-NODATA-01,Ingredients,1,0.0,0.0,0.0,mada
2026-05-18,TX-B5_cash_constrained_restaurant-d00-001841,Khobar - Main Kitchen,Khobar,Mystery Bulk Item A,HOLE-NODATA-01,Ingredients,1,0.0,0.0,0.0,mada
2026-05-19,TX-B5_cash_constrained_restaurant-d00-001842,Khobar - Main Kitchen,Khobar,Mystery Bulk Item A,HOLE-NODATA-01,Ingredients,1,0.0,0.0,0.0,card
2026-05-20,TX-B5_cash_constrained_restaurant-d00-001843,Khobar - Main Kitchen,Khobar,Mystery Bulk Item A,HOLE-NODATA-01,Ingredients,1,0.0,0.0,0.0,cash
2026-05-21,TX-B5_cash_constrained_restaurant-d00-001844,Khobar - Main Kitchen,Khobar,Mystery Bulk Item A,HOLE-NODATA-01,Ingredients,1,0.0,0.0,0.0,cash
2026-05-22,TX-B5_cash_constrained_restaurant-d00-001845,Khobar - Main Kitchen,Khobar,Mystery Bulk Item A,HOLE-NODATA-01,Ingredients,1,0.0,0.0,0.0,card
2026-05-24,TX-B5_cash_constrained_restaurant-d00-001846,Khobar - Main Kitchen,Khobar,Mystery Bulk Item A,HOLE-NODATA-01,Ingredients,1,0.0,0.0,0.0,cash
2026-05-25,TX-B5_cash_constrained_restaurant-d00-001847,Khobar - Main Kitchen,Khobar,Mystery Bulk Item A,HOLE-NODATA-01,Ingredients,1,0.0,0.0,0.0,cash
2026-05-26,TX-B5_cash_constrained_restaurant-d00-001848,Khobar - Main Kitchen,Khobar,Mystery Bulk Item A,HOLE-NODATA-01,Ingredients,1,0.0,0.0,0.0,cash
2026-05-27,TX-B5_cash_constrained_restaurant-d00-001849,Khobar - Main Kitchen,Khobar,Mystery Bulk Item A,HOLE-NODATA-01,Ingredients,1,0.0,0.0,0.0,cash
2026-05-28,TX-B5_cash_constrained_restaurant-d00-001850,Khobar - Main Kitchen,Khobar,Mystery Bulk Item A,HOLE-NODATA-01,Ingredients,1,0.0,0.0,0.0,card
2026-05-29,TX-B5_cash_constrained_restaurant-d00-001851,Khobar - Main Kitchen,Khobar,Mystery Bulk Item A,HOLE-NODATA-01,Ingredients,1,0.0,0.0,0.0,mada
2026-05-30,TX-B5_cash_constrained_restaurant-d00-001852,Khobar - Main Kitchen,Khobar,Mystery Bulk Item A,HOLE-NODATA-01,Ingredients,1,0.0,0.0,0.0,mada
2026-05-31,TX-B5_cash_constrained_restaurant-d00-001853,Khobar - Main Kitchen,Khobar,Mystery Bulk Item A,HOLE-NODATA-01,Ingredients,1,0.0,0.0,0.0,cash
2026-06-01,TX-B5_cash_constrained_restaurant-d00-001854,Khobar - Main Kitchen,Khobar,Mystery Bulk Item A,HOLE-NODATA-01,Ingredients,1,0.0,0.0,0.0,cash
2026-06-02,TX-B5_cash_constrained_restaurant-d00-001855,Khobar - Main Kitchen,Khobar,Mystery Bulk Item A,HOLE-NODATA-01,Ingredients,1,0.0,0.0,0.0,cash
2026-06-03,TX-B5_cash_constrained_restaurant-d00-001856,Khobar - Main Kitchen,Khobar,Mystery Bulk Item A,HOLE-NODATA-01,Ingredients,1,0.0,0.0,0.0,mada
2026-06-04,TX-B5_cash_constrained_restaurant-d00-001857,Khobar - Main Kitchen,Khobar,Mystery Bulk Item A,HOLE-NODATA-01,Ingredients,1,0.0,0.0,0.0,cash
2026-06-05,TX-B5_cash_constrained_restaurant-d00-001858,Khobar - Main Kitchen,Khobar,Mystery Bulk Item A,HOLE-NODATA-01,Ingredients,1,0.0,0.0,0.0,cash
2026-06-06,TX-B5_cash_constrained_restaurant-d00-001859,Khobar - Main Kitchen,Khobar,Mystery Bulk Item A,HOLE-NODATA-01,Ingredients,1,0.0,0.0,0.0,card
2026-06-07,TX-B5_cash_constrained_restaurant-d00-001860,Khobar - Main Kitchen,Khobar,Mystery Bulk Item A,HOLE-NODATA-01,Ingredients,1,0.0,0.0,0.0,card
2026-06-08,TX-B5_cash_constrained_restaurant-d00-001861,Khobar - Main Kitchen,Khobar,Mystery Bulk Item A,HOLE-NODATA-01,Ingredients,1,0.0,0.0,0.0,cash
2026-06-09,TX-B5_cash_constrained_restaurant-d00-001862,Khobar - Main Kitchen,Khobar,Mystery Bulk Item A,HOLE-NODATA-01,Ingredients,1,0.0,0.0,0.0,mada
2026-06-10,TX-B5_cash_constrained_restaurant-d00-001863,Khobar - Main Kitchen,Khobar,Mystery Bulk Item A,HOLE-NODATA-01,Ingredients,1,0.0,0.0,0.0,mada
2026-06-11,TX-B5_cash_constrained_restaurant-d00-001864,Khobar - Main Kitchen,Khobar,Mystery Bulk Item A,HOLE-NODATA-01,Ingredients,1,0.0,0.0,0.0,mada
2026-06-12,TX-B5_cash_constrained_restaurant-d00-001865,Khobar - Main Kitchen,Khobar,Mystery Bulk Item A,HOLE-NODATA-01,Ingredients,1,0.0,0.0,0.0,cash
2026-06-13,TX-B5_cash_constrained_restaurant-d00-001866,Khobar - Main Kitchen,Khobar,Mystery Bulk Item A,HOLE-NODATA-01,Ingredients,1,0.0,0.0,0.0,cash
2026-06-14,TX-B5_cash_constrained_restaurant-d00-001867,Khobar - Main Kitchen,Khobar,Mystery Bulk Item A,HOLE-NODATA-01,Ingredients,1,0.0,0.0,0.0,cash
2026-06-15,TX-B5_cash_constrained_restaurant-d00-001868,Khobar - Main Kitchen,Khobar,Mystery Bulk Item A,HOLE-NODATA-01,Ingredients,1,0.0,0.0,0.0,card
2026-06-16,TX-B5_cash_constrained_restaurant-d00-001869,Khobar - Main Kitchen,Khobar,Mystery Bulk Item A,HOLE-NODATA-01,Ingredients,1,0.0,0.0,0.0,mada
2026-06-17,TX-B5_cash_constrained_restaurant-d00-001870,Khobar - Main Kitchen,Khobar,Mystery Bulk Item A,HOLE-NODATA-01,Ingredients,1,0.0,0.0,0.0,cash
2026-06-18,TX-B5_cash_constrained_restaurant-d00-001871,Khobar - Main Kitchen,Khobar,Mystery Bulk Item A,HOLE-NODATA-01,Ingredients,1,0.0,0.0,0.0,card
2026-06-19,TX-B5_cash_constrained_restaurant-d00-001872,Khobar - Main Kitchen,Khobar,Mystery Bulk Item A,HOLE-NODATA-01,Ingredients,1,0.0,0.0,0.0,card
2026-06-20,TX-B5_cash_constrained_restaurant-d00-001873,Khobar - Main Kitchen,Khobar,Mystery Bulk Item A,HOLE-NODATA-01,Ingredients,1,0.0,0.0,0.0,card
2026-06-21,TX-B5_cash_constrained_restaurant-d00-001874,Khobar - Main Kitchen,Khobar,Mystery Bulk Item A,HOLE-NODATA-01,Ingredients,1,0.0,0.0,0.0,card
2026-06-22,TX-B5_cash_constrained_restaurant-d00-001875,Khobar - Main Kitchen,Khobar,Mystery Bulk Item A,HOLE-NODATA-01,Ingredients,1,0.0,0.0,0.0,cash
2026-06-23,TX-B5_cash_constrained_restaurant-d00-001876,Khobar - Main Kitchen,Khobar,Mystery Bulk Item A,HOLE-NODATA-01,Ingredients,1,0.0,0.0,0.0,mada
2026-06-24,TX-B5_cash_constrained_restaurant-d00-001877,Khobar - Main Kitchen,Khobar,Mystery Bulk Item A,HOLE-NODATA-01,Ingredients,1,0.0,0.0,0.0,mada
2026-06-25,TX-B5_cash_constrained_restaurant-d00-001878,Khobar - Main Kitchen,Khobar,Mystery Bulk Item A,HOLE-NODATA-01,Ingredients,1,0.0,0.0,0.0,card
2026-06-26,TX-B5_cash_constrained_restaurant-d00-001879,Khobar - Main Kitchen,Khobar,Mystery Bulk Item A,HOLE-NODATA-01,Ingredients,1,0.0,0.0,0.0,card
2026-06-27,TX-B5_cash_constrained_restaurant-d00-001880,Khobar - Main Kitchen,Khobar,Mystery Bulk Item A,HOLE-NODATA-01,Ingredients,1,0.0,0.0,0.0,card
2026-06-28,TX-B5_cash_constrained_restaurant-d00-001881,Khobar - Main Kitchen,Khobar,Mystery Bulk Item A,HOLE-NODATA-01,Ingredients,1,0.0,0.0,0.0,cash
2026-06-29,TX-B5_cash_constrained_restaurant-d00-001882,Khobar - Main Kitchen,Khobar,Mystery Bulk Item A,HOLE-NODATA-01,Ingredients,1,0.0,0.0,0.0,cash
2026-06-30,TX-B5_cash_constrained_restaurant-d00-001883,Khobar - Main Kitchen,Khobar,Mystery Bulk Item A,HOLE-NODATA-01,Ingredients,1,0.0,0.0,0.0,cash
2026-07-01,TX-B5_cash_constrained_restaurant-d00-001884,Khobar - Main Kitchen,Khobar,Mystery Bulk Item A,HOLE-NODATA-01,Ingredients,1,0.0,0.0,0.0,card
2026-07-02,TX-B5_cash_constrained_restaurant-d00-001885,Khobar - Main Kitchen,Khobar,Mystery Bulk Item A,HOLE-NODATA-01,Ingredients,1,0.0,0.0,0.0,mada
2026-07-03,TX-B5_cash_constrained_restaurant-d00-001886,Khobar - Main Kitchen,Khobar,Mystery Bulk Item A,HOLE-NODATA-01,Ingredients,1,0.0,0.0,0.0,mada
2026-07-04,TX-B5_cash_constrained_restaurant-d00-001887,Khobar - Main Kitchen,Khobar,Mystery Bulk Item A,HOLE-NODATA-01,Ingredients,1,0.0,0.0,0.0,mada
2026-07-06,TX-B5_cash_constrained_restaurant-d00-001888,Khobar - Main Kitchen,Khobar,Mystery Bulk Item A,HOLE-NODATA-01,Ingredients,1,0.0,0.0,0.0,card
2026-07-07,TX-B5_cash_constrained_restaurant-d00-001889,Khobar - Main Kitchen,Khobar,Mystery Bulk Item A,HOLE-NODATA-01,Ingredients,1,0.0,0.0,0.0,mada
2026-07-08,TX-B5_cash_constrained_restaurant-d00-001890,Khobar - Main Kitchen,Khobar,Mystery Bulk Item A,HOLE-NODATA-01,Ingredients,1,0.0,0.0,0.0,card
2026-07-09,TX-B5_cash_constrained_restaurant-d00-001891,Khobar - Main Kitchen,Khobar,Mystery Bulk Item A,HOLE-NODATA-01,Ingredients,1,0.0,0.0,0.0,card
2026-07-10,TX-B5_cash_constrained_restaurant-d00-001892,Khobar - Main Kitchen,Khobar,Mystery Bulk Item A,HOLE-NODATA-01,Ingredients,1,0.0,0.0,0.0,mada
2026-07-11,TX-B5_cash_constrained_restaurant-d00-001893,Khobar - Main Kitchen,Khobar,Mystery Bulk Item A,HOLE-NODATA-01,Ingredients,1,0.0,0.0,0.0,card
2026-07-12,TX-B5_cash_constrained_restaurant-d00-001894,Khobar - Main Kitchen,Khobar,Mystery Bulk Item A,HOLE-NODATA-01,Ingredients,1,0.0,0.0,0.0,cash
2026-07-13,TX-B5_cash_constrained_restaurant-d00-001895,Khobar - Main Kitchen,Khobar,Mystery Bulk Item A,HOLE-NODATA-01,Ingredients,1,0.0,0.0,0.0,mada
2026-07-14,TX-B5_cash_constrained_restaurant-d00-001896,Khobar - Main Kitchen,Khobar,Mystery Bulk Item A,HOLE-NODATA-01,Ingredients,1,0.0,0.0,0.0,card
2026-07-15,TX-B5_cash_constrained_restaurant-d00-001897,Khobar - Main Kitchen,Khobar,Mystery Bulk Item A,HOLE-NODATA-01,Ingredients,1,0.0,0.0,0.0,card
2026-07-16,TX-B5_cash_constrained_restaurant-d00-001898,Khobar - Main Kitchen,Khobar,Mystery Bulk Item A,HOLE-NODATA-01,Ingredients,1,0.0,0.0,0.0,mada
2026-07-17,TX-B5_cash_constrained_restaurant-d00-001899,Khobar - Main Kitchen,Khobar,Mystery Bulk Item A,HOLE-NODATA-01,Ingredients,1,0.0,0.0,0.0,card
2026-07-18,TX-B5_cash_constrained_restaurant-d00-001900,Khobar - Main Kitchen,Khobar,Mystery Bulk Item A,HOLE-NODATA-01,Ingredients,1,0.0,0.0,0.0,card
2026-07-19,TX-B5_cash_constrained_restaurant-d00-001901,Khobar - Main Kitchen,Khobar,Mystery Bulk Item A,HOLE-NODATA-01,Ingredients,1,0.0,0.0,0.0,cash
2026-07-20,TX-B5_cash_constrained_restaurant-d00-001902,Khobar - Main Kitchen,Khobar,Mystery Bulk Item A,HOLE-NODATA-01,Ingredients,1,0.0,0.0,0.0,mada
2026-07-21,TX-B5_cash_constrained_restaurant-d00-001903,Khobar - Main Kitchen,Khobar,Mystery Bulk Item A,HOLE-NODATA-01,Ingredients,1,0.0,0.0,0.0,cash
2026-07-22,TX-B5_cash_constrained_restaurant-d00-001904,Khobar - Main Kitchen,Khobar,Mystery Bulk Item A,HOLE-NODATA-01,Ingredients,1,0.0,0.0,0.0,card
2026-07-23,TX-B5_cash_constrained_restaurant-d00-001905,Khobar - Main Kitchen,Khobar,Mystery Bulk Item A,HOLE-NODATA-01,Ingredients,1,0.0,0.0,0.0,card
2026-07-24,TX-B5_cash_constrained_restaurant-d00-001906,Khobar - Main Kitchen,Khobar,Mystery Bulk Item A,HOLE-NODATA-01,Ingredients,1,0.0,0.0,0.0,cash
2026-07-25,TX-B5_cash_constrained_restaurant-d00-001907,Khobar - Main Kitchen,Khobar,Mystery Bulk Item A,HOLE-NODATA-01,Ingredients,1,0.0,0.0,0.0,card
2026-07-26,TX-B5_cash_constrained_restaurant-d00-001908,Khobar - Main Kitchen,Khobar,Mystery Bulk Item A,HOLE-NODATA-01,Ingredients,1,0.0,0.0,0.0,cash
2026-07-28,TX-B5_cash_constrained_restaurant-d00-001909,Khobar - Main Kitchen,Khobar,Mystery Bulk Item A,HOLE-NODATA-01,Ingredients,1,0.0,0.0,0.0,cash
2026-07-29,TX-B5_cash_constrained_restaurant-d00-001910,Khobar - Main Kitchen,Khobar,Mystery Bulk Item A,HOLE-NODATA-01,Ingredients,1,0.0,0.0,0.0,cash
2026-07-30,TX-B5_cash_constrained_restaurant-d00-001911,Khobar - Main Kitchen,Khobar,Mystery Bulk Item A,HOLE-NODATA-01,Ingredients,1,0.0,0.0,0.0,cash
2026-07-31,TX-B5_cash_constrained_restaurant-d00-001912,Khobar - Main Kitchen,Khobar,Mystery Bulk Item A,HOLE-NODATA-01,Ingredients,1,0.0,0.0,0.0,card
2026-08-01,TX-B5_cash_constrained_restaurant-d00-001913,Khobar - Main Kitchen,Khobar,Mystery Bulk Item A,HOLE-NODATA-01,Ingredients,1,0.0,0.0,0.0,cash
2026-08-02,TX-B5_cash_constrained_restaurant-d00-001914,Khobar - Main Kitchen,Khobar,Mystery Bulk Item A,HOLE-NODATA-01,Ingredients,1,0.0,0.0,0.0,mada
2026-08-03,TX-B5_cash_constrained_restaurant-d00-001915,Khobar - Main Kitchen,Khobar,Mystery Bulk Item A,HOLE-NODATA-01,Ingredients,1,0.0,0.0,0.0,mada
2026-08-04,TX-B5_cash_constrained_restaurant-d00-001916,Khobar - Main Kitchen,Khobar,Mystery Bulk Item A,HOLE-NODATA-01,Ingredients,1,0.0,0.0,0.0,mada
2026-08-05,TX-B5_cash_constrained_restaurant-d00-001917,Khobar - Main Kitchen,Khobar,Mystery Bulk Item A,HOLE-NODATA-01,Ingredients,1,0.0,0.0,0.0,cash
2026-08-06,TX-B5_cash_constrained_restaurant-d00-001918,Khobar - Main Kitchen,Khobar,Mystery Bulk Item A,HOLE-NODATA-01,Ingredients,1,0.0,0.0,0.0,cash
2026-08-07,TX-B5_cash_constrained_restaurant-d00-001919,Khobar - Main Kitchen,Khobar,Mystery Bulk Item A,HOLE-NODATA-01,Ingredients,1,0.0,0.0,0.0,card
2026-08-08,TX-B5_cash_constrained_restaurant-d00-001920,Khobar - Main Kitchen,Khobar,Mystery Bulk Item A,HOLE-NODATA-01,Ingredients,1,0.0,0.0,0.0,card
2026-08-09,TX-B5_cash_constrained_restaurant-d00-001921,Khobar - Main Kitchen,Khobar,Mystery Bulk Item A,HOLE-NODATA-01,Ingredients,1,0.0,0.0,0.0,mada
2026-08-10,TX-B5_cash_constrained_restaurant-d00-001922,Khobar - Main Kitchen,Khobar,Mystery Bulk Item A,HOLE-NODATA-01,Ingredients,1,0.0,0.0,0.0,cash
2026-08-11,TX-B5_cash_constrained_restaurant-d00-001923,Khobar - Main Kitchen,Khobar,Mystery Bulk Item A,HOLE-NODATA-01,Ingredients,1,0.0,0.0,0.0,card
2026-08-12,TX-B5_cash_constrained_restaurant-d00-001924,Khobar - Main Kitchen,Khobar,Mystery Bulk Item A,HOLE-NODATA-01,Ingredients,1,0.0,0.0,0.0,cash
2026-08-13,TX-B5_cash_constrained_restaurant-d00-001925,Khobar - Main Kitchen,Khobar,Mystery Bulk Item A,HOLE-NODATA-01,Ingredients,1,0.0,0.0,0.0,card
2026-08-14,TX-B5_cash_constrained_restaurant-d00-001926,Khobar - Main Kitchen,Khobar,Mystery Bulk Item A,HOLE-NODATA-01,Ingredients,1,0.0,0.0,0.0,cash
2026-08-15,TX-B5_cash_constrained_restaurant-d00-001927,Khobar - Main Kitchen,Khobar,Mystery Bulk Item A,HOLE-NODATA-01,Ingredients,1,0.0,0.0,0.0,card
2026-08-16,TX-B5_cash_constrained_restaurant-d00-001928,Khobar - Main Kitchen,Khobar,Mystery Bulk Item A,HOLE-NODATA-01,Ingredients,1,0.0,0.0,0.0,card
2026-08-17,TX-B5_cash_constrained_restaurant-d00-001929,Khobar - Main Kitchen,Khobar,Mystery Bulk Item A,HOLE-NODATA-01,Ingredients,1,0.0,0.0,0.0,mada
2026-08-18,TX-B5_cash_constrained_restaurant-d00-001930,Khobar - Main Kitchen,Khobar,Mystery Bulk Item A,HOLE-NODATA-01,Ingredients,1,0.0,0.0,0.0,cash
2026-08-19,TX-B5_cash_constrained_restaurant-d00-001931,Khobar - Main Kitchen,Khobar,Mystery Bulk Item A,HOLE-NODATA-01,Ingredients,1,0.0,0.0,0.0,mada
2026-08-20,TX-B5_cash_constrained_restaurant-d00-001932,Khobar - Main Kitchen,Khobar,Mystery Bulk Item A,HOLE-NODATA-01,Ingredients,1,0.0,0.0,0.0,cash
2026-08-21,TX-B5_cash_constrained_restaurant-d00-001933,Khobar - Main Kitchen,Khobar,Mystery Bulk Item A,HOLE-NODATA-01,Ingredients,1,0.0,0.0,0.0,cash
2026-08-22,TX-B5_cash_constrained_restaurant-d00-001934,Khobar - Main Kitchen,Khobar,Mystery Bulk Item A,HOLE-NODATA-01,Ingredients,1,0.0,0.0,0.0,card
2026-08-23,TX-B5_cash_constrained_restaurant-d00-001935,Khobar - Main Kitchen,Khobar,Mystery Bulk Item A,HOLE-NODATA-01,Ingredients,1,0.0,0.0,0.0,mada
2026-08-24,TX-B5_cash_constrained_restaurant-d00-001936,Khobar - Main Kitchen,Khobar,Mystery Bulk Item A,HOLE-NODATA-01,Ingredients,1,0.0,0.0,0.0,card
2026-08-25,TX-B5_cash_constrained_restaurant-d00-001937,Khobar - Main Kitchen,Khobar,Mystery Bulk Item A,HOLE-NODATA-01,Ingredients,1,0.0,0.0,0.0,cash
2026-08-26,TX-B5_cash_constrained_restaurant-d00-001938,Khobar - Main Kitchen,Khobar,Mystery Bulk Item A,HOLE-NODATA-01,Ingredients,1,0.0,0.0,0.0,mada
