transaction_at,item_name,item_sku,quantity,unit_price,cost_price,total_amount,transaction_type
2026-01-14,Beef 1kg,V12-FIL-016,1,53.56,33.49,53.56,sale
2026-01-14,Tomato 1kg,V12-FIL-019,1,5.71,3.66,5.71,sale
2026-01-14,Banana 1kg,V12-FIL-022,2,6.96,6.04,13.92,sale
2026-01-14,Chips 24pk,V12-FIL-028,2,63.10,44.25,126.20,sale
2026-01-14,Honey 500g,V12-FIL-042,2,46.14,37.11,92.28,sale
2026-01-14,Nuts 300g,V12-FIL-046,2,47.67,37.38,95.34,sale
2026-01-14,Ice Cream 2L,V12-FIL-052,3,62.98,41.88,188.94,sale
2026-01-14,Spring Onion,V12-FIL-054,1,49.59,37.91,49.59,sale
2026-01-14,Cashews 200g,V12-FIL-063,2,37.85,29.20,75.70,sale
2026-01-14,Sesame Paste,V12-FIL-067,3,6.93,4.95,20.79,sale
2026-01-14,Lemons 1kg,V12-FIL-075,2,6.80,4.99,13.60,sale
2026-01-14,Basil,V12-FIL-079,1,42.47,27.69,42.47,sale
2026-01-15,Beef 1kg,V12-FIL-016,1,53.56,33.49,53.56,sale
2026-01-15,Tomato 1kg,V12-FIL-019,1,5.71,3.66,5.71,sale
2026-01-15,Banana 1kg,V12-FIL-022,2,6.96,6.04,13.92,sale
2026-01-15,Chips 24pk,V12-FIL-028,2,63.10,44.25,126.20,sale
2026-01-15,Honey 500g,V12-FIL-042,2,46.14,37.11,92.28,sale
2026-01-15,Nuts 300g,V12-FIL-046,2,47.67,37.38,95.34,sale
2026-01-15,Ice Cream 2L,V12-FIL-052,3,62.98,41.88,188.94,sale
2026-01-15,Spring Onion,V12-FIL-054,1,49.59,37.91,49.59,sale
2026-01-15,Cashews 200g,V12-FIL-063,1,37.85,29.20,37.85,sale
2026-01-15,Sesame Paste,V12-FIL-067,2,6.93,4.95,13.86,sale
2026-01-15,Lemons 1kg,V12-FIL-075,1,6.80,4.99,6.80,sale
2026-01-15,Basil,V12-FIL-079,1,42.47,27.69,42.47,sale
2026-01-16,Beef 1kg,V12-FIL-016,1,53.56,33.49,53.56,sale
2026-01-16,Tomato 1kg,V12-FIL-019,1,5.71,3.66,5.71,sale
2026-01-16,Banana 1kg,V12-FIL-022,1,6.96,6.04,6.96,sale
2026-01-16,Chips 24pk,V12-FIL-028,1,63.10,44.25,63.10,sale
2026-01-16,Honey 500g,V12-FIL-042,1,46.14,37.11,46.14,sale
2026-01-16,Nuts 300g,V12-FIL-046,2,47.67,37.38,95.34,sale
2026-01-16,Ice Cream 2L,V12-FIL-052,2,62.98,41.88,125.96,sale
2026-01-16,Spring Onion,V12-FIL-054,1,49.59,37.91,49.59,sale
2026-01-16,Cashews 200g,V12-FIL-063,1,37.85,29.20,37.85,sale
2026-01-16,Sesame Paste,V12-FIL-067,2,6.93,4.95,13.86,sale
2026-01-16,Lemons 1kg,V12-FIL-075,1,6.80,4.99,6.80,sale
2026-01-16,Basil,V12-FIL-079,1,42.47,27.69,42.47,sale
2026-03-15,Beef 1kg,V12-FIL-016,3,53.56,33.49,160.68,sale
2026-03-15,Tomato 1kg,V12-FIL-019,2,5.71,3.66,11.42,sale
2026-03-15,Banana 1kg,V12-FIL-022,1,6.96,6.04,6.96,sale
2026-03-15,Chips 24pk,V12-FIL-028,2,63.10,44.25,126.20,sale
2026-03-15,Honey 500g,V12-FIL-042,3,46.14,37.11,138.42,sale
2026-03-15,Nuts 300g,V12-FIL-046,2,47.67,37.38,95.34,sale
2026-03-15,Ice Cream 2L,V12-FIL-052,2,62.98,41.88,125.96,sale
2026-03-15,Spring Onion,V12-FIL-054,2,49.59,37.91,99.18,sale
2026-03-15,Cashews 200g,V12-FIL-063,1,37.85,29.20,37.85,sale
2026-03-15,Sesame Paste,V12-FIL-067,3,6.93,4.95,20.79,sale
2026-03-15,Lemons 1kg,V12-FIL-075,1,6.80,4.99,6.80,sale
2026-03-15,Basil,V12-FIL-079,3,42.47,27.69,127.41,sale
2026-03-16,Beef 1kg,V12-FIL-016,3,53.56,33.49,160.68,sale
2026-03-16,Tomato 1kg,V12-FIL-019,1,5.71,3.66,5.71,sale
2026-03-16,Banana 1kg,V12-FIL-022,1,6.96,6.04,6.96,sale
2026-03-16,Chips 24pk,V12-FIL-028,1,63.10,44.25,63.10,sale
2026-03-16,Honey 500g,V12-FIL-042,2,46.14,37.11,92.28,sale
2026-03-16,Nuts 300g,V12-FIL-046,2,47.67,37.38,95.34,sale
2026-03-16,Ice Cream 2L,V12-FIL-052,2,62.98,41.88,125.96,sale
2026-03-16,Spring Onion,V12-FIL-054,2,49.59,37.91,99.18,sale
2026-03-16,Cashews 200g,V12-FIL-063,1,37.85,29.20,37.85,sale
2026-03-16,Sesame Paste,V12-FIL-067,2,6.93,4.95,13.86,sale
2026-03-16,Lemons 1kg,V12-FIL-075,1,6.80,4.99,6.80,sale
2026-03-16,Basil,V12-FIL-079,3,42.47,27.69,127.41,sale
2026-03-17,Milk 1L,V12-FIL-010,9,15.33,12.73,137.97,sale
2026-03-17,Yogurt 500g,V12-FIL-011,8,9.42,7.25,75.36,sale
2026-03-17,Eggs 30pk,V12-FIL-014,12,46.90,32.21,562.80,sale
2026-03-17,Chicken 1kg,V12-FIL-015,13,46.44,30.10,603.72,sale
2026-03-17,Beef 1kg,V12-FIL-016,3,53.56,33.49,160.68,sale
2026-03-17,Tomato 1kg,V12-FIL-019,1,5.71,3.66,5.71,sale
2026-03-17,Banana 1kg,V12-FIL-022,1,6.96,6.04,6.96,sale
2026-03-17,Apple 1kg,V12-FIL-023,7,6.32,5.13,44.24,sale
2026-03-17,Chips 24pk,V12-FIL-028,1,63.10,44.25,63.10,sale
2026-03-17,Chocolate 100g,V12-FIL-030,12,20.09,12.61,241.08,sale
2026-03-17,Soap 6pk,V12-FIL-033,9,29.31,23.83,263.79,sale
2026-03-17,Toothpaste 3pk,V12-FIL-035,8,55.25,39.53,442.00,sale
2026-03-17,Tissue 6pk,V12-FIL-036,13,19.20,13.90,249.60,sale
2026-03-17,Honey 500g,V12-FIL-042,2,46.14,37.11,92.28,sale
2026-03-17,Jam 400g,V12-FIL-043,7,35.14,24.76,245.98,sale
2026-03-17,Nuts 300g,V12-FIL-046,2,47.67,37.38,95.34,sale
2026-03-17,Ice Cream 2L,V12-FIL-052,2,62.98,41.88,125.96,sale
2026-03-17,Spring Onion,V12-FIL-054,2,49.59,37.91,99.18,sale
2026-03-17,Baby Carrots,V12-FIL-062,11,3.77,2.78,41.47,sale
2026-03-17,Cashews 200g,V12-FIL-063,1,37.85,29.20,37.85,sale
2026-03-17,Almonds 200g,V12-FIL-064,13,4.43,3.39,57.59,sale
2026-03-17,Sesame Paste,V12-FIL-067,2,6.93,4.95,13.86,sale
2026-03-17,Ginger 500g,V12-FIL-072,12,21.29,15.31,255.48,sale
2026-03-17,Paprika 100g,V12-FIL-074,7,34.73,25.81,243.11,sale
2026-03-17,Lemons 1kg,V12-FIL-075,1,6.80,4.99,6.80,sale
2026-03-17,Basil,V12-FIL-079,3,42.47,27.69,127.41,sale
2026-03-17,GT V12-SEASONAL-001,V12-SEASONAL-001,3,22.00,10.00,66.00,sale
2026-03-17,GT V12-SEASONAL-002,V12-SEASONAL-002,4,7.00,3.00,28.00,sale
2026-03-18,Milk 1L,V12-FIL-010,9,15.33,12.73,137.97,sale
2026-03-18,Yogurt 500g,V12-FIL-011,8,9.42,7.25,75.36,sale
2026-03-18,Eggs 30pk,V12-FIL-014,12,46.90,32.21,562.80,sale
2026-03-18,Chicken 1kg,V12-FIL-015,13,46.44,30.10,603.72,sale
2026-03-18,Apple 1kg,V12-FIL-023,7,6.32,5.13,44.24,sale
2026-03-18,Chocolate 100g,V12-FIL-030,11,20.09,12.61,220.99,sale
2026-03-18,Soap 6pk,V12-FIL-033,9,29.31,23.83,263.79,sale
2026-03-18,Toothpaste 3pk,V12-FIL-035,8,55.25,39.53,442.00,sale
2026-03-18,Tissue 6pk,V12-FIL-036,13,19.20,13.90,249.60,sale
2026-03-18,Jam 400g,V12-FIL-043,7,35.14,24.76,245.98,sale
2026-03-18,Baby Carrots,V12-FIL-062,11,3.77,2.78,41.47,sale
2026-03-18,Almonds 200g,V12-FIL-064,13,4.43,3.39,57.59,sale
2026-03-18,Ginger 500g,V12-FIL-072,12,21.29,15.31,255.48,sale
2026-03-18,Paprika 100g,V12-FIL-074,7,34.73,25.81,243.11,sale
2026-03-18,GT V12-SEASONAL-001,V12-SEASONAL-001,3,22.00,10.00,66.00,sale
2026-03-18,GT V12-SEASONAL-002,V12-SEASONAL-002,4,7.00,3.00,28.00,sale
2026-03-19,Milk 1L,V12-FIL-010,9,15.33,12.73,137.97,sale
2026-03-19,Yogurt 500g,V12-FIL-011,8,9.42,7.25,75.36,sale
2026-03-19,Eggs 30pk,V12-FIL-014,12,46.90,32.21,562.80,sale
2026-03-19,Chicken 1kg,V12-FIL-015,13,46.44,30.10,603.72,sale
2026-03-19,Apple 1kg,V12-FIL-023,7,6.32,5.13,44.24,sale
2026-03-19,Chocolate 100g,V12-FIL-030,11,20.09,12.61,220.99,sale
2026-03-19,Soap 6pk,V12-FIL-033,9,29.31,23.83,263.79,sale
2026-03-19,Toothpaste 3pk,V12-FIL-035,8,55.25,39.53,442.00,sale
2026-03-19,Tissue 6pk,V12-FIL-036,13,19.20,13.90,249.60,sale
2026-03-19,Jam 400g,V12-FIL-043,7,35.14,24.76,245.98,sale
2026-03-19,Baby Carrots,V12-FIL-062,11,3.77,2.78,41.47,sale
2026-03-19,Almonds 200g,V12-FIL-064,13,4.43,3.39,57.59,sale
2026-03-19,Ginger 500g,V12-FIL-072,12,21.29,15.31,255.48,sale
2026-03-19,Paprika 100g,V12-FIL-074,7,34.73,25.81,243.11,sale
2026-03-19,GT V12-SEASONAL-001,V12-SEASONAL-001,3,22.00,10.00,66.00,sale
2026-03-19,GT V12-SEASONAL-002,V12-SEASONAL-002,4,7.00,3.00,28.00,sale
2026-03-20,Milk 1L,V12-FIL-010,8,15.33,12.73,122.64,sale
2026-03-20,Yogurt 500g,V12-FIL-011,8,9.42,7.25,75.36,sale
2026-03-20,Eggs 30pk,V12-FIL-014,12,46.90,32.21,562.80,sale
2026-03-20,Chicken 1kg,V12-FIL-015,13,46.44,30.10,603.72,sale
2026-03-20,Apple 1kg,V12-FIL-023,7,6.32,5.13,44.24,sale
2026-03-20,Chocolate 100g,V12-FIL-030,11,20.09,12.61,220.99,sale
2026-03-20,Soap 6pk,V12-FIL-033,9,29.31,23.83,263.79,sale
2026-03-20,Toothpaste 3pk,V12-FIL-035,8,55.25,39.53,442.00,sale
2026-03-20,Tissue 6pk,V12-FIL-036,13,19.20,13.90,249.60,sale
2026-03-20,Jam 400g,V12-FIL-043,7,35.14,24.76,245.98,sale
2026-03-20,Baby Carrots,V12-FIL-062,11,3.77,2.78,41.47,sale
2026-03-20,Almonds 200g,V12-FIL-064,13,4.43,3.39,57.59,sale
2026-03-20,Ginger 500g,V12-FIL-072,12,21.29,15.31,255.48,sale
2026-03-20,Paprika 100g,V12-FIL-074,7,34.73,25.81,243.11,sale
2026-03-20,GT V12-SEASONAL-001,V12-SEASONAL-001,3,22.00,10.00,66.00,sale
2026-03-20,GT V12-SEASONAL-002,V12-SEASONAL-002,4,7.00,3.00,28.00,sale
2026-03-21,Milk 1L,V12-FIL-010,8,15.33,12.73,122.64,sale
2026-03-21,Yogurt 500g,V12-FIL-011,8,9.42,7.25,75.36,sale
2026-03-21,Eggs 30pk,V12-FIL-014,12,46.90,32.21,562.80,sale
2026-03-21,Chicken 1kg,V12-FIL-015,12,46.44,30.10,557.28,sale
2026-03-21,Apple 1kg,V12-FIL-023,7,6.32,5.13,44.24,sale
2026-03-21,Chocolate 100g,V12-FIL-030,11,20.09,12.61,220.99,sale
2026-03-21,Soap 6pk,V12-FIL-033,9,29.31,23.83,263.79,sale
2026-03-21,Toothpaste 3pk,V12-FIL-035,8,55.25,39.53,442.00,sale
2026-03-21,Tissue 6pk,V12-FIL-036,13,19.20,13.90,249.60,sale
2026-03-21,Jam 400g,V12-FIL-043,7,35.14,24.76,245.98,sale
2026-03-21,Baby Carrots,V12-FIL-062,11,3.77,2.78,41.47,sale
2026-03-21,Almonds 200g,V12-FIL-064,13,4.43,3.39,57.59,sale
2026-03-21,Ginger 500g,V12-FIL-072,12,21.29,15.31,255.48,sale
2026-03-21,Paprika 100g,V12-FIL-074,7,34.73,25.81,243.11,sale
2026-03-21,GT V12-SEASONAL-001,V12-SEASONAL-001,3,22.00,10.00,66.00,sale
2026-03-21,GT V12-SEASONAL-002,V12-SEASONAL-002,4,7.00,3.00,28.00,sale
2026-03-22,Milk 1L,V12-FIL-010,8,15.33,12.73,122.64,sale
2026-03-22,Yogurt 500g,V12-FIL-011,8,9.42,7.25,75.36,sale
2026-03-22,Eggs 30pk,V12-FIL-014,12,46.90,32.21,562.80,sale
2026-03-22,Chicken 1kg,V12-FIL-015,12,46.44,30.10,557.28,sale
2026-03-22,Apple 1kg,V12-FIL-023,7,6.32,5.13,44.24,sale
2026-03-22,Chocolate 100g,V12-FIL-030,11,20.09,12.61,220.99,sale
2026-03-22,Soap 6pk,V12-FIL-033,8,29.31,23.83,234.48,sale
2026-03-22,Toothpaste 3pk,V12-FIL-035,8,55.25,39.53,442.00,sale
2026-03-22,Tissue 6pk,V12-FIL-036,13,19.20,13.90,249.60,sale
2026-03-22,Jam 400g,V12-FIL-043,7,35.14,24.76,245.98,sale
2026-03-22,Baby Carrots,V12-FIL-062,11,3.77,2.78,41.47,sale
2026-03-22,Almonds 200g,V12-FIL-064,13,4.43,3.39,57.59,sale
2026-03-22,Ginger 500g,V12-FIL-072,12,21.29,15.31,255.48,sale
2026-03-22,Paprika 100g,V12-FIL-074,7,34.73,25.81,243.11,sale
2026-03-22,GT V12-SEASONAL-001,V12-SEASONAL-001,3,22.00,10.00,66.00,sale
2026-03-22,GT V12-SEASONAL-002,V12-SEASONAL-002,3,7.00,3.00,21.00,sale
2026-03-23,Milk 1L,V12-FIL-010,8,15.33,12.73,122.64,sale
2026-03-23,Yogurt 500g,V12-FIL-011,8,9.42,7.25,75.36,sale
2026-03-23,Eggs 30pk,V12-FIL-014,12,46.90,32.21,562.80,sale
2026-03-23,Chicken 1kg,V12-FIL-015,12,46.44,30.10,557.28,sale
2026-03-23,Apple 1kg,V12-FIL-023,7,6.32,5.13,44.24,sale
2026-03-23,Chocolate 100g,V12-FIL-030,11,20.09,12.61,220.99,sale
2026-03-23,Soap 6pk,V12-FIL-033,8,29.31,23.83,234.48,sale
2026-03-23,Toothpaste 3pk,V12-FIL-035,8,55.25,39.53,442.00,sale
2026-03-23,Tissue 6pk,V12-FIL-036,13,19.20,13.90,249.60,sale
2026-03-23,Jam 400g,V12-FIL-043,7,35.14,24.76,245.98,sale
2026-03-23,Baby Carrots,V12-FIL-062,11,3.77,2.78,41.47,sale
2026-03-23,Almonds 200g,V12-FIL-064,13,4.43,3.39,57.59,sale
2026-03-23,Ginger 500g,V12-FIL-072,12,21.29,15.31,255.48,sale
2026-03-23,Paprika 100g,V12-FIL-074,7,34.73,25.81,243.11,sale
2026-03-23,GT V12-SEASONAL-001,V12-SEASONAL-001,3,22.00,10.00,66.00,sale
2026-03-23,GT V12-SEASONAL-002,V12-SEASONAL-002,3,7.00,3.00,21.00,sale
2026-03-24,Milk 1L,V12-FIL-010,8,15.33,12.73,122.64,sale
2026-03-24,Yogurt 500g,V12-FIL-011,8,9.42,7.25,75.36,sale
2026-03-24,Eggs 30pk,V12-FIL-014,12,46.90,32.21,562.80,sale
2026-03-24,Chicken 1kg,V12-FIL-015,12,46.44,30.10,557.28,sale
2026-03-24,Apple 1kg,V12-FIL-023,7,6.32,5.13,44.24,sale
2026-03-24,Chocolate 100g,V12-FIL-030,11,20.09,12.61,220.99,sale
2026-03-24,Soap 6pk,V12-FIL-033,8,29.31,23.83,234.48,sale
2026-03-24,Toothpaste 3pk,V12-FIL-035,8,55.25,39.53,442.00,sale
2026-03-24,Tissue 6pk,V12-FIL-036,12,19.20,13.90,230.40,sale
2026-03-24,Jam 400g,V12-FIL-043,7,35.14,24.76,245.98,sale
2026-03-24,Baby Carrots,V12-FIL-062,11,3.77,2.78,41.47,sale
2026-03-24,Almonds 200g,V12-FIL-064,12,4.43,3.39,53.16,sale
2026-03-24,Ginger 500g,V12-FIL-072,12,21.29,15.31,255.48,sale
2026-03-24,Paprika 100g,V12-FIL-074,7,34.73,25.81,243.11,sale
2026-03-24,GT V12-SEASONAL-001,V12-SEASONAL-001,3,22.00,10.00,66.00,sale
2026-03-24,GT V12-SEASONAL-002,V12-SEASONAL-002,3,7.00,3.00,21.00,sale
2026-03-25,Milk 1L,V12-FIL-010,8,15.33,12.73,122.64,sale
2026-03-25,Yogurt 500g,V12-FIL-011,7,9.42,7.25,65.94,sale
2026-03-25,Eggs 30pk,V12-FIL-014,12,46.90,32.21,562.80,sale
2026-03-25,Chicken 1kg,V12-FIL-015,12,46.44,30.10,557.28,sale
2026-03-25,Apple 1kg,V12-FIL-023,7,6.32,5.13,44.24,sale
2026-03-25,Chocolate 100g,V12-FIL-030,11,20.09,12.61,220.99,sale
2026-03-25,Soap 6pk,V12-FIL-033,8,29.31,23.83,234.48,sale
2026-03-25,Toothpaste 3pk,V12-FIL-035,8,55.25,39.53,442.00,sale
2026-03-25,Tissue 6pk,V12-FIL-036,12,19.20,13.90,230.40,sale
2026-03-25,Jam 400g,V12-FIL-043,7,35.14,24.76,245.98,sale
2026-03-25,Baby Carrots,V12-FIL-062,11,3.77,2.78,41.47,sale
2026-03-25,Almonds 200g,V12-FIL-064,12,4.43,3.39,53.16,sale
2026-03-25,Ginger 500g,V12-FIL-072,11,21.29,15.31,234.19,sale
2026-03-25,Paprika 100g,V12-FIL-074,7,34.73,25.81,243.11,sale
2026-03-25,GT V12-SEASONAL-001,V12-SEASONAL-001,3,22.00,10.00,66.00,sale
2026-03-25,GT V12-SEASONAL-002,V12-SEASONAL-002,3,7.00,3.00,21.00,sale
2026-03-26,Milk 1L,V12-FIL-010,8,15.33,12.73,122.64,sale
2026-03-26,Yogurt 500g,V12-FIL-011,7,9.42,7.25,65.94,sale
2026-03-26,Eggs 30pk,V12-FIL-014,11,46.90,32.21,515.90,sale
2026-03-26,Chicken 1kg,V12-FIL-015,12,46.44,30.10,557.28,sale
2026-03-26,Apple 1kg,V12-FIL-023,7,6.32,5.13,44.24,sale
2026-03-26,Chocolate 100g,V12-FIL-030,11,20.09,12.61,220.99,sale
2026-03-26,Soap 6pk,V12-FIL-033,8,29.31,23.83,234.48,sale
2026-03-26,Toothpaste 3pk,V12-FIL-035,8,55.25,39.53,442.00,sale
2026-03-26,Tissue 6pk,V12-FIL-036,12,19.20,13.90,230.40,sale
2026-03-26,Jam 400g,V12-FIL-043,7,35.14,24.76,245.98,sale
2026-03-26,Baby Carrots,V12-FIL-062,11,3.77,2.78,41.47,sale
2026-03-26,Almonds 200g,V12-FIL-064,12,4.43,3.39,53.16,sale
2026-03-26,Ginger 500g,V12-FIL-072,11,21.29,15.31,234.19,sale
2026-03-26,Paprika 100g,V12-FIL-074,7,34.73,25.81,243.11,sale
2026-03-26,GT V12-SEASONAL-001,V12-SEASONAL-001,3,22.00,10.00,66.00,sale
2026-03-26,GT V12-SEASONAL-002,V12-SEASONAL-002,3,7.00,3.00,21.00,sale
2026-03-27,Milk 1L,V12-FIL-010,8,15.33,12.73,122.64,sale
2026-03-27,Yogurt 500g,V12-FIL-011,7,9.42,7.25,65.94,sale
2026-03-27,Eggs 30pk,V12-FIL-014,11,46.90,32.21,515.90,sale
2026-03-27,Chicken 1kg,V12-FIL-015,12,46.44,30.10,557.28,sale
2026-03-27,Apple 1kg,V12-FIL-023,7,6.32,5.13,44.24,sale
2026-03-27,Chocolate 100g,V12-FIL-030,11,20.09,12.61,220.99,sale
2026-03-27,Soap 6pk,V12-FIL-033,8,29.31,23.83,234.48,sale
2026-03-27,Toothpaste 3pk,V12-FIL-035,7,55.25,39.53,386.75,sale
2026-03-27,Tissue 6pk,V12-FIL-036,12,19.20,13.90,230.40,sale
2026-03-27,Jam 400g,V12-FIL-043,7,35.14,24.76,245.98,sale
2026-03-27,Baby Carrots,V12-FIL-062,11,3.77,2.78,41.47,sale
2026-03-27,Almonds 200g,V12-FIL-064,12,4.43,3.39,53.16,sale
2026-03-27,Ginger 500g,V12-FIL-072,11,21.29,15.31,234.19,sale
2026-03-27,Paprika 100g,V12-FIL-074,7,34.73,25.81,243.11,sale
2026-03-27,GT V12-SEASONAL-001,V12-SEASONAL-001,2,22.00,10.00,44.00,sale
2026-03-27,GT V12-SEASONAL-002,V12-SEASONAL-002,3,7.00,3.00,21.00,sale
2026-03-27,GT V12-SEASONAL-003,V12-SEASONAL-003,1,15.00,7.00,15.00,sale
2026-03-28,Milk 1L,V12-FIL-010,8,15.33,12.73,122.64,sale
2026-03-28,Yogurt 500g,V12-FIL-011,7,9.42,7.25,65.94,sale
2026-03-28,Eggs 30pk,V12-FIL-014,11,46.90,32.21,515.90,sale
2026-03-28,Chicken 1kg,V12-FIL-015,12,46.44,30.10,557.28,sale
2026-03-28,Apple 1kg,V12-FIL-023,7,6.32,5.13,44.24,sale
2026-03-28,Chocolate 100g,V12-FIL-030,11,20.09,12.61,220.99,sale
2026-03-28,Soap 6pk,V12-FIL-033,8,29.31,23.83,234.48,sale
2026-03-28,Toothpaste 3pk,V12-FIL-035,7,55.25,39.53,386.75,sale
2026-03-28,Tissue 6pk,V12-FIL-036,12,19.20,13.90,230.40,sale
2026-03-28,Jam 400g,V12-FIL-043,6,35.14,24.76,210.84,sale
2026-03-28,Baby Carrots,V12-FIL-062,10,3.77,2.78,37.70,sale
2026-03-28,Almonds 200g,V12-FIL-064,12,4.43,3.39,53.16,sale
2026-03-28,Ginger 500g,V12-FIL-072,11,21.29,15.31,234.19,sale
2026-03-28,Paprika 100g,V12-FIL-074,7,34.73,25.81,243.11,sale
2026-03-28,GT V12-SEASONAL-001,V12-SEASONAL-001,2,22.00,10.00,44.00,sale
2026-03-28,GT V12-SEASONAL-002,V12-SEASONAL-002,3,7.00,3.00,21.00,sale
2026-03-28,GT V12-SEASONAL-003,V12-SEASONAL-003,1,15.00,7.00,15.00,sale
2026-03-29,Milk 1L,V12-FIL-010,8,15.33,12.73,122.64,sale
2026-03-29,Yogurt 500g,V12-FIL-011,7,9.42,7.25,65.94,sale
2026-03-29,Eggs 30pk,V12-FIL-014,11,46.90,32.21,515.90,sale
2026-03-29,Chicken 1kg,V12-FIL-015,12,46.44,30.10,557.28,sale
2026-03-29,Apple 1kg,V12-FIL-023,6,6.32,5.13,37.92,sale
2026-03-29,Chocolate 100g,V12-FIL-030,11,20.09,12.61,220.99,sale
2026-03-29,Soap 6pk,V12-FIL-033,8,29.31,23.83,234.48,sale
2026-03-29,Toothpaste 3pk,V12-FIL-035,7,55.25,39.53,386.75,sale
2026-03-29,Tissue 6pk,V12-FIL-036,12,19.20,13.90,230.40,sale
2026-03-29,Jam 400g,V12-FIL-043,6,35.14,24.76,210.84,sale
2026-03-29,Baby Carrots,V12-FIL-062,10,3.77,2.78,37.70,sale
2026-03-29,Almonds 200g,V12-FIL-064,12,4.43,3.39,53.16,sale
2026-03-29,Ginger 500g,V12-FIL-072,11,21.29,15.31,234.19,sale
2026-03-29,Paprika 100g,V12-FIL-074,7,34.73,25.81,243.11,sale
2026-03-29,GT V12-SEASONAL-001,V12-SEASONAL-001,2,22.00,10.00,44.00,sale
2026-03-29,GT V12-SEASONAL-002,V12-SEASONAL-002,3,7.00,3.00,21.00,sale
2026-03-29,GT V12-SEASONAL-003,V12-SEASONAL-003,1,15.00,7.00,15.00,sale
2026-03-30,Milk 1L,V12-FIL-010,8,15.33,12.73,122.64,sale
2026-03-30,Yogurt 500g,V12-FIL-011,7,9.42,7.25,65.94,sale
2026-03-30,Eggs 30pk,V12-FIL-014,11,46.90,32.21,515.90,sale
2026-03-30,Chicken 1kg,V12-FIL-015,12,46.44,30.10,557.28,sale
2026-03-30,Apple 1kg,V12-FIL-023,6,6.32,5.13,37.92,sale
2026-03-30,Chocolate 100g,V12-FIL-030,11,20.09,12.61,220.99,sale
2026-03-30,Soap 6pk,V12-FIL-033,8,29.31,23.83,234.48,sale
2026-03-30,Toothpaste 3pk,V12-FIL-035,7,55.25,39.53,386.75,sale
2026-03-30,Tissue 6pk,V12-FIL-036,12,19.20,13.90,230.40,sale
2026-03-30,Jam 400g,V12-FIL-043,6,35.14,24.76,210.84,sale
2026-03-30,Baby Carrots,V12-FIL-062,10,3.77,2.78,37.70,sale
2026-03-30,Almonds 200g,V12-FIL-064,12,4.43,3.39,53.16,sale
2026-03-30,Ginger 500g,V12-FIL-072,11,21.29,15.31,234.19,sale
2026-03-30,Paprika 100g,V12-FIL-074,6,34.73,25.81,208.38,sale
2026-03-30,GT V12-SEASONAL-001,V12-SEASONAL-001,2,22.00,10.00,44.00,sale
2026-03-30,GT V12-SEASONAL-002,V12-SEASONAL-002,3,7.00,3.00,21.00,sale
2026-03-30,GT V12-SEASONAL-003,V12-SEASONAL-003,1,15.00,7.00,15.00,sale
2026-03-30,GT V12-SEASONAL-004,V12-SEASONAL-004,1,20.00,9.00,20.00,sale
2026-03-31,Milk 1L,V12-FIL-010,8,15.33,12.73,122.64,sale
2026-03-31,Yogurt 500g,V12-FIL-011,7,9.42,7.25,65.94,sale
2026-03-31,Eggs 30pk,V12-FIL-014,11,46.90,32.21,515.90,sale
2026-03-31,Chicken 1kg,V12-FIL-015,12,46.44,30.10,557.28,sale
2026-03-31,Apple 1kg,V12-FIL-023,6,6.32,5.13,37.92,sale
2026-03-31,Chocolate 100g,V12-FIL-030,11,20.09,12.61,220.99,sale
2026-03-31,Soap 6pk,V12-FIL-033,8,29.31,23.83,234.48,sale
2026-03-31,Toothpaste 3pk,V12-FIL-035,7,55.25,39.53,386.75,sale
2026-03-31,Tissue 6pk,V12-FIL-036,12,19.20,13.90,230.40,sale
2026-03-31,Jam 400g,V12-FIL-043,6,35.14,24.76,210.84,sale
2026-03-31,Baby Carrots,V12-FIL-062,10,3.77,2.78,37.70,sale
2026-03-31,Almonds 200g,V12-FIL-064,12,4.43,3.39,53.16,sale
2026-03-31,Ginger 500g,V12-FIL-072,11,21.29,15.31,234.19,sale
2026-03-31,Paprika 100g,V12-FIL-074,6,34.73,25.81,208.38,sale
2026-03-31,GT V12-SEASONAL-001,V12-SEASONAL-001,2,22.00,10.00,44.00,sale
2026-03-31,GT V12-SEASONAL-002,V12-SEASONAL-002,3,7.00,3.00,21.00,sale
2026-03-31,GT V12-SEASONAL-003,V12-SEASONAL-003,1,15.00,7.00,15.00,sale
2026-03-31,GT V12-SEASONAL-004,V12-SEASONAL-004,1,20.00,9.00,20.00,sale
2026-04-16,Chicken 1kg,V12-FIL-015,2,46.44,30.10,92.88,sale
2026-04-16,Soap 6pk,V12-FIL-033,2,29.31,23.83,58.62,sale
2026-04-16,Toothpaste 3pk,V12-FIL-035,2,55.25,39.53,110.50,sale
2026-04-16,Tissue 6pk,V12-FIL-036,2,19.20,13.90,38.40,sale
2026-04-16,Almonds 200g,V12-FIL-064,2,4.43,3.39,8.86,sale
2026-04-16,Ginger 500g,V12-FIL-072,2,21.29,15.31,42.58,sale
2026-04-16,Paprika 100g,V12-FIL-074,1,34.73,25.81,34.73,sale
2026-04-16,GT V12-SEASONAL-003,V12-SEASONAL-003,2,15.00,7.00,30.00,sale
2026-04-17,GT V12-FAST-001,V12-FAST-001,5,11.00,5.00,55.00,sale
2026-04-17,GT V12-FAST-002,V12-FAST-002,6,14.00,7.00,84.00,sale
2026-04-17,GT V12-FAST-003,V12-FAST-003,7,18.00,9.00,126.00,sale
2026-04-17,GT V12-FAST-004,V12-FAST-004,4,5.00,2.00,20.00,sale
2026-04-17,Cooking Oil 3L,V12-FIL-001,8,10.37,8.32,82.96,sale
2026-04-17,Mayo 750ml,V12-FIL-005,11,6.41,4.14,70.51,sale
2026-04-17,Ketchup 1kg,V12-FIL-006,7,11.33,7.49,79.31,sale
2026-04-17,Olive Oil 1L,V12-FIL-007,6,36.61,26.78,219.66,sale
2026-04-17,Yogurt 500g,V12-FIL-011,1,9.42,7.25,9.42,sale
2026-04-17,Chicken 1kg,V12-FIL-015,1,46.44,30.10,46.44,sale
2026-04-17,Soap 6pk,V12-FIL-033,2,29.31,23.83,58.62,sale
2026-04-17,Toothpaste 3pk,V12-FIL-035,2,55.25,39.53,110.50,sale
2026-04-17,Tissue 6pk,V12-FIL-036,1,19.20,13.90,19.20,sale
2026-04-17,Salt 1kg,V12-FIL-040,11,28.05,18.01,308.55,sale
2026-04-17,Canned Beans 400g,V12-FIL-048,7,28.98,22.66,202.86,sale
2026-04-17,Tuna 180g,V12-FIL-049,8,58.71,43.15,469.68,sale
2026-04-17,Zucchini,V12-FIL-056,10,35.42,23.42,354.20,sale
2026-04-17,Eggplant,V12-FIL-057,12,35.67,29.77,428.04,sale
2026-04-17,Almonds 200g,V12-FIL-064,2,4.43,3.39,8.86,sale
2026-04-17,Stock Cubes 12pk,V12-FIL-070,7,19.59,15.20,137.13,sale
2026-04-17,Ginger 500g,V12-FIL-072,2,21.29,15.31,42.58,sale
2026-04-17,Paprika 100g,V12-FIL-074,1,34.73,25.81,34.73,sale
2026-04-17,GT V12-GROWTH-001,V12-GROWTH-001,1,13.00,6.00,13.00,sale
2026-04-17,GT V12-GROWTH-002,V12-GROWTH-002,2,26.00,12.00,52.00,sale
2026-04-17,GT V12-HEALTHY-001,V12-HEALTHY-001,3,12.00,6.00,36.00,sale
2026-04-17,GT V12-HEALTHY-002,V12-HEALTHY-002,2,9.00,4.00,18.00,sale
2026-04-17,GT V12-MARGIN-002,V12-MARGIN-002,5,14.00,20.00,70.00,sale
2026-04-17,GT V12-OVERSTOCK-001,V12-OVERSTOCK-001,3,30.00,15.00,90.00,sale
2026-04-17,GT V12-OVERSTOCK-002,V12-OVERSTOCK-002,2,80.00,40.00,160.00,sale
2026-04-17,GT V12-PO-001,V12-PO-001,4,9.00,4.00,36.00,sale
2026-04-17,GT V12-PO-002,V12-PO-002,2,10.00,5.00,20.00,sale
2026-04-17,GT V12-SEASONAL-003,V12-SEASONAL-003,2,15.00,7.00,30.00,sale
2026-04-17,GT V12-STOCKOUT-001,V12-STOCKOUT-001,8,16.00,8.00,128.00,sale
2026-04-17,GT V12-STOCKOUT-002,V12-STOCKOUT-002,5,7.00,3.00,35.00,sale
2026-04-18,GT V12-FAST-001,V12-FAST-001,5,11.00,5.00,55.00,sale
2026-04-18,GT V12-FAST-002,V12-FAST-002,6,14.00,7.00,84.00,sale
2026-04-18,GT V12-FAST-003,V12-FAST-003,7,18.00,9.00,126.00,sale
2026-04-18,GT V12-FAST-004,V12-FAST-004,4,5.00,2.00,20.00,sale
2026-04-18,Cooking Oil 3L,V12-FIL-001,8,10.37,8.32,82.96,sale
2026-04-18,Mayo 750ml,V12-FIL-005,11,6.41,4.14,70.51,sale
2026-04-18,Ketchup 1kg,V12-FIL-006,7,11.33,7.49,79.31,sale
2026-04-18,Olive Oil 1L,V12-FIL-007,6,36.61,26.78,219.66,sale
2026-04-18,Yogurt 500g,V12-FIL-011,1,9.42,7.25,9.42,sale
2026-04-18,Chicken 1kg,V12-FIL-015,1,46.44,30.10,46.44,sale
2026-04-18,Soap 6pk,V12-FIL-033,1,29.31,23.83,29.31,sale
2026-04-18,Toothpaste 3pk,V12-FIL-035,2,55.25,39.53,110.50,sale
2026-04-18,Tissue 6pk,V12-FIL-036,1,19.20,13.90,19.20,sale
2026-04-18,Salt 1kg,V12-FIL-040,11,28.05,18.01,308.55,sale
2026-04-18,Jam 400g,V12-FIL-043,1,35.14,24.76,35.14,sale
2026-04-18,Canned Beans 400g,V12-FIL-048,7,28.98,22.66,202.86,sale
2026-04-18,Tuna 180g,V12-FIL-049,8,58.71,43.15,469.68,sale
2026-04-18,Zucchini,V12-FIL-056,10,35.42,23.42,354.20,sale
2026-04-18,Eggplant,V12-FIL-057,12,35.67,29.77,428.04,sale
2026-04-18,Baby Carrots,V12-FIL-062,1,3.77,2.78,3.77,sale
2026-04-18,Almonds 200g,V12-FIL-064,2,4.43,3.39,8.86,sale
2026-04-18,Stock Cubes 12pk,V12-FIL-070,7,19.59,15.20,137.13,sale
2026-04-18,Ginger 500g,V12-FIL-072,2,21.29,15.31,42.58,sale
2026-04-18,Paprika 100g,V12-FIL-074,1,34.73,25.81,34.73,sale
2026-04-18,GT V12-GROWTH-001,V12-GROWTH-001,1,13.00,6.00,13.00,sale
2026-04-18,GT V12-GROWTH-002,V12-GROWTH-002,2,26.00,12.00,52.00,sale
2026-04-18,GT V12-HEALTHY-001,V12-HEALTHY-001,3,12.00,6.00,36.00,sale
2026-04-18,GT V12-HEALTHY-002,V12-HEALTHY-002,2,9.00,4.00,18.00,sale
2026-04-18,GT V12-MARGIN-002,V12-MARGIN-002,5,14.00,20.00,70.00,sale
2026-04-18,GT V12-OVERSTOCK-001,V12-OVERSTOCK-001,3,30.00,15.00,90.00,sale
2026-04-18,GT V12-OVERSTOCK-002,V12-OVERSTOCK-002,2,80.00,40.00,160.00,sale
2026-04-18,GT V12-PO-001,V12-PO-001,4,9.00,4.00,36.00,sale
2026-04-18,GT V12-PO-002,V12-PO-002,2,10.00,5.00,20.00,sale
2026-04-18,GT V12-SEASONAL-003,V12-SEASONAL-003,2,15.00,7.00,30.00,sale
2026-04-18,GT V12-STOCKOUT-001,V12-STOCKOUT-001,8,16.00,8.00,128.00,sale
2026-04-18,GT V12-STOCKOUT-002,V12-STOCKOUT-002,5,7.00,3.00,35.00,sale
2026-04-19,GT V12-FAST-001,V12-FAST-001,5,11.00,5.00,55.00,sale
2026-04-19,GT V12-FAST-002,V12-FAST-002,6,14.00,7.00,84.00,sale
2026-04-19,GT V12-FAST-003,V12-FAST-003,7,18.00,9.00,126.00,sale
2026-04-19,GT V12-FAST-004,V12-FAST-004,4,5.00,2.00,20.00,sale
2026-04-19,Cooking Oil 3L,V12-FIL-001,8,10.37,8.32,82.96,sale
2026-04-19,Mayo 750ml,V12-FIL-005,11,6.41,4.14,70.51,sale
2026-04-19,Ketchup 1kg,V12-FIL-006,7,11.33,7.49,79.31,sale
2026-04-19,Olive Oil 1L,V12-FIL-007,6,36.61,26.78,219.66,sale
2026-04-19,Yogurt 500g,V12-FIL-011,1,9.42,7.25,9.42,sale
2026-04-19,Chicken 1kg,V12-FIL-015,1,46.44,30.10,46.44,sale
2026-04-19,Apple 1kg,V12-FIL-023,1,6.32,5.13,6.32,sale
2026-04-19,Chocolate 100g,V12-FIL-030,1,20.09,12.61,20.09,sale
2026-04-19,Soap 6pk,V12-FIL-033,1,29.31,23.83,29.31,sale
2026-04-19,Toothpaste 3pk,V12-FIL-035,1,55.25,39.53,55.25,sale
2026-04-19,Tissue 6pk,V12-FIL-036,1,19.20,13.90,19.20,sale
2026-04-19,Salt 1kg,V12-FIL-040,11,28.05,18.01,308.55,sale
2026-04-19,Jam 400g,V12-FIL-043,1,35.14,24.76,35.14,sale
2026-04-19,Canned Beans 400g,V12-FIL-048,7,28.98,22.66,202.86,sale
2026-04-19,Tuna 180g,V12-FIL-049,8,58.71,43.15,469.68,sale
2026-04-19,Zucchini,V12-FIL-056,10,35.42,23.42,354.20,sale
2026-04-19,Eggplant,V12-FIL-057,12,35.67,29.77,428.04,sale
2026-04-19,Baby Carrots,V12-FIL-062,1,3.77,2.78,3.77,sale
2026-04-19,Almonds 200g,V12-FIL-064,1,4.43,3.39,4.43,sale
2026-04-19,Stock Cubes 12pk,V12-FIL-070,7,19.59,15.20,137.13,sale
2026-04-19,Ginger 500g,V12-FIL-072,2,21.29,15.31,42.58,sale
2026-04-19,Paprika 100g,V12-FIL-074,1,34.73,25.81,34.73,sale
2026-04-19,GT V12-GROWTH-001,V12-GROWTH-001,1,13.00,6.00,13.00,sale
2026-04-19,GT V12-GROWTH-002,V12-GROWTH-002,2,26.00,12.00,52.00,sale
2026-04-19,GT V12-HEALTHY-001,V12-HEALTHY-001,3,12.00,6.00,36.00,sale
2026-04-19,GT V12-HEALTHY-002,V12-HEALTHY-002,2,9.00,4.00,18.00,sale
2026-04-19,GT V12-MARGIN-001,V12-MARGIN-001,1,9.00,15.00,9.00,sale
2026-04-19,GT V12-MARGIN-002,V12-MARGIN-002,5,14.00,20.00,70.00,sale
2026-04-19,GT V12-OVERSTOCK-001,V12-OVERSTOCK-001,2,30.00,15.00,60.00,sale
2026-04-19,GT V12-OVERSTOCK-002,V12-OVERSTOCK-002,2,80.00,40.00,160.00,sale
2026-04-19,GT V12-PO-001,V12-PO-001,4,9.00,4.00,36.00,sale
2026-04-19,GT V12-PO-002,V12-PO-002,2,10.00,5.00,20.00,sale
2026-04-19,GT V12-SEASONAL-003,V12-SEASONAL-003,2,15.00,7.00,30.00,sale
2026-04-19,GT V12-STOCKOUT-001,V12-STOCKOUT-001,8,16.00,8.00,128.00,sale
2026-04-19,GT V12-STOCKOUT-002,V12-STOCKOUT-002,5,7.00,3.00,35.00,sale
2026-04-20,GT V12-FAST-001,V12-FAST-001,5,11.00,5.00,55.00,sale
2026-04-20,GT V12-FAST-002,V12-FAST-002,6,14.00,7.00,84.00,sale
2026-04-20,GT V12-FAST-003,V12-FAST-003,7,18.00,9.00,126.00,sale
2026-04-20,GT V12-FAST-004,V12-FAST-004,4,5.00,2.00,20.00,sale
2026-04-20,Cooking Oil 3L,V12-FIL-001,8,10.37,8.32,82.96,sale
2026-04-20,Mayo 750ml,V12-FIL-005,11,6.41,4.14,70.51,sale
2026-04-20,Ketchup 1kg,V12-FIL-006,7,11.33,7.49,79.31,sale
2026-04-20,Olive Oil 1L,V12-FIL-007,6,36.61,26.78,219.66,sale
2026-04-20,Yogurt 500g,V12-FIL-011,1,9.42,7.25,9.42,sale
2026-04-20,Chicken 1kg,V12-FIL-015,1,46.44,30.10,46.44,sale
2026-04-20,Apple 1kg,V12-FIL-023,1,6.32,5.13,6.32,sale
2026-04-20,Chocolate 100g,V12-FIL-030,1,20.09,12.61,20.09,sale
2026-04-20,Soap 6pk,V12-FIL-033,1,29.31,23.83,29.31,sale
2026-04-20,Toothpaste 3pk,V12-FIL-035,1,55.25,39.53,55.25,sale
2026-04-20,Tissue 6pk,V12-FIL-036,1,19.20,13.90,19.20,sale
2026-04-20,Salt 1kg,V12-FIL-040,11,28.05,18.01,308.55,sale
2026-04-20,Jam 400g,V12-FIL-043,1,35.14,24.76,35.14,sale
2026-04-20,Canned Beans 400g,V12-FIL-048,7,28.98,22.66,202.86,sale
2026-04-20,Tuna 180g,V12-FIL-049,8,58.71,43.15,469.68,sale
2026-04-20,Zucchini,V12-FIL-056,10,35.42,23.42,354.20,sale
2026-04-20,Eggplant,V12-FIL-057,12,35.67,29.77,428.04,sale
2026-04-20,Baby Carrots,V12-FIL-062,1,3.77,2.78,3.77,sale
2026-04-20,Almonds 200g,V12-FIL-064,1,4.43,3.39,4.43,sale
2026-04-20,Stock Cubes 12pk,V12-FIL-070,7,19.59,15.20,137.13,sale
2026-04-20,Ginger 500g,V12-FIL-072,2,21.29,15.31,42.58,sale
2026-04-20,Paprika 100g,V12-FIL-074,1,34.73,25.81,34.73,sale
2026-04-20,GT V12-GROWTH-001,V12-GROWTH-001,1,13.00,6.00,13.00,sale
2026-04-20,GT V12-GROWTH-002,V12-GROWTH-002,2,26.00,12.00,52.00,sale
2026-04-20,GT V12-HEALTHY-001,V12-HEALTHY-001,3,12.00,6.00,36.00,sale
2026-04-20,GT V12-HEALTHY-002,V12-HEALTHY-002,2,9.00,4.00,18.00,sale
2026-04-20,GT V12-MARGIN-001,V12-MARGIN-001,1,9.00,15.00,9.00,sale
2026-04-20,GT V12-MARGIN-002,V12-MARGIN-002,5,14.00,20.00,70.00,sale
2026-04-20,GT V12-OVERSTOCK-001,V12-OVERSTOCK-001,2,30.00,15.00,60.00,sale
2026-04-20,GT V12-OVERSTOCK-002,V12-OVERSTOCK-002,2,80.00,40.00,160.00,sale
2026-04-20,GT V12-PO-001,V12-PO-001,4,9.00,4.00,36.00,sale
2026-04-20,GT V12-PO-002,V12-PO-002,2,10.00,5.00,20.00,sale
2026-04-20,GT V12-SEASONAL-003,V12-SEASONAL-003,2,15.00,7.00,30.00,sale
2026-04-20,GT V12-STOCKOUT-001,V12-STOCKOUT-001,8,16.00,8.00,128.00,sale
2026-04-20,GT V12-STOCKOUT-002,V12-STOCKOUT-002,5,7.00,3.00,35.00,sale
2026-04-21,GT V12-FAST-001,V12-FAST-001,5,11.00,5.00,55.00,sale
2026-04-21,GT V12-FAST-002,V12-FAST-002,6,14.00,7.00,84.00,sale
2026-04-21,GT V12-FAST-003,V12-FAST-003,7,18.00,9.00,126.00,sale
2026-04-21,GT V12-FAST-004,V12-FAST-004,4,5.00,2.00,20.00,sale
2026-04-21,Cooking Oil 3L,V12-FIL-001,8,10.37,8.32,82.96,sale
2026-04-21,Mayo 750ml,V12-FIL-005,11,6.41,4.14,70.51,sale
2026-04-21,Ketchup 1kg,V12-FIL-006,6,11.33,7.49,67.98,sale
2026-04-21,Olive Oil 1L,V12-FIL-007,5,36.61,26.78,183.05,sale
2026-04-21,Yogurt 500g,V12-FIL-011,1,9.42,7.25,9.42,sale
2026-04-21,Chicken 1kg,V12-FIL-015,1,46.44,30.10,46.44,sale
2026-04-21,Apple 1kg,V12-FIL-023,1,6.32,5.13,6.32,sale
2026-04-21,Chocolate 100g,V12-FIL-030,1,20.09,12.61,20.09,sale
2026-04-21,Soap 6pk,V12-FIL-033,1,29.31,23.83,29.31,sale
2026-04-21,Toothpaste 3pk,V12-FIL-035,1,55.25,39.53,55.25,sale
2026-04-21,Tissue 6pk,V12-FIL-036,1,19.20,13.90,19.20,sale
2026-04-21,Salt 1kg,V12-FIL-040,11,28.05,18.01,308.55,sale
2026-04-21,Jam 400g,V12-FIL-043,1,35.14,24.76,35.14,sale
2026-04-21,Canned Beans 400g,V12-FIL-048,7,28.98,22.66,202.86,sale
2026-04-21,Tuna 180g,V12-FIL-049,8,58.71,43.15,469.68,sale
2026-04-21,Zucchini,V12-FIL-056,9,35.42,23.42,318.78,sale
2026-04-21,Eggplant,V12-FIL-057,12,35.67,29.77,428.04,sale
2026-04-21,Baby Carrots,V12-FIL-062,1,3.77,2.78,3.77,sale
2026-04-21,Almonds 200g,V12-FIL-064,1,4.43,3.39,4.43,sale
2026-04-21,Stock Cubes 12pk,V12-FIL-070,7,19.59,15.20,137.13,sale
2026-04-21,Ginger 500g,V12-FIL-072,1,21.29,15.31,21.29,sale
2026-04-21,Paprika 100g,V12-FIL-074,1,34.73,25.81,34.73,sale
2026-04-21,GT V12-GROWTH-001,V12-GROWTH-001,1,13.00,6.00,13.00,sale
2026-04-21,GT V12-GROWTH-002,V12-GROWTH-002,2,26.00,12.00,52.00,sale
2026-04-21,GT V12-HEALTHY-001,V12-HEALTHY-001,3,12.00,6.00,36.00,sale
2026-04-21,GT V12-HEALTHY-002,V12-HEALTHY-002,2,9.00,4.00,18.00,sale
2026-04-21,GT V12-MARGIN-001,V12-MARGIN-001,1,9.00,15.00,9.00,sale
2026-04-21,GT V12-MARGIN-002,V12-MARGIN-002,5,14.00,20.00,70.00,sale
2026-04-21,GT V12-OVERSTOCK-001,V12-OVERSTOCK-001,2,30.00,15.00,60.00,sale
2026-04-21,GT V12-OVERSTOCK-002,V12-OVERSTOCK-002,2,80.00,40.00,160.00,sale
2026-04-21,GT V12-PO-001,V12-PO-001,4,9.00,4.00,36.00,sale
2026-04-21,GT V12-PO-002,V12-PO-002,2,10.00,5.00,20.00,sale
2026-04-21,GT V12-SEASONAL-003,V12-SEASONAL-003,1,15.00,7.00,15.00,sale
2026-04-21,GT V12-STOCKOUT-001,V12-STOCKOUT-001,8,16.00,8.00,128.00,sale
2026-04-21,GT V12-STOCKOUT-002,V12-STOCKOUT-002,5,7.00,3.00,35.00,sale
2026-04-22,GT V12-FAST-001,V12-FAST-001,4,11.00,5.00,44.00,sale
2026-04-22,GT V12-FAST-002,V12-FAST-002,6,14.00,7.00,84.00,sale
2026-04-22,GT V12-FAST-003,V12-FAST-003,7,18.00,9.00,126.00,sale
2026-04-22,GT V12-FAST-004,V12-FAST-004,3,5.00,2.00,15.00,sale
2026-04-22,Cooking Oil 3L,V12-FIL-001,8,10.37,8.32,82.96,sale
2026-04-22,Sugar 2kg,V12-FIL-002,5,40.98,26.95,204.90,sale
2026-04-22,Flour 5kg,V12-FIL-003,8,53.18,36.47,425.44,sale
2026-04-22,Mayo 750ml,V12-FIL-005,11,6.41,4.14,70.51,sale
2026-04-22,Ketchup 1kg,V12-FIL-006,6,11.33,7.49,67.98,sale
2026-04-22,Olive Oil 1L,V12-FIL-007,5,36.61,26.78,183.05,sale
2026-04-22,Milk 1L,V12-FIL-010,1,15.33,12.73,15.33,sale
2026-04-22,Yogurt 500g,V12-FIL-011,1,9.42,7.25,9.42,sale
2026-04-22,Chicken 1kg,V12-FIL-015,1,46.44,30.10,46.44,sale
2026-04-22,Fish 800g,V12-FIL-017,9,58.66,42.10,527.94,sale
2026-04-22,Onion 5kg,V12-FIL-021,7,23.96,17.56,167.72,sale
2026-04-22,Apple 1kg,V12-FIL-023,1,6.32,5.13,6.32,sale
2026-04-22,Chocolate 100g,V12-FIL-030,1,20.09,12.61,20.09,sale
2026-04-22,Candy 500g,V12-FIL-031,6,5.12,3.24,30.72,sale
2026-04-22,Soap 6pk,V12-FIL-033,1,29.31,23.83,29.31,sale
2026-04-22,Toothpaste 3pk,V12-FIL-035,1,55.25,39.53,55.25,sale
2026-04-22,Tissue 6pk,V12-FIL-036,1,19.20,13.90,19.20,sale
2026-04-22,Wipes 80pk,V12-FIL-037,5,30.46,24.64,152.30,sale
2026-04-22,Salt 1kg,V12-FIL-040,11,28.05,18.01,308.55,sale
2026-04-22,Spices 100g,V12-FIL-041,10,17.65,11.92,176.50,sale
2026-04-22,Jam 400g,V12-FIL-043,1,35.14,24.76,35.14,sale
2026-04-22,Canned Beans 400g,V12-FIL-048,7,28.98,22.66,202.86,sale
2026-04-22,Tuna 180g,V12-FIL-049,8,58.71,43.15,469.68,sale
2026-04-22,Instant Noodles 5pk,V12-FIL-050,10,28.16,24.32,281.60,sale
2026-04-22,Zucchini,V12-FIL-056,9,35.42,23.42,318.78,sale
2026-04-22,Eggplant,V12-FIL-057,11,35.67,29.77,392.37,sale
2026-04-22,Mango 1kg,V12-FIL-058,8,32.41,20.67,259.28,sale
2026-04-22,Baby Carrots,V12-FIL-062,1,3.77,2.78,3.77,sale
2026-04-22,Almonds 200g,V12-FIL-064,1,4.43,3.39,4.43,sale
2026-04-22,Stock Cubes 12pk,V12-FIL-070,7,19.59,15.20,137.13,sale
2026-04-22,Ginger 500g,V12-FIL-072,1,21.29,15.31,21.29,sale
2026-04-22,Paprika 100g,V12-FIL-074,1,34.73,25.81,34.73,sale
2026-04-22,Mint,V12-FIL-077,7,26.72,18.48,187.04,sale
2026-04-22,GT V12-GROWTH-001,V12-GROWTH-001,1,13.00,6.00,13.00,sale
2026-04-22,GT V12-GROWTH-002,V12-GROWTH-002,2,26.00,12.00,52.00,sale
2026-04-22,GT V12-HEALTHY-001,V12-HEALTHY-001,3,12.00,6.00,36.00,sale
2026-04-22,GT V12-HEALTHY-002,V12-HEALTHY-002,2,9.00,4.00,18.00,sale
2026-04-22,GT V12-MARGIN-001,V12-MARGIN-001,1,9.00,15.00,9.00,sale
2026-04-22,GT V12-MARGIN-002,V12-MARGIN-002,4,14.00,20.00,56.00,sale
2026-04-22,GT V12-OVERSTOCK-001,V12-OVERSTOCK-001,2,30.00,15.00,60.00,sale
2026-04-22,GT V12-OVERSTOCK-002,V12-OVERSTOCK-002,2,80.00,40.00,160.00,sale
2026-04-22,GT V12-PO-001,V12-PO-001,4,9.00,4.00,36.00,sale
2026-04-22,GT V12-PO-002,V12-PO-002,2,10.00,5.00,20.00,sale
2026-04-22,GT V12-SEASONAL-003,V12-SEASONAL-003,1,15.00,7.00,15.00,sale
2026-04-22,GT V12-STOCKOUT-001,V12-STOCKOUT-001,7,16.00,8.00,112.00,sale
2026-04-22,GT V12-STOCKOUT-002,V12-STOCKOUT-002,5,7.00,3.00,35.00,sale
2026-04-22,GT V12-UNKNOWN-001,V12-UNKNOWN-001,3,7.00,3.00,21.00,sale
2026-04-23,GT V12-FAST-001,V12-FAST-001,4,11.00,5.00,44.00,sale
2026-04-23,GT V12-FAST-002,V12-FAST-002,6,14.00,7.00,84.00,sale
2026-04-23,GT V12-FAST-003,V12-FAST-003,7,18.00,9.00,126.00,sale
2026-04-23,GT V12-FAST-004,V12-FAST-004,3,5.00,2.00,15.00,sale
2026-04-23,Cooking Oil 3L,V12-FIL-001,7,10.37,8.32,72.59,sale
2026-04-23,Sugar 2kg,V12-FIL-002,5,40.98,26.95,204.90,sale
2026-04-23,Flour 5kg,V12-FIL-003,8,53.18,36.47,425.44,sale
2026-04-23,Mayo 750ml,V12-FIL-005,11,6.41,4.14,70.51,sale
2026-04-23,Ketchup 1kg,V12-FIL-006,6,11.33,7.49,67.98,sale
2026-04-23,Olive Oil 1L,V12-FIL-007,5,36.61,26.78,183.05,sale
2026-04-23,Milk 1L,V12-FIL-010,1,15.33,12.73,15.33,sale
2026-04-23,Yogurt 500g,V12-FIL-011,1,9.42,7.25,9.42,sale
2026-04-23,Eggs 30pk,V12-FIL-014,1,46.90,32.21,46.90,sale
2026-04-23,Chicken 1kg,V12-FIL-015,1,46.44,30.10,46.44,sale
2026-04-23,Fish 800g,V12-FIL-017,9,58.66,42.10,527.94,sale
2026-04-23,Onion 5kg,V12-FIL-021,7,23.96,17.56,167.72,sale
2026-04-23,Apple 1kg,V12-FIL-023,1,6.32,5.13,6.32,sale
2026-04-23,Chocolate 100g,V12-FIL-030,1,20.09,12.61,20.09,sale
2026-04-23,Candy 500g,V12-FIL-031,6,5.12,3.24,30.72,sale
2026-04-23,Soap 6pk,V12-FIL-033,1,29.31,23.83,29.31,sale
2026-04-23,Toothpaste 3pk,V12-FIL-035,1,55.25,39.53,55.25,sale
2026-04-23,Tissue 6pk,V12-FIL-036,1,19.20,13.90,19.20,sale
2026-04-23,Wipes 80pk,V12-FIL-037,5,30.46,24.64,152.30,sale
2026-04-23,Salt 1kg,V12-FIL-040,11,28.05,18.01,308.55,sale
2026-04-23,Spices 100g,V12-FIL-041,10,17.65,11.92,176.50,sale
2026-04-23,Jam 400g,V12-FIL-043,1,35.14,24.76,35.14,sale
2026-04-23,Canned Beans 400g,V12-FIL-048,7,28.98,22.66,202.86,sale
2026-04-23,Tuna 180g,V12-FIL-049,8,58.71,43.15,469.68,sale
2026-04-23,Instant Noodles 5pk,V12-FIL-050,9,28.16,24.32,253.44,sale
2026-04-23,Zucchini,V12-FIL-056,9,35.42,23.42,318.78,sale
2026-04-23,Eggplant,V12-FIL-057,11,35.67,29.77,392.37,sale
2026-04-23,Mango 1kg,V12-FIL-058,8,32.41,20.67,259.28,sale
2026-04-23,Baby Carrots,V12-FIL-062,1,3.77,2.78,3.77,sale
2026-04-23,Almonds 200g,V12-FIL-064,1,4.43,3.39,4.43,sale
2026-04-23,Stock Cubes 12pk,V12-FIL-070,7,19.59,15.20,137.13,sale
2026-04-23,Ginger 500g,V12-FIL-072,1,21.29,15.31,21.29,sale
2026-04-23,Paprika 100g,V12-FIL-074,1,34.73,25.81,34.73,sale
2026-04-23,Mint,V12-FIL-077,7,26.72,18.48,187.04,sale
2026-04-23,GT V12-GROWTH-001,V12-GROWTH-001,1,13.00,6.00,13.00,sale
2026-04-23,GT V12-GROWTH-002,V12-GROWTH-002,2,26.00,12.00,52.00,sale
2026-04-23,GT V12-HEALTHY-001,V12-HEALTHY-001,3,12.00,6.00,36.00,sale
2026-04-23,GT V12-HEALTHY-002,V12-HEALTHY-002,2,9.00,4.00,18.00,sale
2026-04-23,GT V12-MARGIN-001,V12-MARGIN-001,1,9.00,15.00,9.00,sale
2026-04-23,GT V12-MARGIN-002,V12-MARGIN-002,4,14.00,20.00,56.00,sale
2026-04-23,GT V12-OVERSTOCK-001,V12-OVERSTOCK-001,2,30.00,15.00,60.00,sale
2026-04-23,GT V12-OVERSTOCK-002,V12-OVERSTOCK-002,2,80.00,40.00,160.00,sale
2026-04-23,GT V12-PO-001,V12-PO-001,4,9.00,4.00,36.00,sale
2026-04-23,GT V12-PO-002,V12-PO-002,2,10.00,5.00,20.00,sale
2026-04-23,GT V12-SEASONAL-003,V12-SEASONAL-003,1,15.00,7.00,15.00,sale
2026-04-23,GT V12-SEASONAL-004,V12-SEASONAL-004,1,20.00,9.00,20.00,sale
2026-04-23,GT V12-STOCKOUT-001,V12-STOCKOUT-001,7,16.00,8.00,112.00,sale
2026-04-23,GT V12-STOCKOUT-002,V12-STOCKOUT-002,5,7.00,3.00,35.00,sale
2026-04-23,GT V12-UNKNOWN-001,V12-UNKNOWN-001,3,7.00,3.00,21.00,sale
2026-04-24,GT V12-FAST-001,V12-FAST-001,4,11.00,5.00,44.00,sale
2026-04-24,GT V12-FAST-002,V12-FAST-002,6,14.00,7.00,84.00,sale
2026-04-24,GT V12-FAST-003,V12-FAST-003,7,18.00,9.00,126.00,sale
2026-04-24,GT V12-FAST-004,V12-FAST-004,3,5.00,2.00,15.00,sale
2026-04-24,Cooking Oil 3L,V12-FIL-001,7,10.37,8.32,72.59,sale
2026-04-24,Sugar 2kg,V12-FIL-002,5,40.98,26.95,204.90,sale
2026-04-24,Flour 5kg,V12-FIL-003,8,53.18,36.47,425.44,sale
2026-04-24,Mayo 750ml,V12-FIL-005,11,6.41,4.14,70.51,sale
2026-04-24,Ketchup 1kg,V12-FIL-006,6,11.33,7.49,67.98,sale
2026-04-24,Olive Oil 1L,V12-FIL-007,5,36.61,26.78,183.05,sale
2026-04-24,Milk 1L,V12-FIL-010,1,15.33,12.73,15.33,sale
2026-04-24,Yogurt 500g,V12-FIL-011,1,9.42,7.25,9.42,sale
2026-04-24,Eggs 30pk,V12-FIL-014,1,46.90,32.21,46.90,sale
2026-04-24,Chicken 1kg,V12-FIL-015,1,46.44,30.10,46.44,sale
2026-04-24,Fish 800g,V12-FIL-017,9,58.66,42.10,527.94,sale
2026-04-24,Onion 5kg,V12-FIL-021,7,23.96,17.56,167.72,sale
2026-04-24,Apple 1kg,V12-FIL-023,1,6.32,5.13,6.32,sale
2026-04-24,Chocolate 100g,V12-FIL-030,1,20.09,12.61,20.09,sale
2026-04-24,Candy 500g,V12-FIL-031,6,5.12,3.24,30.72,sale
2026-04-24,Soap 6pk,V12-FIL-033,1,29.31,23.83,29.31,sale
2026-04-24,Toothpaste 3pk,V12-FIL-035,1,55.25,39.53,55.25,sale
2026-04-24,Tissue 6pk,V12-FIL-036,1,19.20,13.90,19.20,sale
2026-04-24,Wipes 80pk,V12-FIL-037,5,30.46,24.64,152.30,sale
2026-04-24,Salt 1kg,V12-FIL-040,11,28.05,18.01,308.55,sale
2026-04-24,Spices 100g,V12-FIL-041,10,17.65,11.92,176.50,sale
2026-04-24,Jam 400g,V12-FIL-043,1,35.14,24.76,35.14,sale
2026-04-24,Canned Beans 400g,V12-FIL-048,7,28.98,22.66,202.86,sale
2026-04-24,Tuna 180g,V12-FIL-049,8,58.71,43.15,469.68,sale
2026-04-24,Instant Noodles 5pk,V12-FIL-050,9,28.16,24.32,253.44,sale
2026-04-24,Zucchini,V12-FIL-056,9,35.42,23.42,318.78,sale
2026-04-24,Eggplant,V12-FIL-057,11,35.67,29.77,392.37,sale
2026-04-24,Mango 1kg,V12-FIL-058,8,32.41,20.67,259.28,sale
2026-04-24,Baby Carrots,V12-FIL-062,1,3.77,2.78,3.77,sale
2026-04-24,Almonds 200g,V12-FIL-064,1,4.43,3.39,4.43,sale
2026-04-24,Stock Cubes 12pk,V12-FIL-070,7,19.59,15.20,137.13,sale
2026-04-24,Ginger 500g,V12-FIL-072,1,21.29,15.31,21.29,sale
2026-04-24,Paprika 100g,V12-FIL-074,1,34.73,25.81,34.73,sale
2026-04-24,Mint,V12-FIL-077,7,26.72,18.48,187.04,sale
2026-04-24,GT V12-GROWTH-001,V12-GROWTH-001,1,13.00,6.00,13.00,sale
2026-04-24,GT V12-GROWTH-002,V12-GROWTH-002,2,26.00,12.00,52.00,sale
2026-04-24,GT V12-HEALTHY-001,V12-HEALTHY-001,3,12.00,6.00,36.00,sale
2026-04-24,GT V12-HEALTHY-002,V12-HEALTHY-002,2,9.00,4.00,18.00,sale
2026-04-24,GT V12-MARGIN-001,V12-MARGIN-001,1,9.00,15.00,9.00,sale
2026-04-24,GT V12-MARGIN-002,V12-MARGIN-002,4,14.00,20.00,56.00,sale
2026-04-24,GT V12-OVERSTOCK-001,V12-OVERSTOCK-001,2,30.00,15.00,60.00,sale
2026-04-24,GT V12-OVERSTOCK-002,V12-OVERSTOCK-002,2,80.00,40.00,160.00,sale
2026-04-24,GT V12-PO-001,V12-PO-001,4,9.00,4.00,36.00,sale
2026-04-24,GT V12-PO-002,V12-PO-002,2,10.00,5.00,20.00,sale
2026-04-24,GT V12-SEASONAL-003,V12-SEASONAL-003,1,15.00,7.00,15.00,sale
2026-04-24,GT V12-SEASONAL-004,V12-SEASONAL-004,1,20.00,9.00,20.00,sale
2026-04-24,GT V12-STOCKOUT-001,V12-STOCKOUT-001,7,16.00,8.00,112.00,sale
2026-04-24,GT V12-STOCKOUT-002,V12-STOCKOUT-002,5,7.00,3.00,35.00,sale
2026-04-24,GT V12-UNKNOWN-001,V12-UNKNOWN-001,3,7.00,3.00,21.00,sale
2026-04-25,GT V12-FAST-001,V12-FAST-001,4,11.00,5.00,44.00,sale
2026-04-25,GT V12-FAST-002,V12-FAST-002,6,14.00,7.00,84.00,sale
2026-04-25,GT V12-FAST-003,V12-FAST-003,7,18.00,9.00,126.00,sale
2026-04-25,GT V12-FAST-004,V12-FAST-004,3,5.00,2.00,15.00,sale
2026-04-25,Cooking Oil 3L,V12-FIL-001,7,10.37,8.32,72.59,sale
2026-04-25,Sugar 2kg,V12-FIL-002,5,40.98,26.95,204.90,sale
2026-04-25,Flour 5kg,V12-FIL-003,8,53.18,36.47,425.44,sale
2026-04-25,Mayo 750ml,V12-FIL-005,10,6.41,4.14,64.10,sale
2026-04-25,Ketchup 1kg,V12-FIL-006,6,11.33,7.49,67.98,sale
2026-04-25,Olive Oil 1L,V12-FIL-007,5,36.61,26.78,183.05,sale
2026-04-25,Milk 1L,V12-FIL-010,1,15.33,12.73,15.33,sale
2026-04-25,Yogurt 500g,V12-FIL-011,1,9.42,7.25,9.42,sale
2026-04-25,Eggs 30pk,V12-FIL-014,1,46.90,32.21,46.90,sale
2026-04-25,Chicken 1kg,V12-FIL-015,1,46.44,30.10,46.44,sale
2026-04-25,Fish 800g,V12-FIL-017,9,58.66,42.10,527.94,sale
2026-04-25,Onion 5kg,V12-FIL-021,7,23.96,17.56,167.72,sale
2026-04-25,Apple 1kg,V12-FIL-023,1,6.32,5.13,6.32,sale
2026-04-25,Chocolate 100g,V12-FIL-030,1,20.09,12.61,20.09,sale
2026-04-25,Candy 500g,V12-FIL-031,6,5.12,3.24,30.72,sale
2026-04-25,Soap 6pk,V12-FIL-033,1,29.31,23.83,29.31,sale
2026-04-25,Toothpaste 3pk,V12-FIL-035,1,55.25,39.53,55.25,sale
2026-04-25,Tissue 6pk,V12-FIL-036,1,19.20,13.90,19.20,sale
2026-04-25,Wipes 80pk,V12-FIL-037,5,30.46,24.64,152.30,sale
2026-04-25,Salt 1kg,V12-FIL-040,11,28.05,18.01,308.55,sale
2026-04-25,Spices 100g,V12-FIL-041,10,17.65,11.92,176.50,sale
2026-04-25,Jam 400g,V12-FIL-043,1,35.14,24.76,35.14,sale
2026-04-25,Canned Beans 400g,V12-FIL-048,7,28.98,22.66,202.86,sale
2026-04-25,Tuna 180g,V12-FIL-049,8,58.71,43.15,469.68,sale
2026-04-25,Instant Noodles 5pk,V12-FIL-050,9,28.16,24.32,253.44,sale
2026-04-25,Zucchini,V12-FIL-056,9,35.42,23.42,318.78,sale
2026-04-25,Eggplant,V12-FIL-057,11,35.67,29.77,392.37,sale
2026-04-25,Mango 1kg,V12-FIL-058,8,32.41,20.67,259.28,sale
2026-04-25,Baby Carrots,V12-FIL-062,1,3.77,2.78,3.77,sale
2026-04-25,Almonds 200g,V12-FIL-064,1,4.43,3.39,4.43,sale
2026-04-25,Stock Cubes 12pk,V12-FIL-070,7,19.59,15.20,137.13,sale
2026-04-25,Ginger 500g,V12-FIL-072,1,21.29,15.31,21.29,sale
2026-04-25,Paprika 100g,V12-FIL-074,1,34.73,25.81,34.73,sale
2026-04-25,Mint,V12-FIL-077,7,26.72,18.48,187.04,sale
2026-04-25,GT V12-GROWTH-001,V12-GROWTH-001,1,13.00,6.00,13.00,sale
2026-04-25,GT V12-GROWTH-002,V12-GROWTH-002,2,26.00,12.00,52.00,sale
2026-04-25,GT V12-HEALTHY-001,V12-HEALTHY-001,3,12.00,6.00,36.00,sale
2026-04-25,GT V12-HEALTHY-002,V12-HEALTHY-002,2,9.00,4.00,18.00,sale
2026-04-25,GT V12-HEALTHY-003,V12-HEALTHY-003,1,11.00,5.00,11.00,sale
2026-04-25,GT V12-MARGIN-001,V12-MARGIN-001,1,9.00,15.00,9.00,sale
2026-04-25,GT V12-MARGIN-002,V12-MARGIN-002,4,14.00,20.00,56.00,sale
2026-04-25,GT V12-OVERSTOCK-001,V12-OVERSTOCK-001,2,30.00,15.00,60.00,sale
2026-04-25,GT V12-OVERSTOCK-002,V12-OVERSTOCK-002,1,80.00,40.00,80.00,sale
2026-04-25,GT V12-PO-001,V12-PO-001,4,9.00,4.00,36.00,sale
2026-04-25,GT V12-PO-002,V12-PO-002,2,10.00,5.00,20.00,sale
2026-04-25,GT V12-SEASONAL-003,V12-SEASONAL-003,1,15.00,7.00,15.00,sale
2026-04-25,GT V12-SEASONAL-004,V12-SEASONAL-004,1,20.00,9.00,20.00,sale
2026-04-25,GT V12-STOCKOUT-001,V12-STOCKOUT-001,7,16.00,8.00,112.00,sale
2026-04-25,GT V12-STOCKOUT-002,V12-STOCKOUT-002,4,7.00,3.00,28.00,sale
2026-04-25,GT V12-UNKNOWN-001,V12-UNKNOWN-001,3,7.00,3.00,21.00,sale
2026-04-26,GT V12-FAST-001,V12-FAST-001,4,11.00,5.00,44.00,sale
2026-04-26,GT V12-FAST-002,V12-FAST-002,6,14.00,7.00,84.00,sale
2026-04-26,GT V12-FAST-003,V12-FAST-003,7,18.00,9.00,126.00,sale
2026-04-26,GT V12-FAST-004,V12-FAST-004,3,5.00,2.00,15.00,sale
2026-04-26,Cooking Oil 3L,V12-FIL-001,7,10.37,8.32,72.59,sale
2026-04-26,Sugar 2kg,V12-FIL-002,5,40.98,26.95,204.90,sale
2026-04-26,Flour 5kg,V12-FIL-003,8,53.18,36.47,425.44,sale
2026-04-26,Mayo 750ml,V12-FIL-005,10,6.41,4.14,64.10,sale
2026-04-26,Ketchup 1kg,V12-FIL-006,6,11.33,7.49,67.98,sale
2026-04-26,Olive Oil 1L,V12-FIL-007,5,36.61,26.78,183.05,sale
2026-04-26,Milk 1L,V12-FIL-010,1,15.33,12.73,15.33,sale
2026-04-26,Yogurt 500g,V12-FIL-011,1,9.42,7.25,9.42,sale
2026-04-26,Eggs 30pk,V12-FIL-014,1,46.90,32.21,46.90,sale
2026-04-26,Chicken 1kg,V12-FIL-015,1,46.44,30.10,46.44,sale
2026-04-26,Fish 800g,V12-FIL-017,9,58.66,42.10,527.94,sale
2026-04-26,Onion 5kg,V12-FIL-021,7,23.96,17.56,167.72,sale
2026-04-26,Apple 1kg,V12-FIL-023,1,6.32,5.13,6.32,sale
2026-04-26,Chocolate 100g,V12-FIL-030,1,20.09,12.61,20.09,sale
2026-04-26,Candy 500g,V12-FIL-031,6,5.12,3.24,30.72,sale
2026-04-26,Soap 6pk,V12-FIL-033,1,29.31,23.83,29.31,sale
2026-04-26,Toothpaste 3pk,V12-FIL-035,1,55.25,39.53,55.25,sale
2026-04-26,Tissue 6pk,V12-FIL-036,1,19.20,13.90,19.20,sale
2026-04-26,Wipes 80pk,V12-FIL-037,5,30.46,24.64,152.30,sale
2026-04-26,Salt 1kg,V12-FIL-040,11,28.05,18.01,308.55,sale
2026-04-26,Spices 100g,V12-FIL-041,10,17.65,11.92,176.50,sale
2026-04-26,Jam 400g,V12-FIL-043,1,35.14,24.76,35.14,sale
2026-04-26,Canned Beans 400g,V12-FIL-048,7,28.98,22.66,202.86,sale
2026-04-26,Tuna 180g,V12-FIL-049,8,58.71,43.15,469.68,sale
2026-04-26,Instant Noodles 5pk,V12-FIL-050,9,28.16,24.32,253.44,sale
2026-04-26,Zucchini,V12-FIL-056,9,35.42,23.42,318.78,sale
2026-04-26,Eggplant,V12-FIL-057,11,35.67,29.77,392.37,sale
2026-04-26,Mango 1kg,V12-FIL-058,8,32.41,20.67,259.28,sale
2026-04-26,Baby Carrots,V12-FIL-062,1,3.77,2.78,3.77,sale
2026-04-26,Almonds 200g,V12-FIL-064,1,4.43,3.39,4.43,sale
2026-04-26,Stock Cubes 12pk,V12-FIL-070,7,19.59,15.20,137.13,sale
2026-04-26,Ginger 500g,V12-FIL-072,1,21.29,15.31,21.29,sale
2026-04-26,Paprika 100g,V12-FIL-074,1,34.73,25.81,34.73,sale
2026-04-26,Mint,V12-FIL-077,7,26.72,18.48,187.04,sale
2026-04-26,GT V12-GROWTH-001,V12-GROWTH-001,1,13.00,6.00,13.00,sale
2026-04-26,GT V12-GROWTH-002,V12-GROWTH-002,2,26.00,12.00,52.00,sale
2026-04-26,GT V12-HEALTHY-001,V12-HEALTHY-001,3,12.00,6.00,36.00,sale
2026-04-26,GT V12-HEALTHY-002,V12-HEALTHY-002,2,9.00,4.00,18.00,sale
2026-04-26,GT V12-HEALTHY-003,V12-HEALTHY-003,1,11.00,5.00,11.00,sale
2026-04-26,GT V12-MARGIN-001,V12-MARGIN-001,1,9.00,15.00,9.00,sale
2026-04-26,GT V12-MARGIN-002,V12-MARGIN-002,4,14.00,20.00,56.00,sale
2026-04-26,GT V12-OVERSTOCK-001,V12-OVERSTOCK-001,2,30.00,15.00,60.00,sale
2026-04-26,GT V12-OVERSTOCK-002,V12-OVERSTOCK-002,1,80.00,40.00,80.00,sale
2026-04-26,GT V12-PO-001,V12-PO-001,4,9.00,4.00,36.00,sale
2026-04-26,GT V12-PO-002,V12-PO-002,2,10.00,5.00,20.00,sale
2026-04-26,GT V12-SEASONAL-001,V12-SEASONAL-001,1,22.00,10.00,22.00,sale
2026-04-26,GT V12-SEASONAL-003,V12-SEASONAL-003,1,15.00,7.00,15.00,sale
2026-04-26,GT V12-SEASONAL-004,V12-SEASONAL-004,1,20.00,9.00,20.00,sale
2026-04-26,GT V12-STOCKOUT-001,V12-STOCKOUT-001,7,16.00,8.00,112.00,sale
2026-04-26,GT V12-STOCKOUT-002,V12-STOCKOUT-002,4,7.00,3.00,28.00,sale
2026-04-26,GT V12-UNKNOWN-001,V12-UNKNOWN-001,3,7.00,3.00,21.00,sale
2026-04-27,GT V12-FAST-001,V12-FAST-001,4,11.00,5.00,44.00,sale
2026-04-27,GT V12-FAST-002,V12-FAST-002,5,14.00,7.00,70.00,sale
2026-04-27,GT V12-FAST-003,V12-FAST-003,7,18.00,9.00,126.00,sale
2026-04-27,GT V12-FAST-004,V12-FAST-004,3,5.00,2.00,15.00,sale
2026-04-27,Cooking Oil 3L,V12-FIL-001,7,10.37,8.32,72.59,sale
2026-04-27,Sugar 2kg,V12-FIL-002,5,40.98,26.95,204.90,sale
2026-04-27,Flour 5kg,V12-FIL-003,8,53.18,36.47,425.44,sale
2026-04-27,Mayo 750ml,V12-FIL-005,10,6.41,4.14,64.10,sale
2026-04-27,Ketchup 1kg,V12-FIL-006,6,11.33,7.49,67.98,sale
2026-04-27,Olive Oil 1L,V12-FIL-007,5,36.61,26.78,183.05,sale
2026-04-27,Milk 1L,V12-FIL-010,1,15.33,12.73,15.33,sale
2026-04-27,Yogurt 500g,V12-FIL-011,1,9.42,7.25,9.42,sale
2026-04-27,Cheddar 1kg,V12-FIL-012,4,14.93,10.87,59.72,sale
2026-04-27,Eggs 30pk,V12-FIL-014,1,46.90,32.21,46.90,sale
2026-04-27,Chicken 1kg,V12-FIL-015,1,46.44,30.10,46.44,sale
2026-04-27,Fish 800g,V12-FIL-017,9,58.66,42.10,527.94,sale
2026-04-27,Cucumber 1kg,V12-FIL-018,5,19.82,13.01,99.10,sale
2026-04-27,Onion 5kg,V12-FIL-021,6,23.96,17.56,143.76,sale
2026-04-27,Apple 1kg,V12-FIL-023,1,6.32,5.13,6.32,sale
2026-04-27,Orange 1kg,V12-FIL-024,3,60.31,44.16,180.93,sale
2026-04-27,Cola 1.5L,V12-FIL-025,6,16.04,11.00,96.24,sale
2026-04-27,Juice 1L,V12-FIL-027,3,51.84,33.33,155.52,sale
2026-04-27,Biscuits 400g,V12-FIL-029,4,60.22,39.68,240.88,sale
2026-04-27,Chocolate 100g,V12-FIL-030,1,20.09,12.61,20.09,sale
2026-04-27,Candy 500g,V12-FIL-031,6,5.12,3.24,30.72,sale
2026-04-27,Detergent 3kg,V12-FIL-032,5,61.60,44.25,308.00,sale
2026-04-27,Soap 6pk,V12-FIL-033,1,29.31,23.83,29.31,sale
2026-04-27,Shampoo 400ml,V12-FIL-034,4,58.35,39.03,233.40,sale
2026-04-27,Toothpaste 3pk,V12-FIL-035,1,55.25,39.53,55.25,sale
2026-04-27,Tissue 6pk,V12-FIL-036,1,19.20,13.90,19.20,sale
2026-04-27,Wipes 80pk,V12-FIL-037,5,30.46,24.64,152.30,sale
2026-04-27,Diapers M40,V12-FIL-038,3,25.63,20.77,76.89,sale
2026-04-27,Salt 1kg,V12-FIL-040,10,28.05,18.01,280.50,sale
2026-04-27,Spices 100g,V12-FIL-041,10,17.65,11.92,176.50,sale
2026-04-27,Jam 400g,V12-FIL-043,1,35.14,24.76,35.14,sale
2026-04-27,Cereal 500g,V12-FIL-044,5,54.26,40.16,271.30,sale
2026-04-27,Oats 1kg,V12-FIL-045,3,23.83,19.25,71.49,sale
2026-04-27,Dried Fruit 400g,V12-FIL-047,4,7.61,5.55,30.44,sale
2026-04-27,Canned Beans 400g,V12-FIL-048,7,28.98,22.66,202.86,sale
2026-04-27,Tuna 180g,V12-FIL-049,8,58.71,43.15,469.68,sale
2026-04-27,Instant Noodles 5pk,V12-FIL-050,9,28.16,24.32,253.44,sale
2026-04-27,Pizza Frozen,V12-FIL-053,6,34.67,24.07,208.02,sale
2026-04-27,Lettuce,V12-FIL-055,6,29.72,21.09,178.32,sale
2026-04-27,Zucchini,V12-FIL-056,9,35.42,23.42,318.78,sale
2026-04-27,Eggplant,V12-FIL-057,11,35.67,29.77,392.37,sale
2026-04-27,Mango 1kg,V12-FIL-058,8,32.41,20.67,259.28,sale
2026-04-27,Grapes 500g,V12-FIL-059,4,39.11,27.44,156.44,sale
2026-04-27,Dates 1kg,V12-FIL-060,4,22.53,15.13,90.12,sale
2026-04-27,Pomegranate,V12-FIL-061,5,11.80,7.55,59.00,sale
2026-04-27,Baby Carrots,V12-FIL-062,1,3.77,2.78,3.77,sale
2026-04-27,Almonds 200g,V12-FIL-064,1,4.43,3.39,4.43,sale
2026-04-27,Pistachio 250g,V12-FIL-065,5,23.26,18.75,116.30,sale
2026-04-27,Hazelnut 250g,V12-FIL-066,6,38.15,26.06,228.90,sale
2026-04-27,Vinegar 1L,V12-FIL-068,5,32.94,21.52,164.70,sale
2026-04-27,Stock Cubes 12pk,V12-FIL-070,7,19.59,15.20,137.13,sale
2026-04-27,Garlic 1kg,V12-FIL-071,3,5.66,4.57,16.98,sale
2026-04-27,Ginger 500g,V12-FIL-072,1,21.29,15.31,21.29,sale
2026-04-27,Turmeric 200g,V12-FIL-073,6,15.83,10.83,94.98,sale
2026-04-27,Paprika 100g,V12-FIL-074,1,34.73,25.81,34.73,sale
2026-04-27,Limes 500g,V12-FIL-076,5,42.04,27.03,210.20,sale
2026-04-27,Mint,V12-FIL-077,7,26.72,18.48,187.04,sale
2026-04-27,GT V12-GROWTH-001,V12-GROWTH-001,1,13.00,6.00,13.00,sale
2026-04-27,GT V12-GROWTH-002,V12-GROWTH-002,1,26.00,12.00,26.00,sale
2026-04-27,GT V12-HEALTHY-001,V12-HEALTHY-001,3,12.00,6.00,36.00,sale
2026-04-27,GT V12-HEALTHY-002,V12-HEALTHY-002,2,9.00,4.00,18.00,sale
2026-04-27,GT V12-HEALTHY-003,V12-HEALTHY-003,1,11.00,5.00,11.00,sale
2026-04-27,GT V12-MARGIN-001,V12-MARGIN-001,1,9.00,15.00,9.00,sale
2026-04-27,GT V12-MARGIN-002,V12-MARGIN-002,4,14.00,20.00,56.00,sale
2026-04-27,GT V12-OVERSTOCK-001,V12-OVERSTOCK-001,2,30.00,15.00,60.00,sale
2026-04-27,GT V12-OVERSTOCK-002,V12-OVERSTOCK-002,1,80.00,40.00,80.00,sale
2026-04-27,GT V12-OWNER-002,V12-OWNER-002,2,17.00,8.00,34.00,sale
2026-04-27,GT V12-PO-001,V12-PO-001,4,9.00,4.00,36.00,sale
2026-04-27,GT V12-PO-002,V12-PO-002,2,10.00,5.00,20.00,sale
2026-04-27,GT V12-SEASONAL-001,V12-SEASONAL-001,1,22.00,10.00,22.00,sale
2026-04-27,GT V12-SEASONAL-002,V12-SEASONAL-002,1,7.00,3.00,7.00,sale
2026-04-27,GT V12-SEASONAL-003,V12-SEASONAL-003,1,15.00,7.00,15.00,sale
2026-04-27,GT V12-SEASONAL-004,V12-SEASONAL-004,1,20.00,9.00,20.00,sale
2026-04-27,GT V12-SLOW-001,V12-SLOW-001,1,12.00,6.00,12.00,sale
2026-04-27,GT V12-SLOW-002,V12-SLOW-002,2,8.00,4.00,16.00,sale
2026-04-27,GT V12-STOCKOUT-001,V12-STOCKOUT-001,7,16.00,8.00,112.00,sale
2026-04-27,GT V12-STOCKOUT-002,V12-STOCKOUT-002,4,7.00,3.00,28.00,sale
2026-04-27,GT V12-UNKNOWN-001,V12-UNKNOWN-001,3,7.00,3.00,21.00,sale
2026-04-27,GT V12-UNKNOWN-002,V12-UNKNOWN-002,1,5.00,2.00,5.00,sale
2026-04-28,GT V12-FAST-001,V12-FAST-001,4,11.00,5.00,44.00,sale
2026-04-28,GT V12-FAST-002,V12-FAST-002,5,14.00,7.00,70.00,sale
2026-04-28,GT V12-FAST-003,V12-FAST-003,7,18.00,9.00,126.00,sale
2026-04-28,GT V12-FAST-004,V12-FAST-004,3,5.00,2.00,15.00,sale
2026-04-28,Cooking Oil 3L,V12-FIL-001,7,10.37,8.32,72.59,sale
2026-04-28,Sugar 2kg,V12-FIL-002,5,40.98,26.95,204.90,sale
2026-04-28,Flour 5kg,V12-FIL-003,8,53.18,36.47,425.44,sale
2026-04-28,Mayo 750ml,V12-FIL-005,10,6.41,4.14,64.10,sale
2026-04-28,Ketchup 1kg,V12-FIL-006,6,11.33,7.49,67.98,sale
2026-04-28,Olive Oil 1L,V12-FIL-007,5,36.61,26.78,183.05,sale
2026-04-28,Milk 1L,V12-FIL-010,1,15.33,12.73,15.33,sale
2026-04-28,Yogurt 500g,V12-FIL-011,1,9.42,7.25,9.42,sale
2026-04-28,Cheddar 1kg,V12-FIL-012,4,14.93,10.87,59.72,sale
2026-04-28,Eggs 30pk,V12-FIL-014,1,46.90,32.21,46.90,sale
2026-04-28,Chicken 1kg,V12-FIL-015,1,46.44,30.10,46.44,sale
2026-04-28,Fish 800g,V12-FIL-017,8,58.66,42.10,469.28,sale
2026-04-28,Cucumber 1kg,V12-FIL-018,5,19.82,13.01,99.10,sale
2026-04-28,Onion 5kg,V12-FIL-021,6,23.96,17.56,143.76,sale
2026-04-28,Apple 1kg,V12-FIL-023,1,6.32,5.13,6.32,sale
2026-04-28,Orange 1kg,V12-FIL-024,3,60.31,44.16,180.93,sale
2026-04-28,Cola 1.5L,V12-FIL-025,6,16.04,11.00,96.24,sale
2026-04-28,Juice 1L,V12-FIL-027,3,51.84,33.33,155.52,sale
2026-04-28,Biscuits 400g,V12-FIL-029,4,60.22,39.68,240.88,sale
2026-04-28,Chocolate 100g,V12-FIL-030,1,20.09,12.61,20.09,sale
2026-04-28,Candy 500g,V12-FIL-031,6,5.12,3.24,30.72,sale
2026-04-28,Detergent 3kg,V12-FIL-032,5,61.60,44.25,308.00,sale
2026-04-28,Soap 6pk,V12-FIL-033,1,29.31,23.83,29.31,sale
2026-04-28,Shampoo 400ml,V12-FIL-034,4,58.35,39.03,233.40,sale
2026-04-28,Toothpaste 3pk,V12-FIL-035,1,55.25,39.53,55.25,sale
2026-04-28,Tissue 6pk,V12-FIL-036,1,19.20,13.90,19.20,sale
2026-04-28,Wipes 80pk,V12-FIL-037,5,30.46,24.64,152.30,sale
2026-04-28,Diapers M40,V12-FIL-038,3,25.63,20.77,76.89,sale
2026-04-28,Salt 1kg,V12-FIL-040,10,28.05,18.01,280.50,sale
2026-04-28,Spices 100g,V12-FIL-041,10,17.65,11.92,176.50,sale
2026-04-28,Jam 400g,V12-FIL-043,1,35.14,24.76,35.14,sale
2026-04-28,Cereal 500g,V12-FIL-044,5,54.26,40.16,271.30,sale
2026-04-28,Oats 1kg,V12-FIL-045,3,23.83,19.25,71.49,sale
2026-04-28,Dried Fruit 400g,V12-FIL-047,4,7.61,5.55,30.44,sale
2026-04-28,Canned Beans 400g,V12-FIL-048,7,28.98,22.66,202.86,sale
2026-04-28,Tuna 180g,V12-FIL-049,8,58.71,43.15,469.68,sale
2026-04-28,Instant Noodles 5pk,V12-FIL-050,9,28.16,24.32,253.44,sale
2026-04-28,Pizza Frozen,V12-FIL-053,5,34.67,24.07,173.35,sale
2026-04-28,Lettuce,V12-FIL-055,6,29.72,21.09,178.32,sale
2026-04-28,Zucchini,V12-FIL-056,9,35.42,23.42,318.78,sale
2026-04-28,Eggplant,V12-FIL-057,11,35.67,29.77,392.37,sale
2026-04-28,Mango 1kg,V12-FIL-058,8,32.41,20.67,259.28,sale
2026-04-28,Grapes 500g,V12-FIL-059,4,39.11,27.44,156.44,sale
2026-04-28,Dates 1kg,V12-FIL-060,3,22.53,15.13,67.59,sale
2026-04-28,Pomegranate,V12-FIL-061,4,11.80,7.55,47.20,sale
2026-04-28,Baby Carrots,V12-FIL-062,1,3.77,2.78,3.77,sale
2026-04-28,Almonds 200g,V12-FIL-064,1,4.43,3.39,4.43,sale
2026-04-28,Pistachio 250g,V12-FIL-065,5,23.26,18.75,116.30,sale
2026-04-28,Hazelnut 250g,V12-FIL-066,6,38.15,26.06,228.90,sale
2026-04-28,Vinegar 1L,V12-FIL-068,5,32.94,21.52,164.70,sale
2026-04-28,Stock Cubes 12pk,V12-FIL-070,7,19.59,15.20,137.13,sale
2026-04-28,Garlic 1kg,V12-FIL-071,3,5.66,4.57,16.98,sale
2026-04-28,Ginger 500g,V12-FIL-072,1,21.29,15.31,21.29,sale
2026-04-28,Turmeric 200g,V12-FIL-073,6,15.83,10.83,94.98,sale
2026-04-28,Paprika 100g,V12-FIL-074,1,34.73,25.81,34.73,sale
2026-04-28,Limes 500g,V12-FIL-076,5,42.04,27.03,210.20,sale
2026-04-28,Mint,V12-FIL-077,7,26.72,18.48,187.04,sale
2026-04-28,GT V12-GROWTH-001,V12-GROWTH-001,1,13.00,6.00,13.00,sale
2026-04-28,GT V12-GROWTH-002,V12-GROWTH-002,1,26.00,12.00,26.00,sale
2026-04-28,GT V12-HEALTHY-001,V12-HEALTHY-001,3,12.00,6.00,36.00,sale
2026-04-28,GT V12-HEALTHY-002,V12-HEALTHY-002,2,9.00,4.00,18.00,sale
2026-04-28,GT V12-HEALTHY-003,V12-HEALTHY-003,1,11.00,5.00,11.00,sale
2026-04-28,GT V12-MARGIN-001,V12-MARGIN-001,1,9.00,15.00,9.00,sale
2026-04-28,GT V12-MARGIN-002,V12-MARGIN-002,4,14.00,20.00,56.00,sale
2026-04-28,GT V12-OVERSTOCK-001,V12-OVERSTOCK-001,2,30.00,15.00,60.00,sale
2026-04-28,GT V12-OVERSTOCK-002,V12-OVERSTOCK-002,1,80.00,40.00,80.00,sale
2026-04-28,GT V12-OWNER-002,V12-OWNER-002,2,17.00,8.00,34.00,sale
2026-04-28,GT V12-PO-001,V12-PO-001,4,9.00,4.00,36.00,sale
2026-04-28,GT V12-PO-002,V12-PO-002,2,10.00,5.00,20.00,sale
2026-04-28,GT V12-SEASONAL-001,V12-SEASONAL-001,1,22.00,10.00,22.00,sale
2026-04-28,GT V12-SEASONAL-002,V12-SEASONAL-002,1,7.00,3.00,7.00,sale
2026-04-28,GT V12-SEASONAL-003,V12-SEASONAL-003,1,15.00,7.00,15.00,sale
2026-04-28,GT V12-SEASONAL-004,V12-SEASONAL-004,1,20.00,9.00,20.00,sale
2026-04-28,GT V12-SLOW-001,V12-SLOW-001,1,12.00,6.00,12.00,sale
2026-04-28,GT V12-SLOW-002,V12-SLOW-002,2,8.00,4.00,16.00,sale
2026-04-28,GT V12-STOCKOUT-001,V12-STOCKOUT-001,7,16.00,8.00,112.00,sale
2026-04-28,GT V12-STOCKOUT-002,V12-STOCKOUT-002,4,7.00,3.00,28.00,sale
2026-04-28,GT V12-UNKNOWN-001,V12-UNKNOWN-001,3,7.00,3.00,21.00,sale
2026-04-28,GT V12-UNKNOWN-002,V12-UNKNOWN-002,1,5.00,2.00,5.00,sale
2026-04-29,GT V12-FAST-001,V12-FAST-001,4,11.00,5.00,44.00,sale
2026-04-29,GT V12-FAST-002,V12-FAST-002,5,14.00,7.00,70.00,sale
2026-04-29,GT V12-FAST-003,V12-FAST-003,7,18.00,9.00,126.00,sale
2026-04-29,GT V12-FAST-004,V12-FAST-004,3,5.00,2.00,15.00,sale
2026-04-29,Cooking Oil 3L,V12-FIL-001,7,10.37,8.32,72.59,sale
2026-04-29,Sugar 2kg,V12-FIL-002,5,40.98,26.95,204.90,sale
2026-04-29,Flour 5kg,V12-FIL-003,8,53.18,36.47,425.44,sale
2026-04-29,Mayo 750ml,V12-FIL-005,10,6.41,4.14,64.10,sale
2026-04-29,Ketchup 1kg,V12-FIL-006,6,11.33,7.49,67.98,sale
2026-04-29,Olive Oil 1L,V12-FIL-007,5,36.61,26.78,183.05,sale
2026-04-29,Milk 1L,V12-FIL-010,1,15.33,12.73,15.33,sale
2026-04-29,Yogurt 500g,V12-FIL-011,1,9.42,7.25,9.42,sale
2026-04-29,Cheddar 1kg,V12-FIL-012,4,14.93,10.87,59.72,sale
2026-04-29,Eggs 30pk,V12-FIL-014,1,46.90,32.21,46.90,sale
2026-04-29,Chicken 1kg,V12-FIL-015,1,46.44,30.10,46.44,sale
2026-04-29,Fish 800g,V12-FIL-017,8,58.66,42.10,469.28,sale
2026-04-29,Cucumber 1kg,V12-FIL-018,5,19.82,13.01,99.10,sale
2026-04-29,Onion 5kg,V12-FIL-021,6,23.96,17.56,143.76,sale
2026-04-29,Apple 1kg,V12-FIL-023,1,6.32,5.13,6.32,sale
2026-04-29,Orange 1kg,V12-FIL-024,3,60.31,44.16,180.93,sale
2026-04-29,Cola 1.5L,V12-FIL-025,5,16.04,11.00,80.20,sale
2026-04-29,Juice 1L,V12-FIL-027,3,51.84,33.33,155.52,sale
2026-04-29,Biscuits 400g,V12-FIL-029,4,60.22,39.68,240.88,sale
2026-04-29,Chocolate 100g,V12-FIL-030,1,20.09,12.61,20.09,sale
2026-04-29,Candy 500g,V12-FIL-031,6,5.12,3.24,30.72,sale
2026-04-29,Detergent 3kg,V12-FIL-032,5,61.60,44.25,308.00,sale
2026-04-29,Soap 6pk,V12-FIL-033,1,29.31,23.83,29.31,sale
2026-04-29,Shampoo 400ml,V12-FIL-034,4,58.35,39.03,233.40,sale
2026-04-29,Toothpaste 3pk,V12-FIL-035,1,55.25,39.53,55.25,sale
2026-04-29,Tissue 6pk,V12-FIL-036,1,19.20,13.90,19.20,sale
2026-04-29,Wipes 80pk,V12-FIL-037,5,30.46,24.64,152.30,sale
2026-04-29,Diapers M40,V12-FIL-038,3,25.63,20.77,76.89,sale
2026-04-29,Salt 1kg,V12-FIL-040,10,28.05,18.01,280.50,sale
2026-04-29,Spices 100g,V12-FIL-041,10,17.65,11.92,176.50,sale
2026-04-29,Jam 400g,V12-FIL-043,1,35.14,24.76,35.14,sale
2026-04-29,Cereal 500g,V12-FIL-044,5,54.26,40.16,271.30,sale
2026-04-29,Oats 1kg,V12-FIL-045,3,23.83,19.25,71.49,sale
2026-04-29,Dried Fruit 400g,V12-FIL-047,4,7.61,5.55,30.44,sale
2026-04-29,Canned Beans 400g,V12-FIL-048,7,28.98,22.66,202.86,sale
2026-04-29,Tuna 180g,V12-FIL-049,8,58.71,43.15,469.68,sale
2026-04-29,Instant Noodles 5pk,V12-FIL-050,9,28.16,24.32,253.44,sale
2026-04-29,Pizza Frozen,V12-FIL-053,5,34.67,24.07,173.35,sale
2026-04-29,Lettuce,V12-FIL-055,6,29.72,21.09,178.32,sale
2026-04-29,Zucchini,V12-FIL-056,9,35.42,23.42,318.78,sale
2026-04-29,Eggplant,V12-FIL-057,11,35.67,29.77,392.37,sale
2026-04-29,Mango 1kg,V12-FIL-058,8,32.41,20.67,259.28,sale
2026-04-29,Grapes 500g,V12-FIL-059,4,39.11,27.44,156.44,sale
2026-04-29,Dates 1kg,V12-FIL-060,3,22.53,15.13,67.59,sale
2026-04-29,Pomegranate,V12-FIL-061,4,11.80,7.55,47.20,sale
2026-04-29,Baby Carrots,V12-FIL-062,1,3.77,2.78,3.77,sale
2026-04-29,Almonds 200g,V12-FIL-064,1,4.43,3.39,4.43,sale
2026-04-29,Pistachio 250g,V12-FIL-065,5,23.26,18.75,116.30,sale
2026-04-29,Hazelnut 250g,V12-FIL-066,6,38.15,26.06,228.90,sale
2026-04-29,Vinegar 1L,V12-FIL-068,5,32.94,21.52,164.70,sale
2026-04-29,Stock Cubes 12pk,V12-FIL-070,7,19.59,15.20,137.13,sale
2026-04-29,Garlic 1kg,V12-FIL-071,3,5.66,4.57,16.98,sale
2026-04-29,Ginger 500g,V12-FIL-072,1,21.29,15.31,21.29,sale
2026-04-29,Turmeric 200g,V12-FIL-073,6,15.83,10.83,94.98,sale
2026-04-29,Paprika 100g,V12-FIL-074,1,34.73,25.81,34.73,sale
2026-04-29,Limes 500g,V12-FIL-076,5,42.04,27.03,210.20,sale
2026-04-29,Mint,V12-FIL-077,7,26.72,18.48,187.04,sale
2026-04-29,GT V12-GROWTH-001,V12-GROWTH-001,1,13.00,6.00,13.00,sale
2026-04-29,GT V12-GROWTH-002,V12-GROWTH-002,1,26.00,12.00,26.00,sale
2026-04-29,GT V12-HEALTHY-001,V12-HEALTHY-001,3,12.00,6.00,36.00,sale
2026-04-29,GT V12-HEALTHY-002,V12-HEALTHY-002,1,9.00,4.00,9.00,sale
2026-04-29,GT V12-HEALTHY-003,V12-HEALTHY-003,1,11.00,5.00,11.00,sale
2026-04-29,GT V12-MARGIN-001,V12-MARGIN-001,1,9.00,15.00,9.00,sale
2026-04-29,GT V12-MARGIN-002,V12-MARGIN-002,4,14.00,20.00,56.00,sale
2026-04-29,GT V12-OVERSTOCK-001,V12-OVERSTOCK-001,2,30.00,15.00,60.00,sale
2026-04-29,GT V12-OVERSTOCK-002,V12-OVERSTOCK-002,1,80.00,40.00,80.00,sale
2026-04-29,GT V12-OWNER-002,V12-OWNER-002,1,17.00,8.00,17.00,sale
2026-04-29,GT V12-PO-001,V12-PO-001,4,9.00,4.00,36.00,sale
2026-04-29,GT V12-PO-002,V12-PO-002,2,10.00,5.00,20.00,sale
2026-04-29,GT V12-SEASONAL-001,V12-SEASONAL-001,1,22.00,10.00,22.00,sale
2026-04-29,GT V12-SEASONAL-002,V12-SEASONAL-002,1,7.00,3.00,7.00,sale
2026-04-29,GT V12-SEASONAL-003,V12-SEASONAL-003,1,15.00,7.00,15.00,sale
2026-04-29,GT V12-SEASONAL-004,V12-SEASONAL-004,1,20.00,9.00,20.00,sale
2026-04-29,GT V12-SLOW-001,V12-SLOW-001,1,12.00,6.00,12.00,sale
2026-04-29,GT V12-SLOW-002,V12-SLOW-002,2,8.00,4.00,16.00,sale
2026-04-29,GT V12-STOCKOUT-001,V12-STOCKOUT-001,7,16.00,8.00,112.00,sale
2026-04-29,GT V12-STOCKOUT-002,V12-STOCKOUT-002,4,7.00,3.00,28.00,sale
2026-04-29,GT V12-UNKNOWN-001,V12-UNKNOWN-001,3,7.00,3.00,21.00,sale
2026-04-29,GT V12-UNKNOWN-002,V12-UNKNOWN-002,1,5.00,2.00,5.00,sale
2026-04-30,GT V12-FAST-001,V12-FAST-001,4,11.00,5.00,44.00,sale
2026-04-30,GT V12-FAST-002,V12-FAST-002,5,14.00,7.00,70.00,sale
2026-04-30,GT V12-FAST-003,V12-FAST-003,7,18.00,9.00,126.00,sale
2026-04-30,GT V12-FAST-004,V12-FAST-004,3,5.00,2.00,15.00,sale
2026-04-30,Cooking Oil 3L,V12-FIL-001,7,10.37,8.32,72.59,sale
2026-04-30,Sugar 2kg,V12-FIL-002,5,40.98,26.95,204.90,sale
2026-04-30,Flour 5kg,V12-FIL-003,8,53.18,36.47,425.44,sale
2026-04-30,Mayo 750ml,V12-FIL-005,10,6.41,4.14,64.10,sale
2026-04-30,Ketchup 1kg,V12-FIL-006,6,11.33,7.49,67.98,sale
2026-04-30,Olive Oil 1L,V12-FIL-007,5,36.61,26.78,183.05,sale
2026-04-30,Milk 1L,V12-FIL-010,1,15.33,12.73,15.33,sale
2026-04-30,Yogurt 500g,V12-FIL-011,1,9.42,7.25,9.42,sale
2026-04-30,Cheddar 1kg,V12-FIL-012,4,14.93,10.87,59.72,sale
2026-04-30,Eggs 30pk,V12-FIL-014,1,46.90,32.21,46.90,sale
2026-04-30,Chicken 1kg,V12-FIL-015,1,46.44,30.10,46.44,sale
2026-04-30,Fish 800g,V12-FIL-017,8,58.66,42.10,469.28,sale
2026-04-30,Cucumber 1kg,V12-FIL-018,5,19.82,13.01,99.10,sale
2026-04-30,Onion 5kg,V12-FIL-021,6,23.96,17.56,143.76,sale
2026-04-30,Apple 1kg,V12-FIL-023,1,6.32,5.13,6.32,sale
2026-04-30,Orange 1kg,V12-FIL-024,3,60.31,44.16,180.93,sale
2026-04-30,Cola 1.5L,V12-FIL-025,5,16.04,11.00,80.20,sale
2026-04-30,Juice 1L,V12-FIL-027,3,51.84,33.33,155.52,sale
2026-04-30,Biscuits 400g,V12-FIL-029,4,60.22,39.68,240.88,sale
2026-04-30,Chocolate 100g,V12-FIL-030,1,20.09,12.61,20.09,sale
2026-04-30,Candy 500g,V12-FIL-031,5,5.12,3.24,25.60,sale
2026-04-30,Detergent 3kg,V12-FIL-032,4,61.60,44.25,246.40,sale
2026-04-30,Soap 6pk,V12-FIL-033,1,29.31,23.83,29.31,sale
2026-04-30,Shampoo 400ml,V12-FIL-034,4,58.35,39.03,233.40,sale
2026-04-30,Toothpaste 3pk,V12-FIL-035,1,55.25,39.53,55.25,sale
2026-04-30,Tissue 6pk,V12-FIL-036,1,19.20,13.90,19.20,sale
2026-04-30,Wipes 80pk,V12-FIL-037,5,30.46,24.64,152.30,sale
2026-04-30,Diapers M40,V12-FIL-038,3,25.63,20.77,76.89,sale
2026-04-30,Salt 1kg,V12-FIL-040,10,28.05,18.01,280.50,sale
2026-04-30,Spices 100g,V12-FIL-041,10,17.65,11.92,176.50,sale
2026-04-30,Jam 400g,V12-FIL-043,1,35.14,24.76,35.14,sale
2026-04-30,Cereal 500g,V12-FIL-044,5,54.26,40.16,271.30,sale
2026-04-30,Oats 1kg,V12-FIL-045,3,23.83,19.25,71.49,sale
2026-04-30,Dried Fruit 400g,V12-FIL-047,4,7.61,5.55,30.44,sale
2026-04-30,Canned Beans 400g,V12-FIL-048,7,28.98,22.66,202.86,sale
2026-04-30,Tuna 180g,V12-FIL-049,7,58.71,43.15,410.97,sale
2026-04-30,Instant Noodles 5pk,V12-FIL-050,9,28.16,24.32,253.44,sale
2026-04-30,Pizza Frozen,V12-FIL-053,5,34.67,24.07,173.35,sale
2026-04-30,Lettuce,V12-FIL-055,6,29.72,21.09,178.32,sale
2026-04-30,Zucchini,V12-FIL-056,9,35.42,23.42,318.78,sale
2026-04-30,Eggplant,V12-FIL-057,11,35.67,29.77,392.37,sale
2026-04-30,Mango 1kg,V12-FIL-058,8,32.41,20.67,259.28,sale
2026-04-30,Grapes 500g,V12-FIL-059,4,39.11,27.44,156.44,sale
2026-04-30,Dates 1kg,V12-FIL-060,3,22.53,15.13,67.59,sale
2026-04-30,Pomegranate,V12-FIL-061,4,11.80,7.55,47.20,sale
2026-04-30,Baby Carrots,V12-FIL-062,1,3.77,2.78,3.77,sale
2026-04-30,Almonds 200g,V12-FIL-064,1,4.43,3.39,4.43,sale
2026-04-30,Pistachio 250g,V12-FIL-065,5,23.26,18.75,116.30,sale
2026-04-30,Hazelnut 250g,V12-FIL-066,6,38.15,26.06,228.90,sale
2026-04-30,Vinegar 1L,V12-FIL-068,5,32.94,21.52,164.70,sale
2026-04-30,Stock Cubes 12pk,V12-FIL-070,7,19.59,15.20,137.13,sale
2026-04-30,Garlic 1kg,V12-FIL-071,3,5.66,4.57,16.98,sale
2026-04-30,Ginger 500g,V12-FIL-072,1,21.29,15.31,21.29,sale
2026-04-30,Turmeric 200g,V12-FIL-073,6,15.83,10.83,94.98,sale
2026-04-30,Paprika 100g,V12-FIL-074,1,34.73,25.81,34.73,sale
2026-04-30,Limes 500g,V12-FIL-076,5,42.04,27.03,210.20,sale
2026-04-30,Mint,V12-FIL-077,6,26.72,18.48,160.32,sale
2026-04-30,GT V12-GROWTH-001,V12-GROWTH-001,1,13.00,6.00,13.00,sale
2026-04-30,GT V12-GROWTH-002,V12-GROWTH-002,1,26.00,12.00,26.00,sale
2026-04-30,GT V12-HEALTHY-001,V12-HEALTHY-001,3,12.00,6.00,36.00,sale
2026-04-30,GT V12-HEALTHY-002,V12-HEALTHY-002,1,9.00,4.00,9.00,sale
2026-04-30,GT V12-HEALTHY-003,V12-HEALTHY-003,1,11.00,5.00,11.00,sale
2026-04-30,GT V12-MARGIN-001,V12-MARGIN-001,1,9.00,15.00,9.00,sale
2026-04-30,GT V12-MARGIN-002,V12-MARGIN-002,4,14.00,20.00,56.00,sale
2026-04-30,GT V12-OVERSTOCK-001,V12-OVERSTOCK-001,2,30.00,15.00,60.00,sale
2026-04-30,GT V12-OVERSTOCK-002,V12-OVERSTOCK-002,1,80.00,40.00,80.00,sale
2026-04-30,GT V12-OWNER-002,V12-OWNER-002,1,17.00,8.00,17.00,sale
2026-04-30,GT V12-PO-001,V12-PO-001,4,9.00,4.00,36.00,sale
2026-04-30,GT V12-PO-002,V12-PO-002,2,10.00,5.00,20.00,sale
2026-04-30,GT V12-SEASONAL-001,V12-SEASONAL-001,1,22.00,10.00,22.00,sale
2026-04-30,GT V12-SEASONAL-002,V12-SEASONAL-002,1,7.00,3.00,7.00,sale
2026-04-30,GT V12-SEASONAL-003,V12-SEASONAL-003,1,15.00,7.00,15.00,sale
2026-04-30,GT V12-SEASONAL-004,V12-SEASONAL-004,1,20.00,9.00,20.00,sale
2026-04-30,GT V12-SLOW-001,V12-SLOW-001,1,12.00,6.00,12.00,sale
2026-04-30,GT V12-SLOW-002,V12-SLOW-002,2,8.00,4.00,16.00,sale
2026-04-30,GT V12-STOCKOUT-001,V12-STOCKOUT-001,7,16.00,8.00,112.00,sale
2026-04-30,GT V12-STOCKOUT-002,V12-STOCKOUT-002,4,7.00,3.00,28.00,sale
2026-04-30,GT V12-UNKNOWN-001,V12-UNKNOWN-001,3,7.00,3.00,21.00,sale
2026-04-30,GT V12-UNKNOWN-002,V12-UNKNOWN-002,1,5.00,2.00,5.00,sale
2026-05-01,GT V12-FAST-001,V12-FAST-001,4,11.00,5.00,44.00,sale
2026-05-01,GT V12-FAST-002,V12-FAST-002,5,14.00,7.00,70.00,sale
2026-05-01,GT V12-FAST-003,V12-FAST-003,7,18.00,9.00,126.00,sale
2026-05-01,GT V12-FAST-004,V12-FAST-004,3,5.00,2.00,15.00,sale
2026-05-01,Rice 5kg,V12-FIL-000,3,29.31,21.81,87.93,sale
2026-05-01,Cooking Oil 3L,V12-FIL-001,7,10.37,8.32,72.59,sale
2026-05-01,Sugar 2kg,V12-FIL-002,5,40.98,26.95,204.90,sale
2026-05-01,Flour 5kg,V12-FIL-003,8,53.18,36.47,425.44,sale
2026-05-01,Pasta 500g,V12-FIL-004,3,55.23,43.12,165.69,sale
2026-05-01,Mayo 750ml,V12-FIL-005,10,6.41,4.14,64.10,sale
2026-05-01,Ketchup 1kg,V12-FIL-006,6,11.33,7.49,67.98,sale
2026-05-01,Olive Oil 1L,V12-FIL-007,5,36.61,26.78,183.05,sale
2026-05-01,Tea 400g,V12-FIL-008,3,42.51,26.88,127.53,sale
2026-05-01,Coffee 250g,V12-FIL-009,4,14.69,12.27,58.76,sale
2026-05-01,Cheddar 1kg,V12-FIL-012,4,14.93,10.87,59.72,sale
2026-05-01,Fish 800g,V12-FIL-017,8,58.66,42.10,469.28,sale
2026-05-01,Cucumber 1kg,V12-FIL-018,5,19.82,13.01,99.10,sale
2026-05-01,Potato 5kg,V12-FIL-020,2,16.50,13.20,33.00,sale
2026-05-01,Onion 5kg,V12-FIL-021,6,23.96,17.56,143.76,sale
2026-05-01,Orange 1kg,V12-FIL-024,3,60.31,44.16,180.93,sale
2026-05-01,Cola 1.5L,V12-FIL-025,5,16.04,11.00,80.20,sale
2026-05-01,Water 6pk,V12-FIL-026,4,31.55,24.27,126.20,sale
2026-05-01,Juice 1L,V12-FIL-027,3,51.84,33.33,155.52,sale
2026-05-01,Biscuits 400g,V12-FIL-029,4,60.22,39.68,240.88,sale
2026-05-01,Candy 500g,V12-FIL-031,5,5.12,3.24,25.60,sale
2026-05-01,Detergent 3kg,V12-FIL-032,4,61.60,44.25,246.40,sale
2026-05-01,Shampoo 400ml,V12-FIL-034,4,58.35,39.03,233.40,sale
2026-05-01,Wipes 80pk,V12-FIL-037,5,30.46,24.64,152.30,sale
2026-05-01,Diapers M40,V12-FIL-038,3,25.63,20.77,76.89,sale
2026-05-01,Formula 900g,V12-FIL-039,2,14.69,11.00,29.38,sale
2026-05-01,Salt 1kg,V12-FIL-040,10,28.05,18.01,280.50,sale
2026-05-01,Spices 100g,V12-FIL-041,10,17.65,11.92,176.50,sale
2026-05-01,Cereal 500g,V12-FIL-044,5,54.26,40.16,271.30,sale
2026-05-01,Oats 1kg,V12-FIL-045,3,23.83,19.25,71.49,sale
2026-05-01,Dried Fruit 400g,V12-FIL-047,4,7.61,5.55,30.44,sale
2026-05-01,Canned Beans 400g,V12-FIL-048,7,28.98,22.66,202.86,sale
2026-05-01,Tuna 180g,V12-FIL-049,7,58.71,43.15,410.97,sale
2026-05-01,Instant Noodles 5pk,V12-FIL-050,9,28.16,24.32,253.44,sale
2026-05-01,Frozen Veg 1kg,V12-FIL-051,4,38.85,30.98,155.40,sale
2026-05-01,Pizza Frozen,V12-FIL-053,5,34.67,24.07,173.35,sale
2026-05-01,Lettuce,V12-FIL-055,6,29.72,21.09,178.32,sale
2026-05-01,Zucchini,V12-FIL-056,9,35.42,23.42,318.78,sale
2026-05-01,Eggplant,V12-FIL-057,11,35.67,29.77,392.37,sale
2026-05-01,Mango 1kg,V12-FIL-058,8,32.41,20.67,259.28,sale
2026-05-01,Grapes 500g,V12-FIL-059,3,39.11,27.44,117.33,sale
2026-05-01,Dates 1kg,V12-FIL-060,3,22.53,15.13,67.59,sale
2026-05-01,Pomegranate,V12-FIL-061,4,11.80,7.55,47.20,sale
2026-05-01,Pistachio 250g,V12-FIL-065,5,23.26,18.75,116.30,sale
2026-05-01,Hazelnut 250g,V12-FIL-066,6,38.15,26.06,228.90,sale
2026-05-01,Vinegar 1L,V12-FIL-068,5,32.94,21.52,164.70,sale
2026-05-01,Soy Sauce 500ml,V12-FIL-069,2,68.59,44.20,137.18,sale
2026-05-01,Stock Cubes 12pk,V12-FIL-070,7,19.59,15.20,137.13,sale
2026-05-01,Garlic 1kg,V12-FIL-071,3,5.66,4.57,16.98,sale
2026-05-01,Turmeric 200g,V12-FIL-073,6,15.83,10.83,94.98,sale
2026-05-01,Limes 500g,V12-FIL-076,5,42.04,27.03,210.20,sale
2026-05-01,Mint,V12-FIL-077,6,26.72,18.48,160.32,sale
2026-05-01,Parsley,V12-FIL-078,4,28.45,23.99,113.80,sale
2026-05-01,GT V12-GROWTH-001,V12-GROWTH-001,1,13.00,6.00,13.00,sale
2026-05-01,GT V12-GROWTH-002,V12-GROWTH-002,1,26.00,12.00,26.00,sale
2026-05-01,GT V12-HEALTHY-001,V12-HEALTHY-001,3,12.00,6.00,36.00,sale
2026-05-01,GT V12-HEALTHY-002,V12-HEALTHY-002,1,9.00,4.00,9.00,sale
2026-05-01,GT V12-HEALTHY-003,V12-HEALTHY-003,1,11.00,5.00,11.00,sale
2026-05-01,GT V12-MARGIN-001,V12-MARGIN-001,1,9.00,15.00,9.00,sale
2026-05-01,GT V12-MARGIN-002,V12-MARGIN-002,4,14.00,20.00,56.00,sale
2026-05-01,GT V12-OVERSTOCK-001,V12-OVERSTOCK-001,2,30.00,15.00,60.00,sale
2026-05-01,GT V12-OVERSTOCK-002,V12-OVERSTOCK-002,1,80.00,40.00,80.00,sale
2026-05-01,GT V12-OWNER-002,V12-OWNER-002,1,17.00,8.00,17.00,sale
2026-05-01,GT V12-PO-001,V12-PO-001,4,9.00,4.00,36.00,sale
2026-05-01,GT V12-PO-002,V12-PO-002,2,10.00,5.00,20.00,sale
2026-05-01,GT V12-SLOW-001,V12-SLOW-001,1,12.00,6.00,12.00,sale
2026-05-01,GT V12-SLOW-002,V12-SLOW-002,2,8.00,4.00,16.00,sale
2026-05-01,GT V12-STOCKOUT-001,V12-STOCKOUT-001,7,16.00,8.00,112.00,sale
2026-05-01,GT V12-STOCKOUT-002,V12-STOCKOUT-002,4,7.00,3.00,28.00,sale
2026-05-01,GT V12-UNKNOWN-001,V12-UNKNOWN-001,3,7.00,3.00,21.00,sale
2026-05-01,GT V12-UNKNOWN-002,V12-UNKNOWN-002,1,5.00,2.00,5.00,sale
2026-05-02,GT V12-FAST-001,V12-FAST-001,4,11.00,5.00,44.00,sale
2026-05-02,GT V12-FAST-002,V12-FAST-002,5,14.00,7.00,70.00,sale
2026-05-02,GT V12-FAST-003,V12-FAST-003,7,18.00,9.00,126.00,sale
2026-05-02,GT V12-FAST-004,V12-FAST-004,3,5.00,2.00,15.00,sale
2026-05-02,Rice 5kg,V12-FIL-000,3,29.31,21.81,87.93,sale
2026-05-02,Cooking Oil 3L,V12-FIL-001,7,10.37,8.32,72.59,sale
2026-05-02,Sugar 2kg,V12-FIL-002,5,40.98,26.95,204.90,sale
2026-05-02,Flour 5kg,V12-FIL-003,8,53.18,36.47,425.44,sale
2026-05-02,Pasta 500g,V12-FIL-004,3,55.23,43.12,165.69,sale
2026-05-02,Mayo 750ml,V12-FIL-005,10,6.41,4.14,64.10,sale
2026-05-02,Ketchup 1kg,V12-FIL-006,6,11.33,7.49,67.98,sale
2026-05-02,Olive Oil 1L,V12-FIL-007,5,36.61,26.78,183.05,sale
2026-05-02,Tea 400g,V12-FIL-008,3,42.51,26.88,127.53,sale
2026-05-02,Coffee 250g,V12-FIL-009,3,14.69,12.27,44.07,sale
2026-05-02,Cheddar 1kg,V12-FIL-012,4,14.93,10.87,59.72,sale
2026-05-02,Butter 500g,V12-FIL-013,1,53.87,34.85,53.87,sale
2026-05-02,Fish 800g,V12-FIL-017,8,58.66,42.10,469.28,sale
2026-05-02,Cucumber 1kg,V12-FIL-018,5,19.82,13.01,99.10,sale
2026-05-02,Potato 5kg,V12-FIL-020,2,16.50,13.20,33.00,sale
2026-05-02,Onion 5kg,V12-FIL-021,6,23.96,17.56,143.76,sale
2026-05-02,Orange 1kg,V12-FIL-024,3,60.31,44.16,180.93,sale
2026-05-02,Cola 1.5L,V12-FIL-025,5,16.04,11.00,80.20,sale
2026-05-02,Water 6pk,V12-FIL-026,4,31.55,24.27,126.20,sale
2026-05-02,Juice 1L,V12-FIL-027,3,51.84,33.33,155.52,sale
2026-05-02,Biscuits 400g,V12-FIL-029,4,60.22,39.68,240.88,sale
2026-05-02,Candy 500g,V12-FIL-031,5,5.12,3.24,25.60,sale
2026-05-02,Detergent 3kg,V12-FIL-032,4,61.60,44.25,246.40,sale
2026-05-02,Shampoo 400ml,V12-FIL-034,4,58.35,39.03,233.40,sale
2026-05-02,Wipes 80pk,V12-FIL-037,4,30.46,24.64,121.84,sale
2026-05-02,Diapers M40,V12-FIL-038,3,25.63,20.77,76.89,sale
2026-05-02,Formula 900g,V12-FIL-039,2,14.69,11.00,29.38,sale
2026-05-02,Salt 1kg,V12-FIL-040,10,28.05,18.01,280.50,sale
2026-05-02,Spices 100g,V12-FIL-041,9,17.65,11.92,158.85,sale
2026-05-02,Cereal 500g,V12-FIL-044,5,54.26,40.16,271.30,sale
2026-05-02,Oats 1kg,V12-FIL-045,3,23.83,19.25,71.49,sale
2026-05-02,Dried Fruit 400g,V12-FIL-047,4,7.61,5.55,30.44,sale
2026-05-02,Canned Beans 400g,V12-FIL-048,7,28.98,22.66,202.86,sale
2026-05-02,Tuna 180g,V12-FIL-049,7,58.71,43.15,410.97,sale
2026-05-02,Instant Noodles 5pk,V12-FIL-050,9,28.16,24.32,253.44,sale
2026-05-02,Frozen Veg 1kg,V12-FIL-051,4,38.85,30.98,155.40,sale
2026-05-02,Pizza Frozen,V12-FIL-053,5,34.67,24.07,173.35,sale
2026-05-02,Lettuce,V12-FIL-055,6,29.72,21.09,178.32,sale
2026-05-02,Zucchini,V12-FIL-056,9,35.42,23.42,318.78,sale
2026-05-02,Eggplant,V12-FIL-057,11,35.67,29.77,392.37,sale
2026-05-02,Mango 1kg,V12-FIL-058,8,32.41,20.67,259.28,sale
2026-05-02,Grapes 500g,V12-FIL-059,3,39.11,27.44,117.33,sale
2026-05-02,Dates 1kg,V12-FIL-060,3,22.53,15.13,67.59,sale
2026-05-02,Pomegranate,V12-FIL-061,4,11.80,7.55,47.20,sale
2026-05-02,Pistachio 250g,V12-FIL-065,5,23.26,18.75,116.30,sale
2026-05-02,Hazelnut 250g,V12-FIL-066,5,38.15,26.06,190.75,sale
2026-05-02,Vinegar 1L,V12-FIL-068,5,32.94,21.52,164.70,sale
2026-05-02,Soy Sauce 500ml,V12-FIL-069,2,68.59,44.20,137.18,sale
2026-05-02,Stock Cubes 12pk,V12-FIL-070,7,19.59,15.20,137.13,sale
2026-05-02,Garlic 1kg,V12-FIL-071,3,5.66,4.57,16.98,sale
2026-05-02,Turmeric 200g,V12-FIL-073,6,15.83,10.83,94.98,sale
2026-05-02,Limes 500g,V12-FIL-076,4,42.04,27.03,168.16,sale
2026-05-02,Mint,V12-FIL-077,6,26.72,18.48,160.32,sale
2026-05-02,Parsley,V12-FIL-078,4,28.45,23.99,113.80,sale
2026-05-02,GT V12-GROWTH-001,V12-GROWTH-001,1,13.00,6.00,13.00,sale
2026-05-02,GT V12-GROWTH-002,V12-GROWTH-002,1,26.00,12.00,26.00,sale
2026-05-02,GT V12-HEALTHY-001,V12-HEALTHY-001,3,12.00,6.00,36.00,sale
2026-05-02,GT V12-HEALTHY-002,V12-HEALTHY-002,1,9.00,4.00,9.00,sale
2026-05-02,GT V12-HEALTHY-003,V12-HEALTHY-003,1,11.00,5.00,11.00,sale
2026-05-02,GT V12-MARGIN-001,V12-MARGIN-001,1,9.00,15.00,9.00,sale
2026-05-02,GT V12-MARGIN-002,V12-MARGIN-002,4,14.00,20.00,56.00,sale
2026-05-02,GT V12-OVERSTOCK-001,V12-OVERSTOCK-001,2,30.00,15.00,60.00,sale
2026-05-02,GT V12-OVERSTOCK-002,V12-OVERSTOCK-002,1,80.00,40.00,80.00,sale
2026-05-02,GT V12-OWNER-002,V12-OWNER-002,1,17.00,8.00,17.00,sale
2026-05-02,GT V12-PO-001,V12-PO-001,3,9.00,4.00,27.00,sale
2026-05-02,GT V12-PO-002,V12-PO-002,2,10.00,5.00,20.00,sale
2026-05-02,GT V12-SLOW-001,V12-SLOW-001,1,12.00,6.00,12.00,sale
2026-05-02,GT V12-SLOW-002,V12-SLOW-002,2,8.00,4.00,16.00,sale
2026-05-02,GT V12-STOCKOUT-001,V12-STOCKOUT-001,7,16.00,8.00,112.00,sale
2026-05-02,GT V12-STOCKOUT-002,V12-STOCKOUT-002,4,7.00,3.00,28.00,sale
2026-05-02,GT V12-UNKNOWN-001,V12-UNKNOWN-001,2,7.00,3.00,14.00,sale
2026-05-02,GT V12-UNKNOWN-002,V12-UNKNOWN-002,1,5.00,2.00,5.00,sale
2026-05-03,GT V12-FAST-001,V12-FAST-001,4,11.00,5.00,44.00,sale
2026-05-03,GT V12-FAST-002,V12-FAST-002,5,14.00,7.00,70.00,sale
2026-05-03,GT V12-FAST-003,V12-FAST-003,7,18.00,9.00,126.00,sale
2026-05-03,GT V12-FAST-004,V12-FAST-004,3,5.00,2.00,15.00,sale
2026-05-03,Rice 5kg,V12-FIL-000,2,29.31,21.81,58.62,sale
2026-05-03,Cooking Oil 3L,V12-FIL-001,7,10.37,8.32,72.59,sale
2026-05-03,Sugar 2kg,V12-FIL-002,5,40.98,26.95,204.90,sale
2026-05-03,Flour 5kg,V12-FIL-003,8,53.18,36.47,425.44,sale
2026-05-03,Pasta 500g,V12-FIL-004,3,55.23,43.12,165.69,sale
2026-05-03,Mayo 750ml,V12-FIL-005,10,6.41,4.14,64.10,sale
2026-05-03,Ketchup 1kg,V12-FIL-006,6,11.33,7.49,67.98,sale
2026-05-03,Olive Oil 1L,V12-FIL-007,5,36.61,26.78,183.05,sale
2026-05-03,Tea 400g,V12-FIL-008,3,42.51,26.88,127.53,sale
2026-05-03,Coffee 250g,V12-FIL-009,3,14.69,12.27,44.07,sale
2026-05-03,Cheddar 1kg,V12-FIL-012,4,14.93,10.87,59.72,sale
2026-05-03,Butter 500g,V12-FIL-013,1,53.87,34.85,53.87,sale
2026-05-03,Fish 800g,V12-FIL-017,8,58.66,42.10,469.28,sale
2026-05-03,Cucumber 1kg,V12-FIL-018,5,19.82,13.01,99.10,sale
2026-05-03,Potato 5kg,V12-FIL-020,2,16.50,13.20,33.00,sale
2026-05-03,Onion 5kg,V12-FIL-021,6,23.96,17.56,143.76,sale
2026-05-03,Orange 1kg,V12-FIL-024,3,60.31,44.16,180.93,sale
2026-05-03,Cola 1.5L,V12-FIL-025,5,16.04,11.00,80.20,sale
2026-05-03,Water 6pk,V12-FIL-026,4,31.55,24.27,126.20,sale
2026-05-03,Juice 1L,V12-FIL-027,3,51.84,33.33,155.52,sale
2026-05-03,Biscuits 400g,V12-FIL-029,4,60.22,39.68,240.88,sale
2026-05-03,Candy 500g,V12-FIL-031,5,5.12,3.24,25.60,sale
2026-05-03,Detergent 3kg,V12-FIL-032,4,61.60,44.25,246.40,sale
2026-05-03,Shampoo 400ml,V12-FIL-034,4,58.35,39.03,233.40,sale
2026-05-03,Wipes 80pk,V12-FIL-037,4,30.46,24.64,121.84,sale
2026-05-03,Diapers M40,V12-FIL-038,2,25.63,20.77,51.26,sale
2026-05-03,Formula 900g,V12-FIL-039,1,14.69,11.00,14.69,sale
2026-05-03,Salt 1kg,V12-FIL-040,10,28.05,18.01,280.50,sale
2026-05-03,Spices 100g,V12-FIL-041,9,17.65,11.92,158.85,sale
2026-05-03,Cereal 500g,V12-FIL-044,5,54.26,40.16,271.30,sale
2026-05-03,Oats 1kg,V12-FIL-045,3,23.83,19.25,71.49,sale
2026-05-03,Dried Fruit 400g,V12-FIL-047,3,7.61,5.55,22.83,sale
2026-05-03,Canned Beans 400g,V12-FIL-048,7,28.98,22.66,202.86,sale
2026-05-03,Tuna 180g,V12-FIL-049,7,58.71,43.15,410.97,sale
2026-05-03,Instant Noodles 5pk,V12-FIL-050,9,28.16,24.32,253.44,sale
2026-05-03,Frozen Veg 1kg,V12-FIL-051,4,38.85,30.98,155.40,sale
2026-05-03,Pizza Frozen,V12-FIL-053,5,34.67,24.07,173.35,sale
2026-05-03,Lettuce,V12-FIL-055,6,29.72,21.09,178.32,sale
2026-05-03,Zucchini,V12-FIL-056,9,35.42,23.42,318.78,sale
2026-05-03,Eggplant,V12-FIL-057,11,35.67,29.77,392.37,sale
2026-05-03,Mango 1kg,V12-FIL-058,8,32.41,20.67,259.28,sale
2026-05-03,Grapes 500g,V12-FIL-059,3,39.11,27.44,117.33,sale
2026-05-03,Dates 1kg,V12-FIL-060,3,22.53,15.13,67.59,sale
2026-05-03,Pomegranate,V12-FIL-061,4,11.80,7.55,47.20,sale
2026-05-03,Pistachio 250g,V12-FIL-065,5,23.26,18.75,116.30,sale
2026-05-03,Hazelnut 250g,V12-FIL-066,5,38.15,26.06,190.75,sale
2026-05-03,Vinegar 1L,V12-FIL-068,5,32.94,21.52,164.70,sale
2026-05-03,Soy Sauce 500ml,V12-FIL-069,1,68.59,44.20,68.59,sale
2026-05-03,Stock Cubes 12pk,V12-FIL-070,7,19.59,15.20,137.13,sale
2026-05-03,Garlic 1kg,V12-FIL-071,3,5.66,4.57,16.98,sale
2026-05-03,Turmeric 200g,V12-FIL-073,6,15.83,10.83,94.98,sale
2026-05-03,Limes 500g,V12-FIL-076,4,42.04,27.03,168.16,sale
2026-05-03,Mint,V12-FIL-077,6,26.72,18.48,160.32,sale
2026-05-03,Parsley,V12-FIL-078,4,28.45,23.99,113.80,sale
2026-05-03,GT V12-GROWTH-001,V12-GROWTH-001,1,13.00,6.00,13.00,sale
2026-05-03,GT V12-GROWTH-002,V12-GROWTH-002,1,26.00,12.00,26.00,sale
2026-05-03,GT V12-HEALTHY-001,V12-HEALTHY-001,3,12.00,6.00,36.00,sale
2026-05-03,GT V12-HEALTHY-002,V12-HEALTHY-002,1,9.00,4.00,9.00,sale
2026-05-03,GT V12-HEALTHY-003,V12-HEALTHY-003,1,11.00,5.00,11.00,sale
2026-05-03,GT V12-MARGIN-001,V12-MARGIN-001,1,9.00,15.00,9.00,sale
2026-05-03,GT V12-MARGIN-002,V12-MARGIN-002,4,14.00,20.00,56.00,sale
2026-05-03,GT V12-OVERSTOCK-001,V12-OVERSTOCK-001,2,30.00,15.00,60.00,sale
2026-05-03,GT V12-OVERSTOCK-002,V12-OVERSTOCK-002,1,80.00,40.00,80.00,sale
2026-05-03,GT V12-OWNER-002,V12-OWNER-002,1,17.00,8.00,17.00,sale
2026-05-03,GT V12-PO-001,V12-PO-001,3,9.00,4.00,27.00,sale
2026-05-03,GT V12-PO-002,V12-PO-002,2,10.00,5.00,20.00,sale
2026-05-03,GT V12-SLOW-001,V12-SLOW-001,1,12.00,6.00,12.00,sale
2026-05-03,GT V12-SLOW-002,V12-SLOW-002,2,8.00,4.00,16.00,sale
2026-05-03,GT V12-STOCKOUT-001,V12-STOCKOUT-001,7,16.00,8.00,112.00,sale
2026-05-03,GT V12-STOCKOUT-002,V12-STOCKOUT-002,4,7.00,3.00,28.00,sale
2026-05-03,GT V12-UNKNOWN-001,V12-UNKNOWN-001,2,7.00,3.00,14.00,sale
2026-05-03,GT V12-UNKNOWN-002,V12-UNKNOWN-002,1,5.00,2.00,5.00,sale
2026-05-04,GT V12-FAST-001,V12-FAST-001,4,11.00,5.00,44.00,sale
2026-05-04,GT V12-FAST-002,V12-FAST-002,5,14.00,7.00,70.00,sale
2026-05-04,GT V12-FAST-003,V12-FAST-003,7,18.00,9.00,126.00,sale
2026-05-04,GT V12-FAST-004,V12-FAST-004,3,5.00,2.00,15.00,sale
2026-05-04,Rice 5kg,V12-FIL-000,2,29.31,21.81,58.62,sale
2026-05-04,Cooking Oil 3L,V12-FIL-001,7,10.37,8.32,72.59,sale
2026-05-04,Sugar 2kg,V12-FIL-002,5,40.98,26.95,204.90,sale
2026-05-04,Flour 5kg,V12-FIL-003,7,53.18,36.47,372.26,sale
2026-05-04,Pasta 500g,V12-FIL-004,3,55.23,43.12,165.69,sale
2026-05-04,Mayo 750ml,V12-FIL-005,10,6.41,4.14,64.10,sale
2026-05-04,Ketchup 1kg,V12-FIL-006,6,11.33,7.49,67.98,sale
2026-05-04,Olive Oil 1L,V12-FIL-007,5,36.61,26.78,183.05,sale
2026-05-04,Tea 400g,V12-FIL-008,3,42.51,26.88,127.53,sale
2026-05-04,Coffee 250g,V12-FIL-009,3,14.69,12.27,44.07,sale
2026-05-04,Cheddar 1kg,V12-FIL-012,4,14.93,10.87,59.72,sale
2026-05-04,Butter 500g,V12-FIL-013,1,53.87,34.85,53.87,sale
2026-05-04,Fish 800g,V12-FIL-017,8,58.66,42.10,469.28,sale
2026-05-04,Cucumber 1kg,V12-FIL-018,4,19.82,13.01,79.28,sale
2026-05-04,Potato 5kg,V12-FIL-020,2,16.50,13.20,33.00,sale
2026-05-04,Onion 5kg,V12-FIL-021,6,23.96,17.56,143.76,sale
2026-05-04,Orange 1kg,V12-FIL-024,3,60.31,44.16,180.93,sale
2026-05-04,Cola 1.5L,V12-FIL-025,5,16.04,11.00,80.20,sale
2026-05-04,Water 6pk,V12-FIL-026,4,31.55,24.27,126.20,sale
2026-05-04,Juice 1L,V12-FIL-027,3,51.84,33.33,155.52,sale
2026-05-04,Biscuits 400g,V12-FIL-029,4,60.22,39.68,240.88,sale
2026-05-04,Candy 500g,V12-FIL-031,5,5.12,3.24,25.60,sale
2026-05-04,Detergent 3kg,V12-FIL-032,4,61.60,44.25,246.40,sale
2026-05-04,Shampoo 400ml,V12-FIL-034,4,58.35,39.03,233.40,sale
2026-05-04,Wipes 80pk,V12-FIL-037,4,30.46,24.64,121.84,sale
2026-05-04,Diapers M40,V12-FIL-038,2,25.63,20.77,51.26,sale
2026-05-04,Formula 900g,V12-FIL-039,1,14.69,11.00,14.69,sale
2026-05-04,Salt 1kg,V12-FIL-040,10,28.05,18.01,280.50,sale
2026-05-04,Spices 100g,V12-FIL-041,9,17.65,11.92,158.85,sale
2026-05-04,Cereal 500g,V12-FIL-044,5,54.26,40.16,271.30,sale
2026-05-04,Oats 1kg,V12-FIL-045,2,23.83,19.25,47.66,sale
2026-05-04,Dried Fruit 400g,V12-FIL-047,3,7.61,5.55,22.83,sale
2026-05-04,Canned Beans 400g,V12-FIL-048,7,28.98,22.66,202.86,sale
2026-05-04,Tuna 180g,V12-FIL-049,7,58.71,43.15,410.97,sale
2026-05-04,Instant Noodles 5pk,V12-FIL-050,9,28.16,24.32,253.44,sale
2026-05-04,Frozen Veg 1kg,V12-FIL-051,4,38.85,30.98,155.40,sale
2026-05-04,Pizza Frozen,V12-FIL-053,5,34.67,24.07,173.35,sale
2026-05-04,Lettuce,V12-FIL-055,5,29.72,21.09,148.60,sale
2026-05-04,Zucchini,V12-FIL-056,9,35.42,23.42,318.78,sale
2026-05-04,Eggplant,V12-FIL-057,11,35.67,29.77,392.37,sale
2026-05-04,Mango 1kg,V12-FIL-058,7,32.41,20.67,226.87,sale
2026-05-04,Grapes 500g,V12-FIL-059,3,39.11,27.44,117.33,sale
2026-05-04,Dates 1kg,V12-FIL-060,3,22.53,15.13,67.59,sale
2026-05-04,Pomegranate,V12-FIL-061,4,11.80,7.55,47.20,sale
2026-05-04,Pistachio 250g,V12-FIL-065,5,23.26,18.75,116.30,sale
2026-05-04,Hazelnut 250g,V12-FIL-066,5,38.15,26.06,190.75,sale
2026-05-04,Vinegar 1L,V12-FIL-068,5,32.94,21.52,164.70,sale
2026-05-04,Soy Sauce 500ml,V12-FIL-069,1,68.59,44.20,68.59,sale
2026-05-04,Stock Cubes 12pk,V12-FIL-070,7,19.59,15.20,137.13,sale
2026-05-04,Garlic 1kg,V12-FIL-071,2,5.66,4.57,11.32,sale
2026-05-04,Turmeric 200g,V12-FIL-073,5,15.83,10.83,79.15,sale
2026-05-04,Limes 500g,V12-FIL-076,4,42.04,27.03,168.16,sale
2026-05-04,Mint,V12-FIL-077,6,26.72,18.48,160.32,sale
2026-05-04,Parsley,V12-FIL-078,3,28.45,23.99,85.35,sale
2026-05-04,GT V12-GROWTH-001,V12-GROWTH-001,1,13.00,6.00,13.00,sale
2026-05-04,GT V12-GROWTH-002,V12-GROWTH-002,1,26.00,12.00,26.00,sale
2026-05-04,GT V12-HEALTHY-001,V12-HEALTHY-001,3,12.00,6.00,36.00,sale
2026-05-04,GT V12-HEALTHY-002,V12-HEALTHY-002,1,9.00,4.00,9.00,sale
2026-05-04,GT V12-HEALTHY-003,V12-HEALTHY-003,1,11.00,5.00,11.00,sale
2026-05-04,GT V12-MARGIN-001,V12-MARGIN-001,1,9.00,15.00,9.00,sale
2026-05-04,GT V12-MARGIN-002,V12-MARGIN-002,4,14.00,20.00,56.00,sale
2026-05-04,GT V12-OVERSTOCK-001,V12-OVERSTOCK-001,2,30.00,15.00,60.00,sale
2026-05-04,GT V12-OVERSTOCK-002,V12-OVERSTOCK-002,1,80.00,40.00,80.00,sale
2026-05-04,GT V12-OWNER-002,V12-OWNER-002,1,17.00,8.00,17.00,sale
2026-05-04,GT V12-PO-001,V12-PO-001,3,9.00,4.00,27.00,sale
2026-05-04,GT V12-PO-002,V12-PO-002,2,10.00,5.00,20.00,sale
2026-05-04,GT V12-SLOW-001,V12-SLOW-001,1,12.00,6.00,12.00,sale
2026-05-04,GT V12-SLOW-002,V12-SLOW-002,2,8.00,4.00,16.00,sale
2026-05-04,GT V12-STOCKOUT-001,V12-STOCKOUT-001,7,16.00,8.00,112.00,sale
2026-05-04,GT V12-STOCKOUT-002,V12-STOCKOUT-002,4,7.00,3.00,28.00,sale
2026-05-04,GT V12-UNKNOWN-001,V12-UNKNOWN-001,2,7.00,3.00,14.00,sale
2026-05-04,GT V12-UNKNOWN-002,V12-UNKNOWN-002,1,5.00,2.00,5.00,sale
2026-05-05,GT V12-FAST-001,V12-FAST-001,4,11.00,5.00,44.00,sale
2026-05-05,GT V12-FAST-002,V12-FAST-002,5,14.00,7.00,70.00,sale
2026-05-05,GT V12-FAST-003,V12-FAST-003,7,18.00,9.00,126.00,sale
2026-05-05,GT V12-FAST-004,V12-FAST-004,3,5.00,2.00,15.00,sale
2026-05-05,Rice 5kg,V12-FIL-000,2,29.31,21.81,58.62,sale
2026-05-05,Cooking Oil 3L,V12-FIL-001,7,10.37,8.32,72.59,sale
2026-05-05,Sugar 2kg,V12-FIL-002,5,40.98,26.95,204.90,sale
2026-05-05,Flour 5kg,V12-FIL-003,7,53.18,36.47,372.26,sale
2026-05-05,Pasta 500g,V12-FIL-004,2,55.23,43.12,110.46,sale
2026-05-05,Mayo 750ml,V12-FIL-005,10,6.41,4.14,64.10,sale
2026-05-05,Ketchup 1kg,V12-FIL-006,6,11.33,7.49,67.98,sale
2026-05-05,Olive Oil 1L,V12-FIL-007,5,36.61,26.78,183.05,sale
2026-05-05,Tea 400g,V12-FIL-008,3,42.51,26.88,127.53,sale
2026-05-05,Coffee 250g,V12-FIL-009,3,14.69,12.27,44.07,sale
2026-05-05,Cheddar 1kg,V12-FIL-012,4,14.93,10.87,59.72,sale
2026-05-05,Butter 500g,V12-FIL-013,1,53.87,34.85,53.87,sale
2026-05-05,Fish 800g,V12-FIL-017,8,58.66,42.10,469.28,sale
2026-05-05,Cucumber 1kg,V12-FIL-018,4,19.82,13.01,79.28,sale
2026-05-05,Potato 5kg,V12-FIL-020,2,16.50,13.20,33.00,sale
2026-05-05,Onion 5kg,V12-FIL-021,6,23.96,17.56,143.76,sale
2026-05-05,Orange 1kg,V12-FIL-024,2,60.31,44.16,120.62,sale
2026-05-05,Cola 1.5L,V12-FIL-025,5,16.04,11.00,80.20,sale
2026-05-05,Water 6pk,V12-FIL-026,4,31.55,24.27,126.20,sale
2026-05-05,Juice 1L,V12-FIL-027,3,51.84,33.33,155.52,sale
2026-05-05,Biscuits 400g,V12-FIL-029,3,60.22,39.68,180.66,sale
2026-05-05,Candy 500g,V12-FIL-031,5,5.12,3.24,25.60,sale
2026-05-05,Detergent 3kg,V12-FIL-032,4,61.60,44.25,246.40,sale
2026-05-05,Shampoo 400ml,V12-FIL-034,4,58.35,39.03,233.40,sale
2026-05-05,Wipes 80pk,V12-FIL-037,4,30.46,24.64,121.84,sale
2026-05-05,Diapers M40,V12-FIL-038,2,25.63,20.77,51.26,sale
2026-05-05,Formula 900g,V12-FIL-039,1,14.69,11.00,14.69,sale
2026-05-05,Salt 1kg,V12-FIL-040,10,28.05,18.01,280.50,sale
2026-05-05,Spices 100g,V12-FIL-041,9,17.65,11.92,158.85,sale
2026-05-05,Cereal 500g,V12-FIL-044,5,54.26,40.16,271.30,sale
2026-05-05,Oats 1kg,V12-FIL-045,2,23.83,19.25,47.66,sale
2026-05-05,Dried Fruit 400g,V12-FIL-047,3,7.61,5.55,22.83,sale
2026-05-05,Canned Beans 400g,V12-FIL-048,7,28.98,22.66,202.86,sale
2026-05-05,Tuna 180g,V12-FIL-049,7,58.71,43.15,410.97,sale
2026-05-05,Instant Noodles 5pk,V12-FIL-050,9,28.16,24.32,253.44,sale
2026-05-05,Frozen Veg 1kg,V12-FIL-051,4,38.85,30.98,155.40,sale
2026-05-05,Pizza Frozen,V12-FIL-053,5,34.67,24.07,173.35,sale
2026-05-05,Lettuce,V12-FIL-055,5,29.72,21.09,148.60,sale
2026-05-05,Zucchini,V12-FIL-056,9,35.42,23.42,318.78,sale
2026-05-05,Eggplant,V12-FIL-057,11,35.67,29.77,392.37,sale
2026-05-05,Mango 1kg,V12-FIL-058,7,32.41,20.67,226.87,sale
2026-05-05,Grapes 500g,V12-FIL-059,3,39.11,27.44,117.33,sale
2026-05-05,Dates 1kg,V12-FIL-060,3,22.53,15.13,67.59,sale
2026-05-05,Pomegranate,V12-FIL-061,4,11.80,7.55,47.20,sale
2026-05-05,Pistachio 250g,V12-FIL-065,4,23.26,18.75,93.04,sale
2026-05-05,Hazelnut 250g,V12-FIL-066,5,38.15,26.06,190.75,sale
2026-05-05,Vinegar 1L,V12-FIL-068,4,32.94,21.52,131.76,sale
2026-05-05,Soy Sauce 500ml,V12-FIL-069,1,68.59,44.20,68.59,sale
2026-05-05,Stock Cubes 12pk,V12-FIL-070,7,19.59,15.20,137.13,sale
2026-05-05,Garlic 1kg,V12-FIL-071,2,5.66,4.57,11.32,sale
2026-05-05,Turmeric 200g,V12-FIL-073,5,15.83,10.83,79.15,sale
2026-05-05,Limes 500g,V12-FIL-076,4,42.04,27.03,168.16,sale
2026-05-05,Mint,V12-FIL-077,6,26.72,18.48,160.32,sale
2026-05-05,Parsley,V12-FIL-078,3,28.45,23.99,85.35,sale
2026-05-05,GT V12-GROWTH-001,V12-GROWTH-001,1,13.00,6.00,13.00,sale
2026-05-05,GT V12-GROWTH-002,V12-GROWTH-002,1,26.00,12.00,26.00,sale
2026-05-05,GT V12-HEALTHY-001,V12-HEALTHY-001,2,12.00,6.00,24.00,sale
2026-05-05,GT V12-HEALTHY-002,V12-HEALTHY-002,1,9.00,4.00,9.00,sale
2026-05-05,GT V12-HEALTHY-003,V12-HEALTHY-003,1,11.00,5.00,11.00,sale
2026-05-05,GT V12-MARGIN-001,V12-MARGIN-001,1,9.00,15.00,9.00,sale
2026-05-05,GT V12-MARGIN-002,V12-MARGIN-002,4,14.00,20.00,56.00,sale
2026-05-05,GT V12-OVERSTOCK-001,V12-OVERSTOCK-001,2,30.00,15.00,60.00,sale
2026-05-05,GT V12-OVERSTOCK-002,V12-OVERSTOCK-002,1,80.00,40.00,80.00,sale
2026-05-05,GT V12-OWNER-002,V12-OWNER-002,1,17.00,8.00,17.00,sale
2026-05-05,GT V12-PO-001,V12-PO-001,3,9.00,4.00,27.00,sale
2026-05-05,GT V12-PO-002,V12-PO-002,2,10.00,5.00,20.00,sale
2026-05-05,GT V12-SLOW-001,V12-SLOW-001,1,12.00,6.00,12.00,sale
2026-05-05,GT V12-SLOW-002,V12-SLOW-002,2,8.00,4.00,16.00,sale
2026-05-05,GT V12-STOCKOUT-001,V12-STOCKOUT-001,7,16.00,8.00,112.00,sale
2026-05-05,GT V12-STOCKOUT-002,V12-STOCKOUT-002,4,7.00,3.00,28.00,sale
2026-05-05,GT V12-UNKNOWN-001,V12-UNKNOWN-001,2,7.00,3.00,14.00,sale
2026-05-05,GT V12-UNKNOWN-002,V12-UNKNOWN-002,1,5.00,2.00,5.00,sale
2026-05-06,GT V12-FAST-001,V12-FAST-001,4,11.00,5.00,44.00,sale
2026-05-06,GT V12-FAST-002,V12-FAST-002,5,14.00,7.00,70.00,sale
2026-05-06,GT V12-FAST-003,V12-FAST-003,7,18.00,9.00,126.00,sale
2026-05-06,GT V12-FAST-004,V12-FAST-004,3,5.00,2.00,15.00,sale
2026-05-06,Rice 5kg,V12-FIL-000,2,29.31,21.81,58.62,sale
2026-05-06,Cooking Oil 3L,V12-FIL-001,7,10.37,8.32,72.59,sale
2026-05-06,Sugar 2kg,V12-FIL-002,5,40.98,26.95,204.90,sale
2026-05-06,Flour 5kg,V12-FIL-003,7,53.18,36.47,372.26,sale
2026-05-06,Pasta 500g,V12-FIL-004,2,55.23,43.12,110.46,sale
2026-05-06,Mayo 750ml,V12-FIL-005,10,6.41,4.14,64.10,sale
2026-05-06,Ketchup 1kg,V12-FIL-006,6,11.33,7.49,67.98,sale
2026-05-06,Olive Oil 1L,V12-FIL-007,5,36.61,26.78,183.05,sale
2026-05-06,Tea 400g,V12-FIL-008,3,42.51,26.88,127.53,sale
2026-05-06,Coffee 250g,V12-FIL-009,3,14.69,12.27,44.07,sale
2026-05-06,Cheddar 1kg,V12-FIL-012,3,14.93,10.87,44.79,sale
2026-05-06,Butter 500g,V12-FIL-013,1,53.87,34.85,53.87,sale
2026-05-06,Fish 800g,V12-FIL-017,8,58.66,42.10,469.28,sale
2026-05-06,Cucumber 1kg,V12-FIL-018,4,19.82,13.01,79.28,sale
2026-05-06,Potato 5kg,V12-FIL-020,1,16.50,13.20,16.50,sale
2026-05-06,Onion 5kg,V12-FIL-021,6,23.96,17.56,143.76,sale
2026-05-06,Orange 1kg,V12-FIL-024,2,60.31,44.16,120.62,sale
2026-05-06,Cola 1.5L,V12-FIL-025,5,16.04,11.00,80.20,sale
2026-05-06,Water 6pk,V12-FIL-026,4,31.55,24.27,126.20,sale
2026-05-06,Juice 1L,V12-FIL-027,3,51.84,33.33,155.52,sale
2026-05-06,Biscuits 400g,V12-FIL-029,3,60.22,39.68,180.66,sale
2026-05-06,Candy 500g,V12-FIL-031,5,5.12,3.24,25.60,sale
2026-05-06,Detergent 3kg,V12-FIL-032,4,61.60,44.25,246.40,sale
2026-05-06,Shampoo 400ml,V12-FIL-034,4,58.35,39.03,233.40,sale
2026-05-06,Wipes 80pk,V12-FIL-037,4,30.46,24.64,121.84,sale
2026-05-06,Diapers M40,V12-FIL-038,2,25.63,20.77,51.26,sale
2026-05-06,Formula 900g,V12-FIL-039,1,14.69,11.00,14.69,sale
2026-05-06,Salt 1kg,V12-FIL-040,10,28.05,18.01,280.50,sale
2026-05-06,Spices 100g,V12-FIL-041,9,17.65,11.92,158.85,sale
2026-05-06,Cereal 500g,V12-FIL-044,4,54.26,40.16,217.04,sale
2026-05-06,Oats 1kg,V12-FIL-045,2,23.83,19.25,47.66,sale
2026-05-06,Dried Fruit 400g,V12-FIL-047,3,7.61,5.55,22.83,sale
2026-05-06,Canned Beans 400g,V12-FIL-048,6,28.98,22.66,173.88,sale
2026-05-06,Tuna 180g,V12-FIL-049,7,58.71,43.15,410.97,sale
2026-05-06,Instant Noodles 5pk,V12-FIL-050,9,28.16,24.32,253.44,sale
2026-05-06,Frozen Veg 1kg,V12-FIL-051,4,38.85,30.98,155.40,sale
2026-05-06,Pizza Frozen,V12-FIL-053,5,34.67,24.07,173.35,sale
2026-05-06,Lettuce,V12-FIL-055,5,29.72,21.09,148.60,sale
2026-05-06,Zucchini,V12-FIL-056,9,35.42,23.42,318.78,sale
2026-05-06,Eggplant,V12-FIL-057,11,35.67,29.77,392.37,sale
2026-05-06,Mango 1kg,V12-FIL-058,7,32.41,20.67,226.87,sale
2026-05-06,Grapes 500g,V12-FIL-059,3,39.11,27.44,117.33,sale
2026-05-06,Dates 1kg,V12-FIL-060,3,22.53,15.13,67.59,sale
2026-05-06,Pomegranate,V12-FIL-061,4,11.80,7.55,47.20,sale
2026-05-06,Pistachio 250g,V12-FIL-065,4,23.26,18.75,93.04,sale
2026-05-06,Hazelnut 250g,V12-FIL-066,5,38.15,26.06,190.75,sale
2026-05-06,Vinegar 1L,V12-FIL-068,4,32.94,21.52,131.76,sale
2026-05-06,Soy Sauce 500ml,V12-FIL-069,1,68.59,44.20,68.59,sale
2026-05-06,Stock Cubes 12pk,V12-FIL-070,7,19.59,15.20,137.13,sale
2026-05-06,Garlic 1kg,V12-FIL-071,2,5.66,4.57,11.32,sale
2026-05-06,Turmeric 200g,V12-FIL-073,5,15.83,10.83,79.15,sale
2026-05-06,Limes 500g,V12-FIL-076,4,42.04,27.03,168.16,sale
2026-05-06,Mint,V12-FIL-077,6,26.72,18.48,160.32,sale
2026-05-06,Parsley,V12-FIL-078,3,28.45,23.99,85.35,sale
2026-05-06,GT V12-GROWTH-001,V12-GROWTH-001,1,13.00,6.00,13.00,sale
2026-05-06,GT V12-GROWTH-002,V12-GROWTH-002,1,26.00,12.00,26.00,sale
2026-05-06,GT V12-HEALTHY-001,V12-HEALTHY-001,2,12.00,6.00,24.00,sale
2026-05-06,GT V12-HEALTHY-002,V12-HEALTHY-002,1,9.00,4.00,9.00,sale
2026-05-06,GT V12-HEALTHY-003,V12-HEALTHY-003,1,11.00,5.00,11.00,sale
2026-05-06,GT V12-MARGIN-001,V12-MARGIN-001,1,9.00,15.00,9.00,sale
2026-05-06,GT V12-MARGIN-002,V12-MARGIN-002,4,14.00,20.00,56.00,sale
2026-05-06,GT V12-OVERSTOCK-001,V12-OVERSTOCK-001,2,30.00,15.00,60.00,sale
2026-05-06,GT V12-OVERSTOCK-002,V12-OVERSTOCK-002,1,80.00,40.00,80.00,sale
2026-05-06,GT V12-OWNER-002,V12-OWNER-002,1,17.00,8.00,17.00,sale
2026-05-06,GT V12-PO-001,V12-PO-001,3,9.00,4.00,27.00,sale
2026-05-06,GT V12-PO-002,V12-PO-002,2,10.00,5.00,20.00,sale
2026-05-06,GT V12-SLOW-001,V12-SLOW-001,1,12.00,6.00,12.00,sale
2026-05-06,GT V12-SLOW-002,V12-SLOW-002,2,8.00,4.00,16.00,sale
2026-05-06,GT V12-STOCKOUT-001,V12-STOCKOUT-001,7,16.00,8.00,112.00,sale
2026-05-06,GT V12-STOCKOUT-002,V12-STOCKOUT-002,4,7.00,3.00,28.00,sale
2026-05-06,GT V12-UNKNOWN-001,V12-UNKNOWN-001,2,7.00,3.00,14.00,sale
2026-05-06,GT V12-UNKNOWN-002,V12-UNKNOWN-002,1,5.00,2.00,5.00,sale
2026-05-17,GT V12-SEASONAL-003,V12-SEASONAL-003,5,15.00,7.00,75.00,sale
2026-05-17,GT V12-SEASONAL-004,V12-SEASONAL-004,6,20.00,9.00,120.00,sale
2026-05-18,GT V12-SEASONAL-003,V12-SEASONAL-003,5,15.00,7.00,75.00,sale
2026-05-18,GT V12-SEASONAL-004,V12-SEASONAL-004,6,20.00,9.00,120.00,sale
2026-05-19,GT V12-SEASONAL-003,V12-SEASONAL-003,5,15.00,7.00,75.00,sale
2026-05-19,GT V12-SEASONAL-004,V12-SEASONAL-004,6,20.00,9.00,120.00,sale
2026-05-20,GT V12-SEASONAL-003,V12-SEASONAL-003,5,15.00,7.00,75.00,sale
2026-05-20,GT V12-SEASONAL-004,V12-SEASONAL-004,6,20.00,9.00,120.00,sale
2026-05-21,GT V12-SEASONAL-003,V12-SEASONAL-003,5,15.00,7.00,75.00,sale
2026-05-21,GT V12-SEASONAL-004,V12-SEASONAL-004,6,20.00,9.00,120.00,sale
2026-05-22,GT V12-MARGIN-001,V12-MARGIN-001,1,9.00,15.00,9.00,sale
2026-05-22,GT V12-SEASONAL-003,V12-SEASONAL-003,5,15.00,7.00,75.00,sale
2026-05-22,GT V12-SEASONAL-004,V12-SEASONAL-004,5,20.00,9.00,100.00,sale
2026-05-23,GT V12-MARGIN-001,V12-MARGIN-001,1,9.00,15.00,9.00,sale
2026-05-23,GT V12-SEASONAL-003,V12-SEASONAL-003,5,15.00,7.00,75.00,sale
2026-05-23,GT V12-SEASONAL-004,V12-SEASONAL-004,5,20.00,9.00,100.00,sale
2026-05-24,GT V12-MARGIN-001,V12-MARGIN-001,1,9.00,15.00,9.00,sale
2026-05-24,GT V12-OVERSTOCK-001,V12-OVERSTOCK-001,2,30.00,15.00,60.00,sale
2026-05-24,GT V12-OVERSTOCK-002,V12-OVERSTOCK-002,2,80.00,40.00,160.00,sale
2026-05-24,GT V12-SEASONAL-003,V12-SEASONAL-003,5,15.00,7.00,75.00,sale
2026-05-24,GT V12-SEASONAL-004,V12-SEASONAL-004,5,20.00,9.00,100.00,sale
2026-05-25,GT V12-HEALTHY-002,V12-HEALTHY-002,2,9.00,4.00,18.00,sale
2026-05-25,GT V12-MARGIN-001,V12-MARGIN-001,1,9.00,15.00,9.00,sale
2026-05-25,GT V12-OVERSTOCK-001,V12-OVERSTOCK-001,2,30.00,15.00,60.00,sale
2026-05-25,GT V12-OVERSTOCK-002,V12-OVERSTOCK-002,2,80.00,40.00,160.00,sale
2026-05-25,GT V12-SEASONAL-003,V12-SEASONAL-003,5,15.00,7.00,75.00,sale
2026-05-25,GT V12-SEASONAL-004,V12-SEASONAL-004,5,20.00,9.00,100.00,sale
2026-05-26,GT V12-FAST-002,V12-FAST-002,6,14.00,7.00,84.00,sale
2026-05-26,GT V12-FAST-003,V12-FAST-003,8,18.00,9.00,144.00,sale
2026-05-26,Cooking Oil 3L,V12-FIL-001,9,10.37,8.32,93.33,sale
2026-05-26,Mayo 750ml,V12-FIL-005,6,6.41,4.14,38.46,sale
2026-05-26,Ketchup 1kg,V12-FIL-006,11,11.33,7.49,124.63,sale
2026-05-26,Olive Oil 1L,V12-FIL-007,10,36.61,26.78,366.10,sale
2026-05-26,Salt 1kg,V12-FIL-040,10,28.05,18.01,280.50,sale
2026-05-26,Canned Beans 400g,V12-FIL-048,8,28.98,22.66,231.84,sale
2026-05-26,Tuna 180g,V12-FIL-049,11,58.71,43.15,645.81,sale
2026-05-26,Zucchini,V12-FIL-056,11,35.42,23.42,389.62,sale
2026-05-26,Eggplant,V12-FIL-057,8,35.67,29.77,285.36,sale
2026-05-26,Stock Cubes 12pk,V12-FIL-070,11,19.59,15.20,215.49,sale
2026-05-26,GT V12-GROWTH-001,V12-GROWTH-001,3,13.00,6.00,39.00,sale
2026-05-26,GT V12-HEALTHY-002,V12-HEALTHY-002,2,9.00,4.00,18.00,sale
2026-05-26,GT V12-MARGIN-001,V12-MARGIN-001,1,9.00,15.00,9.00,sale
2026-05-26,GT V12-OVERSTOCK-001,V12-OVERSTOCK-001,2,30.00,15.00,60.00,sale
2026-05-26,GT V12-OVERSTOCK-002,V12-OVERSTOCK-002,2,80.00,40.00,160.00,sale
2026-05-26,GT V12-PO-001,V12-PO-001,4,9.00,4.00,36.00,sale
2026-05-26,GT V12-PO-002,V12-PO-002,3,10.00,5.00,30.00,sale
2026-05-26,GT V12-SEASONAL-003,V12-SEASONAL-003,5,15.00,7.00,75.00,sale
2026-05-26,GT V12-SEASONAL-004,V12-SEASONAL-004,5,20.00,9.00,100.00,sale
2026-05-27,GT V12-FAST-001,V12-FAST-001,5,11.00,5.00,55.00,sale
2026-05-27,GT V12-FAST-002,V12-FAST-002,6,14.00,7.00,84.00,sale
2026-05-27,GT V12-FAST-003,V12-FAST-003,8,18.00,9.00,144.00,sale
2026-05-27,GT V12-FAST-004,V12-FAST-004,3,5.00,2.00,15.00,sale
2026-05-27,Cooking Oil 3L,V12-FIL-001,9,10.37,8.32,93.33,sale
2026-05-27,Mayo 750ml,V12-FIL-005,6,6.41,4.14,38.46,sale
2026-05-27,Ketchup 1kg,V12-FIL-006,11,11.33,7.49,124.63,sale
2026-05-27,Olive Oil 1L,V12-FIL-007,10,36.61,26.78,366.10,sale
2026-05-27,Salt 1kg,V12-FIL-040,10,28.05,18.01,280.50,sale
2026-05-27,Canned Beans 400g,V12-FIL-048,8,28.98,22.66,231.84,sale
2026-05-27,Tuna 180g,V12-FIL-049,11,58.71,43.15,645.81,sale
2026-05-27,Zucchini,V12-FIL-056,11,35.42,23.42,389.62,sale
2026-05-27,Eggplant,V12-FIL-057,8,35.67,29.77,285.36,sale
2026-05-27,Stock Cubes 12pk,V12-FIL-070,11,19.59,15.20,215.49,sale
2026-05-27,GT V12-GROWTH-001,V12-GROWTH-001,3,13.00,6.00,39.00,sale
2026-05-27,GT V12-GROWTH-002,V12-GROWTH-002,5,26.00,12.00,130.00,sale
2026-05-27,GT V12-HEALTHY-001,V12-HEALTHY-001,3,12.00,6.00,36.00,sale
2026-05-27,GT V12-HEALTHY-002,V12-HEALTHY-002,2,9.00,4.00,18.00,sale
2026-05-27,GT V12-MARGIN-001,V12-MARGIN-001,1,9.00,15.00,9.00,sale
2026-05-27,GT V12-MARGIN-002,V12-MARGIN-002,5,14.00,20.00,70.00,sale
2026-05-27,GT V12-OVERSTOCK-001,V12-OVERSTOCK-001,2,30.00,15.00,60.00,sale
2026-05-27,GT V12-OVERSTOCK-002,V12-OVERSTOCK-002,2,80.00,40.00,160.00,sale
2026-05-27,GT V12-PO-001,V12-PO-001,4,9.00,4.00,36.00,sale
2026-05-27,GT V12-PO-002,V12-PO-002,3,10.00,5.00,30.00,sale
2026-05-27,GT V12-SEASONAL-003,V12-SEASONAL-003,5,15.00,7.00,75.00,sale
2026-05-27,GT V12-SEASONAL-004,V12-SEASONAL-004,5,20.00,9.00,100.00,sale
2026-05-27,GT V12-STOCKOUT-001,V12-STOCKOUT-001,8,16.00,8.00,128.00,sale
2026-05-27,GT V12-STOCKOUT-002,V12-STOCKOUT-002,5,7.00,3.00,35.00,sale
2026-05-28,GT V12-FAST-001,V12-FAST-001,5,11.00,5.00,55.00,sale
2026-05-28,GT V12-FAST-002,V12-FAST-002,6,14.00,7.00,84.00,sale
2026-05-28,GT V12-FAST-003,V12-FAST-003,8,18.00,9.00,144.00,sale
2026-05-28,GT V12-FAST-004,V12-FAST-004,3,5.00,2.00,15.00,sale
2026-05-28,Cooking Oil 3L,V12-FIL-001,9,10.37,8.32,93.33,sale
2026-05-28,Mayo 750ml,V12-FIL-005,6,6.41,4.14,38.46,sale
2026-05-28,Ketchup 1kg,V12-FIL-006,11,11.33,7.49,124.63,sale
2026-05-28,Olive Oil 1L,V12-FIL-007,10,36.61,26.78,366.10,sale
2026-05-28,Salt 1kg,V12-FIL-040,10,28.05,18.01,280.50,sale
2026-05-28,Canned Beans 400g,V12-FIL-048,8,28.98,22.66,231.84,sale
2026-05-28,Tuna 180g,V12-FIL-049,11,58.71,43.15,645.81,sale
2026-05-28,Zucchini,V12-FIL-056,11,35.42,23.42,389.62,sale
2026-05-28,Eggplant,V12-FIL-057,8,35.67,29.77,285.36,sale
2026-05-28,Stock Cubes 12pk,V12-FIL-070,11,19.59,15.20,215.49,sale
2026-05-28,GT V12-GROWTH-001,V12-GROWTH-001,3,13.00,6.00,39.00,sale
2026-05-28,GT V12-GROWTH-002,V12-GROWTH-002,5,26.00,12.00,130.00,sale
2026-05-28,GT V12-HEALTHY-001,V12-HEALTHY-001,3,12.00,6.00,36.00,sale
2026-05-28,GT V12-HEALTHY-002,V12-HEALTHY-002,2,9.00,4.00,18.00,sale
2026-05-28,GT V12-MARGIN-001,V12-MARGIN-001,1,9.00,15.00,9.00,sale
2026-05-28,GT V12-MARGIN-002,V12-MARGIN-002,5,14.00,20.00,70.00,sale
2026-05-28,GT V12-OVERSTOCK-001,V12-OVERSTOCK-001,2,30.00,15.00,60.00,sale
2026-05-28,GT V12-OVERSTOCK-002,V12-OVERSTOCK-002,2,80.00,40.00,160.00,sale
2026-05-28,GT V12-PO-001,V12-PO-001,4,9.00,4.00,36.00,sale
2026-05-28,GT V12-PO-002,V12-PO-002,3,10.00,5.00,30.00,sale
2026-05-28,GT V12-SEASONAL-003,V12-SEASONAL-003,5,15.00,7.00,75.00,sale
2026-05-28,GT V12-SEASONAL-004,V12-SEASONAL-004,5,20.00,9.00,100.00,sale
2026-05-28,GT V12-STOCKOUT-001,V12-STOCKOUT-001,8,16.00,8.00,128.00,sale
2026-05-28,GT V12-STOCKOUT-002,V12-STOCKOUT-002,5,7.00,3.00,35.00,sale
2026-05-29,GT V12-FAST-001,V12-FAST-001,5,11.00,5.00,55.00,sale
2026-05-29,GT V12-FAST-002,V12-FAST-002,6,14.00,7.00,84.00,sale
2026-05-29,GT V12-FAST-003,V12-FAST-003,8,18.00,9.00,144.00,sale
2026-05-29,GT V12-FAST-004,V12-FAST-004,3,5.00,2.00,15.00,sale
2026-05-29,Cooking Oil 3L,V12-FIL-001,9,10.37,8.32,93.33,sale
2026-05-29,Mayo 750ml,V12-FIL-005,6,6.41,4.14,38.46,sale
2026-05-29,Ketchup 1kg,V12-FIL-006,11,11.33,7.49,124.63,sale
2026-05-29,Olive Oil 1L,V12-FIL-007,9,36.61,26.78,329.49,sale
2026-05-29,Salt 1kg,V12-FIL-040,10,28.05,18.01,280.50,sale
2026-05-29,Canned Beans 400g,V12-FIL-048,8,28.98,22.66,231.84,sale
2026-05-29,Tuna 180g,V12-FIL-049,11,58.71,43.15,645.81,sale
2026-05-29,Zucchini,V12-FIL-056,11,35.42,23.42,389.62,sale
2026-05-29,Eggplant,V12-FIL-057,8,35.67,29.77,285.36,sale
2026-05-29,Stock Cubes 12pk,V12-FIL-070,11,19.59,15.20,215.49,sale
2026-05-29,GT V12-GROWTH-001,V12-GROWTH-001,3,13.00,6.00,39.00,sale
2026-05-29,GT V12-GROWTH-002,V12-GROWTH-002,5,26.00,12.00,130.00,sale
2026-05-29,GT V12-HEALTHY-001,V12-HEALTHY-001,3,12.00,6.00,36.00,sale
2026-05-29,GT V12-HEALTHY-002,V12-HEALTHY-002,2,9.00,4.00,18.00,sale
2026-05-29,GT V12-MARGIN-001,V12-MARGIN-001,1,9.00,15.00,9.00,sale
2026-05-29,GT V12-MARGIN-002,V12-MARGIN-002,5,14.00,20.00,70.00,sale
2026-05-29,GT V12-OVERSTOCK-001,V12-OVERSTOCK-001,2,30.00,15.00,60.00,sale
2026-05-29,GT V12-OVERSTOCK-002,V12-OVERSTOCK-002,2,80.00,40.00,160.00,sale
2026-05-29,GT V12-PO-001,V12-PO-001,4,9.00,4.00,36.00,sale
2026-05-29,GT V12-PO-002,V12-PO-002,3,10.00,5.00,30.00,sale
2026-05-29,GT V12-SEASONAL-003,V12-SEASONAL-003,5,15.00,7.00,75.00,sale
2026-05-29,GT V12-SEASONAL-004,V12-SEASONAL-004,5,20.00,9.00,100.00,sale
2026-05-29,GT V12-STOCKOUT-001,V12-STOCKOUT-001,8,16.00,8.00,128.00,sale
2026-05-29,GT V12-STOCKOUT-002,V12-STOCKOUT-002,5,7.00,3.00,35.00,sale
2026-05-30,GT V12-FAST-001,V12-FAST-001,5,11.00,5.00,55.00,sale
2026-05-30,GT V12-FAST-002,V12-FAST-002,6,14.00,7.00,84.00,sale
2026-05-30,GT V12-FAST-003,V12-FAST-003,8,18.00,9.00,144.00,sale
2026-05-30,GT V12-FAST-004,V12-FAST-004,3,5.00,2.00,15.00,sale
2026-05-30,Cooking Oil 3L,V12-FIL-001,9,10.37,8.32,93.33,sale
2026-05-30,Mayo 750ml,V12-FIL-005,6,6.41,4.14,38.46,sale
2026-05-30,Ketchup 1kg,V12-FIL-006,11,11.33,7.49,124.63,sale
2026-05-30,Olive Oil 1L,V12-FIL-007,9,36.61,26.78,329.49,sale
2026-05-30,Salt 1kg,V12-FIL-040,10,28.05,18.01,280.50,sale
2026-05-30,Canned Beans 400g,V12-FIL-048,8,28.98,22.66,231.84,sale
2026-05-30,Tuna 180g,V12-FIL-049,11,58.71,43.15,645.81,sale
2026-05-30,Zucchini,V12-FIL-056,11,35.42,23.42,389.62,sale
2026-05-30,Eggplant,V12-FIL-057,8,35.67,29.77,285.36,sale
2026-05-30,Stock Cubes 12pk,V12-FIL-070,11,19.59,15.20,215.49,sale
2026-05-30,GT V12-GROWTH-001,V12-GROWTH-001,3,13.00,6.00,39.00,sale
2026-05-30,GT V12-GROWTH-002,V12-GROWTH-002,5,26.00,12.00,130.00,sale
2026-05-30,GT V12-HEALTHY-001,V12-HEALTHY-001,3,12.00,6.00,36.00,sale
2026-05-30,GT V12-HEALTHY-002,V12-HEALTHY-002,2,9.00,4.00,18.00,sale
2026-05-30,GT V12-MARGIN-001,V12-MARGIN-001,1,9.00,15.00,9.00,sale
2026-05-30,GT V12-MARGIN-002,V12-MARGIN-002,5,14.00,20.00,70.00,sale
2026-05-30,GT V12-OVERSTOCK-001,V12-OVERSTOCK-001,2,30.00,15.00,60.00,sale
2026-05-30,GT V12-OVERSTOCK-002,V12-OVERSTOCK-002,2,80.00,40.00,160.00,sale
2026-05-30,GT V12-PO-001,V12-PO-001,4,9.00,4.00,36.00,sale
2026-05-30,GT V12-PO-002,V12-PO-002,3,10.00,5.00,30.00,sale
2026-05-30,GT V12-SEASONAL-003,V12-SEASONAL-003,5,15.00,7.00,75.00,sale
2026-05-30,GT V12-SEASONAL-004,V12-SEASONAL-004,5,20.00,9.00,100.00,sale
2026-05-30,GT V12-STOCKOUT-001,V12-STOCKOUT-001,8,16.00,8.00,128.00,sale
2026-05-30,GT V12-STOCKOUT-002,V12-STOCKOUT-002,5,7.00,3.00,35.00,sale
2026-05-31,GT V12-FAST-001,V12-FAST-001,5,11.00,5.00,55.00,sale
2026-05-31,GT V12-FAST-002,V12-FAST-002,6,14.00,7.00,84.00,sale
2026-05-31,GT V12-FAST-003,V12-FAST-003,8,18.00,9.00,144.00,sale
2026-05-31,GT V12-FAST-004,V12-FAST-004,3,5.00,2.00,15.00,sale
2026-05-31,Cooking Oil 3L,V12-FIL-001,9,10.37,8.32,93.33,sale
2026-05-31,Sugar 2kg,V12-FIL-002,6,40.98,26.95,245.88,sale
2026-05-31,Flour 5kg,V12-FIL-003,6,53.18,36.47,319.08,sale
2026-05-31,Mayo 750ml,V12-FIL-005,6,6.41,4.14,38.46,sale
2026-05-31,Ketchup 1kg,V12-FIL-006,11,11.33,7.49,124.63,sale
2026-05-31,Olive Oil 1L,V12-FIL-007,9,36.61,26.78,329.49,sale
2026-05-31,Fish 800g,V12-FIL-017,6,58.66,42.10,351.96,sale
2026-05-31,Onion 5kg,V12-FIL-021,10,23.96,17.56,239.60,sale
2026-05-31,Candy 500g,V12-FIL-031,6,5.12,3.24,30.72,sale
2026-05-31,Wipes 80pk,V12-FIL-037,6,30.46,24.64,182.76,sale
2026-05-31,Salt 1kg,V12-FIL-040,10,28.05,18.01,280.50,sale
2026-05-31,Spices 100g,V12-FIL-041,5,17.65,11.92,88.25,sale
2026-05-31,Canned Beans 400g,V12-FIL-048,8,28.98,22.66,231.84,sale
2026-05-31,Tuna 180g,V12-FIL-049,11,58.71,43.15,645.81,sale
2026-05-31,Instant Noodles 5pk,V12-FIL-050,6,28.16,24.32,168.96,sale
2026-05-31,Zucchini,V12-FIL-056,11,35.42,23.42,389.62,sale
2026-05-31,Eggplant,V12-FIL-057,8,35.67,29.77,285.36,sale
2026-05-31,Mango 1kg,V12-FIL-058,8,32.41,20.67,259.28,sale
2026-05-31,Stock Cubes 12pk,V12-FIL-070,11,19.59,15.20,215.49,sale
2026-05-31,Mint,V12-FIL-077,7,26.72,18.48,187.04,sale
2026-05-31,GT V12-GROWTH-001,V12-GROWTH-001,3,13.00,6.00,39.00,sale
2026-05-31,GT V12-GROWTH-002,V12-GROWTH-002,5,26.00,12.00,130.00,sale
2026-05-31,GT V12-HEALTHY-001,V12-HEALTHY-001,3,12.00,6.00,36.00,sale
2026-05-31,GT V12-HEALTHY-002,V12-HEALTHY-002,2,9.00,4.00,18.00,sale
2026-05-31,GT V12-MARGIN-001,V12-MARGIN-001,1,9.00,15.00,9.00,sale
2026-05-31,GT V12-MARGIN-002,V12-MARGIN-002,5,14.00,20.00,70.00,sale
2026-05-31,GT V12-OVERSTOCK-001,V12-OVERSTOCK-001,2,30.00,15.00,60.00,sale
2026-05-31,GT V12-OVERSTOCK-002,V12-OVERSTOCK-002,2,80.00,40.00,160.00,sale
2026-05-31,GT V12-PO-001,V12-PO-001,4,9.00,4.00,36.00,sale
2026-05-31,GT V12-PO-002,V12-PO-002,2,10.00,5.00,20.00,sale
2026-05-31,GT V12-SEASONAL-003,V12-SEASONAL-003,5,15.00,7.00,75.00,sale
2026-05-31,GT V12-SEASONAL-004,V12-SEASONAL-004,5,20.00,9.00,100.00,sale
2026-05-31,GT V12-STOCKOUT-001,V12-STOCKOUT-001,8,16.00,8.00,128.00,sale
2026-05-31,GT V12-STOCKOUT-002,V12-STOCKOUT-002,5,7.00,3.00,35.00,sale
2026-06-01,GT V12-FAST-001,V12-FAST-001,5,11.00,5.00,55.00,sale
2026-06-01,GT V12-FAST-002,V12-FAST-002,6,14.00,7.00,84.00,sale
2026-06-01,GT V12-FAST-003,V12-FAST-003,8,18.00,9.00,144.00,sale
2026-06-01,GT V12-FAST-004,V12-FAST-004,3,5.00,2.00,15.00,sale
2026-06-01,Cooking Oil 3L,V12-FIL-001,9,10.37,8.32,93.33,sale
2026-06-01,Sugar 2kg,V12-FIL-002,6,40.98,26.95,245.88,sale
2026-06-01,Flour 5kg,V12-FIL-003,6,53.18,36.47,319.08,sale
2026-06-01,Mayo 750ml,V12-FIL-005,6,6.41,4.14,38.46,sale
2026-06-01,Ketchup 1kg,V12-FIL-006,11,11.33,7.49,124.63,sale
2026-06-01,Olive Oil 1L,V12-FIL-007,9,36.61,26.78,329.49,sale
2026-06-01,Fish 800g,V12-FIL-017,6,58.66,42.10,351.96,sale
2026-06-01,Onion 5kg,V12-FIL-021,10,23.96,17.56,239.60,sale
2026-06-01,Candy 500g,V12-FIL-031,6,5.12,3.24,30.72,sale
2026-06-01,Wipes 80pk,V12-FIL-037,6,30.46,24.64,182.76,sale
2026-06-01,Salt 1kg,V12-FIL-040,10,28.05,18.01,280.50,sale
2026-06-01,Spices 100g,V12-FIL-041,5,17.65,11.92,88.25,sale
2026-06-01,Canned Beans 400g,V12-FIL-048,8,28.98,22.66,231.84,sale
2026-06-01,Tuna 180g,V12-FIL-049,11,58.71,43.15,645.81,sale
2026-06-01,Instant Noodles 5pk,V12-FIL-050,6,28.16,24.32,168.96,sale
2026-06-01,Zucchini,V12-FIL-056,11,35.42,23.42,389.62,sale
2026-06-01,Eggplant,V12-FIL-057,8,35.67,29.77,285.36,sale
2026-06-01,Mango 1kg,V12-FIL-058,8,32.41,20.67,259.28,sale
2026-06-01,Stock Cubes 12pk,V12-FIL-070,11,19.59,15.20,215.49,sale
2026-06-01,Mint,V12-FIL-077,7,26.72,18.48,187.04,sale
2026-06-01,GT V12-GROWTH-001,V12-GROWTH-001,3,13.00,6.00,39.00,sale
2026-06-01,GT V12-GROWTH-002,V12-GROWTH-002,5,26.00,12.00,130.00,sale
2026-06-01,GT V12-HEALTHY-001,V12-HEALTHY-001,3,12.00,6.00,36.00,sale
2026-06-01,GT V12-HEALTHY-002,V12-HEALTHY-002,2,9.00,4.00,18.00,sale
2026-06-01,GT V12-HEALTHY-003,V12-HEALTHY-003,1,11.00,5.00,11.00,sale
2026-06-01,GT V12-MARGIN-001,V12-MARGIN-001,1,9.00,15.00,9.00,sale
2026-06-01,GT V12-MARGIN-002,V12-MARGIN-002,5,14.00,20.00,70.00,sale
2026-06-01,GT V12-OVERSTOCK-001,V12-OVERSTOCK-001,2,30.00,15.00,60.00,sale
2026-06-01,GT V12-OVERSTOCK-002,V12-OVERSTOCK-002,2,80.00,40.00,160.00,sale
2026-06-01,GT V12-OWNER-002,V12-OWNER-002,2,17.00,8.00,34.00,sale
2026-06-01,GT V12-PO-001,V12-PO-001,4,9.00,4.00,36.00,sale
2026-06-01,GT V12-PO-002,V12-PO-002,2,10.00,5.00,20.00,sale
2026-06-01,GT V12-SLOW-002,V12-SLOW-002,2,8.00,4.00,16.00,sale
2026-06-01,GT V12-STOCKOUT-001,V12-STOCKOUT-001,8,16.00,8.00,128.00,sale
2026-06-01,GT V12-STOCKOUT-002,V12-STOCKOUT-002,5,7.00,3.00,35.00,sale
2026-06-02,GT V12-FAST-001,V12-FAST-001,5,11.00,5.00,55.00,sale
2026-06-02,GT V12-FAST-002,V12-FAST-002,6,14.00,7.00,84.00,sale
2026-06-02,GT V12-FAST-003,V12-FAST-003,8,18.00,9.00,144.00,sale
2026-06-02,GT V12-FAST-004,V12-FAST-004,3,5.00,2.00,15.00,sale
2026-06-02,Cooking Oil 3L,V12-FIL-001,9,10.37,8.32,93.33,sale
2026-06-02,Sugar 2kg,V12-FIL-002,6,40.98,26.95,245.88,sale
2026-06-02,Flour 5kg,V12-FIL-003,6,53.18,36.47,319.08,sale
2026-06-02,Mayo 750ml,V12-FIL-005,6,6.41,4.14,38.46,sale
2026-06-02,Ketchup 1kg,V12-FIL-006,11,11.33,7.49,124.63,sale
2026-06-02,Olive Oil 1L,V12-FIL-007,9,36.61,26.78,329.49,sale
2026-06-02,Fish 800g,V12-FIL-017,6,58.66,42.10,351.96,sale
2026-06-02,Onion 5kg,V12-FIL-021,10,23.96,17.56,239.60,sale
2026-06-02,Candy 500g,V12-FIL-031,6,5.12,3.24,30.72,sale
2026-06-02,Wipes 80pk,V12-FIL-037,6,30.46,24.64,182.76,sale
2026-06-02,Salt 1kg,V12-FIL-040,10,28.05,18.01,280.50,sale
2026-06-02,Spices 100g,V12-FIL-041,5,17.65,11.92,88.25,sale
2026-06-02,Canned Beans 400g,V12-FIL-048,8,28.98,22.66,231.84,sale
2026-06-02,Tuna 180g,V12-FIL-049,11,58.71,43.15,645.81,sale
2026-06-02,Instant Noodles 5pk,V12-FIL-050,6,28.16,24.32,168.96,sale
2026-06-02,Zucchini,V12-FIL-056,11,35.42,23.42,389.62,sale
2026-06-02,Eggplant,V12-FIL-057,8,35.67,29.77,285.36,sale
2026-06-02,Mango 1kg,V12-FIL-058,8,32.41,20.67,259.28,sale
2026-06-02,Stock Cubes 12pk,V12-FIL-070,11,19.59,15.20,215.49,sale
2026-06-02,Mint,V12-FIL-077,7,26.72,18.48,187.04,sale
2026-06-02,GT V12-GROWTH-001,V12-GROWTH-001,3,13.00,6.00,39.00,sale
2026-06-02,GT V12-GROWTH-002,V12-GROWTH-002,5,26.00,12.00,130.00,sale
2026-06-02,GT V12-HEALTHY-001,V12-HEALTHY-001,3,12.00,6.00,36.00,sale
2026-06-02,GT V12-HEALTHY-002,V12-HEALTHY-002,2,9.00,4.00,18.00,sale
2026-06-02,GT V12-HEALTHY-003,V12-HEALTHY-003,1,11.00,5.00,11.00,sale
2026-06-02,GT V12-MARGIN-001,V12-MARGIN-001,1,9.00,15.00,9.00,sale
2026-06-02,GT V12-MARGIN-002,V12-MARGIN-002,5,14.00,20.00,70.00,sale
2026-06-02,GT V12-OVERSTOCK-001,V12-OVERSTOCK-001,2,30.00,15.00,60.00,sale
2026-06-02,GT V12-OVERSTOCK-002,V12-OVERSTOCK-002,2,80.00,40.00,160.00,sale
2026-06-02,GT V12-OWNER-002,V12-OWNER-002,2,17.00,8.00,34.00,sale
2026-06-02,GT V12-PO-001,V12-PO-001,4,9.00,4.00,36.00,sale
2026-06-02,GT V12-PO-002,V12-PO-002,2,10.00,5.00,20.00,sale
2026-06-02,GT V12-SLOW-002,V12-SLOW-002,2,8.00,4.00,16.00,sale
2026-06-02,GT V12-STOCKOUT-001,V12-STOCKOUT-001,8,16.00,8.00,128.00,sale
2026-06-02,GT V12-STOCKOUT-002,V12-STOCKOUT-002,5,7.00,3.00,35.00,sale
2026-06-03,GT V12-FAST-001,V12-FAST-001,5,11.00,5.00,55.00,sale
2026-06-03,GT V12-FAST-002,V12-FAST-002,6,14.00,7.00,84.00,sale
2026-06-03,GT V12-FAST-003,V12-FAST-003,8,18.00,9.00,144.00,sale
2026-06-03,GT V12-FAST-004,V12-FAST-004,3,5.00,2.00,15.00,sale
2026-06-03,Cooking Oil 3L,V12-FIL-001,8,10.37,8.32,82.96,sale
2026-06-03,Sugar 2kg,V12-FIL-002,6,40.98,26.95,245.88,sale
2026-06-03,Flour 5kg,V12-FIL-003,6,53.18,36.47,319.08,sale
2026-06-03,Mayo 750ml,V12-FIL-005,6,6.41,4.14,38.46,sale
2026-06-03,Ketchup 1kg,V12-FIL-006,11,11.33,7.49,124.63,sale
2026-06-03,Olive Oil 1L,V12-FIL-007,9,36.61,26.78,329.49,sale
2026-06-03,Cheddar 1kg,V12-FIL-012,3,14.93,10.87,44.79,sale
2026-06-03,Fish 800g,V12-FIL-017,6,58.66,42.10,351.96,sale
2026-06-03,Cucumber 1kg,V12-FIL-018,4,19.82,13.01,79.28,sale
2026-06-03,Onion 5kg,V12-FIL-021,10,23.96,17.56,239.60,sale
2026-06-03,Orange 1kg,V12-FIL-024,4,60.31,44.16,241.24,sale
2026-06-03,Cola 1.5L,V12-FIL-025,3,16.04,11.00,48.12,sale
2026-06-03,Juice 1L,V12-FIL-027,4,51.84,33.33,207.36,sale
2026-06-03,Biscuits 400g,V12-FIL-029,3,60.22,39.68,180.66,sale
2026-06-03,Candy 500g,V12-FIL-031,6,5.12,3.24,30.72,sale
2026-06-03,Detergent 3kg,V12-FIL-032,3,61.60,44.25,184.80,sale
2026-06-03,Shampoo 400ml,V12-FIL-034,3,58.35,39.03,175.05,sale
2026-06-03,Wipes 80pk,V12-FIL-037,6,30.46,24.64,182.76,sale
2026-06-03,Diapers M40,V12-FIL-038,5,25.63,20.77,128.15,sale
2026-06-03,Salt 1kg,V12-FIL-040,10,28.05,18.01,280.50,sale
2026-06-03,Spices 100g,V12-FIL-041,5,17.65,11.92,88.25,sale
2026-06-03,Cereal 500g,V12-FIL-044,6,54.26,40.16,325.56,sale
2026-06-03,Oats 1kg,V12-FIL-045,4,23.83,19.25,95.32,sale
2026-06-03,Dried Fruit 400g,V12-FIL-047,6,7.61,5.55,45.66,sale
2026-06-03,Canned Beans 400g,V12-FIL-048,8,28.98,22.66,231.84,sale
2026-06-03,Tuna 180g,V12-FIL-049,11,58.71,43.15,645.81,sale
2026-06-03,Instant Noodles 5pk,V12-FIL-050,6,28.16,24.32,168.96,sale
2026-06-03,Pizza Frozen,V12-FIL-053,5,34.67,24.07,173.35,sale
2026-06-03,Lettuce,V12-FIL-055,5,29.72,21.09,148.60,sale
2026-06-03,Zucchini,V12-FIL-056,11,35.42,23.42,389.62,sale
2026-06-03,Eggplant,V12-FIL-057,8,35.67,29.77,285.36,sale
2026-06-03,Mango 1kg,V12-FIL-058,8,32.41,20.67,259.28,sale
2026-06-03,Grapes 500g,V12-FIL-059,4,39.11,27.44,156.44,sale
2026-06-03,Dates 1kg,V12-FIL-060,3,22.53,15.13,67.59,sale
2026-06-03,Pomegranate,V12-FIL-061,4,11.80,7.55,47.20,sale
2026-06-03,Pistachio 250g,V12-FIL-065,5,23.26,18.75,116.30,sale
2026-06-03,Hazelnut 250g,V12-FIL-066,6,38.15,26.06,228.90,sale
2026-06-03,Vinegar 1L,V12-FIL-068,5,32.94,21.52,164.70,sale
2026-06-03,Stock Cubes 12pk,V12-FIL-070,11,19.59,15.20,215.49,sale
2026-06-03,Garlic 1kg,V12-FIL-071,3,5.66,4.57,16.98,sale
2026-06-03,Turmeric 200g,V12-FIL-073,5,15.83,10.83,79.15,sale
2026-06-03,Limes 500g,V12-FIL-076,5,42.04,27.03,210.20,sale
2026-06-03,Mint,V12-FIL-077,7,26.72,18.48,187.04,sale
2026-06-03,GT V12-GROWTH-001,V12-GROWTH-001,3,13.00,6.00,39.00,sale
2026-06-03,GT V12-GROWTH-002,V12-GROWTH-002,5,26.00,12.00,130.00,sale
2026-06-03,GT V12-HEALTHY-001,V12-HEALTHY-001,3,12.00,6.00,36.00,sale
2026-06-03,GT V12-HEALTHY-002,V12-HEALTHY-002,2,9.00,4.00,18.00,sale
2026-06-03,GT V12-HEALTHY-003,V12-HEALTHY-003,1,11.00,5.00,11.00,sale
2026-06-03,GT V12-MARGIN-001,V12-MARGIN-001,1,9.00,15.00,9.00,sale
2026-06-03,GT V12-MARGIN-002,V12-MARGIN-002,5,14.00,20.00,70.00,sale
2026-06-03,GT V12-OVERSTOCK-001,V12-OVERSTOCK-001,2,30.00,15.00,60.00,sale
2026-06-03,GT V12-OVERSTOCK-002,V12-OVERSTOCK-002,1,80.00,40.00,80.00,sale
2026-06-03,GT V12-OWNER-002,V12-OWNER-002,2,17.00,8.00,34.00,sale
2026-06-03,GT V12-PO-001,V12-PO-001,4,9.00,4.00,36.00,sale
2026-06-03,GT V12-PO-002,V12-PO-002,2,10.00,5.00,20.00,sale
2026-06-03,GT V12-SEASONAL-002,V12-SEASONAL-002,1,7.00,3.00,7.00,sale
2026-06-03,GT V12-SLOW-002,V12-SLOW-002,2,8.00,4.00,16.00,sale
2026-06-03,GT V12-STOCKOUT-001,V12-STOCKOUT-001,8,16.00,8.00,128.00,sale
2026-06-03,GT V12-STOCKOUT-002,V12-STOCKOUT-002,5,7.00,3.00,35.00,sale
2026-06-04,GT V12-FAST-001,V12-FAST-001,5,11.00,5.00,55.00,sale
2026-06-04,GT V12-FAST-002,V12-FAST-002,6,14.00,7.00,84.00,sale
2026-06-04,GT V12-FAST-003,V12-FAST-003,8,18.00,9.00,144.00,sale
2026-06-04,GT V12-FAST-004,V12-FAST-004,3,5.00,2.00,15.00,sale
2026-06-04,Cooking Oil 3L,V12-FIL-001,8,10.37,8.32,82.96,sale
2026-06-04,Sugar 2kg,V12-FIL-002,6,40.98,26.95,245.88,sale
2026-06-04,Flour 5kg,V12-FIL-003,5,53.18,36.47,265.90,sale
2026-06-04,Mayo 750ml,V12-FIL-005,6,6.41,4.14,38.46,sale
2026-06-04,Ketchup 1kg,V12-FIL-006,11,11.33,7.49,124.63,sale
2026-06-04,Olive Oil 1L,V12-FIL-007,9,36.61,26.78,329.49,sale
2026-06-04,Cheddar 1kg,V12-FIL-012,3,14.93,10.87,44.79,sale
2026-06-04,Fish 800g,V12-FIL-017,6,58.66,42.10,351.96,sale
2026-06-04,Cucumber 1kg,V12-FIL-018,4,19.82,13.01,79.28,sale
2026-06-04,Onion 5kg,V12-FIL-021,10,23.96,17.56,239.60,sale
2026-06-04,Orange 1kg,V12-FIL-024,4,60.31,44.16,241.24,sale
2026-06-04,Cola 1.5L,V12-FIL-025,3,16.04,11.00,48.12,sale
2026-06-04,Juice 1L,V12-FIL-027,4,51.84,33.33,207.36,sale
2026-06-04,Biscuits 400g,V12-FIL-029,3,60.22,39.68,180.66,sale
2026-06-04,Candy 500g,V12-FIL-031,6,5.12,3.24,30.72,sale
2026-06-04,Detergent 3kg,V12-FIL-032,3,61.60,44.25,184.80,sale
2026-06-04,Shampoo 400ml,V12-FIL-034,3,58.35,39.03,175.05,sale
2026-06-04,Wipes 80pk,V12-FIL-037,6,30.46,24.64,182.76,sale
2026-06-04,Diapers M40,V12-FIL-038,5,25.63,20.77,128.15,sale
2026-06-04,Salt 1kg,V12-FIL-040,10,28.05,18.01,280.50,sale
2026-06-04,Spices 100g,V12-FIL-041,5,17.65,11.92,88.25,sale
2026-06-04,Cereal 500g,V12-FIL-044,6,54.26,40.16,325.56,sale
2026-06-04,Oats 1kg,V12-FIL-045,4,23.83,19.25,95.32,sale
2026-06-04,Dried Fruit 400g,V12-FIL-047,6,7.61,5.55,45.66,sale
2026-06-04,Canned Beans 400g,V12-FIL-048,7,28.98,22.66,202.86,sale
2026-06-04,Tuna 180g,V12-FIL-049,11,58.71,43.15,645.81,sale
2026-06-04,Instant Noodles 5pk,V12-FIL-050,6,28.16,24.32,168.96,sale
2026-06-04,Pizza Frozen,V12-FIL-053,5,34.67,24.07,173.35,sale
2026-06-04,Lettuce,V12-FIL-055,5,29.72,21.09,148.60,sale
2026-06-04,Zucchini,V12-FIL-056,11,35.42,23.42,389.62,sale
2026-06-04,Eggplant,V12-FIL-057,8,35.67,29.77,285.36,sale
2026-06-04,Mango 1kg,V12-FIL-058,8,32.41,20.67,259.28,sale
2026-06-04,Grapes 500g,V12-FIL-059,4,39.11,27.44,156.44,sale
2026-06-04,Dates 1kg,V12-FIL-060,3,22.53,15.13,67.59,sale
2026-06-04,Pomegranate,V12-FIL-061,4,11.80,7.55,47.20,sale
2026-06-04,Pistachio 250g,V12-FIL-065,5,23.26,18.75,116.30,sale
2026-06-04,Hazelnut 250g,V12-FIL-066,6,38.15,26.06,228.90,sale
2026-06-04,Vinegar 1L,V12-FIL-068,5,32.94,21.52,164.70,sale
2026-06-04,Stock Cubes 12pk,V12-FIL-070,11,19.59,15.20,215.49,sale
2026-06-04,Garlic 1kg,V12-FIL-071,3,5.66,4.57,16.98,sale
2026-06-04,Turmeric 200g,V12-FIL-073,5,15.83,10.83,79.15,sale
2026-06-04,Limes 500g,V12-FIL-076,5,42.04,27.03,210.20,sale
2026-06-04,Mint,V12-FIL-077,7,26.72,18.48,187.04,sale
2026-06-04,GT V12-GROWTH-001,V12-GROWTH-001,3,13.00,6.00,39.00,sale
2026-06-04,GT V12-GROWTH-002,V12-GROWTH-002,5,26.00,12.00,130.00,sale
2026-06-04,GT V12-HEALTHY-001,V12-HEALTHY-001,3,12.00,6.00,36.00,sale
2026-06-04,GT V12-HEALTHY-002,V12-HEALTHY-002,1,9.00,4.00,9.00,sale
2026-06-04,GT V12-HEALTHY-003,V12-HEALTHY-003,1,11.00,5.00,11.00,sale
2026-06-04,GT V12-MARGIN-001,V12-MARGIN-001,1,9.00,15.00,9.00,sale
2026-06-04,GT V12-MARGIN-002,V12-MARGIN-002,5,14.00,20.00,70.00,sale
2026-06-04,GT V12-OVERSTOCK-001,V12-OVERSTOCK-001,2,30.00,15.00,60.00,sale
2026-06-04,GT V12-OVERSTOCK-002,V12-OVERSTOCK-002,1,80.00,40.00,80.00,sale
2026-06-04,GT V12-OWNER-002,V12-OWNER-002,2,17.00,8.00,34.00,sale
2026-06-04,GT V12-PO-001,V12-PO-001,4,9.00,4.00,36.00,sale
2026-06-04,GT V12-PO-002,V12-PO-002,2,10.00,5.00,20.00,sale
2026-06-04,GT V12-SEASONAL-002,V12-SEASONAL-002,1,7.00,3.00,7.00,sale
2026-06-04,GT V12-SLOW-001,V12-SLOW-001,3,12.00,6.00,36.00,sale
2026-06-04,GT V12-SLOW-002,V12-SLOW-002,2,8.00,4.00,16.00,sale
2026-06-04,GT V12-STOCKOUT-001,V12-STOCKOUT-001,8,16.00,8.00,128.00,sale
2026-06-04,GT V12-STOCKOUT-002,V12-STOCKOUT-002,5,7.00,3.00,35.00,sale
2026-06-05,GT V12-FAST-001,V12-FAST-001,5,11.00,5.00,55.00,sale
2026-06-05,GT V12-FAST-002,V12-FAST-002,6,14.00,7.00,84.00,sale
2026-06-05,GT V12-FAST-003,V12-FAST-003,7,18.00,9.00,126.00,sale
2026-06-05,GT V12-FAST-004,V12-FAST-004,3,5.00,2.00,15.00,sale
2026-06-05,Rice 5kg,V12-FIL-000,2,29.31,21.81,58.62,sale
2026-06-05,Cooking Oil 3L,V12-FIL-001,8,10.37,8.32,82.96,sale
2026-06-05,Sugar 2kg,V12-FIL-002,6,40.98,26.95,245.88,sale
2026-06-05,Flour 5kg,V12-FIL-003,5,53.18,36.47,265.90,sale
2026-06-05,Pasta 500g,V12-FIL-004,3,55.23,43.12,165.69,sale
2026-06-05,Mayo 750ml,V12-FIL-005,5,6.41,4.14,32.05,sale
2026-06-05,Ketchup 1kg,V12-FIL-006,11,11.33,7.49,124.63,sale
2026-06-05,Olive Oil 1L,V12-FIL-007,9,36.61,26.78,329.49,sale
2026-06-05,Tea 400g,V12-FIL-008,1,42.51,26.88,42.51,sale
2026-06-05,Coffee 250g,V12-FIL-009,4,14.69,12.27,58.76,sale
2026-06-05,Cheddar 1kg,V12-FIL-012,3,14.93,10.87,44.79,sale
2026-06-05,Butter 500g,V12-FIL-013,3,53.87,34.85,161.61,sale
2026-06-05,Fish 800g,V12-FIL-017,6,58.66,42.10,351.96,sale
2026-06-05,Cucumber 1kg,V12-FIL-018,4,19.82,13.01,79.28,sale
2026-06-05,Potato 5kg,V12-FIL-020,1,16.50,13.20,16.50,sale
2026-06-05,Onion 5kg,V12-FIL-021,10,23.96,17.56,239.60,sale
2026-06-05,Orange 1kg,V12-FIL-024,4,60.31,44.16,241.24,sale
2026-06-05,Cola 1.5L,V12-FIL-025,3,16.04,11.00,48.12,sale
2026-06-05,Water 6pk,V12-FIL-026,3,31.55,24.27,94.65,sale
2026-06-05,Juice 1L,V12-FIL-027,4,51.84,33.33,207.36,sale
2026-06-05,Biscuits 400g,V12-FIL-029,3,60.22,39.68,180.66,sale
2026-06-05,Candy 500g,V12-FIL-031,6,5.12,3.24,30.72,sale
2026-06-05,Detergent 3kg,V12-FIL-032,3,61.60,44.25,184.80,sale
2026-06-05,Shampoo 400ml,V12-FIL-034,3,58.35,39.03,175.05,sale
2026-06-05,Wipes 80pk,V12-FIL-037,6,30.46,24.64,182.76,sale
2026-06-05,Diapers M40,V12-FIL-038,5,25.63,20.77,128.15,sale
2026-06-05,Formula 900g,V12-FIL-039,3,14.69,11.00,44.07,sale
2026-06-05,Salt 1kg,V12-FIL-040,10,28.05,18.01,280.50,sale
2026-06-05,Spices 100g,V12-FIL-041,5,17.65,11.92,88.25,sale
2026-06-05,Cereal 500g,V12-FIL-044,6,54.26,40.16,325.56,sale
2026-06-05,Oats 1kg,V12-FIL-045,4,23.83,19.25,95.32,sale
2026-06-05,Dried Fruit 400g,V12-FIL-047,6,7.61,5.55,45.66,sale
2026-06-05,Canned Beans 400g,V12-FIL-048,7,28.98,22.66,202.86,sale
2026-06-05,Tuna 180g,V12-FIL-049,11,58.71,43.15,645.81,sale
2026-06-05,Instant Noodles 5pk,V12-FIL-050,6,28.16,24.32,168.96,sale
2026-06-05,Frozen Veg 1kg,V12-FIL-051,3,38.85,30.98,116.55,sale
2026-06-05,Pizza Frozen,V12-FIL-053,5,34.67,24.07,173.35,sale
2026-06-05,Lettuce,V12-FIL-055,5,29.72,21.09,148.60,sale
2026-06-05,Zucchini,V12-FIL-056,11,35.42,23.42,389.62,sale
2026-06-05,Eggplant,V12-FIL-057,8,35.67,29.77,285.36,sale
2026-06-05,Mango 1kg,V12-FIL-058,8,32.41,20.67,259.28,sale
2026-06-05,Grapes 500g,V12-FIL-059,4,39.11,27.44,156.44,sale
2026-06-05,Dates 1kg,V12-FIL-060,3,22.53,15.13,67.59,sale
2026-06-05,Pomegranate,V12-FIL-061,4,11.80,7.55,47.20,sale
2026-06-05,Pistachio 250g,V12-FIL-065,5,23.26,18.75,116.30,sale
2026-06-05,Hazelnut 250g,V12-FIL-066,6,38.15,26.06,228.90,sale
2026-06-05,Vinegar 1L,V12-FIL-068,5,32.94,21.52,164.70,sale
2026-06-05,Soy Sauce 500ml,V12-FIL-069,3,68.59,44.20,205.77,sale
2026-06-05,Stock Cubes 12pk,V12-FIL-070,11,19.59,15.20,215.49,sale
2026-06-05,Garlic 1kg,V12-FIL-071,3,5.66,4.57,16.98,sale
2026-06-05,Turmeric 200g,V12-FIL-073,5,15.83,10.83,79.15,sale
2026-06-05,Limes 500g,V12-FIL-076,5,42.04,27.03,210.20,sale
2026-06-05,Mint,V12-FIL-077,7,26.72,18.48,187.04,sale
2026-06-05,Parsley,V12-FIL-078,2,28.45,23.99,56.90,sale
2026-06-05,GT V12-GROWTH-001,V12-GROWTH-001,3,13.00,6.00,39.00,sale
2026-06-05,GT V12-GROWTH-002,V12-GROWTH-002,5,26.00,12.00,130.00,sale
2026-06-05,GT V12-HEALTHY-001,V12-HEALTHY-001,3,12.00,6.00,36.00,sale
2026-06-05,GT V12-HEALTHY-002,V12-HEALTHY-002,1,9.00,4.00,9.00,sale
2026-06-05,GT V12-HEALTHY-003,V12-HEALTHY-003,1,11.00,5.00,11.00,sale
2026-06-05,GT V12-MARGIN-001,V12-MARGIN-001,1,9.00,15.00,9.00,sale
2026-06-05,GT V12-MARGIN-002,V12-MARGIN-002,5,14.00,20.00,70.00,sale
2026-06-05,GT V12-OVERSTOCK-001,V12-OVERSTOCK-001,2,30.00,15.00,60.00,sale
2026-06-05,GT V12-OVERSTOCK-002,V12-OVERSTOCK-002,1,80.00,40.00,80.00,sale
2026-06-05,GT V12-OWNER-002,V12-OWNER-002,2,17.00,8.00,34.00,sale
2026-06-05,GT V12-PO-001,V12-PO-001,4,9.00,4.00,36.00,sale
2026-06-05,GT V12-PO-002,V12-PO-002,2,10.00,5.00,20.00,sale
2026-06-05,GT V12-SEASONAL-002,V12-SEASONAL-002,1,7.00,3.00,7.00,sale
2026-06-05,GT V12-SLOW-001,V12-SLOW-001,3,12.00,6.00,36.00,sale
2026-06-05,GT V12-SLOW-002,V12-SLOW-002,2,8.00,4.00,16.00,sale
2026-06-05,GT V12-STOCKOUT-001,V12-STOCKOUT-001,8,16.00,8.00,128.00,sale
2026-06-05,GT V12-STOCKOUT-002,V12-STOCKOUT-002,5,7.00,3.00,35.00,sale
2026-06-06,GT V12-FAST-001,V12-FAST-001,4,11.00,5.00,44.00,sale
2026-06-06,GT V12-FAST-002,V12-FAST-002,6,14.00,7.00,84.00,sale
2026-06-06,GT V12-FAST-003,V12-FAST-003,7,18.00,9.00,126.00,sale
2026-06-06,GT V12-FAST-004,V12-FAST-004,3,5.00,2.00,15.00,sale
2026-06-06,Rice 5kg,V12-FIL-000,2,29.31,21.81,58.62,sale
2026-06-06,Cooking Oil 3L,V12-FIL-001,8,10.37,8.32,82.96,sale
2026-06-06,Sugar 2kg,V12-FIL-002,5,40.98,26.95,204.90,sale
2026-06-06,Flour 5kg,V12-FIL-003,5,53.18,36.47,265.90,sale
2026-06-06,Pasta 500g,V12-FIL-004,3,55.23,43.12,165.69,sale
2026-06-06,Mayo 750ml,V12-FIL-005,5,6.41,4.14,32.05,sale
2026-06-06,Ketchup 1kg,V12-FIL-006,11,11.33,7.49,124.63,sale
2026-06-06,Olive Oil 1L,V12-FIL-007,9,36.61,26.78,329.49,sale
2026-06-06,Tea 400g,V12-FIL-008,1,42.51,26.88,42.51,sale
2026-06-06,Coffee 250g,V12-FIL-009,4,14.69,12.27,58.76,sale
2026-06-06,Cheddar 1kg,V12-FIL-012,3,14.93,10.87,44.79,sale
2026-06-06,Butter 500g,V12-FIL-013,3,53.87,34.85,161.61,sale
2026-06-06,Fish 800g,V12-FIL-017,6,58.66,42.10,351.96,sale
2026-06-06,Cucumber 1kg,V12-FIL-018,4,19.82,13.01,79.28,sale
2026-06-06,Potato 5kg,V12-FIL-020,1,16.50,13.20,16.50,sale
2026-06-06,Onion 5kg,V12-FIL-021,10,23.96,17.56,239.60,sale
2026-06-06,Orange 1kg,V12-FIL-024,4,60.31,44.16,241.24,sale
2026-06-06,Cola 1.5L,V12-FIL-025,3,16.04,11.00,48.12,sale
2026-06-06,Water 6pk,V12-FIL-026,3,31.55,24.27,94.65,sale
2026-06-06,Juice 1L,V12-FIL-027,4,51.84,33.33,207.36,sale
2026-06-06,Biscuits 400g,V12-FIL-029,3,60.22,39.68,180.66,sale
2026-06-06,Candy 500g,V12-FIL-031,6,5.12,3.24,30.72,sale
2026-06-06,Detergent 3kg,V12-FIL-032,3,61.60,44.25,184.80,sale
2026-06-06,Shampoo 400ml,V12-FIL-034,3,58.35,39.03,175.05,sale
2026-06-06,Wipes 80pk,V12-FIL-037,6,30.46,24.64,182.76,sale
2026-06-06,Diapers M40,V12-FIL-038,5,25.63,20.77,128.15,sale
2026-06-06,Formula 900g,V12-FIL-039,3,14.69,11.00,44.07,sale
2026-06-06,Salt 1kg,V12-FIL-040,10,28.05,18.01,280.50,sale
2026-06-06,Spices 100g,V12-FIL-041,5,17.65,11.92,88.25,sale
2026-06-06,Cereal 500g,V12-FIL-044,6,54.26,40.16,325.56,sale
2026-06-06,Oats 1kg,V12-FIL-045,3,23.83,19.25,71.49,sale
2026-06-06,Dried Fruit 400g,V12-FIL-047,6,7.61,5.55,45.66,sale
2026-06-06,Canned Beans 400g,V12-FIL-048,7,28.98,22.66,202.86,sale
2026-06-06,Tuna 180g,V12-FIL-049,11,58.71,43.15,645.81,sale
2026-06-06,Instant Noodles 5pk,V12-FIL-050,6,28.16,24.32,168.96,sale
2026-06-06,Frozen Veg 1kg,V12-FIL-051,3,38.85,30.98,116.55,sale
2026-06-06,Pizza Frozen,V12-FIL-053,5,34.67,24.07,173.35,sale
2026-06-06,Lettuce,V12-FIL-055,5,29.72,21.09,148.60,sale
2026-06-06,Zucchini,V12-FIL-056,11,35.42,23.42,389.62,sale
2026-06-06,Eggplant,V12-FIL-057,8,35.67,29.77,285.36,sale
2026-06-06,Mango 1kg,V12-FIL-058,8,32.41,20.67,259.28,sale
2026-06-06,Grapes 500g,V12-FIL-059,4,39.11,27.44,156.44,sale
2026-06-06,Dates 1kg,V12-FIL-060,3,22.53,15.13,67.59,sale
2026-06-06,Pomegranate,V12-FIL-061,4,11.80,7.55,47.20,sale
2026-06-06,Pistachio 250g,V12-FIL-065,5,23.26,18.75,116.30,sale
2026-06-06,Hazelnut 250g,V12-FIL-066,6,38.15,26.06,228.90,sale
2026-06-06,Vinegar 1L,V12-FIL-068,5,32.94,21.52,164.70,sale
2026-06-06,Soy Sauce 500ml,V12-FIL-069,3,68.59,44.20,205.77,sale
2026-06-06,Stock Cubes 12pk,V12-FIL-070,11,19.59,15.20,215.49,sale
2026-06-06,Garlic 1kg,V12-FIL-071,3,5.66,4.57,16.98,sale
2026-06-06,Turmeric 200g,V12-FIL-073,5,15.83,10.83,79.15,sale
2026-06-06,Limes 500g,V12-FIL-076,4,42.04,27.03,168.16,sale
2026-06-06,Mint,V12-FIL-077,7,26.72,18.48,187.04,sale
2026-06-06,Parsley,V12-FIL-078,2,28.45,23.99,56.90,sale
2026-06-06,GT V12-GROWTH-001,V12-GROWTH-001,3,13.00,6.00,39.00,sale
2026-06-06,GT V12-GROWTH-002,V12-GROWTH-002,4,26.00,12.00,104.00,sale
2026-06-06,GT V12-HEALTHY-001,V12-HEALTHY-001,3,12.00,6.00,36.00,sale
2026-06-06,GT V12-HEALTHY-002,V12-HEALTHY-002,1,9.00,4.00,9.00,sale
2026-06-06,GT V12-HEALTHY-003,V12-HEALTHY-003,1,11.00,5.00,11.00,sale
2026-06-06,GT V12-MARGIN-001,V12-MARGIN-001,1,9.00,15.00,9.00,sale
2026-06-06,GT V12-MARGIN-002,V12-MARGIN-002,4,14.00,20.00,56.00,sale
2026-06-06,GT V12-OVERSTOCK-001,V12-OVERSTOCK-001,2,30.00,15.00,60.00,sale
2026-06-06,GT V12-OVERSTOCK-002,V12-OVERSTOCK-002,1,80.00,40.00,80.00,sale
2026-06-06,GT V12-OWNER-002,V12-OWNER-002,1,17.00,8.00,17.00,sale
2026-06-06,GT V12-PO-001,V12-PO-001,4,9.00,4.00,36.00,sale
2026-06-06,GT V12-PO-002,V12-PO-002,2,10.00,5.00,20.00,sale
2026-06-06,GT V12-SEASONAL-001,V12-SEASONAL-001,1,22.00,10.00,22.00,sale
2026-06-06,GT V12-SEASONAL-002,V12-SEASONAL-002,1,7.00,3.00,7.00,sale
2026-06-06,GT V12-SLOW-001,V12-SLOW-001,3,12.00,6.00,36.00,sale
2026-06-06,GT V12-SLOW-002,V12-SLOW-002,1,8.00,4.00,8.00,sale
2026-06-06,GT V12-STOCKOUT-001,V12-STOCKOUT-001,7,16.00,8.00,112.00,sale
2026-06-06,GT V12-STOCKOUT-002,V12-STOCKOUT-002,4,7.00,3.00,28.00,sale
2026-06-07,GT V12-FAST-001,V12-FAST-001,4,11.00,5.00,44.00,sale
2026-06-07,GT V12-FAST-002,V12-FAST-002,6,14.00,7.00,84.00,sale
2026-06-07,GT V12-FAST-003,V12-FAST-003,7,18.00,9.00,126.00,sale
2026-06-07,GT V12-FAST-004,V12-FAST-004,3,5.00,2.00,15.00,sale
2026-06-07,Rice 5kg,V12-FIL-000,2,29.31,21.81,58.62,sale
2026-06-07,Cooking Oil 3L,V12-FIL-001,8,10.37,8.32,82.96,sale
2026-06-07,Sugar 2kg,V12-FIL-002,5,40.98,26.95,204.90,sale
2026-06-07,Flour 5kg,V12-FIL-003,5,53.18,36.47,265.90,sale
2026-06-07,Pasta 500g,V12-FIL-004,3,55.23,43.12,165.69,sale
2026-06-07,Mayo 750ml,V12-FIL-005,5,6.41,4.14,32.05,sale
2026-06-07,Ketchup 1kg,V12-FIL-006,11,11.33,7.49,124.63,sale
2026-06-07,Olive Oil 1L,V12-FIL-007,9,36.61,26.78,329.49,sale
2026-06-07,Tea 400g,V12-FIL-008,1,42.51,26.88,42.51,sale
2026-06-07,Coffee 250g,V12-FIL-009,3,14.69,12.27,44.07,sale
2026-06-07,Cheddar 1kg,V12-FIL-012,3,14.93,10.87,44.79,sale
2026-06-07,Butter 500g,V12-FIL-013,3,53.87,34.85,161.61,sale
2026-06-07,Fish 800g,V12-FIL-017,6,58.66,42.10,351.96,sale
2026-06-07,Cucumber 1kg,V12-FIL-018,3,19.82,13.01,59.46,sale
2026-06-07,Potato 5kg,V12-FIL-020,1,16.50,13.20,16.50,sale
2026-06-07,Onion 5kg,V12-FIL-021,10,23.96,17.56,239.60,sale
2026-06-07,Orange 1kg,V12-FIL-024,4,60.31,44.16,241.24,sale
2026-06-07,Cola 1.5L,V12-FIL-025,3,16.04,11.00,48.12,sale
2026-06-07,Water 6pk,V12-FIL-026,3,31.55,24.27,94.65,sale
2026-06-07,Juice 1L,V12-FIL-027,4,51.84,33.33,207.36,sale
2026-06-07,Biscuits 400g,V12-FIL-029,3,60.22,39.68,180.66,sale
2026-06-07,Candy 500g,V12-FIL-031,6,5.12,3.24,30.72,sale
2026-06-07,Detergent 3kg,V12-FIL-032,3,61.60,44.25,184.80,sale
2026-06-07,Shampoo 400ml,V12-FIL-034,3,58.35,39.03,175.05,sale
2026-06-07,Wipes 80pk,V12-FIL-037,6,30.46,24.64,182.76,sale
2026-06-07,Diapers M40,V12-FIL-038,5,25.63,20.77,128.15,sale
2026-06-07,Formula 900g,V12-FIL-039,3,14.69,11.00,44.07,sale
2026-06-07,Salt 1kg,V12-FIL-040,10,28.05,18.01,280.50,sale
2026-06-07,Spices 100g,V12-FIL-041,5,17.65,11.92,88.25,sale
2026-06-07,Cereal 500g,V12-FIL-044,6,54.26,40.16,325.56,sale
2026-06-07,Oats 1kg,V12-FIL-045,3,23.83,19.25,71.49,sale
2026-06-07,Dried Fruit 400g,V12-FIL-047,5,7.61,5.55,38.05,sale
2026-06-07,Canned Beans 400g,V12-FIL-048,7,28.98,22.66,202.86,sale
2026-06-07,Tuna 180g,V12-FIL-049,10,58.71,43.15,587.10,sale
2026-06-07,Instant Noodles 5pk,V12-FIL-050,6,28.16,24.32,168.96,sale
2026-06-07,Frozen Veg 1kg,V12-FIL-051,3,38.85,30.98,116.55,sale
2026-06-07,Pizza Frozen,V12-FIL-053,5,34.67,24.07,173.35,sale
2026-06-07,Lettuce,V12-FIL-055,5,29.72,21.09,148.60,sale
2026-06-07,Zucchini,V12-FIL-056,11,35.42,23.42,389.62,sale
2026-06-07,Eggplant,V12-FIL-057,8,35.67,29.77,285.36,sale
2026-06-07,Mango 1kg,V12-FIL-058,8,32.41,20.67,259.28,sale
2026-06-07,Grapes 500g,V12-FIL-059,4,39.11,27.44,156.44,sale
2026-06-07,Dates 1kg,V12-FIL-060,3,22.53,15.13,67.59,sale
2026-06-07,Pomegranate,V12-FIL-061,4,11.80,7.55,47.20,sale
2026-06-07,Pistachio 250g,V12-FIL-065,5,23.26,18.75,116.30,sale
2026-06-07,Hazelnut 250g,V12-FIL-066,5,38.15,26.06,190.75,sale
2026-06-07,Vinegar 1L,V12-FIL-068,5,32.94,21.52,164.70,sale
2026-06-07,Soy Sauce 500ml,V12-FIL-069,3,68.59,44.20,205.77,sale
2026-06-07,Stock Cubes 12pk,V12-FIL-070,10,19.59,15.20,195.90,sale
2026-06-07,Garlic 1kg,V12-FIL-071,3,5.66,4.57,16.98,sale
2026-06-07,Turmeric 200g,V12-FIL-073,5,15.83,10.83,79.15,sale
2026-06-07,Limes 500g,V12-FIL-076,4,42.04,27.03,168.16,sale
2026-06-07,Mint,V12-FIL-077,7,26.72,18.48,187.04,sale
2026-06-07,Parsley,V12-FIL-078,2,28.45,23.99,56.90,sale
2026-06-07,GT V12-GROWTH-001,V12-GROWTH-001,3,13.00,6.00,39.00,sale
2026-06-07,GT V12-GROWTH-002,V12-GROWTH-002,4,26.00,12.00,104.00,sale
2026-06-07,GT V12-HEALTHY-001,V12-HEALTHY-001,3,12.00,6.00,36.00,sale
2026-06-07,GT V12-HEALTHY-002,V12-HEALTHY-002,1,9.00,4.00,9.00,sale
2026-06-07,GT V12-HEALTHY-003,V12-HEALTHY-003,1,11.00,5.00,11.00,sale
2026-06-07,GT V12-MARGIN-001,V12-MARGIN-001,1,9.00,15.00,9.00,sale
2026-06-07,GT V12-MARGIN-002,V12-MARGIN-002,4,14.00,20.00,56.00,sale
2026-06-07,GT V12-OVERSTOCK-001,V12-OVERSTOCK-001,2,30.00,15.00,60.00,sale
2026-06-07,GT V12-OVERSTOCK-002,V12-OVERSTOCK-002,1,80.00,40.00,80.00,sale
2026-06-07,GT V12-OWNER-002,V12-OWNER-002,1,17.00,8.00,17.00,sale
2026-06-07,GT V12-PO-001,V12-PO-001,4,9.00,4.00,36.00,sale
2026-06-07,GT V12-PO-002,V12-PO-002,2,10.00,5.00,20.00,sale
2026-06-07,GT V12-SEASONAL-001,V12-SEASONAL-001,1,22.00,10.00,22.00,sale
2026-06-07,GT V12-SEASONAL-002,V12-SEASONAL-002,1,7.00,3.00,7.00,sale
2026-06-07,GT V12-SLOW-001,V12-SLOW-001,3,12.00,6.00,36.00,sale
2026-06-07,GT V12-SLOW-002,V12-SLOW-002,1,8.00,4.00,8.00,sale
2026-06-07,GT V12-STOCKOUT-001,V12-STOCKOUT-001,7,16.00,8.00,112.00,sale
2026-06-07,GT V12-STOCKOUT-002,V12-STOCKOUT-002,4,7.00,3.00,28.00,sale
2026-06-08,GT V12-FAST-001,V12-FAST-001,4,11.00,5.00,44.00,sale
2026-06-08,GT V12-FAST-002,V12-FAST-002,6,14.00,7.00,84.00,sale
2026-06-08,GT V12-FAST-003,V12-FAST-003,7,18.00,9.00,126.00,sale
2026-06-08,GT V12-FAST-004,V12-FAST-004,3,5.00,2.00,15.00,sale
2026-06-08,Rice 5kg,V12-FIL-000,2,29.31,21.81,58.62,sale
2026-06-08,Cooking Oil 3L,V12-FIL-001,8,10.37,8.32,82.96,sale
2026-06-08,Sugar 2kg,V12-FIL-002,5,40.98,26.95,204.90,sale
2026-06-08,Flour 5kg,V12-FIL-003,5,53.18,36.47,265.90,sale
2026-06-08,Pasta 500g,V12-FIL-004,3,55.23,43.12,165.69,sale
2026-06-08,Mayo 750ml,V12-FIL-005,5,6.41,4.14,32.05,sale
2026-06-08,Ketchup 1kg,V12-FIL-006,11,11.33,7.49,124.63,sale
2026-06-08,Olive Oil 1L,V12-FIL-007,9,36.61,26.78,329.49,sale
2026-06-08,Tea 400g,V12-FIL-008,1,42.51,26.88,42.51,sale
2026-06-08,Coffee 250g,V12-FIL-009,3,14.69,12.27,44.07,sale
2026-06-08,Cheddar 1kg,V12-FIL-012,3,14.93,10.87,44.79,sale
2026-06-08,Butter 500g,V12-FIL-013,3,53.87,34.85,161.61,sale
2026-06-08,Fish 800g,V12-FIL-017,6,58.66,42.10,351.96,sale
2026-06-08,Cucumber 1kg,V12-FIL-018,3,19.82,13.01,59.46,sale
2026-06-08,Potato 5kg,V12-FIL-020,1,16.50,13.20,16.50,sale
2026-06-08,Onion 5kg,V12-FIL-021,10,23.96,17.56,239.60,sale
2026-06-08,Orange 1kg,V12-FIL-024,4,60.31,44.16,241.24,sale
2026-06-08,Cola 1.5L,V12-FIL-025,3,16.04,11.00,48.12,sale
2026-06-08,Water 6pk,V12-FIL-026,3,31.55,24.27,94.65,sale
2026-06-08,Juice 1L,V12-FIL-027,4,51.84,33.33,207.36,sale
2026-06-08,Biscuits 400g,V12-FIL-029,3,60.22,39.68,180.66,sale
2026-06-08,Candy 500g,V12-FIL-031,6,5.12,3.24,30.72,sale
2026-06-08,Detergent 3kg,V12-FIL-032,3,61.60,44.25,184.80,sale
2026-06-08,Shampoo 400ml,V12-FIL-034,3,58.35,39.03,175.05,sale
2026-06-08,Wipes 80pk,V12-FIL-037,6,30.46,24.64,182.76,sale
2026-06-08,Diapers M40,V12-FIL-038,4,25.63,20.77,102.52,sale
2026-06-08,Formula 900g,V12-FIL-039,3,14.69,11.00,44.07,sale
2026-06-08,Salt 1kg,V12-FIL-040,10,28.05,18.01,280.50,sale
2026-06-08,Spices 100g,V12-FIL-041,5,17.65,11.92,88.25,sale
2026-06-08,Cereal 500g,V12-FIL-044,6,54.26,40.16,325.56,sale
2026-06-08,Oats 1kg,V12-FIL-045,3,23.83,19.25,71.49,sale
2026-06-08,Dried Fruit 400g,V12-FIL-047,5,7.61,5.55,38.05,sale
2026-06-08,Canned Beans 400g,V12-FIL-048,7,28.98,22.66,202.86,sale
2026-06-08,Tuna 180g,V12-FIL-049,10,58.71,43.15,587.10,sale
2026-06-08,Instant Noodles 5pk,V12-FIL-050,6,28.16,24.32,168.96,sale
2026-06-08,Frozen Veg 1kg,V12-FIL-051,2,38.85,30.98,77.70,sale
2026-06-08,Pizza Frozen,V12-FIL-053,5,34.67,24.07,173.35,sale
2026-06-08,Lettuce,V12-FIL-055,5,29.72,21.09,148.60,sale
2026-06-08,Zucchini,V12-FIL-056,11,35.42,23.42,389.62,sale
2026-06-08,Eggplant,V12-FIL-057,8,35.67,29.77,285.36,sale
2026-06-08,Mango 1kg,V12-FIL-058,8,32.41,20.67,259.28,sale
2026-06-08,Grapes 500g,V12-FIL-059,4,39.11,27.44,156.44,sale
2026-06-08,Dates 1kg,V12-FIL-060,2,22.53,15.13,45.06,sale
2026-06-08,Pomegranate,V12-FIL-061,4,11.80,7.55,47.20,sale
2026-06-08,Pistachio 250g,V12-FIL-065,5,23.26,18.75,116.30,sale
2026-06-08,Hazelnut 250g,V12-FIL-066,5,38.15,26.06,190.75,sale
2026-06-08,Vinegar 1L,V12-FIL-068,5,32.94,21.52,164.70,sale
2026-06-08,Soy Sauce 500ml,V12-FIL-069,2,68.59,44.20,137.18,sale
2026-06-08,Stock Cubes 12pk,V12-FIL-070,10,19.59,15.20,195.90,sale
2026-06-08,Garlic 1kg,V12-FIL-071,3,5.66,4.57,16.98,sale
2026-06-08,Turmeric 200g,V12-FIL-073,5,15.83,10.83,79.15,sale
2026-06-08,Limes 500g,V12-FIL-076,4,42.04,27.03,168.16,sale
2026-06-08,Mint,V12-FIL-077,7,26.72,18.48,187.04,sale
2026-06-08,Parsley,V12-FIL-078,2,28.45,23.99,56.90,sale
2026-06-08,GT V12-GROWTH-001,V12-GROWTH-001,3,13.00,6.00,39.00,sale
2026-06-08,GT V12-GROWTH-002,V12-GROWTH-002,4,26.00,12.00,104.00,sale
2026-06-08,GT V12-HEALTHY-001,V12-HEALTHY-001,3,12.00,6.00,36.00,sale
2026-06-08,GT V12-HEALTHY-002,V12-HEALTHY-002,1,9.00,4.00,9.00,sale
2026-06-08,GT V12-HEALTHY-003,V12-HEALTHY-003,1,11.00,5.00,11.00,sale
2026-06-08,GT V12-MARGIN-001,V12-MARGIN-001,1,9.00,15.00,9.00,sale
2026-06-08,GT V12-MARGIN-002,V12-MARGIN-002,4,14.00,20.00,56.00,sale
2026-06-08,GT V12-OVERSTOCK-001,V12-OVERSTOCK-001,2,30.00,15.00,60.00,sale
2026-06-08,GT V12-OVERSTOCK-002,V12-OVERSTOCK-002,1,80.00,40.00,80.00,sale
2026-06-08,GT V12-OWNER-002,V12-OWNER-002,1,17.00,8.00,17.00,sale
2026-06-08,GT V12-PO-001,V12-PO-001,4,9.00,4.00,36.00,sale
2026-06-08,GT V12-PO-002,V12-PO-002,2,10.00,5.00,20.00,sale
2026-06-08,GT V12-SEASONAL-001,V12-SEASONAL-001,1,22.00,10.00,22.00,sale
2026-06-08,GT V12-SEASONAL-002,V12-SEASONAL-002,1,7.00,3.00,7.00,sale
2026-06-08,GT V12-SLOW-001,V12-SLOW-001,3,12.00,6.00,36.00,sale
2026-06-08,GT V12-SLOW-002,V12-SLOW-002,1,8.00,4.00,8.00,sale
2026-06-08,GT V12-STOCKOUT-001,V12-STOCKOUT-001,7,16.00,8.00,112.00,sale
2026-06-08,GT V12-STOCKOUT-002,V12-STOCKOUT-002,4,7.00,3.00,28.00,sale
2026-06-09,GT V12-FAST-001,V12-FAST-001,4,11.00,5.00,44.00,sale
2026-06-09,GT V12-FAST-002,V12-FAST-002,6,14.00,7.00,84.00,sale
2026-06-09,GT V12-FAST-003,V12-FAST-003,7,18.00,9.00,126.00,sale
2026-06-09,GT V12-FAST-004,V12-FAST-004,3,5.00,2.00,15.00,sale
2026-06-09,Rice 5kg,V12-FIL-000,2,29.31,21.81,58.62,sale
2026-06-09,Cooking Oil 3L,V12-FIL-001,8,10.37,8.32,82.96,sale
2026-06-09,Sugar 2kg,V12-FIL-002,5,40.98,26.95,204.90,sale
2026-06-09,Flour 5kg,V12-FIL-003,5,53.18,36.47,265.90,sale
2026-06-09,Pasta 500g,V12-FIL-004,2,55.23,43.12,110.46,sale
2026-06-09,Mayo 750ml,V12-FIL-005,5,6.41,4.14,32.05,sale
2026-06-09,Ketchup 1kg,V12-FIL-006,11,11.33,7.49,124.63,sale
2026-06-09,Olive Oil 1L,V12-FIL-007,9,36.61,26.78,329.49,sale
2026-06-09,Tea 400g,V12-FIL-008,1,42.51,26.88,42.51,sale
2026-06-09,Coffee 250g,V12-FIL-009,3,14.69,12.27,44.07,sale
2026-06-09,Cheddar 1kg,V12-FIL-012,3,14.93,10.87,44.79,sale
2026-06-09,Butter 500g,V12-FIL-013,2,53.87,34.85,107.74,sale
2026-06-09,Fish 800g,V12-FIL-017,6,58.66,42.10,351.96,sale
2026-06-09,Cucumber 1kg,V12-FIL-018,3,19.82,13.01,59.46,sale
2026-06-09,Potato 5kg,V12-FIL-020,1,16.50,13.20,16.50,sale
2026-06-09,Onion 5kg,V12-FIL-021,10,23.96,17.56,239.60,sale
2026-06-09,Orange 1kg,V12-FIL-024,4,60.31,44.16,241.24,sale
2026-06-09,Cola 1.5L,V12-FIL-025,3,16.04,11.00,48.12,sale
2026-06-09,Water 6pk,V12-FIL-026,3,31.55,24.27,94.65,sale
2026-06-09,Juice 1L,V12-FIL-027,4,51.84,33.33,207.36,sale
2026-06-09,Biscuits 400g,V12-FIL-029,3,60.22,39.68,180.66,sale
2026-06-09,Candy 500g,V12-FIL-031,6,5.12,3.24,30.72,sale
2026-06-09,Detergent 3kg,V12-FIL-032,3,61.60,44.25,184.80,sale
2026-06-09,Shampoo 400ml,V12-FIL-034,3,58.35,39.03,175.05,sale
2026-06-09,Wipes 80pk,V12-FIL-037,6,30.46,24.64,182.76,sale
2026-06-09,Diapers M40,V12-FIL-038,4,25.63,20.77,102.52,sale
2026-06-09,Formula 900g,V12-FIL-039,2,14.69,11.00,29.38,sale
2026-06-09,Salt 1kg,V12-FIL-040,10,28.05,18.01,280.50,sale
2026-06-09,Spices 100g,V12-FIL-041,5,17.65,11.92,88.25,sale
2026-06-09,Cereal 500g,V12-FIL-044,6,54.26,40.16,325.56,sale
2026-06-09,Oats 1kg,V12-FIL-045,3,23.83,19.25,71.49,sale
2026-06-09,Dried Fruit 400g,V12-FIL-047,5,7.61,5.55,38.05,sale
2026-06-09,Canned Beans 400g,V12-FIL-048,7,28.98,22.66,202.86,sale
2026-06-09,Tuna 180g,V12-FIL-049,10,58.71,43.15,587.10,sale
2026-06-09,Instant Noodles 5pk,V12-FIL-050,6,28.16,24.32,168.96,sale
2026-06-09,Frozen Veg 1kg,V12-FIL-051,2,38.85,30.98,77.70,sale
2026-06-09,Pizza Frozen,V12-FIL-053,5,34.67,24.07,173.35,sale
2026-06-09,Lettuce,V12-FIL-055,4,29.72,21.09,118.88,sale
2026-06-09,Zucchini,V12-FIL-056,11,35.42,23.42,389.62,sale
2026-06-09,Eggplant,V12-FIL-057,8,35.67,29.77,285.36,sale
2026-06-09,Mango 1kg,V12-FIL-058,8,32.41,20.67,259.28,sale
2026-06-09,Grapes 500g,V12-FIL-059,4,39.11,27.44,156.44,sale
2026-06-09,Dates 1kg,V12-FIL-060,2,22.53,15.13,45.06,sale
2026-06-09,Pomegranate,V12-FIL-061,3,11.80,7.55,35.40,sale
2026-06-09,Pistachio 250g,V12-FIL-065,5,23.26,18.75,116.30,sale
2026-06-09,Hazelnut 250g,V12-FIL-066,5,38.15,26.06,190.75,sale
2026-06-09,Vinegar 1L,V12-FIL-068,5,32.94,21.52,164.70,sale
2026-06-09,Soy Sauce 500ml,V12-FIL-069,2,68.59,44.20,137.18,sale
2026-06-09,Stock Cubes 12pk,V12-FIL-070,10,19.59,15.20,195.90,sale
2026-06-09,Garlic 1kg,V12-FIL-071,2,5.66,4.57,11.32,sale
2026-06-09,Turmeric 200g,V12-FIL-073,5,15.83,10.83,79.15,sale
2026-06-09,Limes 500g,V12-FIL-076,4,42.04,27.03,168.16,sale
2026-06-09,Mint,V12-FIL-077,7,26.72,18.48,187.04,sale
2026-06-09,Parsley,V12-FIL-078,2,28.45,23.99,56.90,sale
2026-06-09,GT V12-GROWTH-001,V12-GROWTH-001,3,13.00,6.00,39.00,sale
2026-06-09,GT V12-GROWTH-002,V12-GROWTH-002,4,26.00,12.00,104.00,sale
2026-06-09,GT V12-HEALTHY-001,V12-HEALTHY-001,3,12.00,6.00,36.00,sale
2026-06-09,GT V12-HEALTHY-002,V12-HEALTHY-002,1,9.00,4.00,9.00,sale
2026-06-09,GT V12-HEALTHY-003,V12-HEALTHY-003,1,11.00,5.00,11.00,sale
2026-06-09,GT V12-MARGIN-001,V12-MARGIN-001,1,9.00,15.00,9.00,sale
2026-06-09,GT V12-MARGIN-002,V12-MARGIN-002,4,14.00,20.00,56.00,sale
2026-06-09,GT V12-OVERSTOCK-001,V12-OVERSTOCK-001,2,30.00,15.00,60.00,sale
2026-06-09,GT V12-OVERSTOCK-002,V12-OVERSTOCK-002,1,80.00,40.00,80.00,sale
2026-06-09,GT V12-OWNER-002,V12-OWNER-002,1,17.00,8.00,17.00,sale
2026-06-09,GT V12-PO-001,V12-PO-001,4,9.00,4.00,36.00,sale
2026-06-09,GT V12-PO-002,V12-PO-002,2,10.00,5.00,20.00,sale
2026-06-09,GT V12-SEASONAL-001,V12-SEASONAL-001,1,22.00,10.00,22.00,sale
2026-06-09,GT V12-SEASONAL-002,V12-SEASONAL-002,1,7.00,3.00,7.00,sale
2026-06-09,GT V12-SLOW-001,V12-SLOW-001,3,12.00,6.00,36.00,sale
2026-06-09,GT V12-SLOW-002,V12-SLOW-002,1,8.00,4.00,8.00,sale
2026-06-09,GT V12-STOCKOUT-001,V12-STOCKOUT-001,7,16.00,8.00,112.00,sale
2026-06-09,GT V12-STOCKOUT-002,V12-STOCKOUT-002,4,7.00,3.00,28.00,sale
2026-06-10,GT V12-FAST-001,V12-FAST-001,4,11.00,5.00,44.00,sale
2026-06-10,GT V12-FAST-002,V12-FAST-002,6,14.00,7.00,84.00,sale
2026-06-10,GT V12-FAST-003,V12-FAST-003,7,18.00,9.00,126.00,sale
2026-06-10,GT V12-FAST-004,V12-FAST-004,3,5.00,2.00,15.00,sale
2026-06-10,Rice 5kg,V12-FIL-000,1,29.31,21.81,29.31,sale
2026-06-10,Cooking Oil 3L,V12-FIL-001,8,10.37,8.32,82.96,sale
2026-06-10,Sugar 2kg,V12-FIL-002,5,40.98,26.95,204.90,sale
2026-06-10,Flour 5kg,V12-FIL-003,5,53.18,36.47,265.90,sale
2026-06-10,Pasta 500g,V12-FIL-004,2,55.23,43.12,110.46,sale
2026-06-10,Mayo 750ml,V12-FIL-005,5,6.41,4.14,32.05,sale
2026-06-10,Ketchup 1kg,V12-FIL-006,11,11.33,7.49,124.63,sale
2026-06-10,Olive Oil 1L,V12-FIL-007,9,36.61,26.78,329.49,sale
2026-06-10,Tea 400g,V12-FIL-008,1,42.51,26.88,42.51,sale
2026-06-10,Coffee 250g,V12-FIL-009,3,14.69,12.27,44.07,sale
2026-06-10,Milk 1L,V12-FIL-010,2,15.33,12.73,30.66,sale
2026-06-10,Yogurt 500g,V12-FIL-011,2,9.42,7.25,18.84,sale
2026-06-10,Cheddar 1kg,V12-FIL-012,3,14.93,10.87,44.79,sale
2026-06-10,Butter 500g,V12-FIL-013,2,53.87,34.85,107.74,sale
2026-06-10,Eggs 30pk,V12-FIL-014,2,46.90,32.21,93.80,sale
2026-06-10,Chicken 1kg,V12-FIL-015,2,46.44,30.10,92.88,sale
2026-06-10,Fish 800g,V12-FIL-017,6,58.66,42.10,351.96,sale
2026-06-10,Cucumber 1kg,V12-FIL-018,3,19.82,13.01,59.46,sale
2026-06-10,Potato 5kg,V12-FIL-020,1,16.50,13.20,16.50,sale
2026-06-10,Onion 5kg,V12-FIL-021,10,23.96,17.56,239.60,sale
2026-06-10,Apple 1kg,V12-FIL-023,2,6.32,5.13,12.64,sale
2026-06-10,Orange 1kg,V12-FIL-024,4,60.31,44.16,241.24,sale
2026-06-10,Cola 1.5L,V12-FIL-025,3,16.04,11.00,48.12,sale
2026-06-10,Water 6pk,V12-FIL-026,3,31.55,24.27,94.65,sale
2026-06-10,Juice 1L,V12-FIL-027,4,51.84,33.33,207.36,sale
2026-06-10,Biscuits 400g,V12-FIL-029,3,60.22,39.68,180.66,sale
2026-06-10,Chocolate 100g,V12-FIL-030,2,20.09,12.61,40.18,sale
2026-06-10,Candy 500g,V12-FIL-031,6,5.12,3.24,30.72,sale
2026-06-10,Detergent 3kg,V12-FIL-032,3,61.60,44.25,184.80,sale
2026-06-10,Soap 6pk,V12-FIL-033,2,29.31,23.83,58.62,sale
2026-06-10,Shampoo 400ml,V12-FIL-034,3,58.35,39.03,175.05,sale
2026-06-10,Toothpaste 3pk,V12-FIL-035,2,55.25,39.53,110.50,sale
2026-06-10,Tissue 6pk,V12-FIL-036,2,19.20,13.90,38.40,sale
2026-06-10,Wipes 80pk,V12-FIL-037,5,30.46,24.64,152.30,sale
2026-06-10,Diapers M40,V12-FIL-038,4,25.63,20.77,102.52,sale
2026-06-10,Formula 900g,V12-FIL-039,2,14.69,11.00,29.38,sale
2026-06-10,Salt 1kg,V12-FIL-040,10,28.05,18.01,280.50,sale
2026-06-10,Spices 100g,V12-FIL-041,5,17.65,11.92,88.25,sale
2026-06-10,Jam 400g,V12-FIL-043,2,35.14,24.76,70.28,sale
2026-06-10,Cereal 500g,V12-FIL-044,6,54.26,40.16,325.56,sale
2026-06-10,Oats 1kg,V12-FIL-045,3,23.83,19.25,71.49,sale
2026-06-10,Dried Fruit 400g,V12-FIL-047,5,7.61,5.55,38.05,sale
2026-06-10,Canned Beans 400g,V12-FIL-048,7,28.98,22.66,202.86,sale
2026-06-10,Tuna 180g,V12-FIL-049,10,58.71,43.15,587.10,sale
2026-06-10,Instant Noodles 5pk,V12-FIL-050,6,28.16,24.32,168.96,sale
2026-06-10,Frozen Veg 1kg,V12-FIL-051,2,38.85,30.98,77.70,sale
2026-06-10,Pizza Frozen,V12-FIL-053,5,34.67,24.07,173.35,sale
2026-06-10,Lettuce,V12-FIL-055,4,29.72,21.09,118.88,sale
2026-06-10,Zucchini,V12-FIL-056,10,35.42,23.42,354.20,sale
2026-06-10,Eggplant,V12-FIL-057,8,35.67,29.77,285.36,sale
2026-06-10,Mango 1kg,V12-FIL-058,8,32.41,20.67,259.28,sale
2026-06-10,Grapes 500g,V12-FIL-059,4,39.11,27.44,156.44,sale
2026-06-10,Dates 1kg,V12-FIL-060,2,22.53,15.13,45.06,sale
2026-06-10,Pomegranate,V12-FIL-061,3,11.80,7.55,35.40,sale
2026-06-10,Baby Carrots,V12-FIL-062,2,3.77,2.78,7.54,sale
2026-06-10,Almonds 200g,V12-FIL-064,2,4.43,3.39,8.86,sale
2026-06-10,Pistachio 250g,V12-FIL-065,5,23.26,18.75,116.30,sale
2026-06-10,Hazelnut 250g,V12-FIL-066,5,38.15,26.06,190.75,sale
2026-06-10,Vinegar 1L,V12-FIL-068,5,32.94,21.52,164.70,sale
2026-06-10,Soy Sauce 500ml,V12-FIL-069,2,68.59,44.20,137.18,sale
2026-06-10,Stock Cubes 12pk,V12-FIL-070,10,19.59,15.20,195.90,sale
2026-06-10,Garlic 1kg,V12-FIL-071,2,5.66,4.57,11.32,sale
2026-06-10,Ginger 500g,V12-FIL-072,2,21.29,15.31,42.58,sale
2026-06-10,Turmeric 200g,V12-FIL-073,5,15.83,10.83,79.15,sale
2026-06-10,Paprika 100g,V12-FIL-074,2,34.73,25.81,69.46,sale
2026-06-10,Limes 500g,V12-FIL-076,4,42.04,27.03,168.16,sale
2026-06-10,Mint,V12-FIL-077,7,26.72,18.48,187.04,sale
2026-06-10,Parsley,V12-FIL-078,1,28.45,23.99,28.45,sale
2026-06-10,GT V12-GROWTH-001,V12-GROWTH-001,3,13.00,6.00,39.00,sale
2026-06-10,GT V12-GROWTH-002,V12-GROWTH-002,4,26.00,12.00,104.00,sale
2026-06-10,GT V12-HEALTHY-001,V12-HEALTHY-001,3,12.00,6.00,36.00,sale
2026-06-10,GT V12-HEALTHY-002,V12-HEALTHY-002,1,9.00,4.00,9.00,sale
2026-06-10,GT V12-HEALTHY-003,V12-HEALTHY-003,1,11.00,5.00,11.00,sale
2026-06-10,GT V12-MARGIN-001,V12-MARGIN-001,1,9.00,15.00,9.00,sale
2026-06-10,GT V12-MARGIN-002,V12-MARGIN-002,4,14.00,20.00,56.00,sale
2026-06-10,GT V12-OVERSTOCK-001,V12-OVERSTOCK-001,2,30.00,15.00,60.00,sale
2026-06-10,GT V12-OVERSTOCK-002,V12-OVERSTOCK-002,1,80.00,40.00,80.00,sale
2026-06-10,GT V12-OWNER-002,V12-OWNER-002,1,17.00,8.00,17.00,sale
2026-06-10,GT V12-PO-001,V12-PO-001,4,9.00,4.00,36.00,sale
2026-06-10,GT V12-PO-002,V12-PO-002,2,10.00,5.00,20.00,sale
2026-06-10,GT V12-SEASONAL-001,V12-SEASONAL-001,1,22.00,10.00,22.00,sale
2026-06-10,GT V12-SEASONAL-002,V12-SEASONAL-002,1,7.00,3.00,7.00,sale
2026-06-10,GT V12-SLOW-001,V12-SLOW-001,3,12.00,6.00,36.00,sale
2026-06-10,GT V12-SLOW-002,V12-SLOW-002,1,8.00,4.00,8.00,sale
2026-06-10,GT V12-STOCKOUT-001,V12-STOCKOUT-001,7,16.00,8.00,112.00,sale
2026-06-10,GT V12-STOCKOUT-002,V12-STOCKOUT-002,4,7.00,3.00,28.00,sale
2026-06-11,GT V12-FAST-001,V12-FAST-001,4,11.00,5.00,44.00,sale
2026-06-11,GT V12-FAST-002,V12-FAST-002,6,14.00,7.00,84.00,sale
2026-06-11,GT V12-FAST-003,V12-FAST-003,7,18.00,9.00,126.00,sale
2026-06-11,GT V12-FAST-004,V12-FAST-004,3,5.00,2.00,15.00,sale
2026-06-11,Cooking Oil 3L,V12-FIL-001,8,10.37,8.32,82.96,sale
2026-06-11,Sugar 2kg,V12-FIL-002,5,40.98,26.95,204.90,sale
2026-06-11,Flour 5kg,V12-FIL-003,5,53.18,36.47,265.90,sale
2026-06-11,Mayo 750ml,V12-FIL-005,5,6.41,4.14,32.05,sale
2026-06-11,Ketchup 1kg,V12-FIL-006,11,11.33,7.49,124.63,sale
2026-06-11,Olive Oil 1L,V12-FIL-007,9,36.61,26.78,329.49,sale
2026-06-11,Milk 1L,V12-FIL-010,2,15.33,12.73,30.66,sale
2026-06-11,Yogurt 500g,V12-FIL-011,2,9.42,7.25,18.84,sale
2026-06-11,Cheddar 1kg,V12-FIL-012,3,14.93,10.87,44.79,sale
2026-06-11,Eggs 30pk,V12-FIL-014,2,46.90,32.21,93.80,sale
2026-06-11,Chicken 1kg,V12-FIL-015,2,46.44,30.10,92.88,sale
2026-06-11,Fish 800g,V12-FIL-017,6,58.66,42.10,351.96,sale
2026-06-11,Cucumber 1kg,V12-FIL-018,3,19.82,13.01,59.46,sale
2026-06-11,Onion 5kg,V12-FIL-021,10,23.96,17.56,239.60,sale
2026-06-11,Apple 1kg,V12-FIL-023,2,6.32,5.13,12.64,sale
2026-06-11,Orange 1kg,V12-FIL-024,3,60.31,44.16,180.93,sale
2026-06-11,Cola 1.5L,V12-FIL-025,3,16.04,11.00,48.12,sale
2026-06-11,Juice 1L,V12-FIL-027,3,51.84,33.33,155.52,sale
2026-06-11,Biscuits 400g,V12-FIL-029,3,60.22,39.68,180.66,sale
2026-06-11,Chocolate 100g,V12-FIL-030,2,20.09,12.61,40.18,sale
2026-06-11,Candy 500g,V12-FIL-031,6,5.12,3.24,30.72,sale
2026-06-11,Detergent 3kg,V12-FIL-032,3,61.60,44.25,184.80,sale
2026-06-11,Soap 6pk,V12-FIL-033,2,29.31,23.83,58.62,sale
2026-06-11,Shampoo 400ml,V12-FIL-034,2,58.35,39.03,116.70,sale
2026-06-11,Toothpaste 3pk,V12-FIL-035,2,55.25,39.53,110.50,sale
2026-06-11,Tissue 6pk,V12-FIL-036,2,19.20,13.90,38.40,sale
2026-06-11,Wipes 80pk,V12-FIL-037,5,30.46,24.64,152.30,sale
2026-06-11,Diapers M40,V12-FIL-038,4,25.63,20.77,102.52,sale
2026-06-11,Salt 1kg,V12-FIL-040,10,28.05,18.01,280.50,sale
2026-06-11,Spices 100g,V12-FIL-041,4,17.65,11.92,70.60,sale
2026-06-11,Jam 400g,V12-FIL-043,2,35.14,24.76,70.28,sale
2026-06-11,Cereal 500g,V12-FIL-044,6,54.26,40.16,325.56,sale
2026-06-11,Oats 1kg,V12-FIL-045,3,23.83,19.25,71.49,sale
2026-06-11,Dried Fruit 400g,V12-FIL-047,5,7.61,5.55,38.05,sale
2026-06-11,Canned Beans 400g,V12-FIL-048,7,28.98,22.66,202.86,sale
2026-06-11,Tuna 180g,V12-FIL-049,10,58.71,43.15,587.10,sale
2026-06-11,Instant Noodles 5pk,V12-FIL-050,6,28.16,24.32,168.96,sale
2026-06-11,Pizza Frozen,V12-FIL-053,5,34.67,24.07,173.35,sale
2026-06-11,Lettuce,V12-FIL-055,4,29.72,21.09,118.88,sale
2026-06-11,Zucchini,V12-FIL-056,10,35.42,23.42,354.20,sale
2026-06-11,Eggplant,V12-FIL-057,8,35.67,29.77,285.36,sale
2026-06-11,Mango 1kg,V12-FIL-058,8,32.41,20.67,259.28,sale
2026-06-11,Grapes 500g,V12-FIL-059,3,39.11,27.44,117.33,sale
2026-06-11,Dates 1kg,V12-FIL-060,2,22.53,15.13,45.06,sale
2026-06-11,Pomegranate,V12-FIL-061,3,11.80,7.55,35.40,sale
2026-06-11,Baby Carrots,V12-FIL-062,2,3.77,2.78,7.54,sale
2026-06-11,Almonds 200g,V12-FIL-064,2,4.43,3.39,8.86,sale
2026-06-11,Pistachio 250g,V12-FIL-065,5,23.26,18.75,116.30,sale
2026-06-11,Hazelnut 250g,V12-FIL-066,5,38.15,26.06,190.75,sale
2026-06-11,Vinegar 1L,V12-FIL-068,5,32.94,21.52,164.70,sale
2026-06-11,Stock Cubes 12pk,V12-FIL-070,10,19.59,15.20,195.90,sale
2026-06-11,Garlic 1kg,V12-FIL-071,2,5.66,4.57,11.32,sale
2026-06-11,Ginger 500g,V12-FIL-072,2,21.29,15.31,42.58,sale
2026-06-11,Turmeric 200g,V12-FIL-073,5,15.83,10.83,79.15,sale
2026-06-11,Paprika 100g,V12-FIL-074,2,34.73,25.81,69.46,sale
2026-06-11,Limes 500g,V12-FIL-076,4,42.04,27.03,168.16,sale
2026-06-11,Mint,V12-FIL-077,7,26.72,18.48,187.04,sale
2026-06-11,GT V12-GROWTH-001,V12-GROWTH-001,3,13.00,6.00,39.00,sale
2026-06-11,GT V12-GROWTH-002,V12-GROWTH-002,4,26.00,12.00,104.00,sale
2026-06-11,GT V12-HEALTHY-001,V12-HEALTHY-001,2,12.00,6.00,24.00,sale
2026-06-11,GT V12-HEALTHY-002,V12-HEALTHY-002,1,9.00,4.00,9.00,sale
2026-06-11,GT V12-MARGIN-002,V12-MARGIN-002,4,14.00,20.00,56.00,sale
2026-06-11,GT V12-OVERSTOCK-001,V12-OVERSTOCK-001,2,30.00,15.00,60.00,sale
2026-06-11,GT V12-OVERSTOCK-002,V12-OVERSTOCK-002,1,80.00,40.00,80.00,sale
2026-06-11,GT V12-PO-001,V12-PO-001,4,9.00,4.00,36.00,sale
2026-06-11,GT V12-PO-002,V12-PO-002,2,10.00,5.00,20.00,sale
2026-06-11,GT V12-SLOW-001,V12-SLOW-001,3,12.00,6.00,36.00,sale
2026-06-11,GT V12-STOCKOUT-001,V12-STOCKOUT-001,7,16.00,8.00,112.00,sale
2026-06-11,GT V12-STOCKOUT-002,V12-STOCKOUT-002,4,7.00,3.00,28.00,sale
2026-06-12,GT V12-FAST-001,V12-FAST-001,4,11.00,5.00,44.00,sale
2026-06-12,GT V12-FAST-002,V12-FAST-002,6,14.00,7.00,84.00,sale
2026-06-12,GT V12-FAST-003,V12-FAST-003,7,18.00,9.00,126.00,sale
2026-06-12,GT V12-FAST-004,V12-FAST-004,3,5.00,2.00,15.00,sale
2026-06-12,Cooking Oil 3L,V12-FIL-001,8,10.37,8.32,82.96,sale
2026-06-12,Sugar 2kg,V12-FIL-002,5,40.98,26.95,204.90,sale
2026-06-12,Flour 5kg,V12-FIL-003,5,53.18,36.47,265.90,sale
2026-06-12,Mayo 750ml,V12-FIL-005,5,6.41,4.14,32.05,sale
2026-06-12,Ketchup 1kg,V12-FIL-006,11,11.33,7.49,124.63,sale
2026-06-12,Olive Oil 1L,V12-FIL-007,9,36.61,26.78,329.49,sale
2026-06-12,Milk 1L,V12-FIL-010,2,15.33,12.73,30.66,sale
2026-06-12,Yogurt 500g,V12-FIL-011,2,9.42,7.25,18.84,sale
2026-06-12,Cheddar 1kg,V12-FIL-012,2,14.93,10.87,29.86,sale
2026-06-12,Eggs 30pk,V12-FIL-014,2,46.90,32.21,93.80,sale
2026-06-12,Chicken 1kg,V12-FIL-015,2,46.44,30.10,92.88,sale
2026-06-12,Fish 800g,V12-FIL-017,6,58.66,42.10,351.96,sale
2026-06-12,Cucumber 1kg,V12-FIL-018,3,19.82,13.01,59.46,sale
2026-06-12,Onion 5kg,V12-FIL-021,10,23.96,17.56,239.60,sale
2026-06-12,Apple 1kg,V12-FIL-023,2,6.32,5.13,12.64,sale
2026-06-12,Orange 1kg,V12-FIL-024,3,60.31,44.16,180.93,sale
2026-06-12,Cola 1.5L,V12-FIL-025,3,16.04,11.00,48.12,sale
2026-06-12,Juice 1L,V12-FIL-027,3,51.84,33.33,155.52,sale
2026-06-12,Biscuits 400g,V12-FIL-029,2,60.22,39.68,120.44,sale
2026-06-12,Chocolate 100g,V12-FIL-030,2,20.09,12.61,40.18,sale
2026-06-12,Candy 500g,V12-FIL-031,5,5.12,3.24,25.60,sale
2026-06-12,Detergent 3kg,V12-FIL-032,2,61.60,44.25,123.20,sale
2026-06-12,Soap 6pk,V12-FIL-033,2,29.31,23.83,58.62,sale
2026-06-12,Shampoo 400ml,V12-FIL-034,2,58.35,39.03,116.70,sale
2026-06-12,Toothpaste 3pk,V12-FIL-035,2,55.25,39.53,110.50,sale
2026-06-12,Tissue 6pk,V12-FIL-036,2,19.20,13.90,38.40,sale
2026-06-12,Wipes 80pk,V12-FIL-037,5,30.46,24.64,152.30,sale
2026-06-12,Diapers M40,V12-FIL-038,4,25.63,20.77,102.52,sale
2026-06-12,Salt 1kg,V12-FIL-040,10,28.05,18.01,280.50,sale
2026-06-12,Spices 100g,V12-FIL-041,4,17.65,11.92,70.60,sale
2026-06-12,Jam 400g,V12-FIL-043,2,35.14,24.76,70.28,sale
2026-06-12,Cereal 500g,V12-FIL-044,5,54.26,40.16,271.30,sale
2026-06-12,Oats 1kg,V12-FIL-045,3,23.83,19.25,71.49,sale
2026-06-12,Dried Fruit 400g,V12-FIL-047,5,7.61,5.55,38.05,sale
2026-06-12,Canned Beans 400g,V12-FIL-048,7,28.98,22.66,202.86,sale
2026-06-12,Tuna 180g,V12-FIL-049,10,58.71,43.15,587.10,sale
2026-06-12,Instant Noodles 5pk,V12-FIL-050,5,28.16,24.32,140.80,sale
2026-06-12,Pizza Frozen,V12-FIL-053,5,34.67,24.07,173.35,sale
2026-06-12,Lettuce,V12-FIL-055,4,29.72,21.09,118.88,sale
2026-06-12,Zucchini,V12-FIL-056,10,35.42,23.42,354.20,sale
2026-06-12,Eggplant,V12-FIL-057,8,35.67,29.77,285.36,sale
2026-06-12,Mango 1kg,V12-FIL-058,8,32.41,20.67,259.28,sale
2026-06-12,Grapes 500g,V12-FIL-059,3,39.11,27.44,117.33,sale
2026-06-12,Dates 1kg,V12-FIL-060,2,22.53,15.13,45.06,sale
2026-06-12,Pomegranate,V12-FIL-061,3,11.80,7.55,35.40,sale
2026-06-12,Baby Carrots,V12-FIL-062,2,3.77,2.78,7.54,sale
2026-06-12,Almonds 200g,V12-FIL-064,2,4.43,3.39,8.86,sale
2026-06-12,Pistachio 250g,V12-FIL-065,5,23.26,18.75,116.30,sale
2026-06-12,Hazelnut 250g,V12-FIL-066,5,38.15,26.06,190.75,sale
2026-06-12,Vinegar 1L,V12-FIL-068,4,32.94,21.52,131.76,sale
2026-06-12,Stock Cubes 12pk,V12-FIL-070,10,19.59,15.20,195.90,sale
2026-06-12,Garlic 1kg,V12-FIL-071,2,5.66,4.57,11.32,sale
2026-06-12,Ginger 500g,V12-FIL-072,2,21.29,15.31,42.58,sale
2026-06-12,Turmeric 200g,V12-FIL-073,4,15.83,10.83,63.32,sale
2026-06-12,Paprika 100g,V12-FIL-074,2,34.73,25.81,69.46,sale
2026-06-12,Limes 500g,V12-FIL-076,4,42.04,27.03,168.16,sale
2026-06-12,Mint,V12-FIL-077,6,26.72,18.48,160.32,sale
2026-06-12,GT V12-GROWTH-001,V12-GROWTH-001,3,13.00,6.00,39.00,sale
2026-06-12,GT V12-GROWTH-002,V12-GROWTH-002,4,26.00,12.00,104.00,sale
2026-06-12,GT V12-HEALTHY-001,V12-HEALTHY-001,2,12.00,6.00,24.00,sale
2026-06-12,GT V12-HEALTHY-002,V12-HEALTHY-002,1,9.00,4.00,9.00,sale
2026-06-12,GT V12-MARGIN-002,V12-MARGIN-002,4,14.00,20.00,56.00,sale
2026-06-12,GT V12-OVERSTOCK-001,V12-OVERSTOCK-001,2,30.00,15.00,60.00,sale
2026-06-12,GT V12-OVERSTOCK-002,V12-OVERSTOCK-002,1,80.00,40.00,80.00,sale
2026-06-12,GT V12-PO-001,V12-PO-001,4,9.00,4.00,36.00,sale
2026-06-12,GT V12-PO-002,V12-PO-002,2,10.00,5.00,20.00,sale
2026-06-12,GT V12-SLOW-001,V12-SLOW-001,3,12.00,6.00,36.00,sale
2026-06-12,GT V12-STOCKOUT-001,V12-STOCKOUT-001,7,16.00,8.00,112.00,sale
2026-06-12,GT V12-STOCKOUT-002,V12-STOCKOUT-002,4,7.00,3.00,28.00,sale
2026-06-13,GT V12-FAST-001,V12-FAST-001,4,11.00,5.00,44.00,sale
2026-06-13,GT V12-FAST-002,V12-FAST-002,6,14.00,7.00,84.00,sale
2026-06-13,GT V12-FAST-003,V12-FAST-003,7,18.00,9.00,126.00,sale
2026-06-13,GT V12-FAST-004,V12-FAST-004,3,5.00,2.00,15.00,sale
2026-06-13,Cooking Oil 3L,V12-FIL-001,8,10.37,8.32,82.96,sale
2026-06-13,Sugar 2kg,V12-FIL-002,5,40.98,26.95,204.90,sale
2026-06-13,Flour 5kg,V12-FIL-003,5,53.18,36.47,265.90,sale
2026-06-13,Mayo 750ml,V12-FIL-005,5,6.41,4.14,32.05,sale
2026-06-13,Ketchup 1kg,V12-FIL-006,11,11.33,7.49,124.63,sale
2026-06-13,Olive Oil 1L,V12-FIL-007,9,36.61,26.78,329.49,sale
2026-06-13,Fish 800g,V12-FIL-017,6,58.66,42.10,351.96,sale
2026-06-13,Onion 5kg,V12-FIL-021,10,23.96,17.56,239.60,sale
2026-06-13,Candy 500g,V12-FIL-031,5,5.12,3.24,25.60,sale
2026-06-13,Wipes 80pk,V12-FIL-037,5,30.46,24.64,152.30,sale
2026-06-13,Salt 1kg,V12-FIL-040,9,28.05,18.01,252.45,sale
2026-06-13,Spices 100g,V12-FIL-041,4,17.65,11.92,70.60,sale
2026-06-13,Canned Beans 400g,V12-FIL-048,7,28.98,22.66,202.86,sale
2026-06-13,Tuna 180g,V12-FIL-049,10,58.71,43.15,587.10,sale
2026-06-13,Instant Noodles 5pk,V12-FIL-050,5,28.16,24.32,140.80,sale
2026-06-13,Zucchini,V12-FIL-056,10,35.42,23.42,354.20,sale
2026-06-13,Eggplant,V12-FIL-057,8,35.67,29.77,285.36,sale
2026-06-13,Mango 1kg,V12-FIL-058,8,32.41,20.67,259.28,sale
2026-06-13,Stock Cubes 12pk,V12-FIL-070,10,19.59,15.20,195.90,sale
2026-06-13,Mint,V12-FIL-077,6,26.72,18.48,160.32,sale
2026-06-13,GT V12-GROWTH-001,V12-GROWTH-001,3,13.00,6.00,39.00,sale
2026-06-13,GT V12-GROWTH-002,V12-GROWTH-002,4,26.00,12.00,104.00,sale
2026-06-13,GT V12-HEALTHY-001,V12-HEALTHY-001,2,12.00,6.00,24.00,sale
2026-06-13,GT V12-HEALTHY-002,V12-HEALTHY-002,1,9.00,4.00,9.00,sale
2026-06-13,GT V12-MARGIN-002,V12-MARGIN-002,4,14.00,20.00,56.00,sale
2026-06-13,GT V12-PO-001,V12-PO-001,4,9.00,4.00,36.00,sale
2026-06-13,GT V12-PO-002,V12-PO-002,2,10.00,5.00,20.00,sale
2026-06-13,GT V12-SLOW-001,V12-SLOW-001,3,12.00,6.00,36.00,sale
2026-06-13,GT V12-STOCKOUT-001,V12-STOCKOUT-001,7,16.00,8.00,112.00,sale
2026-06-13,GT V12-STOCKOUT-002,V12-STOCKOUT-002,4,7.00,3.00,28.00,sale
2026-06-14,GT V12-FAST-001,V12-FAST-001,4,11.00,5.00,44.00,sale
2026-06-14,GT V12-FAST-002,V12-FAST-002,6,14.00,7.00,84.00,sale
2026-06-14,GT V12-FAST-003,V12-FAST-003,7,18.00,9.00,126.00,sale
2026-06-14,GT V12-FAST-004,V12-FAST-004,3,5.00,2.00,15.00,sale
2026-06-14,Cooking Oil 3L,V12-FIL-001,8,10.37,8.32,82.96,sale
2026-06-14,Sugar 2kg,V12-FIL-002,5,40.98,26.95,204.90,sale
2026-06-14,Flour 5kg,V12-FIL-003,5,53.18,36.47,265.90,sale
2026-06-14,Mayo 750ml,V12-FIL-005,5,6.41,4.14,32.05,sale
2026-06-14,Ketchup 1kg,V12-FIL-006,10,11.33,7.49,113.30,sale
2026-06-14,Olive Oil 1L,V12-FIL-007,9,36.61,26.78,329.49,sale
2026-06-14,Fish 800g,V12-FIL-017,5,58.66,42.10,293.30,sale
2026-06-14,Onion 5kg,V12-FIL-021,9,23.96,17.56,215.64,sale
2026-06-14,Candy 500g,V12-FIL-031,5,5.12,3.24,25.60,sale
2026-06-14,Wipes 80pk,V12-FIL-037,5,30.46,24.64,152.30,sale
2026-06-14,Salt 1kg,V12-FIL-040,9,28.05,18.01,252.45,sale
2026-06-14,Spices 100g,V12-FIL-041,4,17.65,11.92,70.60,sale
2026-06-14,Canned Beans 400g,V12-FIL-048,7,28.98,22.66,202.86,sale
2026-06-14,Tuna 180g,V12-FIL-049,10,58.71,43.15,587.10,sale
2026-06-14,Instant Noodles 5pk,V12-FIL-050,5,28.16,24.32,140.80,sale
2026-06-14,Zucchini,V12-FIL-056,10,35.42,23.42,354.20,sale
2026-06-14,Eggplant,V12-FIL-057,8,35.67,29.77,285.36,sale
2026-06-14,Mango 1kg,V12-FIL-058,8,32.41,20.67,259.28,sale
2026-06-14,Stock Cubes 12pk,V12-FIL-070,10,19.59,15.20,195.90,sale
2026-06-14,Mint,V12-FIL-077,6,26.72,18.48,160.32,sale
2026-06-14,GT V12-GROWTH-001,V12-GROWTH-001,3,13.00,6.00,39.00,sale
2026-06-14,GT V12-GROWTH-002,V12-GROWTH-002,4,26.00,12.00,104.00,sale
2026-06-14,GT V12-HEALTHY-001,V12-HEALTHY-001,2,12.00,6.00,24.00,sale
2026-06-14,GT V12-MARGIN-002,V12-MARGIN-002,4,14.00,20.00,56.00,sale
2026-06-14,GT V12-PO-001,V12-PO-001,4,9.00,4.00,36.00,sale
2026-06-14,GT V12-PO-002,V12-PO-002,2,10.00,5.00,20.00,sale
2026-06-14,GT V12-STOCKOUT-001,V12-STOCKOUT-001,7,16.00,8.00,112.00,sale
2026-06-14,GT V12-STOCKOUT-002,V12-STOCKOUT-002,4,7.00,3.00,28.00,sale
2026-06-15,GT V12-FAST-001,V12-FAST-001,4,11.00,5.00,44.00,sale
2026-06-15,GT V12-FAST-004,V12-FAST-004,3,5.00,2.00,15.00,sale
2026-06-15,GT V12-GROWTH-002,V12-GROWTH-002,4,26.00,12.00,104.00,sale
2026-06-15,GT V12-HEALTHY-001,V12-HEALTHY-001,2,12.00,6.00,24.00,sale
2026-06-15,GT V12-MARGIN-002,V12-MARGIN-002,4,14.00,20.00,56.00,sale
2026-06-15,GT V12-STOCKOUT-001,V12-STOCKOUT-001,7,16.00,8.00,112.00,sale
2026-06-15,GT V12-STOCKOUT-002,V12-STOCKOUT-002,4,7.00,3.00,28.00,sale
